sourceJobKey,title,company,locations,date,url,site
"|kuhar-zreče - m/ž|slovenske konjice, savinja","KUHAR-ZREČE - M/Ž","","Slovenske Konjice, Savinja","Mon, 25 May 2026 05:44:31 GMT","https://jobviewtrack.com/v2/cyRQBtJ0pXAXVq7QFkeHF9NxpaCRbdHh6RZ8YV1oWjPvJsBpqiui7pPCHtr0N8jcx1M7jnSvR5gz6euh8ieXeSx2diu69Q8ioY3l1uenbNs6d5Cf2MIGmxsbcb1Bq2JR7c6gUnNKfV3Sj1bIC77gzbrkz8hYanK9H4RVfKD9YGMQnBa4r2o66AVHjfV_rB19xwjoRIX6WQ0nW13SCctlVJ3FlOO6WzeH9ySdyKeJn44",""
"spar|kuhar (m/ž), restavracija interspar celje|celje, savinja","Kuhar (m/ž), restavracija Interspar Celje","Spar","Celje, Savinja","Mon, 25 May 2026 04:32:46 GMT","https://jobviewtrack.com/v2/nM_XYfFVq09RU0omoMRdovzRxzNqI5W7g5ztX0U2eBx8dZ25E2VPMiuRtGZqsh65YQX1DYArKyZB65ZtM8EEyjiWpDyLtQUd_4_gTEyfshjQnDRrQKD3Oh-umBaiko2CyYjGbCiSLf0woF8l5BOvGQDl4iLPBnvkmQc2P1P3YOu6BObAmBqk52dObMruuxB2i9WgqOoXwDFYsCOzMogSL_M-9t3AM0D_4zj_E3o4b74",""
"|kuhar - maribor - m/ž|maribor, drava","KUHAR - MARIBOR - M/Ž","","Maribor, Drava","Mon, 25 May 2026 02:12:43 GMT","https://jobviewtrack.com/v2/0aSfLohhD5Obl9vHe7whHaChg65gsEQHh9KNEDQnuDmmvSEWf4w_xrJrsB8CUr9bHIfJA2uQJiWFdjxC1rYlDoglRDaKRFvBfpuYlRUzLlwTgPt3fXYNePCaFtdBwEI9ycf3cpFyFOw-4dHIdpqq7g1PHG7sR99Aul5yXRc6Ni3SgCxBA7Y5CMxwiSh-oqTWYZ0KawzJjFSpfJ8p41RUjNGvbcLryJQ23X98jUsAcLI",""
"kamp liza, turizem in gostinstvo, d.o.o.|kuhar - m/ž|tolmin, gorizia","KUHAR - M/Ž","KAMP LIZA, turizem in gostinstvo, d.o.o.","Tolmin, Gorizia","Mon, 25 May 2026 00:26:06 GMT","https://jobviewtrack.com/v2/vFUDB6L6cqGZC1iZVealCzIWX1Cz8ZZ9LxqYkoQ8rgcFqS5SLBFWtCkjGDi52odmUt5_biNARYBGlltz1HFeQhhQzTMFh89bllT1pB2znWZLLTITdUcDK2Dvas2Gwd6Nbv5-iRY-UXE5zF27wC9uDVnLPsuYAbsTaEXLZ-biMS8hJttjRjhhc0oOBesIBpJG7sAoMT8Gn4tevUMs4WtjNZ39osex-ZaMunJducfbjoo",""
"btc|kuhar v restavraciji btc city (m/ž)|ljubljana, central slovenia","Kuhar v Restavraciji BTC City (m/ž)","BTC","Ljubljana, Central Slovenia","Sun, 24 May 2026 22:16:09 GMT","https://jobviewtrack.com/v2/H2GvnHtHtRphORrgcRkXiVcEFPbgX7hrXGbuhPFXOnrkuFigXk46tPk--MDfZ7XsKqGi4vjdS52AQxN7U_1NK1Z5CEGak3O-hm_smZqdb-Y8LKPr7fjWsZeKj_F93zmE7dTkEpd62MK1CpOTTVznKIomvN7erNBlgJIjtoV9JUAt_gtLQLx6E8Ruqy6qCC2chWUfi4-dc_XMn-7cRU1n5BxpPH5xIYP5hPne6U93uBM",""
"|kuhar - m/ž|maribor, drava","KUHAR - M/Ž","","Maribor, Drava","Sun, 24 May 2026 22:12:08 GMT","https://jobviewtrack.com/v2/xCh1wCk637YEiNq_8wHszpXrd6kUVpmUOCNy7jITwqwprKPfy9xRsHvOAAMMY1SGoQyk6YlA0JyZOXheowhFWKZ8UQUQYVaeBc8qs3HkasV3Sy37oHd0falTsnQhhsiaFxT2XXjgwtYO58ySvh4LfcEgWbBnEIrmRs3jRB6jPmYOmMT5CJWNGBAAUic1D1eUvtae89bbZFjsL4vvPRK4kDrkpIOu17EGtvcrbVCKp50",""
"gostilna sokol|samostojni kuhar|ljubljana, central slovenia","Samostojni kuhar","Gostilna Sokol","Ljubljana, Central Slovenia","Sat, 23 May 2026 23:40:15 GMT","https://jobviewtrack.com/v2/C4aE8hvPmjCA3qZp9kc-rVSsmn6PJcyoNrGkpSC6mU6YgSiDSvXOXCODLubc9VBbD-2gE4fORrZB74rUEEbmk2km1jK-p4ztWNo5Hwg3tdKF1HnYKelk_VrVolbO_Sb2D9O0IrJqY6RnszBpek3Rb4f5YsbX7b_XQFujIVgndkepy6YASCDVYaidhkILH2QfsFP9lZX0j6OIgGXrQJWCwlmv-TVu-nNX5o8pBDOS_Rc",""
"sava turizem|kuhar 1 (m/ž)|slovenia","Kuhar 1 (m/ž)","Sava Turizem","Slovenia","Sat, 23 May 2026 05:57:43 GMT","https://jobviewtrack.com/v2/sbUkMq2k1zMwcQ0D_u1SiJtTqLvY3GbeLwZmWvwvS04UqgdMj2W6i4hYkVb2Glfnq21l20fJVhfXrzTn1HedaChlhhUqt1lNwpM2EvfC0ry0uS3oifiyJ0gtgRk9p2nWSimCzr347WAnNbTVvuJcGZukavSi7n-y9floDJt41Aksn5GtUBVPWTp0KT7D3_1Y-H5iKwQk-lVDy-v2UnvfvBi3dCGDrvI9E23G7v61IUY",""
"|kuhar iv (šifra dm 2237) v zpkz dob, sektorju za splošne in pravne zadeve, oddelku hišnih del, referatu za prehrano obsojencev. - m/ž|trebnje, southeast slovenia","KUHAR IV (ŠIFRA DM 2237) V ZPKZ DOB, SEKTORJU ZA SPLOŠNE IN PRAVNE ZADEVE, ODDELKU HIŠNIH DEL, REFERATU ZA PREHRANO OBSOJENCEV. - M/Ž","","Trebnje, Southeast Slovenia","Sat, 23 May 2026 05:37:06 GMT","https://jobviewtrack.com/v2/QPWNOndDskyzlUAo41qmCkRS5j4MZew_t_4pBu-mtGGHiqKNvympO11e3wLrCaPq3nUZycB5Q0c0NWkO1mVQNGT_Zuopur3fBg9cAity091BuGF6DkTIf3TOT4CbnhTd3C9Co6hk0SDs8KICI5BoTbzqFxT4byXMJN8jpWEWvofNrG78N2VkJ3CTj6W3krt_4Bda7egLbbd6EFwuKhKKoIzLm5Ap5RnCj03WGGAftGc",""
"sava turizem|kuhar 2 (m/ž)|slovenia","Kuhar 2 (m/ž)","Sava Turizem","Slovenia","Sat, 23 May 2026 02:46:42 GMT","https://jobviewtrack.com/v2/0KbcILFIA0rCx1P87j7tDrOoCtgQRkddhLUfqGaBAQyIdz-3E1RTP45gITNsDAuU4aMXEQsP2LvqXm7_kT0oEUGKSHeZTdNXxuOQ4mwMsXxJz7JWN-49yTaFNuspgmBxo45v2K1Aby-6AG5XeRd8HR68k7HaPXqCHGaokVhxGKlCqsA7W8njy6kC1b9NiiqekFo_Rp4FO3UX6wTSuOI3eXXYHS5kZvD2H-nA0rIetQI",""
"|kuhar v gostišču jezero ob planšarskem jezeru na jezerskem - m/ž|kranj, upper carniola","KUHAR V GOSTIŠČU JEZERO OB PLANŠARSKEM JEZERU NA JEZERSKEM - M/Ž","","Kranj, Upper Carniola","Fri, 22 May 2026 23:41:45 GMT","https://jobviewtrack.com/v2/QOAwI9VTTkX0SY-WS9D8PiVux3viyxCc0ObYdsSUTAT64vz_KVTLezttkNhXe85DQISrc2FEXSQSMAeTSlLLFyFGAvzbf5y6yIm16BD7zjIwIO-7gTgeZkqu3LyWq5NA4RzP8LdmA-R0QMdBy6XcAc4Usxd2xZZgo7xGFLGLYeXfulWZdP15DWTfHnP5kHO8avkMye65GpHq8WmD96PME1XjOO3_17sKhktaP48a04E",""
"|kuhar m/ž - m/ž|lendava, mura","KUHAR M/Ž - M/Ž","","Lendava, Mura","Fri, 22 May 2026 22:31:10 GMT","https://jobviewtrack.com/v2/t_SNOwshRm0YqzCZWs-MtGmsXmlyG8JP4sDWecEHS1PUah1rlX_OKct-eGl4IdYsHwFzlEYLoeL1gsU_IP06xSR94QyL_1M9T_Dbx33jtZbHXeihGF7JX9jnwzTcTFGSrxB4XGIDgcOZU4nwIFPC0Zz8mTIQHDPCaMywCc-6X9uTkDR5Jt3iIutKG9uZTcbY4n2ako7pA__TA-I3NK5OwoaoZOWTcjTWpEhsIdHIqVM",""
"|kuhar iv v zavodu za prestajanje kazni zapora dob|mirna, southeast slovenia","Kuhar IV v Zavodu za prestajanje kazni zapora Dob","","Mirna, Southeast Slovenia","Fri, 22 May 2026 07:53:32 GMT","https://jobviewtrack.com/v2/sznOzLWMUGWib7T9kAhrSa4dfWbDU2BVz-JRgNI2SxKKOeuqZvuHB7HW9JPKl88WnqUmi8SqjlfltnJQfd894GN8V2CHprOWwE9_ONtHGEzb8re5pb3hqjN9WBbL1DuNuM-SiuaGa0HHUfPbwQQdBXLJPuzE5GOINtz4nIpF7MzWMMR5QE9otQNhL8zLZd90bPOb1VXuhRCxhh_Z24eB-sgUcCWeSDvZ5u_ramSA9AU",""
"adecco|kuhar / pomočnik kuharja / natakar (m/ž)|slovenia","Kuhar / Pomočnik kuharja / Natakar (m/ž)","Adecco","Slovenia","Fri, 22 May 2026 06:03:47 GMT","https://jobviewtrack.com/v2/XBktnzL6Qu8PXF9rLPRrNOzEjvVLTKqqx7vwOUOYlHeiVZGPOMJ4Dy1WOc5FvIXE297Zk0NIdMcc77SDaoI6rKzlTsnoafUxNp3ccdt_qYUSpqnRlK3PFx1y-pGAxnnfIUAVtBneK2hM_IlE9_TXz7mHmG7FxVeWQwuJUBIB4KetaAn7LxHrd8Xiyi0VoNUGrrLz9KhtWYa0lP4avNBvtw_FB2xuiHKTIoZeZe7wqdc",""
"|kuhar specialist - terme zreče - m/ž|slovenske konjice, savinja","KUHAR SPECIALIST - TERME ZREČE - M/Ž","","Slovenske Konjice, Savinja","Fri, 22 May 2026 04:50:02 GMT","https://jobviewtrack.com/v2/gfo4vBSDO9J7EKUqkzAPDsPxeDg9Ng0XZQ1kGUnOx6c_81cq0KRDhvFLjcEjIVZa80yLDnYI01Jg4A6uD0xM2jaNS_46j2qcox1qsXJS3_lML6o1cNKy2vDYol--dMyhq9-TYwX-BJ1uaaCpYAE2L0Z6ejd4pcbL7DiqKR9r_AZcHcp3df5AZS6O9Fg9IC4JmdwX2AkJzAzayes4i1Rp21FxZzIIUyN_YoxqJQfwkfM",""
"|kuhar m/ž - m/ž|murska sobota, mura","KUHAR M/Ž - M/Ž","","Murska Sobota, Mura","Fri, 22 May 2026 04:37:41 GMT","https://jobviewtrack.com/v2/6HdhR4QZQHsvlzPEcvnYVTtzkWyO_MpxLLpnmpaxGuzko52jI8_u43SQNggyc8Mi9nU097PrZop-g_xIHoF8oAKfnNR_d18uoAmLwsZgiH4RjG1mvSl7Wf8sdk6eza8vW2ri2ZO-ZbyWEvQD5xb1vZg4T5N1j9nWrh0a9LXu-amsDdOk3euUexds2l0WL-28F_Oq8b2nDfrBFIRtZfZYvERK5K8v3sZv_wp9qP_kcDw",""
"|kuhar - terme zreče - m/ž|slovenske konjice, savinja","KUHAR - TERME ZREČE - M/Ž","","Slovenske Konjice, Savinja","Fri, 22 May 2026 00:23:01 GMT","https://jobviewtrack.com/v2/iIe7f0D9u5ziatDiOzQblNQriyyPg2Glo3RuQ-r4cig44fGwld8Rjt4wfdDP9VCtndokudTKbd9E41MTAfJKz_PyGwxKaS9l0nKuTUrc0DXVtAF6v-1_3TGEXmXLlah4Hf6qk5h-65vXg6qBiZmo_eaOAfE_1zDEJp8d-eTHqEWle9e6yMLs1LneSCEpmnzrVFaLmYpWoN9CoxehQvfPk0dV8qVjxhcE9bWFMvnwuao",""
"dom upokojencev ptuj|dietni kuhar v v zsv - m/ž|ptuj, drava","DIETNI KUHAR V V ZSV - M/Ž","DOM UPOKOJENCEV PTUJ","Ptuj, Drava","Thu, 21 May 2026 05:17:06 GMT","https://jobviewtrack.com/v2/I10Uag48RoBEru9ErFf4Dgx_eKf7CWTiQ_py0bcKMC8uZAxFkaRwzO00kMloTmXPYguCI5MA03-Zc_U9p5Uguih0LyJwRpXlAlZyiw3rNN57RH6mmiPf51vQMCN7COQJBdvKIJZ4Iu_jDDHoDrmNs4aF6VqyBXWPG3WbuJcrgt3HpozUUAPW2_A4wh0aDWqCNdYZSutkfoOvAlH1ISXTmIAP3M_ncK1GbUdsczyRF24",""
"|kuhar - m/ž|mozirje, savinja","KUHAR - M/Ž","","Mozirje, Savinja","Wed, 20 May 2026 06:40:04 GMT","https://jobviewtrack.com/v2/GqV-u4v9d7VoNV3q5AEbd-eK2g1wbdIGauw8jxt1H-Af9wQXDpjCEmFxOrevcgN-uTBDzryAce6wHMolx5RlMhyI2fT-I4S2ydFe2_4VULiVaSHBz-_L1dHqjPXMZQ5Dzw4ZhMyZkB0S9HwIRNi5hVuWCXZpnHA0DQTwKZtfsffsy2szwUHul1NwzTO-7HoS2be0DdlbegFtDWE8BHzMUoB4H6q5Un7u2yOLJYYzhcc",""
"sovita|kuhar, m/ž, golnik|slovenia","Kuhar, m/ž, Golnik","Sovita","Slovenia","Wed, 20 May 2026 06:02:10 GMT","https://jobviewtrack.com/v2/L7lG2CupvnnH1JKzEMcY4IqrAFrSRnqi1gV6xSHV_xW_c2rwcJOvFMlW7NQcjdua6Gepzj2GggSs7P4U7ps_I_vlouMufGAQ6o_CKOr3bLg53Euy8uzQKYZIVaNMlBcb-zd8Qq7L6bLA3lb57vp1URipFYBKxm6hMckloKmZp4utFEtYWcKGMoUGVTLdB2EgRhBe6g2OIm_125LUOYyiq5PyRWk94lh3RTvo2gSdBtw",""
"|dietni kuhar iv v zsv, šifra dm: f094075 - m/ž|grosuplje, central slovenia","DIETNI KUHAR IV V ZSV, ŠIFRA DM: F094075 - M/Ž","","Grosuplje, Central Slovenia","Wed, 20 May 2026 00:09:02 GMT","https://jobviewtrack.com/v2/FeVx9JN928YwWepSiRZOLq3exiACuVKecVhi2RZDlqiZOKIm-R-UouBRDzK4Ht1Gt_vCDeeMiYj0cHhl-cmd52cTq8vnLrcccVafyjmx8yLzFRjW5q29odiKpp77JSp9mxBIYXa6CKbzTK-Ai2nj7nIs0Ef7ewC20AmdPNBU5wu5ta4JSo2iGUMIOghhqqETmHVWG2IqEXweFCTNJUtA7UAoIhx73IlPL2A44xAwVlM",""
"|dietni kuhar - m/ž|mozirje, savinja","DIETNI KUHAR - M/Ž","","Mozirje, Savinja","Tue, 19 May 2026 22:20:37 GMT","https://jobviewtrack.com/v2/DPwjyz1chCo-pQ_K6dwcSn8e8Vlnm-1hrrDaJfYUMam4IFoftLMtIjdK86Duxw-FaReJdPzYS06knihyqP1cTL56A8ftVlZ2hIVQGVQCcV4wYEmsyVE8lthq2y1lJrv_N4ovyo4J8SmDB4aZ_cf0U0tliyhhW4GDPZ1eEgzTxlIN5CQQTkLfV8AVj8nNaApkoTdBHSGjdtX-tksgVnc6zLFQI-ctZCOmGpP4kbP4VVA",""
"|pomožni proizvodni delavec - m/ž|radovljica, upper carniola","POMOŽNI PROIZVODNI DELAVEC - M/Ž","","Radovljica, Upper Carniola","Sat, 23 May 2026 02:38:38 GMT","https://jobviewtrack.com/v2/DUW0owh03Mb9OadMDVdF3I06izV2s_oUD7G5bdHNY9kFMDjRqkJQJcDeIHS1MoiqtBtWyltwkTyUAO6sGWGdzNOz9JRrfDkGWW9tG6R0p4RlWFRN96C-QtiFcL7huohbpwQDHu2uqAIeHNidZHOscE-YuoOA7YBVT_EOYbSnzGt1tszsXU_l8B1ILDI78ptLQestHHU9vIuKKSQrJw5NHFPphn9GcVYp_-sKPZBqPhQ",""
"adecco|delavec v proizvodnji (m/ž)|slovenia","Delavec v proizvodnji (m/ž)","Adecco","Slovenia","Fri, 22 May 2026 07:01:10 GMT","https://jobviewtrack.com/v2/ql4f2eWMUzQTQWmWetPQGq26RXu_bBxaLMsWDZ9sUquCUHYn_lWNIzSsw4jzVK6b56Zv47Xzx9swzAMov1Uj76n8VxlLw-eHVtyJkrmVeOl-wUXcn2YaMjttkOUJAIu6KIEw8Vqe-eNV5ZFc-XGQ6l455_IlWFwrBjPLPVKxNq8FD-xVgbTCSL0MFuO9A3e2fZiGqpfs0-k6hAS_8DS_njhrqgT9dnPsLQK0Bv1JN6E",""
"adecco|proizvodni delavec (m/ž)|slovenia","Proizvodni delavec (m/ž)","Adecco","Slovenia","Fri, 22 May 2026 06:07:12 GMT","https://jobviewtrack.com/v2/_E2hTg63sRY21N1kxD05z9-HLyo7O-SXsFgJ_CIqySRo9AdB_STrCr96KTgTCnGVudEZmJ86FVIGREPySR1z9tIfRD-qVald1xpHRRAjdv1Co9EDs-TamXtEFclzFsRQMqBo2T4xpYsxK66ylwKZLvpD-Go9oSFaQGseTQGXFqNPMZDy9U0Jbo4D9VlsOeh2lpVRWhcRvqdy_pjnCDYjLgeaMd3Wbqi3IOYlzIPs540",""
"whc d.o.o.|proizvodni delavec (m/ž)|slovenia","Proizvodni delavec (m/ž)","WHC d.o.o.","Slovenia","Thu, 21 May 2026 23:29:36 GMT","https://jobviewtrack.com/v2/wrfGoG6xLJvXFVXzfG-aYemBLRswmPDjCE2H5YToHTaMtwb-CYGnp87B2ZHrhvXvyg2p0Bu5iBJB5C5sct2LS_IfLU-cAVmYtlLo_DzjYh5wOw7qSK4Ksi9KDX-Cto2XbgcWso_Niz4UHlCdnjV19YRirS8dy8oMylaKjouFvoSyw5jnAPsK65D25dMPZI1bQZnChQrPLeK6b89fI77L1TBYync9llxYxBtYpayh0Z0",""
"|proizvodni delavec - m/ž|trebnje, southeast slovenia","PROIZVODNI DELAVEC - M/Ž","","Trebnje, Southeast Slovenia","Wed, 20 May 2026 06:33:01 GMT","https://jobviewtrack.com/v2/zfWrQg1OuxSfQVqYvS8gIWD7duH8e1OYKHFvziFHhKd2reQMew064v6KFE4egcHBtyINWvrQScRpfV73w2kH3wPLT1-4zrEPR8owmcTDdsSFvTygdefgiPX1HQaC_bB6p5m3PRN-lgKonqXzV2qYux0Nh7k-B68XG1p_Giut1ypOPmEp5v4CgWC010LKMi4imWWQcFFYwheCIWKI2AkWprZogYyOnyMEialsKVhHlLQ",""
"|proizvodni delavec - m/ž|žalec, savinja","PROIZVODNI DELAVEC - M/Ž","","Žalec, Savinja","Wed, 20 May 2026 05:13:43 GMT","https://jobviewtrack.com/v2/7p6L6N8pbTGwdZ03mFhII4rk5xhISUgSuVmSnB3PvHQkTI_7XcPSO02XK9sBU7CRpZoeXdkPt9W5C6Q3BNz-OXmAehcr-1b8IJhlXrR5nNZdNE-sbDKvnTBfdALXYPmKSIBx_wmGhK99WPHvLxmUBK8Lcu4zIxaZGaLCcofBfkTT4jug-J59Lupyv32JumX5cdnDKyY-ZU7eoekAwsd8sISFBQdQQmis62X7XlYPJow",""
"|višji proizvodni delavec - m/ž|škofja loka, upper carniola","VIŠJI PROIZVODNI DELAVEC - M/Ž","","Škofja Loka, Upper Carniola","Wed, 20 May 2026 00:58:18 GMT","https://jobviewtrack.com/v2/5p_TBuPjyQY7gFY4JC_RoCICQY_EjBF7kN7B-Ii32_qmbFLO7NwsjU00nXYm69c9FvSivgemgcSfWeiT_vok19TmwXF4LDh6I-n5onu6rFNmV18N5G812286zVPUG3S_2lozIchH_nhBxz6d1MPwfB4tWiSVXJSNrUVSqdwFjV5Zt30vPBgh2-km8EUGMhMz7HVS5wzcQ_xDNak0Oy64bNUaAnuXeWFsDbsYCgKiLkg",""
"whc d.o.o.|proizvodni delavec za srednje zahtevna dela (m/ž)|slovenia","Proizvodni delavec za srednje zahtevna dela (m/ž)","WHC d.o.o.","Slovenia","Tue, 19 May 2026 22:24:23 GMT","https://jobviewtrack.com/v2/tATgl-xdzDNhkHbd_HcpsGwU2DstF5pCEMHvIEOP48mZOj9L-WSo9spjiiBfEmJxxKDvlTIvBHqG_Or_hSPyjk6ENbmhdzexIinWmx_TbBcGveq9nAydZxypw_Kr9hkldAsKRFfGBPTTAh_5IhaQmvPj5UTvAWZEGFYE3ZR1EoyX2kAdIC4USzP1_9O3LKz28_6KeDLUEOQuohPVg2XNcHFAtPYzZLhJvKAKi3E-qFE",""
"univerzitetni klinični center ljubljana|dipl. medicinska sestra - dispečer v reševalni postaji, e037009, dispečerska služba zdravstva, dispečerski center zdravstva ljubljana - m/ž|ljubljana, central slovenia","DIPL. MEDICINSKA SESTRA - DISPEČER V REŠEVALNI POSTAJI, E037009, DISPEČERSKA SLUŽBA ZDRAVSTVA, DISPEČERSKI CENTER ZDRAVSTVA LJUBLJANA - M/Ž","Univerzitetni klinični center Ljubljana","Ljubljana, Central Slovenia","Mon, 25 May 2026 06:17:49 GMT","https://jobviewtrack.com/v2/fthOkhQr5UQQ_ypSErhOD5RMqAtJ-idHvCHTz2F-Bf0L1ZSscPxPGhIo-MQRF9sm4r-lMYIKh5O3oy_19R0zOkUnVQ4o5ObvudD7PP3kHo0SzTq__X0nHlmLaFKXp9wZJQb2OVSENGCdbNQRqgB2BZaJQz-Css2xW_2p0YviX3HhomS0Yd8gSTBOKr4G59rf9vFb8R_zehDunZifZlo_jEbu-s8kWTXL3RR_nm1tTTA",""
"univerzitetni klinični center ljubljana|dipl. medicinska sestra - dispečer v reševalni postaji, e037009, dispečerski center zdravstva ljubljana - m/ž|ljubljana, central slovenia","DIPL. MEDICINSKA SESTRA - DISPEČER V REŠEVALNI POSTAJI, E037009, DISPEČERSKI CENTER ZDRAVSTVA LJUBLJANA - M/Ž","Univerzitetni klinični center Ljubljana","Ljubljana, Central Slovenia","Mon, 25 May 2026 04:01:03 GMT","https://jobviewtrack.com/v2/7N-WfkT0cCbzB0_TcFJPZ31u5-ww171Nkj8vprD9SUoR_NXTjiHSCVWxPm0oFse6MEDMCAX-E4m9-EqUrNMdxD969Hp45nRb8nDoyzuzkOph5GI5hXTfkYQ5u_yBXVTy8t7f1GRll5Oa8c0FTJENVKQNpVqSU21JCwuwUXZTMHfemlVKIaJKfe7LoMUMLBOrrQvt-UhcTE-bCdBNzKJBDD_3Bp9H4dgdEA19ijmN1lo",""
"univerzitetni klinični center ljubljana|dipl. medicinska sestra v specialistični ambulanti, e037026, ortopedska klinika - m/ž|ljubljana, central slovenia","DIPL. MEDICINSKA SESTRA V SPECIALISTIČNI AMBULANTI, E037026, ORTOPEDSKA KLINIKA - M/Ž","Univerzitetni klinični center Ljubljana","Ljubljana, Central Slovenia","Mon, 25 May 2026 02:05:40 GMT","https://jobviewtrack.com/v2/c0_Js3PzhPB_2KxzP1GTJOfOZJSLpCdZsNzFU2XGCNSEb2olM7qoo591pY7hxPs_6JKhhg3g1xnSLL2Oy5l6WUQZkgAPOiu9RIWtyTAoo_kVdo_JiVgQ4uDnr0pC828R8UYPnT3AJPULa-piQPMiKMOeHpH8hpjLB4VbKiFIIwLJ6oXE2ucNhNVBVSKgTvNi2L6oQ4Or0dmJJRijxaH9qqnDXy4RqZH40HMJFI4zDtM",""
"|diplomirana medicinska sestra v intenzivni terapiji iii - m/ž|kranj, upper carniola","DIPLOMIRANA MEDICINSKA SESTRA V INTENZIVNI TERAPIJI III - M/Ž","","Kranj, Upper Carniola","Mon, 25 May 2026 01:43:35 GMT","https://jobviewtrack.com/v2/9jVHtuSLe8oY7FWaeJSvaehkz2x4e9keI938bE8dqkeMY-7rVssoX4k-4wJihLxbSEL1O3-lRPqFJnfv1Z0dfM-69_24tz8FtABr0wsPa8RjAQ60CkEeFf9flr1STzOXLUdZ9Tf950N2G3Y2L1yPYMtSa4bcHFj-9UlYmVqhIh2DS9SoJMYItqt3DTSLrwZUYB9tHAmDBhQSSuoOSxyiPUYcSMnFWYRADZ8P1d3YBb8",""
"dom starejsih obcanov krsko|diplomirana medicinska sestra/diplomirani zdravstvenik - m/ž|krško, lower sava","DIPLOMIRANA MEDICINSKA SESTRA/DIPLOMIRANI ZDRAVSTVENIK - M/Ž","DOM STAREJSIH OBCANOV KRSKO","Krško, Lower Sava","Mon, 25 May 2026 00:28:44 GMT","https://jobviewtrack.com/v2/m7mptY9bm75zth_A9ldTShSIjk91BYA__TxGsXWCGLeMy3fyT2OtZxSwTUvFz15UyxPQCTAqWmYbmr6kYYcDnTcx1FpI6d07GYH-hNocl4wEVDJ3XZz-TaCHV7Dz3Breg5gdI130CAVWjiWJ80N7ViIa6ZqMhw8iPRGAEQ0jayT4rghpfHuxFUu6dm7oT1jdcvZ_saemtQOHAWMzEhVseipdNYVHhkC1b16bTSEXuo0",""
"|diplomirana medicinska sestra (m/ž)|slovenia","Diplomirana medicinska sestra (m/ž)","","Slovenia","Sat, 23 May 2026 07:38:02 GMT","https://jobviewtrack.com/v2/cnz7_q1XJ5Z7pOlHTQfev2Im6vsSMHDFuHQSVJWa4zkWsvVD_PL38IpfY4KPekA9rzd9wAgIL-zIGpe2evmqyGjVo2tPPJNmXIaGUuRUeArnQiisI39YAvRKzEJ4TAdGp4LsbKiysgZ_WMgUdLH2_9Ce-tpsrngQ-yadrSNar17c0mP5AuIlKwe1ouJHxlnT58Zlj0rt30d4V8y9UUb3GOs4tAlgrNe6zNw_PBq4rms",""
"|diplomirana medicinska sestra (m/ž)|ljubljana, central slovenia","Diplomirana medicinska sestra (m/ž)","","Ljubljana, Central Slovenia","Sat, 23 May 2026 01:14:13 GMT","https://jobviewtrack.com/v2/zaSNdyjy_5NILU611wK07JNw6ZOBTTpLurCFRAbm5yMmHa32zhR3xOhxGJ0UK_4YBPenWJU6Lzn5UXg3BDzw-p0BlSuY430XcdPI3pXIKZEdSohF_g1EXdri2Db_shcqjbRl_PNgDAjj7KgwuyByX07nDVz5y8m8Nl3iKKBOMItFwUabUGzcP_4QmXOtx88cYQJlRd9L1mJ_n2pkXqf-Y08JcoCdlBbx1YTvVGueP9E",""
"|diplomirana medicinska sestra - dragomer - m/ž|ljubljana, central slovenia","DIPLOMIRANA MEDICINSKA SESTRA - DRAGOMER - M/Ž","","Ljubljana, Central Slovenia","Wed, 20 May 2026 02:02:08 GMT","https://jobviewtrack.com/v2/fiIfPJ06u7sTLY1BvKH1wMPacUyKkknruSl0hCe6pV-dKhkYK-AyiIGPt0Pjovi-cSkR1XPnSuTA7XIsiPDla-dHQ8gklXrvn9m7WF-YOkUgmcqQPIm4sq9IS4x8iGoMy3GUwiFUXieu7uGaNfihJPPvQu7MyoHmzL5P8mB1TqxUvbhAtjYwQs4BqA2_YWZwGhAG-czNB_fiACzR71eSf7FczX__9h6FxjmTmjxmzEE",""
"|diplomirana medicinska sestra - m/ž|maribor, drava","DIPLOMIRANA MEDICINSKA SESTRA - M/Ž","","Maribor, Drava","Wed, 20 May 2026 00:10:53 GMT","https://jobviewtrack.com/v2/lISBoUE_a_CqqXR7qFV0v9_be-RX9aLjICD0HKOY6dyHLwQslN5lQGj-XACA4TC9zp2JhYzW6x-LnXSZDOmJlRebwYyz5baeXAojCi5e75qdOxNsE4AQ8QQx2w_xrVHzlw7_9oehkzD9KcNEhzIeg1iza1bpmvp8S_kNdmBiLvu6jYTzTWVdV4BZdmt7QE4RGVN_DQmoaOLBqu9AMMDW_2o02n73OG7r-_E6UCVXtAg",""
"kariera|delavec v proizvodnji papirja m/ž/d|central slovenia","Delavec v proizvodnji papirja m/ž/d","Kariera","Central Slovenia","Mon, 25 May 2026 03:22:09 GMT","https://jobviewtrack.com/v2/jndEjaP91KQsa6n78mECt9ROMhKswTcl8setRy_iidu-Xz01j5AFVuboHTxT1CwEC865bKBh99fUzc5cy0DpPtoOUbDkzo1_WmmnMwouPdiDOPj1xnKnDGJZkdDSnSf3QKebN1tiwRRk2jRS-Hd2Y4Wd0ZmOaAj6nWvOZR0yP6JjvqKEzc2pqZNtXAtvLs6fWDf3aak3uIz5RKn-YA4MKi_GyogZeod6yoncJQ3DMJw",""
"iso steklarstvo d.o.o.|delavec za pomožna dela v proizvodnji - m/ž|ljubljana, central slovenia","DELAVEC ZA POMOŽNA DELA V PROIZVODNJI - M/Ž","ISO STEKLARSTVO d.o.o.","Ljubljana, Central Slovenia","Sun, 24 May 2026 22:23:57 GMT","https://jobviewtrack.com/v2/6bNDKf1Wj4OarCLr15AtMt6tIZc30RAAAZVMXSXteQBZB_ne7nJTCp5jU4IyvN0rr8cKcYKhp2NE8JLfMHglWpZncuOpayHjewVpUKdinMOwHF4r70RRCmFz0OR61e06PtLEF2F5TVWiMpUdOKXrN7Ns8aq5kWDEKnZ6BqtDpRqJbmycx3XWRheC_wdi2sOtkJmxXXDeyvXkrXkAz5LWboH1jnQ-QvCi0EjiPaxDQ_w",""
"salax|delavec v proizvodnji (m/ž)|slovenia","Delavec v proizvodnji (m/ž)","Salax","Slovenia","Sat, 23 May 2026 05:41:21 GMT","https://jobviewtrack.com/v2/zcepnIErWPwyEmUtk6YN0rAxZwsYWpGTADzNYBKuz4A-BwA8c21dS0K0ShnAJF8zKwZqL265JrCr3nov7WSoRZROCQRV5hjkz0urFTgyA9IQFfkYjR1_aRZATkMux15ZSsoaadv4lY1aJzL8a9cw8lPymjvqW7iUbNPil-jIW6sDLg6-piVH21fM_83yyg0ojKtAoGUal0aWMUX3EmZDAi04GclDVW8ihHzOTOJtpoQ",""
"|delavec v proizvodnji - klepar - m/ž|trebnje, southeast slovenia","DELAVEC V PROIZVODNJI - KLEPAR - M/Ž","","Trebnje, Southeast Slovenia","Sat, 23 May 2026 03:40:32 GMT","https://jobviewtrack.com/v2/zUPtSc4kMnEqmMHNyd8PMGyeM5A0VCRd909YSu8TOkE48f02HI2LtqmGNnok1jFqxzpMd3rRbdcK_mCZcToG3cHmJYT_jzq0K1gRzVxTDIJ1W1dxdBk6OsWWC4sTGJaQI8KsNm4w8BwVgE60egr_6JmdKV5GhwlCoi_Hg5fbXoqBQFclb_d9uSqCUvwD2ROrxYWhTcFMl1XbDfeKen-mxmlEnCnQgQwtJfm3O3H8yVg",""
"baron international|delavec v proizvodnji m/ž|slovenia","Delavec v proizvodnji m/ž","Baron International","Slovenia","Fri, 22 May 2026 04:28:00 GMT","https://jobviewtrack.com/v2/cx7Zkd2S3bXaqaMHV0i2dVv2-7rqcO0pbw76SuNwYcso1l9H1JMaICNdwzi5Srv7yJy6Zk54seagWi_haA58EjW0lEi56-F1TrkP2RHia4QU7g7jg7nVv4ATAE3HxsscSab7ihtx4Vuvfw3pQLnz3dAW5SJKylizSnHuvLxkeJ4zVxVhLR_sMjaqZb_oj2evxx7bvzF7tL_sZCiaEtA4brs_B3M05zkL2m89tDHj9mU",""
"biostile|delavec v proizvodnji|slovenia","Delavec v proizvodnji","Biostile","Slovenia","Fri, 22 May 2026 01:48:10 GMT","https://jobviewtrack.com/v2/d4DGuTjuyEqi8zrYFo4opyImdX-u-HhiTUN1iYXwFyU7bEoysls_C7NAk9K0zjaEtymrT0SQ1lvNBntuRvvx7Kl9F4wAqJ4pDtCArM3A29iY3_nCh7QGOiagw1z6Xqj5wknDkbvEr8vK2wCxppwItGOQsIvSosPpr3jaEHb-EE5cZ3vZ-_zErRpvCKy1oIU1b4CIP39_r77GNWgDi_J0Zj0xIW31AfqoVr1liN5vVMg",""
"|pomožni delavec v proizvodnji in predelavi mesa - m/ž|škofja loka, upper carniola","POMOŽNI DELAVEC V PROIZVODNJI IN PREDELAVI MESA - M/Ž","","Škofja Loka, Upper Carniola","Thu, 21 May 2026 23:22:13 GMT","https://jobviewtrack.com/v2/HxOZWD3Ycfh7xkFcFoFKCXSl4IQVkHvcHZCb-cDDwhzzZN9Bx7fxkCV9S5LahFHN1H6vh0ZpFwhuR2rsuSvY3AKGKoltDYwsXS79Fz1X9pSCUhX32Cta45lQnfdcDo7Ws4y4FJzzCCKxIQZzf6vLNJwJ_IbPFOjgjUpMsN3tfyRxjAvNyJ2j9cQIJ7UKCrrvVTz_6_eeCW-7Rop_MODrzM9-nPkTlAdwmUY1gkg5yR0",""
"|pomožni delavec v proizvodnji - m/ž|kranj, upper carniola","POMOŽNI DELAVEC V PROIZVODNJI - M/Ž","","Kranj, Upper Carniola","Thu, 21 May 2026 06:41:17 GMT","https://jobviewtrack.com/v2/i9t6yjdygrCOipepbPgvWZN69HfQYH22khdj5A5XkjYxFomn4aVx9Wdlqz_4MRYBEjCIpnGehab52mLN0mtU3LypsBRtl-e_655cKJP3zuvBalTuoJR4vXaXmV9S83ThF6aEcV2A_3VCIMjdaCavyat8GBqA2wD-jJWHTAS0qljrMs-RF1ikKPrjzzGKASuvd8uoHdp2l5A3Us_PeEBZaQClXUkC3Gm66yE3QyoUrs0",""
"trenkwalder group|delavec v proizvodnji (m/ž) v okolici kopra|slovenia","Delavec v proizvodnji (m/ž) v okolici Kopra","Trenkwalder Group","Slovenia","Thu, 21 May 2026 05:38:11 GMT","https://jobviewtrack.com/v2/k69l4EHZJC9CG3vTLdgIO4dYe5D6yef-iMnflGTyRVzaFoVMj5ryV4DJFYd3RJbFbVYROMRpH5qPuNwmF2O26NoYYmEYKrvvb6NTU-wIw_YFI3EKuQHCjGo-xLd9MvZDSSW3z6OpuksS-eDa-uqnkUOFFzmnc8ZGf-0vBRBg_D2NDvpb4Le6CeMN474l-getOqxjZCHIONK11B6qE7RNTI1vh9xyuFww2NA8KBs6wq0",""
"|delavec v proizvodnji - m/ž|tržič, upper carniola","DELAVEC V PROIZVODNJI - M/Ž","","Tržič, Upper Carniola","Thu, 21 May 2026 03:19:47 GMT","https://jobviewtrack.com/v2/7ge2TBRLLbjKUCgLBiOtwDwc7z5uMu1UaXb3v3p-dlZeYt_8Z98QGoZCuhq-ijJgEFDTvgRBtuEGl2o9F15o0nQLUuxyAhBvPF8hdsRFKy8slS9ZHxNYEnJSBTLGEI1NSnK1pZbWFUkcO-fsGI1CYncM79HHdhBzR-Rqo6MRE3nD1xX6mBuugYh8dtb6SyloWQvM5fKGkZSR_IojVY3JQ5yui8cNFbMVUCdX_AvFCLc",""
"|delavec v proizvodnji - m/ž|škofja loka, upper carniola","DELAVEC V PROIZVODNJI - M/Ž","","Škofja Loka, Upper Carniola","Thu, 21 May 2026 01:30:30 GMT","https://jobviewtrack.com/v2/31kz7Q3JVLWa_H12LVOwtJ2hXUhwtb8LEeU4D2bnD7h6KtX0nq05zW92eTY4Ql6Gqk9-Yl90au3FfqLamIgEsPT9XqZk0ymemKwxCqGA6z9YceemvsPIrgflI4MHlzEV2tRzTMjGczkwTKmmHjTsWEUdSnRoKna_GmnVNLGTyXloS23dPf0dUiOKYdEr-EWpYrv7CzrTtMl2-rCSzRq0i2QAvcngx8yDuJF5gKNTDBI",""
"mjob|pomožni delavec v proizvodnji|slovenia","Pomožni delavec v proizvodnji","Mjob","Slovenia","Wed, 20 May 2026 22:01:33 GMT","https://jobviewtrack.com/v2/d9YkTswSdtw0HiEZ_WPMc8Jz3wFzJs73wOCwESXyb0uzonUwpLCAWM8WUS2GeVAcPLXGGnSymIMjYDaHKlCdN9gCQ80fjxzAPpDyrlOwgOLMGhOeuGAPO1w41DrhAZ6FkMooKQOulg7DpbBdjcEm11vvGN2nrO_kMuJo9fgp0sIr2NWyq8bwQZ0OoJDazFcz4w59__r-S5f6u5ZTMaHGQVBkDbiyCzSE7DeY6Njn5nA",""
"whc d.o.o.|delavec v proizvodnji (m/ž)|slovenia","Delavec v proizvodnji (m/ž)","WHC d.o.o.","Slovenia","Wed, 20 May 2026 05:31:48 GMT","https://jobviewtrack.com/v2/v2rG4khxxgldIg3BXq1Wr2wem0ClpJAo950m9xMv6Io6_Bu5vJ-O3ptGRhJacW5gUXcyABhU83PA5u1xqI4ntK3IYtX_ANmICgRubvCGLfO2_LKtTa7o3ZGaq1y5DoLp5VBBb5Pf0RWvvJoQ-DdipfpC03qcx2jsUf7DQ6ESZzMGVe7yGBWr7pu_ig2aZbIVZWH6AhIM9en6kupTwBH0v2__-7qFiHLP1Vv53KGkn-8",""
"almons, bencinski servis, monika setinc s.p.|prodajalec/natakar na bencinskem servisu - m/ž|grosuplje, central slovenia","PRODAJALEC/NATAKAR NA BENCINSKEM SERVISU - M/Ž","ALMONS, bencinski servis, Monika Setinc s.p.","Grosuplje, Central Slovenia","Mon, 25 May 2026 05:25:21 GMT","https://jobviewtrack.com/v2/xR097hJGx7YiSZwLu0RhNXpKFtPOvvMyykUhkZ5yEMhAFk7CaiW6C7J91rvFK9aZIryIehbdbO6qjgdllO2vQlHTis62pFugqKcjyOuCTijO_bn4enTBcoVV0jURHk1blAJoopKun9mNELc5V_4-ZDH0KmfpgE3XzqTEEaOIEWWyUz2I53GHYpUEgYgFyHMpNT9YFglQfV-LlcoMYKEx6jkyt_8vUscnZ1KvakdXl5c",""
"engrotuš|prodajalec - oddelek delikatese in kruha (m/ž), tuš market škofljica|škofljica, central slovenia","Prodajalec - oddelek delikatese in kruha (m/ž), Tuš Market Škofljica","Engrotuš","Škofljica, Central Slovenia","Mon, 25 May 2026 02:46:25 GMT","https://jobviewtrack.com/v2/TIvIgRHjmdRLWF1IwIsPsVmDjGXFbP_LC69Y2sq_IUjQ8NoHwvqKnfTroZmU8e7RFoJv5L9kfRtEk92S4md7PgJyfLl7v3WZeRCX4oZgEX4FNnJ-smEQM3JGvDI9Vl8PQPMEYTB3kJ6YUiJyctDmY39MrbJmm98hBL1sgOSjjN7737ped16v5GJVWTNwg9jYobdecoxHzn1144l0qOSHdUs5d37theJQr0LZ73gOtYE",""
"mjob|natakar|črnomelj, southeast slovenia","Natakar","Mjob","Črnomelj, Southeast Slovenia","Mon, 25 May 2026 00:12:37 GMT","https://jobviewtrack.com/v2/tET4sAfe2MMsmVX5PEsuh9ICycRb9UD9-DQOiqt1otZBdWvPTRJU-7En-HUBp2gNHzhtOHL-bKv1MCEeAlFE9Z9R9_uFXbvPDqRugN0aoX8T2kWtZpTAuBkdfjkW_D36F60FHg9LElYfA0B3KiVcWB4BVaI3WIoUh9zf9NTmr4ax6z1UrMVKfxKY2Yqz84UFYQ_2BikxKPiMHCtYdqzz7OkXu_rXmsFpqxYKfgj4dYg",""
"|natakar - m/ž|maribor, drava","NATAKAR - M/Ž","","Maribor, Drava","Sat, 23 May 2026 07:31:14 GMT","https://jobviewtrack.com/v2/B19C8Rpr-9SEPp5SCHyCEbat7Dnvh9tWTQckAmJMfgW1m9ucnqIdycIix8eK1i93AFPqF-fM675dMY7fJvkCuVLZwbFuDhsrc0H3BhqHMCO0DcPrOWAh2nn6KR2ZpW-kMOTe1Mau0p9LGcwj-tJNd-EeqOmKMyGp4rvnzkz_cbj4UJuJr4B2hoaRoMDww2ESPgI1oxiRkZCepawoNfgo0h4nDYWexCuwJqIE3u6dEtg",""
"mjob|delo v strežbi|slovenia","Delo v strežbi","Mjob","Slovenia","Fri, 22 May 2026 07:35:56 GMT","https://jobviewtrack.com/v2/YkDZe2CcHu9ijI-dyuozLW2HCo3M15OaFJGGuGQ0fILsS11JmKAHLx_AgZ1N6WK-czayXQsmaxA69qgqsiuO9PhEQn704G7vRF_rLIZEiTsGHknW5juEOkqTvyZWFKf78zttQ6if80cOMaJTQ4Um-a0REsoRgVGSfkUSZQcGy38s2aeudlTv50bLt4FuZRUNqu2_43PGg9gVSROTm88T2vuHgb6PJSK0KeuDC79no84",""
"|strežnik/ca - socialno varstvo - m/ž|škofja loka, upper carniola","STREŽNIK/CA - SOCIALNO VARSTVO - M/Ž","","Škofja Loka, Upper Carniola","Fri, 22 May 2026 05:30:28 GMT","https://jobviewtrack.com/v2/iiAKWfAoXB8O436A_pYeNFJpMy1anC9gFgV8GlHJGEPOeMHsOMSMIHbFiEw-OFDAF1HFqXzyLXzmWzdjHQce1b4N10wYk9GYEknkSepMadNQJvw6czzYHfz4ILdPLFklZHXPYyc6BhiSaDXG8mSfgK3CbjK0lY1hMvV1gdAWLvfw-PVr7y25HXEMORHbjzUobirnrPjDcP6F6Vhqxyj_62OHDEhVVTQO8IK6f_donMk",""
"new yorker|prodajalec (m⁠/⁠ž), za krajši delovni čas (30 ur⁠/⁠ teden), koper (nc planet)|slovenia","Prodajalec (m⁠/⁠ž), za krajši delovni čas (30 ur⁠/⁠ teden), Koper (NC Planet)","New Yorker","Slovenia","Fri, 22 May 2026 03:06:42 GMT","https://jobviewtrack.com/v2/4CKxkEfRmzD4yxhNQqdbA8gSSiIsPQUHJMTP9NPjJjTcEhYJlvgEqnL8kWGeU13xUzwic3YIIc2JA39GnHK84t9cyRrtslQnJ37T-M2S_74xz4_z8tRUOtLD4hXyc3pm2oBXjX-c8xN-rq9mAYkNoRkujfUmehW61dYDh0q0GutwJitoZJYRqOe8VQfs9gFUgvKUWpHhZ-CLo-UFbNiwSYutbP0pZcmE5vco_JVQDPE",""
"mjob|pomoč v strežbi|slovenia","Pomoč v strežbi","Mjob","Slovenia","Thu, 21 May 2026 23:23:13 GMT","https://jobviewtrack.com/v2/jG0XA2pvXDhfY1inzTAbxC7vjfHjm29KPKs7fW6aUlttrNRSUoFo7tMU5Q5TdzS7QSUo38-_r8UbTNyraw0NUBicjR9m0B3hDEKxXeBodiKiXWv1hTWGwvsCI3cw0mi-fp-UlEdgw-4uCtAnf6kUWzFNtQ-szK7fNrqwRqA6ia9XlooUloJGX-5ctSpyjn_Br8_ILEf2BBhvQnbUVxz9qedp44VEJEPIGnpJlSe9EsU",""
"|natakar/ica - m/ž|ptuj, drava","NATAKAR/ICA - M/Ž","","Ptuj, Drava","Thu, 21 May 2026 07:02:44 GMT","https://jobviewtrack.com/v2/Y05NKXlsqp-yJ-BJS-jsU-USrzmUYDJGFlx4pYmNwBZhU95J8zFlz5I-iCUyhuaKciRmgazCyf5w4S5INMAeELDOyt1-2JpkSeRoNZ2mYMy2AtbK-c99jmWPFH8QZWxKtnLyE0iXAFEm55j7qKAT8mUOdcodWg0nm7LzRl3zmwm6493XKJFaTU9PalFn78CzjAuWkrKOhDPLUDVTimdjGVrjC_l6YqMEhVPCUDRKztQ",""
"|koordinator iii« koordinator iii za gostinstvo in turizem šifra delovnega mesta: i015077 - m/ž|grosuplje, central slovenia","KOORDINATOR III« KOORDINATOR III ZA GOSTINSTVO IN TURIZEM ŠIFRA DELOVNEGA MESTA: I015077 - M/Ž","","Grosuplje, Central Slovenia","Thu, 21 May 2026 04:41:28 GMT","https://jobviewtrack.com/v2/VJPz1hiWLEqg2jVFiZsNrxyvUs9P_HuVcPuCI3fCeQo-MKEEGH3F4GNdp8EbgV5LxD1lkU7vcWNzdlqpKFbgs2O3Q-0ZJNMj7suzZ6ctl4DqilMALHYYQufliixDK-LC3fOGfo5BangP192Q9aAyta8p4De1EqLRaQXBfH36xYOl_I1sHMXozambF9G4KIftDHyLXkyTNzfx3kh1_boRmGzC_rJv_xd3H7TpQNobNMs",""
"engrotuš|prodajalec (m/ž) tuš market notranje gorice|slovenia","Prodajalec (m/ž) Tuš Market Notranje Gorice","Engrotuš","Slovenia","Thu, 21 May 2026 04:36:52 GMT","https://jobviewtrack.com/v2/Ln6Qqze_4YA4YG0kUOzTzQJlqoEWta909NRY5gAJ-FaTv_zTBPjxyYSfrjp1cAWwTDitDOYqRXgIsx0d-RMPS15ZkJ707V2_Lk6vGmOYoqwk4_q0XeImYylJ8XqIWWgRE8icQIeFksmRyapeaSIbo0S_QsPdfNgDojromStZoi3nUzVCQhJZk6kHjVJQR_f7kMhndefcHKgmJ2-XLhkaistNZnO77dj9TSvx-0F3jME",""
"mjob|strežba|slovenia","Strežba","Mjob","Slovenia","Thu, 21 May 2026 03:02:38 GMT","https://jobviewtrack.com/v2/hoTCNlOet-yyWZV_1oLloo3uGrPP37_KRQ7Bpar6DUVYUD5C24lMw7ar8ynV_60WWoHS_K6Cbvb_5kfVeisPvH7CD_UdrBXdnhtHRFDeexUs58myHGvq2H_r_9kQra6AE84FmblrglQyhDKsTepUktPXUT0LiB2QRfxj0E42YSbjH8M0jKmHh_H0wmXpyz7ZWme14TQ_rYVq81Tf38p6Tr62pvo8eNVo4GyxqxqHrsY",""
"|natakar - m/ž|šentjur pri celju, savinja","NATAKAR - M/Ž","","Šentjur pri Celju, Savinja","Wed, 20 May 2026 23:51:49 GMT","https://jobviewtrack.com/v2/fX8kc_tbP0_v8Z5LJApXHa25OKnlfdl4fHalcxTdeFR1wdrUOK_FhehFftSmvAYR76zK6DRozwNRO8A3ajqGnDODu3gM7jYbmKGpokfsSEDFBNfkHek1cxSjif8PzuKiGt3mjDHQKPrkeFEds9pfBX2Sh8ww43mvCowL_sB_sgDaIg4BejImLvOgd-AG61mDnRYdJyKsDdenTWC68R9RtAkvIQ-nTZQLLtjnmUtTPUM",""
"|pomočnik dietnega kuharja - m/ž|pesnica, drava","POMOČNIK DIETNEGA KUHARJA - M/Ž","","Pesnica, Drava","Wed, 20 May 2026 06:21:25 GMT","https://jobviewtrack.com/v2/yqu9Sou0CCZaiAVeidbbPX6axLt9mayrZBGW3cGGvgh9oK_erSLu9fHLChnifKdnsq4df_fyBoNxMbwMmxhERUGk6SY_9VGx0SqwBfOdrORkbKixr96nsX8xga3MrZDb9s7ENPRIe-vKFcMm8J0qrm0OYWrfEPBMTePB00E2aYaXmFVGZbGP1Ed7yY5jUAVUqIQXNHn0HqdhC3jgU-rtbJQ-VUzxgMyB6j4rKvGyrk0",""
"|prodajalec hrane in pijače v lokalu chuty''s - m/ž|murska sobota, mura","PRODAJALEC HRANE IN PIJAČE V LOKALU CHUTY''S - M/Ž","","Murska Sobota, Mura","Wed, 20 May 2026 00:46:11 GMT","https://jobviewtrack.com/v2/qLy9R2rVJrVrOQhABeQagXgSy-FNDM1QVBC7OTwrSk6L5E2fRpDjVrc_K7MWgctDZ9icCuOHSk1efS9vsLsgwjnkVMS_iOWrYThV1xq39QSKkGIpllboiAbsF0Xzf6Su1wJ2XXqr52fwIKuBLs0JvOvUDk5TX5niM7UHwCuLkShHDjhc1x1cTbE2XlqGZMOwp78Yy5ADi0CXHJ3pneB2ICdXGyYUxyS3Wn4vff3gOc8",""
"|servirec/ka - m/ž|mozirje, savinja","SERVIREC/KA - M/Ž","","Mozirje, Savinja","Wed, 20 May 2026 00:20:45 GMT","https://jobviewtrack.com/v2/xkeF6-jfwYlCNeT4GVG31TDPCS0f7SoQyf3Yp5i0BGkzvPRtyV4jOZFC_y09lZdRIkxIePNVarEILXKPf34opZvQFuxXyf8I0fazWDTRQDu3Ba9H6WKTqYu3qts0n4lBQBxfcoezc4Wb5cblve-MBmoJhNy02Y3cTjmsQgwwdBjYR0dSwKSh1vY1jrzDrRIa3rb_93voomfnib2Z3J4GKDwwQFCltKcx5SyzZjw9BSM",""
"|prodajalec - sevnica - m/ž|sevnica, lower sava","PRODAJALEC - SEVNICA - M/Ž","","Sevnica, Lower Sava","Mon, 25 May 2026 07:29:27 GMT","https://jobviewtrack.com/v2/jVhfO5b70CR3P68C4JQJF0Gl9iX5y3w2J3emMk2nL9DQHdYYt6GctX8j4d8IRFBiwbzmDwDJuotKhqHsk9VS34Gs-sH9Q_Qossse9PamNpdrAEoMRZCDsTA9FSifde8U9I2JLD-7vC_BLblDCYsUfmKyZ_-qCz2evkcRXPLhBcNymLkXlyaiSXe6YaXR7xYr6FsXAn7-yGk2Bzgb0OWfO7FDjXocu1FBUUc5qDjltFI",""
"|prodajalec - novo mesto - m/ž|novo mesto, southeast slovenia","PRODAJALEC - NOVO MESTO - M/Ž","","Novo mesto, Southeast Slovenia","Mon, 25 May 2026 06:13:24 GMT","https://jobviewtrack.com/v2/FXx5-pw2Tdr-EsCz4nsdjIf4GBs_iAB-spoXE8qb4TyAA5QYd5iNybgvXLWzjTjUWwdTNxUS2VC3xp38u286z2CfzrdAecfoNw-PoOeWEJ9RjN79LW9ATWPMP_Ew30Rt5CRV59VO_OWCbB8jZoNLQnVqwUVEVHRSuiu2ZkSFGwQWeobl7eBzGIgX1Q4c7GWJSTc0cciVq1hERQlCr8Gll-p1NYiTvnhdeJ7jWNW48FU",""
"mladinska knjiga|samostojni prodajalec ali prodajalka, v pe aleja|ljubljana, central slovenia","Samostojni prodajalec ali prodajalka, v PE Aleja","Mladinska knjiga","Ljubljana, Central Slovenia","Mon, 25 May 2026 04:41:21 GMT","https://jobviewtrack.com/v2/E3Wk2y9Ad_J9eCgSCxPuDcUIPM0rOYL5pDrmiP2g3XnyOiSf_IsN72VUsCAJj80tNb5dz3gQ3p8YchUKdPYGnH_SMZ1oBDgZm2AL7ppezdqxdm1SiZ0w3StpHfxXL_t2jp1q1An2HJ0BWmymVdTz_wdQrw_ikItlZxNpKCoJ9EATGE4yCZX0oUOKacXxBLYDmkYBkIBoCGUoqD586Cx6Woqu77PyyIMo8YH2TFBGc-8",""
"|prodajalec - postojna - m/ž|postojna, inner carniola-karst","PRODAJALEC - POSTOJNA - M/Ž","","Postojna, Inner Carniola-Karst","Mon, 25 May 2026 04:19:39 GMT","https://jobviewtrack.com/v2/3NnkiuaI37OTkFr5YyWfHl1NqYCUydJT9WOaqLJvf1eZT5bTAudhGzg4AtOtj42J2J-WDTbW1rJ58_MJlZrARWR3LbaiAWBVZr9bKJFNpxBaJNQ-nXJwHNA1uDcPODwQx4LLKmJaM3UY4NNt_c-CiTJzWURhq9LLVXz1JfS3WlHQn6rzMxcTpc_HAOpaKqsWXRnOquH3-b8EfeMvzv-Q3CEl1O6p1t5OZeufwPWE5Ls",""
"|prodajalec - brežice - m/ž|brežice, lower sava","PRODAJALEC - BREŽICE - M/Ž","","Brežice, Lower Sava","Mon, 25 May 2026 02:26:15 GMT","https://jobviewtrack.com/v2/jexxMzJ78MhWiah5_UVC6shn_ymK_DH_HQ-SuNXk3JdHd6oSrkElbvOAyjY_LFfA7rJg3Hpy512iHaRlMePyyfjNl2v-qsOaX2nm9-Kcxljac-3oudDEzaWaTOk-OF_ghGhO_xgS08d4d1sAL_ZisMGw0xH6BYbKzTRwxPgS5SHFWR0sBRK-tP6CPB2zyOj9fNzbo24tG85Ai8YrSR6hlAcOe5ERVgabjYObva_fEGM",""
"|mesar-prodajalec - m/ž|kamnik, central slovenia","MESAR-PRODAJALEC - M/Ž","","Kamnik, Central Slovenia","Sun, 24 May 2026 22:50:00 GMT","https://jobviewtrack.com/v2/fRxpT4uXgNYPlhXSRkPcjTl4Vped5aTu7PdwGSFexipzM7Zq0Bo3GWKUslhKL9z07O6si5LWpev9qbxsTMQ1Po-AkcUNlAt8dYlQfXPc2IpwU-xXka9aE5JpbrU1tiCBuS5f2EfL4qTrO7vSrHopG4FF-JG42jiEMrmNoMjbT3fCjAOr9FwoCgYifq3Oj8aBDxaqlOmV6B8gR7TtIM8A3hLKIIRgtxcZxgSuRL9WxfM",""
"spar|prodajalec na oddelku pijač (m/ž) spar litija|litija, central sava","Prodajalec na oddelku pijač (m/ž) SPAR Litija","Spar","Litija, Central Sava","Sun, 24 May 2026 22:16:38 GMT","https://jobviewtrack.com/v2/7JArBqFh-QekGsJbRkgsTg7207ZGsrWre7ASAYVSoAOIbOrUJDonP5lj0mR7-LxdwBqoht2WI6bpE5V1NKfpJVVYHGMtw3q_xNuk3cdyJHuo6Sabmwzx2WM609fpNThyyauyNOMGb4iK8izgbLu17S8M1ooYQnHbUqsrlR5xfki6DoPJ9HhdHAKtybh1YU7XZ3fX09Svvf2PiWpLxFR45tP8EtUfGYxOEZ2nUiEIdns",""
"spar|prodajalec (m/ž) spar slovenske konjice|slovenske konjice, savinja","Prodajalec (m/ž) SPAR Slovenske Konjice","Spar","Slovenske Konjice, Savinja","Sun, 24 May 2026 22:04:49 GMT","https://jobviewtrack.com/v2/AUoO-LvhZI_bNs2O7mAY8LH1awmuzP6S-Thy5GuWpQYjrj-NKtlxlk4pBjCWW4Kcwnkg-xVoBxlfWHnxRfkNRz2YCkLNcuVNwKvQm2ggTu5f_mhyNytTzvb0q19LbEkL4vGht34ABSqLTi-DySR0W1aUhOu7H6GWXtzq1Gj5jG5ew-Wa02q4uoIWRgEMdFTW773A3uYvBemz511SYH-99gUmnov5kI8vYBC_e-QugPg",""
"gostilna sokol|prodajalec v pekarni (m/ž)|vodice, central slovenia","Prodajalec v pekarni (m/ž)","Gostilna Sokol","Vodice, Central Slovenia","Sun, 24 May 2026 07:21:53 GMT","https://jobviewtrack.com/v2/0s3prv6csdObW6c8qHKtbEvHo4-nEJa9c4X9ZbggHHYHk6GKS-eptFHAQNGCH-1hYqcznmN-KF09rvRyeWNlbAIZXTbf4ci4Qy395-66MghtE0yiPQq4MxCkNxW4nMEvi42h8YLy8YstcAoBdUJBtnfBSaha3ddh9ar9z25Z2x_WdadnjEUThemsPxzYD49z3DHS9nBfWlv-mt3rt5zW3QeeKWX5Yodj_Rn_iZQdsrM",""
"sports direct|prodajalec m/ž, koper|slovenia","Prodajalec m/ž, Koper","Sports Direct","Slovenia","Sat, 23 May 2026 04:58:12 GMT","https://jobviewtrack.com/v2/KqX_cxqz4LKaoW6o7c2rQ3THVjrt3uJYnL15ZQj3-zmIRfpLLon9jVmQQC153e7mVeSgNBxIA_tFCzEzvdgGUPmVmwHGLiKdc_E7HebXuUB1PdyA7lBZi1qj83_yrwJgOQv-gfwj4cgv47Qe-TFtEheK0byNZyKS3ePhIsLtEVJGWBkU7zXnXOSJ-egMm7Dddo22h4mhNiXQDXFgu2o3hw2m8-oBsugXIY82bZTT4Ok",""
"ekosistem plus|izkušeni prodajalec (dogovorjene stranke)|slovenia","Izkušeni prodajalec (dogovorjene stranke)","Ekosistem Plus","Slovenia","Sat, 23 May 2026 03:56:05 GMT","https://jobviewtrack.com/v2/tSgXVXAOdRo4yyvoTe-UDHek97_DlmOYOvBWCi1Z8E_A8QdBNV1tOkYePDD1jDuiPBMFQIQAVwH_uK298UQLKWdUO5Rz35Zc8J5gG8HkqPT9jrZFk6PlyfDDPH7-AKT5kAFmGAHcVUKkDeFrcpOD87B6NOSyopsh2JL4B5gqnxA5QbWEkRHvkX4QOxtgaR05ViddqSvEI3-7Oc0_LGgcqV4UltK7yyAZzrH50mOYUNw",""
"manpower|prodajalec prehranskih dopolnil m/ž|slovenia","Prodajalec prehranskih dopolnil m/ž","Manpower","Slovenia","Sat, 23 May 2026 01:38:42 GMT","https://jobviewtrack.com/v2/tt6p7ZDG90zecOBderaxZx15EvA1_Q0-is1Dhh-aVP1f2NRr44Ip89wDzlhRuiZX7yhKma3qGIr-Wf4hI0jN6xhxkw3plP0h88OaA-khdXqX-z9vUzO7Ba66tAsSlghT3gTMKYFG58MNixV8CN-C1BbIUJ0NRxsR6xrXqrNakiGlrySPmyOcdSvKgi6r_QYf8WWeLMl3P7mtq6yTq4505Axh8JFDpllH22VsTG8klgc",""
"|prodajalec - slovenska bistrica - m/ž|slovenska bistrica, drava","PRODAJALEC - SLOVENSKA BISTRICA - M/Ž","","Slovenska Bistrica, Drava","Fri, 22 May 2026 07:27:23 GMT","https://jobviewtrack.com/v2/H7wOccnROBF-Ytvoogrvou_8EJw_53GIv90ZgD2n_Uo5yfX86d0__XwWB2IvHRsTcXvLdzwOI7ggQHwGIDsHZEwaFODG5SBSE8K0W0HjJVfeBn9PfMzceUgPrNcja4CHREVkdStgVm5GKuwDOh6zQYjsU9GxUiERcQh12DudxkqQrbB-xIdp5Zs82N6ayNschF7OAgs25V6N7IziiyumsgJIH9cnqUKgfbVvwefycyI",""
"|prodajalec - litija - m/ž|litija, central sava","PRODAJALEC - LITIJA - M/Ž","","Litija, Central Sava","Fri, 22 May 2026 07:10:21 GMT","https://jobviewtrack.com/v2/xVgAK4tPcmtCeOx80foRA8V_6ZrFwa6iB00TuAkL1ITSvCvCfLCTIY9wJIxGUfXQilEJkdHx07Z_HcfThn7CMuQt7PH9Iu7T9LLIYwdE1wnIdIlgmJW3iMEBq88sw42c18PejhD7YsncxweahOc9CCiL99m9FktLACG8_sv8qamKKybeyBtnsGT95nkut1KHJdTh7zSydNjNzuS0WX_yWsO-LY5ZQsb0YWjsMJW2nrg",""
"|prodajalec računalniške opreme - m/ž|grosuplje, central slovenia","PRODAJALEC RAČUNALNIŠKE OPREME - M/Ž","","Grosuplje, Central Slovenia","Fri, 22 May 2026 04:08:46 GMT","https://jobviewtrack.com/v2/xNMHfJlVkcQp3AusR57KmKo5nv9_3Qkw7wfcUhLc4VGPOHhG9tkcC3sdLXtVbXlX8ac8X29fXxzgtScFGLHV8x4PtiuryqwacHDZumFHV0KQP78wY4_zTfs5vbDOj2jnNUxxhSg4hbMUVHSq6ITWR5fEyis732lR9GeFOON798qnG4BRV-MUFpxwemtg0L4gtT15p3a1jfF0wkJxhLZLBtc2dC8ODzEJYw8-VUIaSqQ",""
"|prodajalec električnih polnilnic za ev in videonadzornih sistemov - m/ž|grosuplje, central slovenia","PRODAJALEC ELEKTRIČNIH POLNILNIC ZA EV IN VIDEONADZORNIH SISTEMOV - M/Ž","","Grosuplje, Central Slovenia","Fri, 22 May 2026 03:20:05 GMT","https://jobviewtrack.com/v2/n9ODZrK8fvjvwxFCiEMOOhqZytvZ2kOW8r_l_lcf8F89DHccEJ704bYEJkiWJGa0q8OcQz-EQXAH_UflWtljnQsyO2T5EV9MKT4daVS3QaoUK4k12nTjgsnn2jDOZdi1hImXl46b_HZWSN6_JpWnfEOljyk7IgcznnPt7EJz0S9nJeoWMduB8pskFeKYNMb0LnyRsKtUVGL33F0jIfGCDLEyIR_z30tQCyqSrjSjZZo",""
"|prodajalec - m/ž|maribor, drava","PRODAJALEC - M/Ž","","Maribor, Drava","Fri, 22 May 2026 00:19:23 GMT","https://jobviewtrack.com/v2/_YCUQQ-q4UAFCiIIHZ7eLIWPBv43CqVB6sFhTW2g14uwUY-Sb2C4qdUPcZQBJ--UB69vHa1eTT4z6PDK3HCBl4qxX_t2cPKI6ZRLxxkHhWO9KrO05X74STQw87TVo2pHm4gCe8joV4DHegwXNDeWdi-1y6b_C0P1REmLVwnUfqhTmfiNWui3A3vu8jd9ImEfB6G6vNec9bn1UxysTMu43QkxQOz49mjFwU1jPHYUwY4",""
"|prodajalec v živilski trgovini - m/ž|ljubljana, central slovenia","PRODAJALEC V ŽIVILSKI TRGOVINI - M/Ž","","Ljubljana, Central Slovenia","Thu, 21 May 2026 23:49:08 GMT","https://jobviewtrack.com/v2/IXZxDsHUoPKj6I9c_lioOWUkK1NbI1iFGd8SYjh058Ni6vUSoNZ0pfkz5jeboZNIReCFRDipKehQjWgJDuUZiidfh2ltakFGyu14O_B4EiNiqhi7UJw4lmZa2gDTNhpswaIKWW46qkd2Ze-qeXnBqC0bYny4Sugm2ngojuvGYCp-l5I-9xLJMDe4snvkWGH9wJWtMo-n460sSjZ7YBhL5o4JOB0OH_OukHl_DW_F_Do",""
"|prodajalec tekstila - m/ž|maribor, drava","PRODAJALEC TEKSTILA - M/Ž","","Maribor, Drava","Thu, 21 May 2026 07:40:00 GMT","https://jobviewtrack.com/v2/lYNXS0FJ-DpL-VgOFFLzsyEkRTAVxYsK9k1pXvRYHJGKKtEI3Ycgk-TO5j5ymnS1uTkGCDUubrsuYlFicIpnJ80T71Qlqi8f68Dmc1S7IcED3NlpQNvLLuIsAgqowPTH4MeQE04Nj5A6l5FpQviQzyJUYXWSfTUAo7zSWxEYq5H6jh6X3UQrVJynQJ0hLKT9WCKRE0P8N1DDS22YFm0Q9qXobuZ-KEp61Z3SD1BRLuo",""
"|prodajalec sežana - m/ž|sežana, coastal-karst","PRODAJALEC SEŽANA - M/Ž","","Sežana, Coastal-Karst","Thu, 21 May 2026 07:10:48 GMT","https://jobviewtrack.com/v2/dDQcPb4vH4TxYcJxyL6ncrMRys1pl40u8fH040Cz_7AQlkRhlRH4LubDu6yYgs-iUIxrYhSIcjGD3wak5RVtPb5ofqLcdFfeIQV5hckZgv0BEHIGbAswBY0Ay-TGXHPSJpSMe3-dqb7aHqYsjfUjblv9qxnd-KqJILm4wfV8Ji6mTZyX3XFx7s7uVO_2NNLzZYVaWgupTCZfImVH5SowGB6AOWlu6LhyT-jW9NyBGXk",""
"|prodajalec - lucija - m/ž|piran, coastal-karst","PRODAJALEC - LUCIJA - M/Ž","","Piran, Coastal-Karst","Thu, 21 May 2026 06:11:20 GMT","https://jobviewtrack.com/v2/jGttUH_cD8L19gDEKoG7TBI8URRstlfkfUeR1cjsLpx_RmtLjIE-cea4hy2yU4lw0igUdix4M9B25EwTAbkuJcn_wH98sIoE5OTwDJoxTwe_s7j1nG3alnMBuTK2A-tdUM6_naLG5NcD401VQtQsTDQ7jL4M1ChQSb26t5OaTfEck7xC58gIc3yo2W6VuxseJxX-5gFXqWOqvq7qGPIC4xYUG3Anoi32a_yf4dZo3UY",""
"|prodajalec ljubljana dolgi most - m/ž|ljubljana, central slovenia","PRODAJALEC LJUBLJANA DOLGI MOST - M/Ž","","Ljubljana, Central Slovenia","Thu, 21 May 2026 05:41:32 GMT","https://jobviewtrack.com/v2/urPgp4vGEmWk9DD1sQriYCTcuBoMCGuvG4YYOA7PBsK3uPi7ZNtNGF8mwmcCM1yj-6h2Es_zr894uOIOdtrJ_6LWowE-4aGCk36fwmOXE12F1jHA7pBbzBoAu7kewlCVipogbiwQHpPQ2CiOk89LWFJJao5d4zQTqR6LVRzjBNxk1Si-kq6RlX1qk6GMDDlwS25Y0AJgmEHFUBIs6ObbHpjxDbY_1aaFRNXs3aIBA1w",""
"|prodajalec - skladiščnik - m/ž|nova gorica, gorizia","PRODAJALEC - SKLADIŠČNIK - M/Ž","","Nova Gorica, Gorizia","Thu, 21 May 2026 04:08:37 GMT","https://jobviewtrack.com/v2/AfHQvaXhu2Oc_WTnPS20pE3Mum8jWsA5SzDvFfZ4jfoHg9No2jOW7FdOWpKgC2J_3qH7inxPkd-U65qiSgob3ht6vOWGfHeJe-LgBa_2MD27PiuSBLpK3Us4VY-vIcoYhreuHk61-Is1mAcA47xDLzvn2K87dJPxHQbb62mmrBMtU0jcywpKjB4HUcDS7QMVCItxzVVipxPW20RjcnFL8x6Wi5PnOTiesn1vHZJ839c",""
"|prodajalec/prodajalka - m/ž|novo mesto, southeast slovenia","PRODAJALEC/PRODAJALKA - M/Ž","","Novo mesto, Southeast Slovenia","Thu, 21 May 2026 03:49:42 GMT","https://jobviewtrack.com/v2/oFH2C6iHv0Wp_vrq7ir1eZAzJ_bl-o-JqHfQzuXAnz769IJSLcefh3oEVAA7P6v_ww5JxPHmNrnJ6Unkcdai1FZyqQq3HLOugzxCTsAK7ekzLwhlqTEPDKmOeoEUZiVCGNvRCigwZGDkLzIkXLaKkSx3f8zOEEF9YhYdGrcSHFSeuoFFwbPqoH1_j5445pT45a7wb6B3MSJG7el4RrqsLcKO2Jl4SnOhtDmI-din0lc",""
"|prodajalec trebnje - m/ž|trebnje, southeast slovenia","PRODAJALEC TREBNJE - M/Ž","","Trebnje, Southeast Slovenia","Thu, 21 May 2026 01:13:14 GMT","https://jobviewtrack.com/v2/_nElJtFJaUsLtLQiAHpCGWuMIOtYfAf494Ml30rOjsbM_j4Wunwqjxf8esnvnAu0wJ9K0ZcmDoBMYc0EW5TNSmrzOyUXHuOSb9CLQrfgrNIUFIBQExse5uqzSi8d4F_o1bPeMYLkMUpvEOILUuWawXdegZj1RoY88iuLNG6veP1DzYPlqiSV9Jp_q7ya6kj8mTQFOnYHeWJL7IkGab0eQ8yWkDu5vNlxnZpWRlG5LEA",""
"|prodajalec ljubljana masarykova - m/ž|ljubljana, central slovenia","PRODAJALEC LJUBLJANA MASARYKOVA - M/Ž","","Ljubljana, Central Slovenia","Thu, 21 May 2026 00:44:21 GMT","https://jobviewtrack.com/v2/WflbphFRRSK9sWQR1tGMTHvZi0NrYFMK10M5KxEOzVrXcQMqjUbdA7zhn-6Cb0q4KXnneVclOpantMPQwtzwSrQLOwQx-2ozzIMkIrKURf_KrEojuwQ0Dde5C9VWlpFbjLdNVVO5DCpMGOAAXG3GcOn2HYcNQJc2BGIMHJx7pgQB8lcYlLusVDVmRCrkaEf_h85D7yVXgJEtFVPYNjkA7TD8LC8wVmwNtNOSuOFayRo",""
"spar|prodajalec (m/ž), šempeter v savinjski dolini|slovenia","Prodajalec (m/ž), Šempeter v Savinjski dolini","Spar","Slovenia","Thu, 21 May 2026 00:34:30 GMT","https://jobviewtrack.com/v2/ctOudNfrUfaTn5MsPclF6wojvbUSTNO4llrHmnqQNWF8Zebu_wzH0z99DgI1JS-vM9QvA0orKJMX6aDz_FzKQYoYLfd_kCckGjC1kmZRsoeCMj7FhAuMSG7AqOKmDAuFsvyduxua0e1eYfjBRx6fzywfhhX_0fllfaBY97V3qqXup3Lt2_b1xywOxnGLI9HQwvdAwZHcbHPIMWpqbGFkgabyA84WLnYgmSeZmIM49PM",""
"|prodajalec grosuplje - m/ž|grosuplje, central slovenia","PRODAJALEC GROSUPLJE - M/Ž","","Grosuplje, Central Slovenia","Wed, 20 May 2026 22:39:38 GMT","https://jobviewtrack.com/v2/Y7zTONj17kIze4XLKv54eFSZXhRrhN39SMi6vUE-NkSDydvjtGNpPSJPJ31Skq49TCJTgTjb6FXHf9-QzyTGKEbasXrERYkDVEPcI8Lyue2rHwA4KCWw--LEpLfHxNMKYrQBAdOXipqXOtBGYS9kMMklC25RDSSjlDUobqxjsnWtvaMNNlonj13KdNn7ZQisAHaTFy3yGu0KghRBG5i8rU2rmxDCP6wM2PSLFwot5u4",""
"|prodajalec na bencinskem servisu mol dravsko polje jug - m/ž|maribor, drava","PRODAJALEC NA BENCINSKEM SERVISU MOL DRAVSKO POLJE JUG - M/Ž","","Maribor, Drava","Wed, 20 May 2026 06:35:46 GMT","https://jobviewtrack.com/v2/VD1EIK04NSe50l41ZMmZy9ftgN7-QjwirmrsQHJlXCDoT7DwUZeQrbr7ucCuIINnhdCtlyZ_4cmzjALXM7eRVkj5DcgcJjtIf24NT0tEbCESmFJS6Y8Wc937OgIiLetDBwG1nGAzXZyNaVh1toBMIR1N5REkjeIHh7Wj48jxzRy2_9h6761XwuOklTnV_DMKAPnR8W04RKjogs15VKrTJEgiUSE-r6ylc5tXVWlBooY",""
"|trgovec - prodajalec avtomobilskih rezervnih delov - m/ž|vrhnika, central slovenia","TRGOVEC - PRODAJALEC AVTOMOBILSKIH REZERVNIH DELOV - M/Ž","","Vrhnika, Central Slovenia","Wed, 20 May 2026 06:34:02 GMT","https://jobviewtrack.com/v2/NZunKxSu2ZZmq54xfDxofbMpCnxOkpaDxk2-GHJeOsVkggDLfODOxtfl1vyzXlMJ1SltnThK-sYtJX6lZ477PLN2ZSf76_7yYlUGg8eOh7nvXQwWJI2NpFSZvGOFNO9LrYsXplYck7eECXeT9gzDWBVxj3yH4-MMHEpn22779sK2Gi7c-FbD8p4be7nBQr677UgzJxtcVJNxwvcqK_M1gWjbcL0D4UJ7xwlUtxIlCB8",""
"|prodajalec/ka v trgovini sariko - v supernova kranj - m/ž|kranj, upper carniola","PRODAJALEC/KA V TRGOVINI SARIKO - V SUPERNOVA KRANJ - M/Ž","","Kranj, Upper Carniola","Wed, 20 May 2026 05:40:33 GMT","https://jobviewtrack.com/v2/e7tV33eqEO7t_krP5r1tRCcrLUMyXSsMaruSl88Mefn_q0LHDJJf4oofvT08LPe0Ylx_pmOLphPr67aZ2q_X0o1KXIhO_O5qN0_LipkWUyB3YdZ-FeQrquYq6yEjJiZekWy86ZXlZlK6u2eyHtfA9fiCdPK_Cq7O1blpQD5A9ISQERRIqEfmEAVBqfnGkqIZn4GxsxXKVop3hCAaJDfNw30_SqmcQrWoSleQNPPXhlw",""
"|prodajalec - pripravljalec barve - m/ž|slovenska bistrica, drava","PRODAJALEC - PRIPRAVLJALEC BARVE - M/Ž","","Slovenska Bistrica, Drava","Wed, 20 May 2026 04:34:13 GMT","https://jobviewtrack.com/v2/_cyu6cNTN-E3b_hG0l22CEdmBsBXmFBVZVa3jqry7h3vnbi95IDxPKuHBcF-gm1YgSmjFVBtzsz5Q_Du4-vDM-cQCFvd9Nsk82aoc1BIpg1J5HxlrsKw520STmZMkkuwOmw3A9iiDin41xw5nJjEDB-ya2J2n5fbz7zi0ZfIZfrGLrbyU3-GqxId2CYQqoIDX80gvlz6xjY-eHfmnD2LgME-_f5yJYsfbPCRy73QMcM",""
"whc|prodajalec (m/ž)|slovenia","Prodajalec (m/ž)","WHC","Slovenia","Wed, 20 May 2026 01:33:57 GMT","https://jobviewtrack.com/v2/PWhxt5EbToXuU4iLMQzhNAmJ8gJQp02nbkwuhx1r6_WMJGQ81PVFxi_Ruax-80xhWfGXhmRMtWi5xRRJrY1rlQf4rKQnluGUJ2DYiEBIGlS-R_dI3ZVPZb2Corc6qTqdW8Vt6l7U5z0ZBrFljNoALXiYhK9V9OA4yOtaK3jNlJlMKy6v-WXgypdxU15fi2ivf3ogC7SqROwo7TDcSq1ShHslSUREzn39p51kTfQNhDo",""
"whc d.o.o.|prodajalec (m/ž)|slovenia","Prodajalec (m/ž)","WHC d.o.o.","Slovenia","Wed, 20 May 2026 00:39:59 GMT","https://jobviewtrack.com/v2/wfQYDu8dFRa6vQ0HL_S2q_tg6ww9z-V_UZVQEFdcQ4XqXoKCQQVye9Nco7m7o-jLk8GXu26F5Zw5AX09ANq6Luj73pzJFsMlwuEqzk8GsyNOitDrkxxdXv3Gh2KSo6Mdeb1QL09XMGmY7U94eixTe4mUqw9jl58p9pgdqd1DAD1Bs0-ru5Ybz0xFsekUDeLUhXs36vNO08kGwrtVSiGwJzkUlCmQA9VrcrK7CDcogRE",""
"|prodajalka /prodajalec - m/ž|postojna, inner carniola-karst","PRODAJALKA /PRODAJALEC - M/Ž","","Postojna, Inner Carniola-Karst","Tue, 19 May 2026 23:47:00 GMT","https://jobviewtrack.com/v2/3cRJ4OlALZ16fziww0Rd0tp9pG4Iz-6Mx249Cnrc3_KtyN-5TD6mgaRBJhyiYTBa1nTesy2ccHMSfIj2SIQo24KTe8jkcCBkT8E6aXVmsji9te3XE26F6a_B7n8x-ntcPHbXg_K8PlI1nr6mBSx-FgR8MC5dP2NWHQU3f6_CDqtZe83PgOm5xbcfRCF4F1f4HlJNco56u-qwRBLwHPkGHZ9eA17ExyjC1FdOCujbrrQ",""
"lidl|prodajalec (m/ž) koper kolodvorska (36 ur, polni delovni čas)|slovenia","Prodajalec (m/ž) Koper Kolodvorska (36 ur, polni delovni čas)","Lidl","Slovenia","Tue, 19 May 2026 22:51:11 GMT","https://jobviewtrack.com/v2/QN_O6X9xV5s623dCT83LCHV4pf_lWWFCZrOja4H1_VHAWXKKUmzLTo8kLBhqnX82M_VGSQjB0-F0mJEQAIqK4kWd44QSGm43Kq06CfRrufdg-lUHVP5AcYx-B38gnjAJY6si_3yN_F2WF-ra0Qug5Qp23dCmI0bqp4LDjIO0B7YsnTNRovSpLNos4de1EWy12ZeMxyC76uoAHBzHTGj_HAoXPLvwfvU7rx7dIuqGMDM",""
"darko|voznik c in e|ljubljana, central slovenia","VOZNIK C IN E","Darko","Ljubljana, Central Slovenia","Mon, 25 May 2026 12:54:25 GMT","https://jobviewtrack.com/v2/C-Tyr0rJwzuGHm66Rr463X9gQlE5tyH8gqSOCNrgqkX9ykn-Obk4_hLOI93ui-nDlOrcmXvYWYIeV7wL96hTULWFNHBKxZoSuQ-K2Qo3dAVnhXbdkiUHPtuhpafxmWUwyblVvFkfyXJ44_-iBJ-DfdORniB5TXGU6mePNgq4UWu4X3kc0lFEEZOPJMybRLy_KvHoNJ9hUwxA7xp_TVh_tJHmaKZgWH-X2dcTquu2slw",""
"zdravstveni dom ljubljana|e035036 srednja medicinska sestra v primarni dejavnosti - m/ž|ljubljana, central slovenia","E035036 Srednja medicinska sestra v primarni dejavnosti - m/ž","Zdravstveni dom Ljubljana","Ljubljana, Central Slovenia","Mon, 25 May 2026 07:52:58 GMT","https://jobviewtrack.com/v2/yCFtM_6APGnOgFrImk92TvZyHWvez9kpnWp8CDewlEg10r_b_AK9k4oLNeBiUjwJ8AJ0nIpn2U-f_U6rLo5JCr5hxCOGQAKqX_YFRZJBkfh27PimS50RHO4kVVkY7W6wcsvcInft4MFeYZSaALBEhNRG72GJuqJJZu_6al5grOvQ--hYzzeinQ2tyx_3FQyGze4S6lpksObqiklbuDeAU_gHiAmmz2FJWM8n1w3srUM",""
"center za sluh in govor maribor|logoped ii (v zdravstveni dejavnosti) - m/ž|maribor, drava","LOGOPED II (V ZDRAVSTVENI DEJAVNOSTI) - M/Ž","CENTER ZA SLUH IN GOVOR MARIBOR","Maribor, Drava","Mon, 25 May 2026 07:49:41 GMT","https://jobviewtrack.com/v2/HvmbnY0y6n9CJe7KGO0t9d_UrXFnO9Sah48G540E09nQw65n6AdkKNr_rXbEhZIcv5CtuhkNzyoK5sB7aP35PJV1DVSwaGJ5wzZd41jnnJgpW1Lxmwy4Y74zdOe9DjTmHu63xXzCuSTOKD07OxfsOomLwuBmx4T_3PEhjFhCKs9Q80dJn21TCS5KKZCVjXJfpFoznUJpObyAAKhBkQ6BWCHq1nRqsBQwaqTFiucPH14",""
"|učitelj - m/ž|ljubljana, central slovenia","UČITELJ - M/Ž","","Ljubljana, Central Slovenia","Mon, 25 May 2026 07:47:44 GMT","https://jobviewtrack.com/v2/5XSBqSKUPQboSkXVLC12ACkEWaMez1T9eHH8HkYGsJ-pqdkYbudCLYzlCRAbPul8Cl6p3NFvZ6R2Xpxzspw_C1grQKsCAKUSfnWqDnLXv7czL7xGf_u8cyd4E8fTygItmP6EVWrVeuuJveSnou3ti3uK2CIUKfmUoaindrKwmUOvyE41jdx9uWHRkkJRKdrFT9rLAAV_HwlKCSL2ITjc0vSWhcbusNJ4gvs1NncRwAQ",""
"mapri proasfalt|strojnik/voznik (m/ž)|ljubljana, central slovenia","Strojnik/voznik (m/ž)","Mapri Proasfalt","Ljubljana, Central Slovenia","Mon, 25 May 2026 07:47:41 GMT","https://jobviewtrack.com/v2/gy-1Gwf7a1M-IypeFuNne00-TUWhocDYmJMDzhADKDfF8hOHJ1OlFUIQHEMa4bTArbp5QNNenh5FlQpF5eX63aQrV8BTnSjH-PUH4DavLhkjMsDxtQPSpXo9blKiUZqZGSmmA-LvPGXVWnwB9WTBmPMAi1-k405iF1i2yrY85ktIXEeN5WPpQ5E2PMEn3JfhvFEaH118FuKSwjGszarO0cHH9PkYz-uAqkHwSqW7uF0",""
"osnovna sola mezica|učitelj glasbene umetnosti - m/ž|ravne na koroškem, carinthia","UČITELJ GLASBENE UMETNOSTI - M/Ž","OSNOVNA SOLA MEZICA","Ravne na Koroškem, Carinthia","Mon, 25 May 2026 07:47:11 GMT","https://jobviewtrack.com/v2/qaUSdWeem0YZKZfb5zolOSSgL0jyH0ss5IKWFiKAhFT4b7fGiYsZour4RQe9Oz10_2fX3NQ3YVtyTXSz8l520Vzr9nbv0iv4HeZ2ar3k5x5UY58mpyZ7t01VagIuymj5eAmvm3bNUx1P1ZeYVDzijdHld68pleNHThB--KWayNYoh5sVFz8o3qIArct_Z01r-ezw3rUD9si30Kpw8aIZurKJd7aXXcIfhTOOZKzkFOw",""
"grain trgovina in storitve d.o.o.|mešalec barve - m/ž|ljubljana, central slovenia","MEŠALEC BARVE - M/Ž","GRAIN trgovina in storitve d.o.o.","Ljubljana, Central Slovenia","Mon, 25 May 2026 07:38:37 GMT","https://jobviewtrack.com/v2/V1Uq_8VDJQTln3umRjflSs1uxQ2KiFMb9sjkVk7rBZIpLGieEyXKHPf2D9E4yHy1J-2ZP6TQPIMQrR8QZzIzTYngsxwS0GpQMebrX5KWVXvvOgaipEAoSX__39h9tL4mJGDQEbUkDj0p3JIzAYoVAF6G2GQkH4POQnyUFjuXw1SJ0dv_8pnAAv-TBrSFseb2PgcbJItN8mbAUzQkMoO5_IPNgfUjEi7Ot0G-ARSHnrM",""
"savoy, varovanje, d.o.o.|varnostnik - m/ž|maribor, drava","VARNOSTNIK - M/Ž","SAVOY, varovanje, d.o.o.","Maribor, Drava","Mon, 25 May 2026 07:02:52 GMT","https://jobviewtrack.com/v2/UY6Nvnrtu6zkQVCJUpFhmjVfpLykxOk2IZ8DqaFePx3T_dZQtgA6fj-xgkCfd_2K1KgalLCvgJLLA8m-DxQNgVEpeny4JOq1wm3NjLcEc89gnuwluiVA3JpIg_VFgV8iwKgG22bisHYpS4va7FfGF8g9VZes3CN_LNq91w6d1b2r1bndjq2xmLBsqHJeL9UZo88mDs01n2wL-AGqPpFTNpjmF0jushdwT0osfcqVfbc",""
"zdravstveni dom celje|zdravnik specialist - pedopsihiater - m/ž|celje, savinja","ZDRAVNIK SPECIALIST - PEDOPSIHIATER - M/Ž","Zdravstveni Dom Celje","Celje, Savinja","Mon, 25 May 2026 06:56:55 GMT","https://jobviewtrack.com/v2/1t82vxqpJmSVjFAd1vzAwjSscxS92wC7ac7dTE1nnlIkJrg5XcenLI7RN_ZA5iQDjBJJd6tX9OWa32x9k65FHAvWR0SrR6uM4oOQjU_05_R2_YewjXw1bWhNkaUx1Elsdj-6I6XPNQRxPmeJLrZhdzUGxJz70xUYpBOj_G3YCYt72vacrP2LM3PiTTD3tLIb9HXaVwkgblZ54S1sjNuHFpTMVDnXKcYnetuBfr6zxks",""
"psihiatricna bolnisnica vojnik|zdravstveni tehnik, srednja medicinska sestra v negovalni enoti v bolnišnični dejavnosti - pripravnik - m/ž|celje, savinja","ZDRAVSTVENI TEHNIK, SREDNJA MEDICINSKA SESTRA V NEGOVALNI ENOTI V BOLNIŠNIČNI DEJAVNOSTI - PRIPRAVNIK - M/Ž","PSIHIATRICNA BOLNISNICA VOJNIK","Celje, Savinja","Mon, 25 May 2026 06:53:04 GMT","https://jobviewtrack.com/v2/32k-n0J33EYz00wq3mYomNGhI-1hMFraDmnPQDYEzxQNrWF5Ybiz0Sl4n9h_t-7NQzJenxOYyawOf1fsT6ToObGrPmvcZP8jrKE3s-Cvt1TJeN-fWgeeUVo0d9iaUGMldnZVNrrDFJMDEDqzImNsZ63XuaHAaqHexgYA35pePi5XTdW0snQi0c_9yppc3Sz9H8B3IDMoBYxF9DHjgDj44Jl4Gs-lYp7gtGAt-HiVBKk",""
"diagnosticni center bled d.o.o.|snažilka / snažilec (m/ž)|slovenia","Snažilka / snažilec (m/ž)","Diagnosticni center Bled d.o.o.","Slovenia","Mon, 25 May 2026 06:49:35 GMT","https://jobviewtrack.com/v2/ezNUl6sJbw2aybi7pD1OpE0agYJ2-6eO7VvmJ3U3NTI2ekE45tkD92c6OVaVIeC_H5yONj0g3FTvWkBG-_JfiM-Bi4T6T_GR_DQYLcYY6g-KD1Y_5PwBJo7MU5q86513ISeHwRffF_HJ594N2wOYNCjxjwSSTqAkYD0n4YFtzQFTHfjCK4u1CsUFCz9KxUUk-R-jxhmVRkQUfNNgr_cFw_zFYYiv-VUbAZFsVOeePTY",""
"inzenirska zbornica slovenije|svetovalec za pravne osebe|ljubljana, central slovenia","Svetovalec za pravne osebe","Inzenirska zbornica Slovenije","Ljubljana, Central Slovenia","Mon, 25 May 2026 06:46:01 GMT","https://jobviewtrack.com/v2/iWgMIFAEWPoF-SBRhnKsLl4LwaaP-4mI4x0oYhsI8kHmiDyVYYNrRVP4uOc0KQOqVK7DgwX2VXAFjH7zhNRz2A2yTBXUcWObezBysY3MzwHnXLZDLUJU3H_PhSnQAHHpTpqcyslrnnOI1pIxRmG73rQUIP9aibstdWCFNc40wqAidHR7D5p1bJAO0cKz7KRvDITIoa0iU5_oLoE2fuI_uwE_fNocw4SltyPg-G1XsRA",""
"splosna bolnisnica jesenice|zdravnik specialist z opravljeno temeljno specializacijo iz nevrologije (m/ž)|jesenice, upper carniola","Zdravnik specialist z opravljeno temeljno specializacijo iz nevrologije (m/ž)","Splosna bolnisnica Jesenice","Jesenice, Upper Carniola","Mon, 25 May 2026 06:37:45 GMT","https://jobviewtrack.com/v2/6jhw8uwhft0PACLiyiDvy9C71j0NwAJOPk7DmGg0bzRdrQNNM0CgYjySj9PA_2e9UX1Or89JtsURwHrQJ92gwKXSUlzp-JxxjysvliOoGMMBJhpD1Y6hLoaNefLfk1zvnO9sGmdeaTcxbmRVSP5hSandh4mnFiWzDdfzbcIjEb_MoTPxdkwDT0wHNqgz0VX4QChqhG1OtL14nzWHOTdj4g_pWQApYTbaIOgbc7PcvFc",""
"savoy, varovanje, d.o.o.|varnostnik - m/ž|kranj, upper carniola","VARNOSTNIK - M/Ž","SAVOY, varovanje, d.o.o.","Kranj, Upper Carniola","Mon, 25 May 2026 06:33:10 GMT","https://jobviewtrack.com/v2/GQmXX3Zt5oxCD2qU_l6_1-XktziSI06b-6pYOTuK89WGwTffp-_SzWrjeuaSPOxCVxEfiW4noIIRWylW2qS9_JR1KYapIP0MpMroKpm4g-BsgFCmwPt6_gym6aECI0Yg5rqoSi9ZeKfrxe0sWri6okF-DP7GTVbOcQCp9jNp4hF-EIouKl6ixf5EE9hpwiaaue0kK8fAg3IuQHznY4lnZb8hlCqUu0FdUnJ0RsHRRnM",""
"|carinski deklarant - m/ž|ljubljana, central slovenia","CARINSKI DEKLARANT - M/Ž","","Ljubljana, Central Slovenia","Mon, 25 May 2026 06:14:08 GMT","https://jobviewtrack.com/v2/duxZ42oStrLTb9y7jViERNCHSjoEAdydTsQVrwgFYBdP7pbW56LBUHxDiOXPbx6s61xLWC4BF3l7hklgWjxp996ETbogvJWhAhcs7jrE_KpktUHiYyONFKszIlXBpWItME2068bzaQeaqT4OklARiK4zYW_x0sCiM7EoghcA--F-BXWrsrHnqdqKOEMvdCzUTLEK54Y1cAxwQViWTbmZ3KYeMsTi9NROGVG_bhTFWoU",""
"osnovna sola koprivnica|računalnikar organizator inormacijskih dejavnosti (roid) - m/ž|krško, lower sava","RAČUNALNIKAR ORGANIZATOR INORMACIJSKIH DEJAVNOSTI (ROID) - M/Ž","OSNOVNA SOLA KOPRIVNICA","Krško, Lower Sava","Mon, 25 May 2026 06:13:57 GMT","https://jobviewtrack.com/v2/GZWZPAp5r07YY_WlCZLSgA1JTsQWIvwu5io68MzGRjCflZWdfix22VOD-4Y9d1oosGJVVsWE3LH6igEiylc_XZ7xA6N28qcmFgKUHkLYsgjzNaIDiFsLVly9Zj_pSUkhl46wwCbRbXleEbkOETQJ8kJYclF-lM4L4wmhLN2iLRk4Df1YpqtMZ_NOKMZk4_ZCwShFVf7rI_8qaYI0FR7yYlcJIamWtSVdhJPTReWSN2E",""
"dom starejsih obcanov krsko|srednja medicinska sestra/zdravstveni tehnik - m/ž|krško, lower sava","SREDNJA MEDICINSKA SESTRA/ZDRAVSTVENI TEHNIK - M/Ž","DOM STAREJSIH OBCANOV KRSKO","Krško, Lower Sava","Mon, 25 May 2026 06:09:06 GMT","https://jobviewtrack.com/v2/LYbXinKpU1bexpikoT6TyD_bnT1GovU_G44VW4oZWB78YQ7qX3RGeQk_8gyTnuClznMb7K5vvHHD85gURl_Etv_LVzvmZD52NUrYmFe1KMWAxACe3UOrY8uxbkpR3xttHTOf7T8xrIz_U9CevLRcRld0NxbTEnAtZnPrgBrz3cnaTFAUe7yIDgHL7CQcvFffD_tU3yZT1sbSAwhj9hUPW0R7X9H6KPMWqb6w2XFN5YU",""
"kariera|računovodja m/ž/d|savinja","Računovodja m/ž/d","Kariera","Savinja","Mon, 25 May 2026 05:57:44 GMT","https://jobviewtrack.com/v2/fikPDDzzXzLcn6SFfeuPxbSxnXS4p0RalODOvFJpicEqehO7jVhCd0DG6TQ1EDZv-LVCgkiSEmTYk2nzFVC-nLfNAZzqATvDEvVEB99_mfZTq6wPPLjKvvIW4SJvzw5Cajqmj7zL6AUnf4MXoD68LAEeZ7YKDVR6kX4YGHDMdMAUj8P0vyzq3j7r_FzcjWxjjTNcmNjQq5DI1j-PQ5Gc7Z5vl0T6n4T5FU47Qm1bTCk",""
"|natakar - m/ž|ljubljana, central slovenia","NATAKAR - M/Ž","","Ljubljana, Central Slovenia","Mon, 25 May 2026 05:54:04 GMT","https://jobviewtrack.com/v2/-O56AOMClbWjJsdA6l549ZPh0POv613NQsF4w0-DKAgwf9qqypystFwK0xqzOCjFhbCpaZ2-2sfNZFn1auPSxoqmOsnVE4BRPfDBPk1uOCITZMq_WKj2SKJk2Qi6vVFL8HRSu3qy0_aAMlfh1ZXBDvGrhS5i3uyWUulcQYzUFvR3QLcCoNYpcQFqewifE6kMGNxklnqlnQkd7CBD61a8FX5PPjlo-8jN5JC01-96nWI",""
"gimnazija jurija vege idrija|učitelj geografije in zgodovine - m/ž|idrija, gorizia","UČITELJ GEOGRAFIJE IN ZGODOVINE - M/Ž","GIMNAZIJA JURIJA VEGE IDRIJA","Idrija, Gorizia","Mon, 25 May 2026 05:53:31 GMT","https://jobviewtrack.com/v2/D4ULxYqPPXcloix735xtXOOVsqYkN-UGvyluhZ3p1yOTfHOQOiAKErChZ4TaPoflyRw1b3r6-pc2N_FYd9V2mkqbaMeD8iBsMe3vy0MfeXVSJMfaip45zq1my-QFnwZiS8yCr3rqAKGLQRkHzK9sbPTP3uj4-N1oZCI6pfhw_PzYoBWDeQU_uiLSz7dKVFFDoo5FpvUznp8NW98zXTcxu45aP-KvF1zXTpHdS4heWN0",""
"zdravstveni dom ljubljana|e018019 zdravnik specialist ppd1 (paradontolog) - m/ž|ljubljana, central slovenia","E018019 Zdravnik specialist PPD1 (paradontolog) - m/ž","Zdravstveni dom Ljubljana","Ljubljana, Central Slovenia","Mon, 25 May 2026 05:35:24 GMT","https://jobviewtrack.com/v2/KnWPGqWLhfAOIponAhZ1pDPeMezw6j9rQRwuQJ6uJ7IEgLw5oAiFMFHXsqbK7C-xFLwf2LXr6dnBfH3jd_g_P0m3VjF6LK81randR7j7XNhVhdAWpy7UmjC5IWCTbn5AY39QLoA98Fy-umrHMndPc1DMJ1xmpddb5kwLsY-CGlxj_Cr3QhsZNQ9urmze0cy-jcskitHMgdYRNEbwQJNYRGJ2gJ_Ze3NXsLYZSKdEOSY",""
"solski center slovenske konjice - zrece|učitelj praktičnega pouka - m/ž|slovenske konjice, savinja","UČITELJ PRAKTIČNEGA POUKA - M/Ž","SOLSKI CENTER SLOVENSKE KONJICE - ZRECE","Slovenske Konjice, Savinja","Mon, 25 May 2026 05:34:45 GMT","https://jobviewtrack.com/v2/ZI0qj0Nc2mFzC3r27WGweWgqnUwJooDsP78A4gggGQ4agWjppVzrQ3w-c_Jd_C2aRxNzQbo79BPqKXwEt9z71OJA1IeZZZRVta3D76ANoQmQHPM-IUH_p267mjTXWh_6GlIuzAzLJUY11ybbhDaqby-v-2HaAN4cZHlMGYt3HgexK8H_0h1CaRpkwgPhJKsY8DaDHxT3-93NRWoRh2tCpC-EmZGXS1xEVBR7pOBxFRI",""
"kariera|vzdrževalec merilno regulacijske tehnike - avtomatik m/ž/d|central slovenia","Vzdrževalec merilno regulacijske tehnike - avtomatik m/ž/d","Kariera","Central Slovenia","Mon, 25 May 2026 05:30:06 GMT","https://jobviewtrack.com/v2/MfmsMuEcdb_vUKu-eCdjAaia66F1ng1n72FptzfcO4bXaaW6tLE4agAHd5mRUwEx3dDbyqrkTReMKLuzTYZzW4bELRCcfMvrDn4NMBU5EBy2x6XgFRR0t6M-lR9FJj-GQ0izZcnFnM2f0pOgLcsjW7DR-durNzGuDnT2Q38eQydQYgfEU6-xg9uwWrUZroIiCEfgbYd4BZ-wE13-SJIyfHGh4Fv4KM0Kbc-kxPAzaF0",""
"veterinarski center plevnik d.o.o.|veterinar - m/ž|logatec, central slovenia","VETERINAR - M/Ž","Veterinarski Center Plevnik d.o.o.","Logatec, Central Slovenia","Mon, 25 May 2026 05:27:26 GMT","https://jobviewtrack.com/v2/Xzs7fhE-V96u8ZHr9bn_DkkAV4g2awZg66thSfK9rWq2m3FjnyFrSTVj0mjrlflN0MBOTjtn6lu6Rc3DONvPa2C9Re8XKFGuyzziwkl4hWfUQiaWe5dnHz1PFyP195CjEerkFgQdkZewPc4CnKisvkjgVKgoqEEGmCLSbx9fT9uejWHPRpWOHQt_xpuRy1YrTFqORZAvSukXfTEJ_Ey7-t1Fp0Sq2q8H5oKX_IRZhDs",""
"telemach|sistemski administrator video storitev (ž/m/d)|ljubljana, central slovenia","Sistemski administrator video storitev (ž/m/d)","Telemach","Ljubljana, Central Slovenia","Mon, 25 May 2026 05:26:57 GMT","https://jobviewtrack.com/v2/x2GVuyRXmWQRpmUYt2Fhf3Ra2ehcSry4zq_ffpZXPYO9SBPsSiP-Vr8GUHNXzpVgVlBXAAyCtNyU5_jFVq6Xyato8FBOKgk6ZSU69pSlKQct7-82xy6JOxOXM6yh5mv9cQ9X49qj7Z58G2zZlVoZ9Km0mT_G9yISRRZcuxWkmo_m20aXO3atL2g5RrfuxDt2_1SPlRaD8QS1UfEg9Kw0_kakZZmZ7_c406gZ0Mplvfc",""
"dom starejsih obcanov krsko|bolničar/ka - negovalec/ka - m/ž|krško, lower sava","BOLNIČAR/KA - NEGOVALEC/KA - M/Ž","DOM STAREJSIH OBCANOV KRSKO","Krško, Lower Sava","Mon, 25 May 2026 05:22:30 GMT","https://jobviewtrack.com/v2/yH4PSzijAwmrXp_Ysw1bHyNfpwoy1GQGYRY3T9eRynGEHAJPXqrOiGmsQo-QL5a8TCM5qbAY__M1t76ZByymFV-KBqXUrjtZcIaQerriciAWyhxtfY7Ld4ETlk0hDSPqMWLP4ff9VGtzX0su6zUDmjmj5gKEpeYC-q5QGGLULixp3LvN9W96J0AJXfAhGgi4ZIUPcB-hOH8c81wpeG6JcL58z_DmmwG15usxIkTPIIg",""
"savoy, varovanje, d.o.o.|varnostnik - m/ž|domžale, central slovenia","VARNOSTNIK - M/Ž","SAVOY, varovanje, d.o.o.","Domžale, Central Slovenia","Mon, 25 May 2026 05:14:17 GMT","https://jobviewtrack.com/v2/eB54ayZ_M0Otyw0CV6qhQq_o_X3e3b3YPHc-CUyyw2xcO__21Jk80a57S3ajLkVXP51QXLdMHbn3GDPSSXE99EoNnqcCdaVnmLGfTvsAzRGqDuBdY0W5gqEyY64ljvw7atB2LOWWG4aAxQn44t0kRRo2FLFiBpYf-h0rxrRQ9Tcuzvc8UFd1QDdsVqBQcJjb8g5ByVgPPBOWFqFNfFuWrqtwPUzsHVQu3KUDdHX-qQE",""
"agencija agado|vodja odpreme v skladišču (m/ž) - ljubljana|ljubljana, central slovenia","Vodja odpreme v skladišču (m/ž) - Ljubljana","Agencija Agado","Ljubljana, Central Slovenia","Mon, 25 May 2026 05:01:38 GMT","https://jobviewtrack.com/v2/FrgFGKkrNlKGcpGOX0DzahplEvaIcY_X1M4eM58tHdRRivw61MXm7AV5YIr6J7nD9y5DqA9FC2xV0asjMic-zUFpgjtOgEWgDM3ZCmazvThULjKJ-1v4TWeZNCKp-Zb2KSaqhdZrkohEl2xokMhpepY0-245wGtbIlyr3jvKm-e8h8g64XWEiMltX-Ep9pkFa49xpsjx7hlbF9NR0bq4r7rHfq6_XvClRM6YD2SQ92k",""
"|vodja prostovoljstva - m/ž|ljubljana, central slovenia","VODJA PROSTOVOLJSTVA - M/Ž","","Ljubljana, Central Slovenia","Mon, 25 May 2026 04:44:49 GMT","https://jobviewtrack.com/v2/Yl8jB86LuDh82fWiUc5rBcrUP-pstYEXifRut2_FoOlv2-GyZklw6kfP5FMDZJEQCU7X969VX8j-oRpIX__g9VX-VS-AAxBJX-OmerezfAlVJY5kOyQkgde-rA41_kKIOjdOsNEooOiatQUOORRZx9STMXL-myW6NQEtRs8sTNmZwLPlrUmSJZaJDzBFVr0B05_zp_6kr9mDRiAllBXUX4XKJTj6cl7DPVL83hEHnvQ",""
"mjob|animator_ka|novo mesto, southeast slovenia","Animator_ka","Mjob","Novo mesto, Southeast Slovenia","Mon, 25 May 2026 04:39:30 GMT","https://jobviewtrack.com/v2/JlE74FcXWXTqpvWyFwZyaiZXGEontGe2hgsjTfRYPf1RkgktzAnm1CZDR_zqvgM0Mc9pVYea-4JTkFeyKlPbzrFTRRD2LaTE9dMUeQvTk3zZ_t2vk4kDZU_OL5k8rhjisD0pzfz__xVQa8Cr3ejud2DcKqLrGh0JgRDw8ZaEMakFbnIklKH4U82DquroDL7Qcgq0CFjof3u3IhHgDc-DsK2Q1W2PEtSAReimYg16atU",""
"aktiva čiščenje|čistilka sobarica m/ž - portorož|slovenia","Čistilka sobarica m/ž - Portorož","Aktiva Čiščenje","Slovenia","Mon, 25 May 2026 04:38:22 GMT","https://jobviewtrack.com/v2/VlzKr4LW7BBucg9BS2vMyD3twgdhbjjY0L0V1iRAHyvVXnUR59Fmlc_IURLoPdstg3yfc3UzY_5mqVLjGQHhrPJEUOwsjBh8r65RxBo4hPltQpfWx8f9lK97cRAm_c4lTzuGkTPcsMZRpIZlQ0Yea2s9-qkGbENf4cBDu1JxbVDHv1XhRiioDLl4cXhQIzq3nJ_aVw7XF_hk__igjdlfUQZ-iDUloSTG60C4ZlSYX7c",""
"|prodajni svetovalec 30h - m/ž|ljubljana, central slovenia","PRODAJNI SVETOVALEC 30H - M/Ž","","Ljubljana, Central Slovenia","Mon, 25 May 2026 04:28:18 GMT","https://jobviewtrack.com/v2/5FuV_kkuvMBUu_qGxEP4r5Lt6941H2C4_tafyPx3WayYCIDs-NeSHPjSMXztTaMNrbxJY-_L0n8IySwl0Q1ATPS8u3o_Uri01uBtXcniwXXWvIVUy_PfsdugHBCXVnyxyutEaIRg6kQrsLljNAa6fJ0Jb_PqmXg6vDTBXRjeqwgW-ayYIEs5hUrAz9fCGbfO3IOTIT0RdX7YEKBxTN0PhjJe29VvToBFx-UeemPiLIA",""
"metro trgovska druzba d.d.|komisionar (m/ž)|celje, savinja","Komisionar (m/ž)","Metro trgovska druzba d.d.","Celje, Savinja","Mon, 25 May 2026 04:26:38 GMT","https://jobviewtrack.com/v2/nTBGAS96y3cgpe60JyiXy24SKEY17V7yZT4pokqEoHf4c_YBfiF3RTxOuMmYxfU3YGmVsKag4MOXe_la4XJYqOlHi5pQPVZEWVRhgEW4pBNGzAtNVGkODUIsl_sIL7bW74kM0VaMUONMClFcO_W-nXra_p3U3YmJtUvZ7digEfsIDWFd8x9Ll2j6czdBzzsQoyPzFQXmvk5rKTgIc3m_t2FrZTlrM2lz6TV1zTM7b-Q",""
"erving, gradbenistvo in storitve d.o.o.|voznik (kiper) - m/ž|ljubljana, central slovenia","VOZNIK (KIPER) - M/Ž","ERVING, gradbenistvo in storitve d.o.o.","Ljubljana, Central Slovenia","Mon, 25 May 2026 04:26:36 GMT","https://jobviewtrack.com/v2/4VL1pImUF4VM2kogt1WIgADqM0IyrnoXwKAcXx-CUTGhDDrDaTMbgvhAm06X5X_Hc_BHMXzVl4qxTK_BQlHSGouwL1PhBGNeKOzJVy8TKv5z3ewTS9heriAk1futqYWCNLpP-bPfH7NRrrI2m1UG6O4XJqBju7SRjndQGPOp939aEhY3UJU--nGgaT_IBi8pRwcdNtvs6k_3nisn-pc-bYnCXKACeBqdpG_4-CX6e_I",""
"weiler abrasives|upravljalec stroja ii (m/ž)|maribor, drava","Upravljalec stroja II (m/ž)","Weiler Abrasives","Maribor, Drava","Mon, 25 May 2026 04:22:55 GMT","https://jobviewtrack.com/v2/gnUvhzhUIMbYXyTZuUpJTrXfZaSeDGvHa2HcfKoIl0NRm1dr4V7vQWhXAaH2eqeF7s8DJkFeQvXHg8dPKrUvMyL6Ubhw0ccMvF5msx8ZktuUklWD5bRg-4A0zlWkJYbhEaSNTw0uYbcWnBFLDVBhuBigomB8MglT8z5jkyzLlsRIdR1lDm2ruDSIZS6h4UaFkvfKF2ghv7xG52uEnQ0s-nbPo-V1kdewuiGuLW_mJOM",""
"varstveno delovni center nova gorica|animator - m/ž|nova gorica, gorizia","ANIMATOR - M/Ž","VARSTVENO DELOVNI CENTER NOVA GORICA","Nova Gorica, Gorizia","Mon, 25 May 2026 04:22:18 GMT","https://jobviewtrack.com/v2/sAQ5PUnpqANFid-7bYjm4ruQdFhGMh2IGwtNZ8k3dawUiPtsYfgKAknxUutqxVKa4FcELzhVhczOyuro_FlL2a-K3F7yUeQKbxEMXPcy79W1jM11VSvsfg3VHAmgqaUrwzaUs6bWdhll7OIr4Sh2t4PNCpSv9FErN0UZuIWHeRGV0DnoTe3NbKIYOdYhjZvFD-stkcYqQ60Mt0BDa1P8Ic8jo1q-edLlUZnl8WZeQ6o",""
"osnovna sola 8 talcev logatec|učitelj glasbene umetnosti - m/ž|logatec, central slovenia","UČITELJ GLASBENE UMETNOSTI - M/Ž","Osnovna sola 8 talcev Logatec","Logatec, Central Slovenia","Mon, 25 May 2026 04:17:33 GMT","https://jobviewtrack.com/v2/V4rzKnp4N9DZMEmdbbGmvbUXyVeHSVl4WkLAXdd6xrVMtPOSBbDhPfNxnd9fo0Zx_66Dz2oKnA4ZyN2F_3nFgBV6-ENgZ2pL2kOiflKcooQuyRafzNTTVDr5uvpV2x3SCUxpyrjy3SpQ902F8RL_2dSDXaYPCGM5QD3dFz_Um6AyOx9Z8aa_6Cv2AbQbdgpapU4aVEittVeuW8TCSXfSTCSq2Fp65FPR0oZ6RwXUaNM",""
"dom starejsih rakican|vodja iii (vodja finančno računovodske službe) - m/ž|murska sobota, mura","VODJA III (VODJA FINANČNO RAČUNOVODSKE SLUŽBE) - M/Ž","DOM STAREJSIH RAKICAN","Murska Sobota, Mura","Mon, 25 May 2026 04:08:59 GMT","https://jobviewtrack.com/v2/xXGzQoT64PG8j2HnKZ5ATfOF0wXq9INy9kGZ7tC9p6X_jPP3-xrKUUio5UZjm-j6dEtcYshDNfV7CZv9dD7NekOdR0-sBkURuMq0x52d2UaEAXsNtVT9EnUhIx3cgZnBxsPHTmJh_FbrIcSFCtLUjN4yXhA4fg2kGeYfOMCUg8NTh3sMgCzxyRbvFRFBsVwP2FKtgVD4av3cV3pd4U5chpDUYzpLX21WmdnNNNMhVzk",""
"lek|vodja izmene (d/ž/m)|ljubljana, central slovenia","Vodja izmene (d/ž/m)","Lek","Ljubljana, Central Slovenia","Mon, 25 May 2026 04:00:03 GMT","https://jobviewtrack.com/v2/2k2t87fS0SS_G4PgurlLNA4Brq9obrmab4GodQ1keVSRrJ-P1IUAarIVidZaIMCD2XaO8u0LRZ1-MYo8Neqxe014ojlvnLrHVl8wGzKqF2jWNLGiD7-LFX4aEdjKpF7QV7iRt-zmKnlFlzVnRT8RKqYaOeObw8mt7CHgTtmhtXnx0X2iA5PxI3k-4pe_pGNGPpptjOk8Ja8znYhD2UJ4kM-f4wSAPUeCpLFtUTMscac",""
"kariera|pomočnik razrezovalca v papirni industriji m/ž/d|central slovenia","Pomočnik razrezovalca v papirni industriji m/ž/d","Kariera","Central Slovenia","Mon, 25 May 2026 03:58:22 GMT","https://jobviewtrack.com/v2/r7pQZRcD7eBb8p-07FyDzBgGHPyUajMxO6DWBp92PLL0FD3IXPhTFwjAe2CP4T8CNdnkF9W_RW0WiGFVIRV8rnMjJNKqkBZLfOXO9v1ICswNuZUStY9buCiGZD8YCKxjnqKqp6ETe74FiWWqMMyDts5QWTuly8GZrGmtJSiOvldkiiYWsd_e90BqKoBFb-cuDETfpTgKNK_frbzVUXMo9G-lOIjlSCFwDqiG9GI_6lo",""
"|trgovski potnik dostavljalec - m/ž|celje, savinja","TRGOVSKI POTNIK DOSTAVLJALEC - M/Ž","","Celje, Savinja","Mon, 25 May 2026 03:52:40 GMT","https://jobviewtrack.com/v2/2a6JoA7G1AzQUQva51wnSNotPjueArwRGSAsEV8p0ou85yLU64BbU0871goSgQQiLRo7Lk1JqEzjy5GKxRc1G-JXfcpKlquzi9mEMyt1RPzcnD3KykhZ8L2haBUYnmHw1-2kMrOhdpJrpHjFkKii2PIHJPwkDUNsTZdl7vL9SbXgq_P_-SEzpvix9DlF867vdsOQ1tDoabJQCW2LPdoUdDyU8LUh94Zd3CbQznxYZdc",""
"|osebni/a asistent/ka - m/ž|ljubljana, central slovenia","OSEBNI/A ASISTENT/KA - M/Ž","","Ljubljana, Central Slovenia","Mon, 25 May 2026 03:45:29 GMT","https://jobviewtrack.com/v2/tQXOsh8TxHkGcCGOPhKo_ogqJdoTu33_RU3wfZGpfF84S9ZiTU5iV6_N0YTCI5fLhsnZqtdDmX_5nLkUM0AFHfICaFf3gKk_u8b-R7go8DRjeQG0b0s_jm5v7uuMeq33uhihAbcgJX6Z_AG-dMbttbXqolRyetVFS8PPX8T2AY5OTFQ462TIbO4qQixnbTDyM302VKApCI6isPtciEn9TN-t7prGt_XaiplAjYXqrzk",""
"glasbena šola grosuplje|učitelj/-ica tube - m/ž|grosuplje, central slovenia","UČITELJ/-ICA TUBE - M/Ž","Glasbena Šola Grosuplje","Grosuplje, Central Slovenia","Mon, 25 May 2026 03:40:20 GMT","https://jobviewtrack.com/v2/8Nvedk0PKWNM526cfna2apoMV2pe2g72waI5ZiebaqEDkvt6C0OpSj3RNaZQU3RZsTYTqeq5VV03Gdyx37SSiXBnJtq1PwLp-7M-CIdshWBim1ZCE94AAAjb3dD-W_ARHZpLoYPzTReP83jT5txL4iAi4rO7cVpjDHZRDb8Iyd4TD6X1JoVTa4mIXBGu0ao1G5zJS_jsCgfz1Y5xAQkSUOYSSCQJWLqdPbSWgtbOktI",""
"erving, gradbenistvo in storitve d.o.o.|strojnik tgm - m/ž|ljubljana, central slovenia","STROJNIK TGM - M/Ž","ERVING, gradbenistvo in storitve d.o.o.","Ljubljana, Central Slovenia","Mon, 25 May 2026 03:18:09 GMT","https://jobviewtrack.com/v2/Icj4JAt3TJhgHRpI7hM4VXyUKCrjwoSOrleH4cl112xEdOFPWj-tFhYcwOmG4NLTueaz435O3c_hDKq-6YURb6_0hIR6zg3mSHxsUG6caePUqx-M6zb7JpXR3rf3uep96e9FPszeOH_1H5LBIlPMKx2kqi9AXodNPxY5KdkkV1xq3fRU9-cRoqsbp4Ssa2euSzVkPxpiryjSn3rWRlbD73hrdiDo7XvDELl5J8JxUIE",""
"zdravstveni dom celje|zobozdravnik brez specializacije z licenco ppd3 - m/ž|celje, savinja","ZOBOZDRAVNIK BREZ SPECIALIZACIJE Z LICENCO PPD3 - M/Ž","Zdravstveni Dom Celje","Celje, Savinja","Mon, 25 May 2026 03:17:07 GMT","https://jobviewtrack.com/v2/aWDT5Gts1j8fbKzYeB5vxk0n91R4Fy6z-Dat0NWobSFyn39YUP32B6L2QrOu8-o_u3AX7yfj-VMtmAaSLVUeo_Zp77PWcrtZdKdSgWskH8ha2bgKOjeXtu2-TfQOtHFQliM7lIK-URY1nEibAxOC5Ww0WWiEO4c1IJy-X6uDQZMK4YfuA8tZYo_dw23fOPkzdgE8-z_PfciYYHYI1KBRJO7whjxnw_Rb4ThpP0D0uWU",""
"center za socialno delo ljubljana|strokovni delavec na csd iv - služba zupjs - m/ž|ljubljana, central slovenia","STROKOVNI DELAVEC NA CSD IV - SLUŽBA ZUPJS - M/Ž","Center za socialno delo Ljubljana","Ljubljana, Central Slovenia","Mon, 25 May 2026 03:07:08 GMT","https://jobviewtrack.com/v2/jDfrQbRRdeCxAp51wbvpHOrbTizstWPnql-kufdwxsszc7BnmQ6caCcO38xuyYjA9J9qIEovQCauT3mmdRgMFoynEu1gm_GstlEIIAvS4gMGaydSQCNV3LhoKmTEbkvr07ijBzRZYCuF7jaBPwznT6n6wSybFd_GWQM_QHgrPiYbiWYjrpY9uSC88_15UjKQmWkPSGJE4yVYSrN35wKR3D7XpCKXYrZUZxY_4iOQAe8",""
"|vodja področja dolgotrajne oskrbe, pomoči na domu in socialnih programov - m/ž|kočevje, southeast slovenia","VODJA PODROČJA DOLGOTRAJNE OSKRBE, POMOČI NA DOMU IN SOCIALNIH PROGRAMOV - M/Ž","","Kočevje, Southeast Slovenia","Mon, 25 May 2026 03:04:16 GMT","https://jobviewtrack.com/v2/CVy1PaoylHrIEEKuHeCCNFap9kDddRGXVZmAErS9mSL2fPB2Szaha4VICdYpc2z3A_MfLu9DON5ZNh2pHta_IeAOtKpHvsgUS1NGgYbizF3VObql74KFuStf-oi_lGCZXIb9qomg-AQAcyAOyCrTeK7aUKwKQ1q6Ahx9N_xynDsKHXS7-5CJDu2wKgcOLrqIq0ohhn58q0j_Ug2E6T2OsdvujWkaPQBTZ2TE7UiVzao",""
"armas, proizvodnja in trgovina d.o.o.|strugar - m/ž|ravne na koroškem, carinthia","STRUGAR - M/Ž","ARMAS, proizvodnja in trgovina d.o.o.","Ravne na Koroškem, Carinthia","Mon, 25 May 2026 02:55:54 GMT","https://jobviewtrack.com/v2/AH_w7929wSLH4MARNdzZdP-jxrMb7uDIyEowhFzmT6M70Jzm3qPV4HPRTdmJNuRK47cX0iiPwd-mo3wKAa1egXrKM26AHawHs_L1CSoNYDDRlwjARwQINeRV2d3P9Tkb8eCb5DaJZFd-0MKWbRZSYbRqHCdSUsa-8Uz3AeelPXF_oc6wAdLqQAJNckobvhcSL53FQw3lptz0Tc8j3P-zkQimdNOb42Qcuns7aJTJpJ0",""
"|varuh - negovalec v - m/ž|ljubljana, central slovenia","VARUH - NEGOVALEC V - M/Ž","","Ljubljana, Central Slovenia","Mon, 25 May 2026 02:48:15 GMT","https://jobviewtrack.com/v2/z3l_1MrGPJbS66HMLh7j2pmBEp0fRE_xsjwvG2MNcmMRprvhJqTuWkzL0Sk80fiwu75Q18ynOeESYIHvkeBhSJO5XxlmWw_0JEJ5YEqN8WGit-rWDS5D-Q9amFqCVYLbreP4kOZwuvWRvdEN2AGe-l6H1geWqnQTSBby2UT4DNkXEAvEJY5AL6tQdhox8IwEzmORpq4pwUcd4ZUYuYHfrejcx25qD80UR8CY4PeNqFo",""
"vrtec domzale|čistilka ii - m/ž|domžale, central slovenia","ČISTILKA II - M/Ž","VRTEC DOMZALE","Domžale, Central Slovenia","Mon, 25 May 2026 02:37:48 GMT","https://jobviewtrack.com/v2/VDS7XhYqzqLUnoDPyAS4KGZbHuNiMLGJNdbyLvIO69PzHTbkn3UXlS8OJwllWAA1Z0JavJMZbFf0WiHoSnOCgah1_PW11C7yDJah3a-21dZ6Q90LFyG_32bN6QvMZZbCqKlIMQ8wiUFStAGYFA0ZGmC8oNw_nCj4fy0j4KAfa2ktGyMZl20rwjP4FYC3jCANHUp6a4-t5xuwAfGgzZFeKupGC36grfc3lIBeGP6S8xw",""
"steklarstvo lovercic d.o.o.|monter - m/ž|ajdovščina, gorizia","MONTER - M/Ž","STEKLARSTVO LOVERCIC d.o.o.","Ajdovščina, Gorizia","Mon, 25 May 2026 02:29:16 GMT","https://jobviewtrack.com/v2/KDL0pr1ONE8uy26zl9BzvVNaHxqb_zeRVTM4JD1wkLWHJi2ZTeyXEOL-k5-J0B10skKtMucQUf8xwinDvjsXnKKjOZSqp47PYNuAlwOTMyWpXr7XLopz-bu-4lPpSwRTNyxUIzFrXuoWLP_SBZxDJL99oUHEVt8dOqZfISBJi3H20JNhTmbwAmY5AJo745P4438tMSIU8wMq6uAU3A9PqCrORZ4xpQJaIaNsxrv49ts",""
"center za socialno delo ljubljana|strokovni delavec na csd iv -pripravnik- služba zupjs - m/ž|ljubljana, central slovenia","STROKOVNI DELAVEC NA CSD IV -PRIPRAVNIK- SLUŽBA ZUPJS - M/Ž","Center za socialno delo Ljubljana","Ljubljana, Central Slovenia","Mon, 25 May 2026 02:15:16 GMT","https://jobviewtrack.com/v2/onhWi4EZW6fVU5Qhc-cRP9jG_74O7wPKxWEmFR6ozNytZDV6_vorWf7d9tjC5YrendIkJkmVL4eq2AhZU-PwITX7Zbs5djwWcyqA0KlpKMxKweGNnh4GHU4Nq8-Qt9CUdvpHEQvKz717dZZICyXixvj22GuQOEDKHhCEb5AiIBh7hSJCkP_btxs7xd-m8-A97M0KiUc59jIzY77brTm_rk_ZvlYFVvpMHdlTSa9SZeM",""
"osnovna sola koprivnica|učitelj kemije in naravoslovja - m/ž|krško, lower sava","UČITELJ KEMIJE IN NARAVOSLOVJA - M/Ž","OSNOVNA SOLA KOPRIVNICA","Krško, Lower Sava","Mon, 25 May 2026 02:12:19 GMT","https://jobviewtrack.com/v2/dozN86yh-hLZHHXsaMvBxPBU-7J2QYl_qMAXFpdnUMxyG8Bb0A-jjnsq5RyDCKqSAQRUAobIe1nN_0DLWLRE50lnAWRtAck5pgJ-5-Uj7fc9rvsst3PijLQTI3SNZdasQKPq-2DelWrx1tgXDioorXiUKy8pLHPAfHH0EMclXltVxXpD_3Va9rUZjm-rYTcaakc538s6kOJExGvxsGFqWOCKchfVvTLrLTRw-UYtqGc",""
"|čistilka - m/ž|ljubljana, central slovenia","ČISTILKA - M/Ž","","Ljubljana, Central Slovenia","Mon, 25 May 2026 02:06:27 GMT","https://jobviewtrack.com/v2/Kag0We-1SZSZ_tNKSufH1Qude-VQ4S74kaqBnB7ic-DB9gevj6hmyCJPtnzo17VqpZI3xDFYT5Ql7XyyV-q5YEBeT3vGaPESz_kveKGrnozrWLP7OM0ze1sraZyWhwlV0qoSU87AaktMYNYLn6YToPYTfzVfmffsYMwGH6yX1Pp4-O1Vk8bkvgAf7wRyFnEZib4NmqDloeg4AdrGqREbNTCL7jRY_7uELJuB12YNODc",""
"savoy, varovanje, d.o.o.|varnostnik - m/ž|grosuplje, central slovenia","VARNOSTNIK - M/Ž","SAVOY, varovanje, d.o.o.","Grosuplje, Central Slovenia","Mon, 25 May 2026 01:41:21 GMT","https://jobviewtrack.com/v2/HNoszGdLofx7khfrKbqlysYLEju6izdozI5q2yH_Bjk-Yr-9XfkLcyucvyKa9Yud-JNpmMVdmSiQ513YQmiHrtqQ7HsPZLcEuzyCpiftScl1DkCd20kPzRwRWzinq1ZrDw3dRHCoHVaqvva_z2J2hpS8ha8lbH9tip72k2mOe34NPNBlT1t5xT_vKHIbH8MDAv3CfBuIfbKgqclp4Ng-9Se4sAsqZbdbtSXwVpbpZ8s",""
"tovarna olja gea|vodja rafiniranih olj - m/ž|slovenska bistrica, drava","VODJA RAFINIRANIH OLJ - M/Ž","Tovarna Olja Gea","Slovenska Bistrica, Drava","Mon, 25 May 2026 01:37:29 GMT","https://jobviewtrack.com/v2/py3Apx9bgjNx09oCflWZCD1t5pX9aad84Z8GQPTOH3wpARU_Dey0b7Hum5bKGulKivWgyqCF_SbKjG4J3lJxjvs1JWXXGjev39HlnoOWW8AZK2hrNp3iaIc5ToPNAkWRN3RxLkQPPIuSyIUG5LA-O0yNc0xW2AThCr0s0QyMqoo3VXs6Amf9lqEc-eQwNi-Zv-pvWbqxO-vp5Fqd81YxwRkcFqVOooL-wXTblEmGepM",""
"borzen, operater trga z elektriko, d. o. o.|samostojni pravnik - m/ž|ljubljana, central slovenia","SAMOSTOJNI PRAVNIK - M/Ž","BORZEN, operater trga z elektriko, d. o. o.","Ljubljana, Central Slovenia","Mon, 25 May 2026 01:33:15 GMT","https://jobviewtrack.com/v2/73NqXtJzJAjSCfsEuyMjapX0hfbxgaH6A0nKM0IGicjNnuHeOENB7z1fv3CtAOaMD64aa4A4VW7pgy1hb-miwgGqZpXEQ03E9spcH82mZq3nxjiJERLvrG45zK26FAOCAl0xs4NpBCVfxUw6_GMvzn3wGIk2P6fi7uVzGicwjZR5XyJJPj8acaG9z96xoIyU7ig50BdqV35VDRYxD4owNxe-Sre5hioHCNmH8dmhdvs",""
"borzen|samostojni pravnik (m/ž) v službi za pravne in kadrovske zadeve za dč|ljubljana, central slovenia","Samostojni pravnik (m/ž) v Službi za pravne in kadrovske zadeve za DČ","Borzen","Ljubljana, Central Slovenia","Mon, 25 May 2026 01:25:52 GMT","https://jobviewtrack.com/v2/9LFBJbUNLiMouP1pfy2ylQt9mIlL8XA1xqA0fHbsJz8aM_EvWi1mKvTqV-9k7Bre8iNT7KFQzXoMby-r_Zf3quzT20uYtkxDCRBXE0Rllxdu-kh2WI5XuGc3QalCA35-oy_Y7qU_hqDTCeu7bDWOxrTrm1Q_FyKv7-yA6yxH3SmrFfav-85bN5GTVqVpUwqe1Jsva5BDnKR99kH6NG5qPYaqK890Fm_PnwOlX5adMWs",""
"smart 7 d.o.o.|sodelavec v lokalu z burgerji|slovenia","Sodelavec v lokalu z burgerji","Smart 7 d.o.o.","Slovenia","Mon, 25 May 2026 01:18:53 GMT","https://jobviewtrack.com/v2/G1Lolmbj3CoRNsWlPQxDepK2lsJfreyMsjCQ3a6sILWGyAVM-9IixJbPLnEuU4GGmmvJeDIEYyZYR3dDweo-0euexDxvs-8MDltNu2nzyXu4R587ejHG_YTplaRWr_q7IvSrQa7vdIkTuOd5dfzY3q22yQWYxbnBAMuNDL63dQBJO75-rxWEWcToE3YTCK7zOOASIyNzh8J3IjzICxaiX0-IZ3SUQlB3KT1uymXdamg",""
"zdravstveni dom ljubljana|e047004 analitik v laboratorijski medicini iii - m/ž|ljubljana, central slovenia","E047004 Analitik v laboratorijski medicini III - m/ž","Zdravstveni dom Ljubljana","Ljubljana, Central Slovenia","Mon, 25 May 2026 01:16:56 GMT","https://jobviewtrack.com/v2/gwTxbQNIa5_I6U2R-KcflfU92q4fQjSuedqb2tZ3CJXRsmp2UBICMclR-vaOFFHZDcKnvsPl_3oNLZ1C4t6KJAhy9tQIcbeqHMUdH7-j_7Z2ghlNA0Qz-fpEeGffsOSxIxy8v48lS9Q-3rF7NPPZu2TcqA9MH-gKon76sIhnxT4wklcIEU7LUwhGZrBxKIpVLenbED7yUG12b4I6p6kAHCH5UktZCNv2jdOe2BKBzF8",""
"armas, proizvodnja in trgovina d.o.o.|strugar specialist (cnc strugar) - m/ž|ravne na koroškem, carinthia","STRUGAR SPECIALIST (CNC STRUGAR) - M/Ž","ARMAS, proizvodnja in trgovina d.o.o.","Ravne na Koroškem, Carinthia","Mon, 25 May 2026 00:46:12 GMT","https://jobviewtrack.com/v2/0U0DgiZu_WyOD8Lj3GEVOI3D4NatfNw9OhzD-u93pgVCR-qBCwZmTj4H2XwR0ZXFRez7P6ipiEWRb4mV0yEBoFOJ6pgbrAqCZ3ZGULT9Tc8AT8pQzcOsM9dqK9-YU9HYzG976zgafybMsrkpLxA_EnmgnjV6tHyunx8W1Jlkia7VsNqyPIETAtMzs06fLtEOZqXiKpVni4xtzQDGVrlMLCnV7TbaC_-t4lpOzjeS91A",""
"gimnazija bezigrad|svetovalni delavec - m/ž|ljubljana, central slovenia","SVETOVALNI DELAVEC - M/Ž","GIMNAZIJA BEZIGRAD","Ljubljana, Central Slovenia","Mon, 25 May 2026 00:45:52 GMT","https://jobviewtrack.com/v2/BrQj4d-PIttIwmKROvFsd50s0-U85hKKM--7jBr-ksc2T4kfw1_mOcKf-NsqSl4XNU39W1nmIIGe9D9RbkyDFXodaiC0uZ8f0WJ5Hh3txJpZKiv68a3m8PWK5jRyPsZBxe4sXZF3PgLRWrKITkeczroq6349ijXV3vvbhKvx9ysOKK4wH9y9rAk1SEzOJ4ObAWq3sM1JwuLtSNZtoqa1LzKmjt_pAROcoM13FBtwHR8",""
"ikea|zaposleni na oddelku ikea food (primarno za logistične naloge)|ljubljana, central slovenia","Zaposleni na oddelku IKEA Food (primarno za logistične naloge)","IKEA","Ljubljana, Central Slovenia","Mon, 25 May 2026 00:44:43 GMT","https://jobviewtrack.com/v2/wt302X3hLbKEEj7ta6592ePVjNotvNuIQMhfOCzeRdW98ya59D_BJoXiCPJnqeWEWcLvXIZlZfyDMgHxJ5Rbq8IpZr8exKj-eWIqK4n3yytyfA_R2sGEe1d7-BRgVm2BGgi3wwmfKeNG7JtsR8gFZCSccD7-U54k5kLiTDM5e6w0W7Qadg5_9CC8H4TFck_y1Cao7WxQ8BQMVdkZsgnMPzfx2OhVt6fb4w1CgdOWPtQ",""
"|čistilka - m/ž|kamnik, central slovenia","ČISTILKA - M/Ž","","Kamnik, Central Slovenia","Mon, 25 May 2026 00:42:24 GMT","https://jobviewtrack.com/v2/5WZtG0EQOXpGaCBFm9ot6x-I1tAmEkkrB8PzFmVF2e9DeS4sIT9sF4D3D9l83XXL5RuwEvCJDT6HQdy1-11dQ2oWutKnJNA7hIgMzq1b_GiIctu4LIZYCQmhD6rqv2BI4mPm2girzEIUfhEV_om3lhdRbwIRrpo6DLkthCTi2smId4i5ksW_roxQ3oLHRTgVKIebLoQ2JPOQUv8Rt7PsUmaNsafrRIG1wRD0bEEILg4",""
"|administrator - m/ž|žalec, savinja","ADMINISTRATOR - M/Ž","","Žalec, Savinja","Mon, 25 May 2026 00:41:50 GMT","https://jobviewtrack.com/v2/tpIQtfIwMfOlNeOc_0xjyZhnevK0jDRFw3d461vCk9TfMjQY4_dqv336iGcvOrF1oUMDV3Ex3aJbBA85mD5iC9adq9rQLsjene3AWbVhCkW_Q4GV-TarCA37b4lQbxnPzyhyXKu3QuSp3YG0zAOhh_2vm6_y6N1KCeqsS7tn3RFDP62A_Hd9_pehZSnNV6wbUxVv6dFWxSGB-Za_V_i67rUSxLBo7hQ-F7qQamYP4Nc",""
"e.leclerc|referent za digitalne procese, kartico zvestobe in it podporo (m/ž)|ljubljana, central slovenia","Referent za digitalne procese, kartico zvestobe in IT podporo (m/ž)","E.Leclerc","Ljubljana, Central Slovenia","Mon, 25 May 2026 00:27:01 GMT","https://jobviewtrack.com/v2/pqy061dJil-a2DpJL7x-UJjWgWpx19gjk38zqLkbJLHkApIEPHgqia71kFtwEu34Z5QvgmD7ZY_felOtxb_pScN0MkHzSJuLeid6xMeJR1RE7qz5yf_URKeoA3ier0r0ERbZ4MubTaGCafc_eItxCuHaxqeTLGHu85yxjPTKiydmHgV5pm2f8Bj3lj9P-cFVDJFll9oX29yOE2r7NPjzoDl0bASBLasDWszIdj4sgOw",""
"dehkatrade cetin trgovina in zastopnistvo d.o.o.|vodja računovodstva - m/ž|ajdovščina, gorizia","VODJA RAČUNOVODSTVA - M/Ž","DEHKATRADE CETIN Trgovina in zastopnistvo d.o.o.","Ajdovščina, Gorizia","Mon, 25 May 2026 00:26:00 GMT","https://jobviewtrack.com/v2/8R6X_BZe7-RxKx_uxZLMKUcEYDQ8pkgxx10dPGe29gduUrpffFo1Ci6bWWum8MovGXxNQH0laRpOLVoelq43Gt08STsqjRIXWfcTU55Fj6Ap-tlL7mWH-GXq9Y-a2bcCy-xVbPlhC0z89xugeNFanGehGqnGGP8MXDwlvK8AngMhnV13Jtpnj5scVDKFgowdjY17Y1hnn8EhJIt3c22qKF5Sfy0F-Cl1y2-WqZ5nykQ",""
"savoy, varovanje, d.o.o.|varnostnik - m/ž|brežice, lower sava","VARNOSTNIK - M/Ž","SAVOY, varovanje, d.o.o.","Brežice, Lower Sava","Mon, 25 May 2026 00:07:20 GMT","https://jobviewtrack.com/v2/RI6x7-lj-_oKgzJPVjlMF9mSHNJILy3qqr9zRugqQjdbgQNXkfBqbkeB11bEj24FRvYvTGSzbnrDFdL5pkgqsQ9Hpp5jZxHxU4_nLXiipIDmrhgnxWLxy_9IKX53-sZ0GW3aYPEEw_Zag75EWIWqhiwv2z6S2P96MpJ3Ta9JwRuzoIxqKZSHrv_2tlk7xuWU8JCzixYXRHTF-rNhiBCZtsxi5bfuQdA7VrYYlGtjU1o",""
"rutar marketing|skladiščnik (m/ž), dipo kranj|kranj, upper carniola","Skladiščnik (m/ž), DIPO Kranj","Rutar Marketing","Kranj, Upper Carniola","Sun, 24 May 2026 23:57:31 GMT","https://jobviewtrack.com/v2/KUzOVSsK14YA3jAQL3zfgYyMU98QIfVyVCe_G6odQWy-Z1_TJcX4bKDRA3152dbmh8S2Tquw5yY2IN4r6PT8v0Gu36qWfM3Yuy1qsUEanhJ2s9PDx-JQoU5Qy2FXmjn336N7Tjg59JSeKd7Ra7N7VFW214PgVvkDGDcB8YPXL-SDiipKq4ywZxc_Kpo-Nj4Tgpo2313vT1iG7yVdIEHdcrkxbyTq5DsXOlt26gSpGvI",""
"|skladiščnik dostavljalec - m/ž|ljubljana, central slovenia","SKLADIŠČNIK DOSTAVLJALEC - M/Ž","","Ljubljana, Central Slovenia","Sun, 24 May 2026 23:52:34 GMT","https://jobviewtrack.com/v2/GHVA-906iVvGr-rLxW_aMWs58xLW21HbZalybE2_ITCq7yx92V-uRLWpg5y0KlIz90QsluPxI8wqqjK9ZFuBiO9YOR5YGFqiUgnyWGUdk1G0LpI5AQ7hcynKpb67St67lmj9_F_9hSE0VqYyLlR-4xzcUTu7YqeQ1zkUnw-t0yi75a62bnFxIznDngyTVDyWMbNufHUfw9GI_P5hFscs2W69uI2wqUyqkfOIMHt-pOU",""
"zdravstveni dom ljubljana|e037042 dipl. medicinska sestra v ambulanti - m/ž|ljubljana, central slovenia","E037042 Dipl. medicinska sestra v ambulanti - m/ž","Zdravstveni dom Ljubljana","Ljubljana, Central Slovenia","Sun, 24 May 2026 23:37:36 GMT","https://jobviewtrack.com/v2/JoH8wYXxn9MX_usl-Wd11mtIOkUdO5_D32pBqMnI0XYBr5exM76pIIYT359ENr-xQl6pSfGOK7xOqQdc_LqTOMITNafghfvkuV4kQsAqXSjXv7hrbPm2cgbC3ATF2yT_cEW8Rm4MyZNII8IqoRH-U_gDzSBM1Qg5Of2TEKRYcm7UfS7eAfF2ysALL5bJc2U12e9J5Dpfetbo_nd3lfRSA3RwrgALiF6HH11_9nWeYeM",""
"mont montaza, mehanska obdelava kovin, d.o.o.|poslovni sekretar / kadrovnik - m/ž|maribor, drava","POSLOVNI SEKRETAR / KADROVNIK - M/Ž","MONT MONTAZA, mehanska obdelava kovin, d.o.o.","Maribor, Drava","Sun, 24 May 2026 23:37:00 GMT","https://jobviewtrack.com/v2/pMJF4S3U_el3imjDRuFFH5MxwB5Vt8YGM5r1EojwKcjSIWYD7g0ca54AxLwE7LthXeHMHabIwNquXxhnUlx2G7VQodqXT4NIhwzLjATlVIkweJtseYr9ibIlp8EPscGVCZ7lov3x9rMoAuMd4r1r1egZVl1kUiL59Bn7BZyRkysM3P0gArMOo1XDPKIVPT-MdRD3Zfh-onHkHUTrNDZbSQpBL8Tsob-wyrp62x34e0Y",""
"aktiva čiščenje|čistilka upokojenka m/ž - sežana|sežana, coastal-karst","Čistilka upokojenka m/ž - Sežana","Aktiva Čiščenje","Sežana, Coastal-Karst","Sun, 24 May 2026 23:33:37 GMT","https://jobviewtrack.com/v2/4QWZDmVPBbLmo_aGS0gWout53_rasIDrMCLPyXxSxtcGf8Zp8IbHSVl8wWK2Giwc9ee9LOXhM7lTx2ZPNFIP4WeC6cyVdtLxU8DRdOIkepkaGfmtXmWZjDyISA3swkoBwCW7p9vYAc1a_1_V9Jy8NJ8ALZTXWuMrvde-AId8GHoskVp1yZPtoXCd7K8bULOtKgVdVPmEQKhlI1TpnVARd2uw2D50gn-xPzMwzbIRCak",""
"strip's|produktni vodja za lastne blagovne znamke (m/ž)|litija, central sava","Produktni vodja za lastne blagovne znamke (m/ž)","Strip's","Litija, Central Sava","Sun, 24 May 2026 23:24:44 GMT","https://jobviewtrack.com/v2/oWAU7153dyz_tubgV1soAk-Uo27HQEq1ITE78Dxsgq1CXHCrtB4rnaC6b6TynXVf_XbKWEQI41_zDuLrpXNQOHddkMftnHuTsUkYG9PiX4q1-VURcwXngJYnTyb7K3OePlf46nimN8cjetkjnz9nPH9igidl4_JFDXkOE6xeVgNp79zbBBaMG8VO6zVepGrBwXTF7sbQLUNRcYrJege2_nf7PTXpYFhbMcIQPFAJ2aE",""
"mjob|študentsko delo v skladišču proizvodnje zdravil|novo mesto, southeast slovenia","Študentsko delo v skladišču Proizvodnje zdravil","Mjob","Novo mesto, Southeast Slovenia","Sun, 24 May 2026 23:19:38 GMT","https://jobviewtrack.com/v2/ZLMqFlZ6NHIxsJNMnzXUFs4M1g-6O40H7NBkPqSdsVxTzpCkKkAppmGLrRYWgtUmOztBDRCQLVWu8EwW2-TyRBWRyKKtWdnuJsZzdqAnxbCIKFU_gJIXrZdSQXVzLe9HLtyK6dOcqLqZxAGvywvK4iW0a2l7zRYvc27-3TU-Vc8g7a1gaStVcG2yh6ciVwwGzeUmZ_2Gw6SnNABczek4N0utefnGpEFYM1rZK63mcGQ",""
"intesa sanpaolo|specialist za kartično poslovanje (m/ž) - ljubljana ali koper|slovenia","Specialist za kartično poslovanje (m/ž) - Ljubljana ali Koper","Intesa Sanpaolo","Slovenia","Sun, 24 May 2026 23:09:57 GMT","https://jobviewtrack.com/v2/QvwSoiXWvjFgSH1TFtsS0xPmauesqaAvk46Fr5CqOMhrP9_AfOZLotwJkc0YiobylJHUOOGUG_B8Da7FhbuNtU0UKR3sJJm8O_ETPnpGRGpICcsi0IlIAg86YfOzmwRLnBTlxTUIS2iU25JEBua9LRheaQC45JAJtqAQ7c5ZyXIr9ovdekKAuY9QhlNWJoIPK9qrAHiwTsizEj76AoygSdScs_-SvZ0HHkqzVjT7O-4",""
"komunala sezana d.d.|delavec za pokopališko-pogrebne dejavnosti - m/ž|sežana, coastal-karst","DELAVEC ZA POKOPALIŠKO-POGREBNE DEJAVNOSTI - M/Ž","KOMUNALA SEZANA d.d.","Sežana, Coastal-Karst","Sun, 24 May 2026 23:01:59 GMT","https://jobviewtrack.com/v2/-QtFu18Z__iZfPSiIrtt1urKlBY08koNlmCnCVOUakBzWMHn7J4QJjf-Sa9f9DMxF-tG_r-IxqGO5eornP2_wEhV3S_RVNGNmy-OdXl1_7-TbMifq8rC4AOl_rXOJ47Hb7rhYQV7HtG0LQBH0FTlKNhnEIt8RKSBWt8ydeXCJqLMUuUct9VvbrlxUBoP0_XYFN12FQH8K8YSXFWIoP2FqrXqMuqjlj0vzev4VN3M6tg",""
"lekarna ajdovščina|farmacevt ii - m/ž|ajdovščina, gorizia","FARMACEVT II - M/Ž","Lekarna Ajdovščina","Ajdovščina, Gorizia","Sun, 24 May 2026 22:59:40 GMT","https://jobviewtrack.com/v2/4xD-gVfB2u3DGXIW9PCiP6b4AsFhdJJfBrmDbma26rWEaHVnf56oR81nSL6bWldntvN5LkdjyOWl-PIsT6wDM_WHsfCkWSi-wIK05EJ9Z5Y6QBmg3ZkWRdq_zwgAleCHpR_QUq1UJsKcq4WXtpcSSn4OtFPqFeh6BmPQsPBZjpcwBWq536-IV8c_NWZC--LhAxnE-Y7X5bQpI77az3hpaVFexkpk1r4rC-Eke2HjaOI",""
"osnovna sola 8 talcev logatec|učitelj slovenščine - m/ž|logatec, central slovenia","UČITELJ SLOVENŠČINE - M/Ž","Osnovna sola 8 talcev Logatec","Logatec, Central Slovenia","Sun, 24 May 2026 22:58:22 GMT","https://jobviewtrack.com/v2/n-O8rLvs8UdQMSVlyYDUgwLmb-ytjGrlV54XJl1yxrNVr4IdH1o7rNe5oSth_NBNMXnz0G_-0ix_bF1do0kUYswSojJz7cs6wXFfjTv6k1RLdAlmgHetqelcamYYbq0iFT6DsmARk-6CvAIh6nmqGpd4mSvsZ2cXkKO7YZyTUhW6nyBt5rEJ6WYtIwbZMILf1q6QJRKL_XIvu5tZSLGij5KGjhYIsFiAOZiOZ8bjoSU",""
"kliminstal d.o.o.|vodilni monter za prezračevanje|grosuplje, central slovenia","Vodilni monter za prezračevanje","KLIMINSTAL d.o.o.","Grosuplje, Central Slovenia","Sun, 24 May 2026 22:54:35 GMT","https://jobviewtrack.com/v2/DJYtkGEm99kJqy9H7zGxxSvSbRgQ_K_tVcndlnOmvCxs3aZbCw-n51h0USjPnCvPbJx5IKAp7XWmVqfhb3CfEnPMmOObdrt8XAwFjgg6_Ol8Mt9jEURafR4QiXzd_nvCKRTkKOX0HPQgsret-nHyrgigsohL2NYnf_og3pocApka7GJswdhfXsjl7-yetLSQYDkSAL8odFCKMJDousgTdqdBRm8l_fuerEaHP3Us1t8",""
"europapier|servisni tehnik in prodajni zastopnik m/ž|ljubljana, central slovenia","Servisni tehnik in prodajni zastopnik m/ž","Europapier","Ljubljana, Central Slovenia","Sun, 24 May 2026 22:43:17 GMT","https://jobviewtrack.com/v2/c_4oImJNr1z41Z2iOBMQSssxIf7EWmluDsOR7c7N23wm_GpwaHG9c69XPPf9qY8SuZwLl1ZOuwtADaoPplJHW8ifm6MdccPfuVqQO_8wG-UvnbE0HaDQQE2Y1NvSw4VawFh04czoKoJrMbgyzTHGeiBF72tCD_TAYv_1_zP0b0z0JMGRJZx_yLnPEhNaR-2Q65-3NQ_YO9e7EJ5MMDSuB2CF4lIgkJNlFsvhuKQabg0",""
"varnost ip, korporativno varnostna druzba, d.o.o.|intervent/varnostnik - m/ž|kranj, upper carniola","INTERVENT/VARNOSTNIK - M/Ž","VARNOST IP, korporativno varnostna druzba, d.o.o.","Kranj, Upper Carniola","Sun, 24 May 2026 22:39:39 GMT","https://jobviewtrack.com/v2/PqLSsVgbLkUpOGoeGUYZQMaBbAQ_riEACnMPrlxVoQR6ZOAvB7Fq7RVjawRF0AzgqreaodI4NoXg1x9soRSnsbd7vEP8mJG8MkY-143nWsDjDz20V_HvaU_VXgrls9ts79WQn0ov48yQv_HIKApbxiOSiUUsoqGq1oQmbrakmvP2BCMPQVK6W8SViagCji8mavGz35vBpTMhz2zeuWsP_XXsQcDx6MqFnO4N5vqJJcs",""
"europapier|servisni tehnik in prodajni zastopnik - m/ž|ljubljana, central slovenia","SERVISNI TEHNIK IN PRODAJNI ZASTOPNIK - M/Ž","Europapier","Ljubljana, Central Slovenia","Sun, 24 May 2026 22:37:42 GMT","https://jobviewtrack.com/v2/LNNn8l6hZLQK-l7JJ_9npfCcexbIROf5Rt2YdtGBYwwpzgl_pjYOAmVeDtgjB9N540SULUFf-aVn-RebWSHiczD0-mxMH54x2htIPMrYb2sHE9vFcAXROrU9ISVbqppQYPsUe2lz7JCC_eLxoA7QWjFPh7btUItV4GY2Njwx3Co2L2jtcrXxJKZBR3leXCBZgRUQrMzQmXLKIkfZ7NegDY0Z7WO8xXZpEWMkgLg5g48",""
"lagardere travel retail slovenia d.o.o.|samostojni gostinski delavec - šankist, marche lom (m/ž)|logatec, central slovenia","Samostojni gostinski delavec - šankist, Marche Lom (m/ž)","Lagardere Travel Retail Slovenia d.o.o.","Logatec, Central Slovenia","Sun, 24 May 2026 22:36:37 GMT","https://jobviewtrack.com/v2/cfAg_tmOW7Q6p9Ml-8QBSjl9UEka1yd7SqKh8k6IT1HHSvAuCdWXBhlqCI0yO-cBcnIhVvj6QVNjmiktr8HEMjs5xhiMOWj5NRR-fvQdVhjQiYkGri5YisbHAg1ImGd9-UOdOZ-3SG2fULsp9VXhem0Zsj2v1ZNhyDXqux-fXaoy2sqcfAwQ2RqNBoWhJLqPeLIaEISTLiJMMbxsOkB32orgNn-coKAY2h2IihADK64",""
"imp pumps, d.o.o.|elektro vzdrževalec (m/ž)|komenda, central slovenia","Elektro vzdrževalec (m/ž)","IMP PUMPS, d.o.o.","Komenda, Central Slovenia","Sun, 24 May 2026 22:25:10 GMT","https://jobviewtrack.com/v2/MVoIvazuuSMNKlCLKleV23tKABSNWp85_sLqBCXQeMpoJ8ZTpGzb0ruNrmL7RON9NyYoUSTSsknIxEdN5xcTDFNDuSm9vEUeNj4wsJo4bfWHAcevLK0Fj4xz5aGYWUA9KJvWJPtY3XT0D3wh6bn3ue8rx5nE9ozqMJeGHsbMQ10ATtyVD7d6Kuc-pVgTByyEThS3gc35g7n1oY36_al7uU1GOHzTXJheiNiuasHpW5w",""
"kompare|product marketing manager|ljubljana, central slovenia","Product Marketing Manager","kompare","Ljubljana, Central Slovenia","Sun, 24 May 2026 22:13:30 GMT","https://jobviewtrack.com/v2/IAfhBOd7rhpq5AiGa1nn4ie6SERYrZ2hgkFNsKADh0yOmx_11RRTmvoLFgetj8bTuE-EnAQ3TgDtxSplAc9rNS9LSGOO1wLjTHBr5B3FZnvoRvvOvBZ7I2vFClrTTQpe3_SBhzVr4RK2W5QikUxJQCDLla2wBuuyzKAPmhSscod3fXgDyl-YHXgyVE6y8DzV6nDpv6LYPRYHq6MTwMz9dl1V9wWkMSque9FVz6Z1vzE",""
"jp voka snaga|čistilec kanalov - voznik« (m/ž)|ljubljana, central slovenia","Čistilec kanalov - voznik« (m/ž)","JP Voka Snaga","Ljubljana, Central Slovenia","Sun, 24 May 2026 22:08:46 GMT","https://jobviewtrack.com/v2/jQ-MijMxrTVrsWXZ0dmMUm9S-BnBzR-LHlBSrCWhvp2SMBwzP466T0hsHZF2vw9AXWFK3Ml9pyWZc4SuAfMLTnRJ_zDNhyPgRrsGRL_oVYR0uPySBMroSuVgVrp8HWlzJea8HARaQyv2o7PdFg36oSp3KBjwTLnX-GVDrfUatVjFiep27kYigRr3PMPBbX7UNFdwlayOuz8QLwwl3rewn8dt4Fi7EFQOYMvl9DeODS4",""
"|področni svetovalec i v oddelku za projekte dm 9309 (m/ž)|ljubljana, central slovenia","Področni svetovalec I v Oddelku za projekte DM 9309 (m/ž)","","Ljubljana, Central Slovenia","Sun, 24 May 2026 22:08:11 GMT","https://jobviewtrack.com/v2/QSYi5BR1z5WnlhG1-Syh03emDFKDDSyrbH35FSUSnzlXsn74q-B2OBoxw8KMNPwpd7q5bz9SOKT2m9yjQlm9SctfyKWLKe3_Wr-9Zq5IRvFhS2mXWEYZVX96EdE2rp6-uEnA8EjG8z7QzsmcwzISXzn8uRCiKxLWlJcKfCdNiCV0BWNB0Z5UV_q2poCm-NSqOgH6q5MCLJrqjq5yWaUTCiDN5ksY2xvGEVh5VHCDrho",""
"želva|socialni delavec (m/ž)|ljubljana, central slovenia","Socialni delavec (m/ž)","Želva","Ljubljana, Central Slovenia","Sun, 24 May 2026 22:05:01 GMT","https://jobviewtrack.com/v2/8G6DmoAmDJlYn-wCFEOIwx0gSvOXsq6M7S959Evk6kH1-iL9em-DtZW3zzl2Lc46-D-DAs_acu9njyWsUmYJajsf0WrO_LFiaHQ1X2D3mRSIjv5tyHX_Omh5MYaXg9JPIXyilIgPEhsUEvgdczs7s9NsCW_txtHjx3fA3IlpfXjjO7hTZwrNklZKhj1Od-iQoArOmsYDuXXMNQrNNVWYx_J_2DNbjNl5F71-vEuhJO8",""
"mjob|klicni center|ljubljana, central slovenia","Klicni center","Mjob","Ljubljana, Central Slovenia","Sun, 24 May 2026 22:01:46 GMT","https://jobviewtrack.com/v2/go_SSdkzBgDKiiEYI9lf4KmUqSxfDNV74aKsSookiPQYxfABOfBOkhypk4luNKl9j6augxF3Ty0H8qPExopLHzW8WnRGg-AGIzwEP7KW-A-FYrn8yVQM0VHmG_RtaUU8m7hn2AKXkMYdkguDvPJxhT5j39bqO_408mQ97K-HjNvEMGpUn6n0kPphLvkr2xhFOA2L1zOqvHq_AJGIAUeu8-COA9x0D5ei8OW_qtgEYBQ",""
"gostilna sokol|čistilec/ka|ljubljana, central slovenia","Čistilec/ka","Gostilna Sokol","Ljubljana, Central Slovenia","Sun, 24 May 2026 04:44:05 GMT","https://jobviewtrack.com/v2/s43Al_iHB7kw2h86Tg8Q-vFz9yvXSM44KbiER_mLqZZN81cv30KhGwCWUQEI_O8bft7BzLYyuuxjEPnswV7F9wf8l0c8_1prazNRlzujc_uUM4nVwY7VhbbgkejMgVOUg0jYgcgBmwuKLpeIrXB6y8ahLjaS11gAN6WCcyWdyoQc0CGkdm7vF9QiDGrVxl1a3y16ASYuYK66xKkibYxPcjmzycXt3Out2wPY5mvsHTc",""
"gostilna sokol|slaščičar (m/ž)|vodice, central slovenia","Slaščičar (m/ž)","Gostilna Sokol","Vodice, Central Slovenia","Sun, 24 May 2026 02:12:47 GMT","https://jobviewtrack.com/v2/JxJgzmlbOCzO7h4gyTEzP7jTFpudQALAMFxY9lBqju0lJXfo_l6vGyVDMWAaMn-WdOTBMRR4o4Cm6X8QaGm885RNIf037mEiHLU4uIHd2mz5akeXSIG_LwQJhAQEQAxNC2dPJFCB8WBaRYqzH4wF4smsAbGhwceM7IOUyV7ePVcs7Y-50b2vblOIukeTly9Ze5Isf5CdgED9CPk1yBeEGsEMNTeiV7G8H21eEG1n274",""
"gostilna sokol|pomočnik kuharja|ljubljana, central slovenia","Pomočnik kuharja","Gostilna Sokol","Ljubljana, Central Slovenia","Sat, 23 May 2026 23:48:05 GMT","https://jobviewtrack.com/v2/dR_5Jzb82mBD9A4CmBX7gQaIuB2MvSkwxspLhnKnluqEfIYyPPNYj_I5d7yaJmFchXrmF3zf9e9WyoTcnhBs2k05viwXvPd8HDTBorB-jKkYRNjljQnXzdIJ_CoMOn0mt2WY1RT9mTTTquDS2tpK_q5ird5W6x4h93Udaeu8sUJ15LwTrsUlO374mbC-l13dcknz05TW-9vCu-mW41B1LUh8rWZ1hWVVpGx0OO9_U8s",""
"novartis|as&t specialist (m/ž/d)|ljubljana, central slovenia","AS&T Specialist (m/ž/d)","Novartis","Ljubljana, Central Slovenia","Sat, 23 May 2026 22:24:07 GMT","https://jobviewtrack.com/v2/Y7sbq6sA80dCbCMyLYeZRHdLj4nKfmci90WfZOla-uzQuFS4JZckpEsHFi9bgKVpZ3-IGL8XzSakRujowPufaY14b-VIkSGkqNXCuoMf07gOQqm78xMYchhubqRW9j4hEOkOhwUxCNonvIJAusgHIUAKJ2ChflHSJx2jiTV7o21Q1Mviy6TYdNWSPkasAWnv2xrP_VBe9GPFLmGLxtZOzeupdi2obXkS5ZYHTzXuTss",""
"geneplanet|skrbnik ključnih kupcev (m/ž)|ljubljana, central slovenia","Skrbnik ključnih kupcev (m/ž)","GenePlanet","Ljubljana, Central Slovenia","Sat, 23 May 2026 22:15:51 GMT","https://jobviewtrack.com/v2/Pk0L37P0A7HiFUWLp5f5qmgGRc12dC9rdfwGQ0D_3rKASkfd7jdcV0-TYaN7CNBC_0py3Z4W83m8kkhzUhd5xT3rJ_o3rDy_mL3rhvVB_WIQZuMtt4Kf48n8fO_jxBnHpRDm3fwTX4dgvVbd2vcwuegRgI2AfsrClMw2IHIgTsSI3lotcwMFLNaFTLl_rawCr5TRheD0tKW_lcl8NqE50Bu5o0gGHCmWAJh7ItcW0vc",""
"trenkwalder group|pravnik na področju javnih naročil (m/ž) v ljubljani|ljubljana, central slovenia","Pravnik na področju javnih naročil (m/ž) v Ljubljani","Trenkwalder Group","Ljubljana, Central Slovenia","Sat, 23 May 2026 07:51:35 GMT","https://jobviewtrack.com/v2/Xl4XK4qpXXY9okvTZuITvfLMHC0Q1Q2bgHXaK8WF4D76hLy9YEy7sdlX2rw8VW0ZzD10uEttgo-4CfBwzxe69v6X221A6fOQZfX83ThdfxYnqdx1GvaReqpz5NITzw3jG8WE4OW3_GZ3hTOxiiWYcFwtgesumqEr3mCUU55IFwPbgSKNXzayzk1GmYRdOvtmkF4pGL9pXD1KpgEZ8-yhl5ttIBkf3OMvV_Gp9z0PzZc",""
"|tehnolog - podpora gradbenim projektom (m/ž)|ljubljana, central slovenia","Tehnolog - podpora gradbenim projektom (m/ž)","","Ljubljana, Central Slovenia","Sat, 23 May 2026 07:38:17 GMT","https://jobviewtrack.com/v2/QiZGPTPDv2ExMJvDivdEvhqwt73jkkCB_rXifiVxMGdPLsThC2yWdlqd79ajBe5y20Mby20611g92vFs96ZqD_RrwKugoTEXFFXSFYNgbg3JSlZBEiyxlQ75NFHkeknIQcLh_ouN05mucuwzb_Tk0Il_9gstuISgIaMOVoXnM6fLtdI9oZ5vELpT4qT2KNheHMtqsy7F4TwkFD_jV2r4xJa0bm74UrqSy10lCSiLeSc",""
"|voznik (m/ž)|slovenia","Voznik (m/ž)","","Slovenia","Sat, 23 May 2026 07:36:18 GMT","https://jobviewtrack.com/v2/JcKEMetUaCY7Dekld3GrBVNxeyBXrY7YNuE3_3UEAcyWy_7oQH_b31JaBOIS4xhYXHRO8FTrLKZOL_FdH0GRVBbW4ks5i0PkGgSQpxfs-wUZBlRgzpJQF_niuS1FDPvV3IXS9s4vXqdeOKQ89vrTEbWdfktPYdHwb6C71BlcrYGxqGL6IqtvzjC669AtabvgvyiR0KeoQZqqZ2Aw356g7YrVDlghHBAtUfuCPNmWAio",""
"prigo|skladiščnik pnevmatik (m/ž)|slovenia","Skladiščnik pnevmatik (m/ž)","Prigo","Slovenia","Sat, 23 May 2026 07:08:34 GMT","https://jobviewtrack.com/v2/EwepFRUdDgmvOAVlLqbYmEvOCn9mk6id9I2PhkrE3Q8ENwq5SxQPzjFTwuIeOcqri5VOAqB8XGeF_XwXb2WKgNq8KitGV2nuvFh-GF9R1UsInk5thVxEDEZZalHA6qnZqHmhDSgG_emjzNQU0wS5r4tOSBIIPrXUG4Cgg3_j6kGPNsk-yqFE_6cQiojfCGm-x5MZBypHWazfab9E6SxTZwBAAkP5hfsLeL3VNo9w_zk",""
"kansai helios|upokojenci za pomoč v proizvodnji oziroma skladišču (m/ž)|domžale, central slovenia","Upokojenci za pomoč v proizvodnji oziroma skladišču (m/ž)","Kansai Helios","Domžale, Central Slovenia","Sat, 23 May 2026 07:01:19 GMT","https://jobviewtrack.com/v2/_aAp9J0c51wzWWvqpa8cYQpHq0bHomVyuEHmlhrJnO5Xi4U_NgaUy5_UeM0xSpTMl0imE92nWV5-cEZNVIvi1JOKhgHuh7WaEQl4OrkmxdeIFDK5dXVej85qVD52xQuxMav9m7tT1m4RG2BMoRvbUhsDCQF1lyQY6dhmQcECpbraJinhATutto6lywIF3wMSB1XW6zGVKFH6WZyjnO2gkNMDa48lelEmgGKsFCzF3WQ",""
"manpower|elektro vzdrževalec m/ž|komenda, central slovenia","Elektro vzdrževalec m/ž","Manpower","Komenda, Central Slovenia","Sat, 23 May 2026 06:56:00 GMT","https://jobviewtrack.com/v2/ahxibEyiWprFOishVOZvBeHD0DapU2SoLvWLIY4vyECuR_k0AbK0jzylJ-35AFO5fOgrQk2i4pGfiii2OfTydIRtDPO_T-AetcEVasz12V8kPHPhUgl0duN84ARIEhozk_3KoPozY4X24MgoPmLHLRpZtsYAhWRM7zDQgCm9QTGk8Ti43DTVGYx4GWUW8G_gIqqQcpLI7r0oy1D0Wp2sSyyimB85tgQr-45pRe9iiRY",""
"ak automotive|vzdrževalec - orodjar (m/ž)|slovenia","Vzdrževalec - Orodjar (m/ž)","Ak Automotive","Slovenia","Sat, 23 May 2026 06:53:28 GMT","https://jobviewtrack.com/v2/ANooTnfXnJJ7VM8__BNhq5FAnXEUtwnJI6yd2g81DK3f43QLW_BrnHDW2LQOKMYV1TRj1v1400nXKbnPqXEpvwifhycs0uMWz_2ALh7E_DKo_dSHfFw49yaI8jAu2_faLETWKgLXMeUuKBTw9Sk0IqzDdWqhwkZsDOpYos0zo_FN01KxBBKftkvpAZub_KUJAaxmw0FhScLMmsAlBR3N8b8UTqC3OYpS0bScXdgKXko",""
"whc d.o.o.|skrbnik ključnih strank (m/ž)|ljubljana, central slovenia","Skrbnik ključnih strank (m/ž)","WHC d.o.o.","Ljubljana, Central Slovenia","Sat, 23 May 2026 06:52:59 GMT","https://jobviewtrack.com/v2/slzDEK4DKGMWpCfFiCelOyXjCG-cCNSlM7R17fgak1sVpw1t6x6UTVa8q-iplbUoQdMwOFdHK7y_MisZqdRIo4wDHn9bxSGz7JCi__ofMo8aFpd8Yl5ZWOPq3O2RvgGZljMKxuunc6Xeap5zKj6mJedW2kt-a8TqN7Ke-lA9WfzRMsuxq3h0ObrcA-u2130Juo7MUdCraFqr3e1OSex7sKYP5yyaiTtrewSugWZ_qPw",""
"jysk|namestnik vodje trgovine (m/ž), šentvid, ljubljana|ljubljana, central slovenia","Namestnik vodje trgovine (m/ž), Šentvid, Ljubljana","Jysk","Ljubljana, Central Slovenia","Sat, 23 May 2026 06:47:18 GMT","https://jobviewtrack.com/v2/w1YK7mLmp5Gn8HyITx5Lt74LqcmZxyuGuSiy1MVfZnizF7_nSe5bjtnbuc6DOkiLydW1nAa7kFfRC49-DRQlqexo_JgktN9yFK9aNr3iQUTaTRpIUoHegGUorEYV-vkY225usfUfj556noOMwUPEmk50EH_eprS0llNj_FTmfpuHew4I-7n_6EtVFqW3jAkR8ktR7FtDXFift-_G6mDbYFQylchSx1sYImDSSSeFIeY",""
"zdravstveni dom ljubljana|e037013 dipl. medicinska sestra s specialnimi znanji - m/ž|ljubljana, central slovenia","E037013 Dipl. medicinska sestra s specialnimi znanji - m/ž","Zdravstveni dom Ljubljana","Ljubljana, Central Slovenia","Sat, 23 May 2026 06:29:35 GMT","https://jobviewtrack.com/v2/23ug6DYfWsV4eECG2F8w0PYBrOnRIEHjv1KHm8yXkO-bs44xFUppfD1B0RQ8N1RZjVMpOjwCJd5_I9C8RagikVqv8N-h9ySnZJdxVtffXl_LTZD0G-7QD12g4EYqBpCjd9O0pfCpwJlzJzKRSpb9lha8Vy1RwkshwG0_r4waHok2VfhqD7Ds_P6hiIHoVUiypzf5B7n5V7kuaFdhFIADHo1Ivaf76a-FX8TFsT-ut5o",""
"osnovna sola louisa adamica grosuplje|čistilka - m/ž|grosuplje, central slovenia","ČISTILKA - M/Ž","OSNOVNA SOLA LOUISA ADAMICA GROSUPLJE","Grosuplje, Central Slovenia","Sat, 23 May 2026 06:22:10 GMT","https://jobviewtrack.com/v2/t19vCMVUlia0wf4jHT4p91AZ-5w7WJG-dhD_an79IQU93oDOK0WCjGaXEkomtnYskHWsoZE90z3vqQGTVoUBny545jrPrpts7eq2mgm4XcDbZrCWjiH8aVY99yTOe97EIHaYcOmLbAvtghiha8UBoaff0zzd1xguBOpSb1WQNM7Xw2qCZwdB5wIzfv3aWtIKhp8_bHZz_IIvvyYqNP2VQgwqsxRnBrGBrBtC2VdiZrA",""
"|vodja enote v visokošolski dejavnosti - i v finančno - računovodski službi - m/ž|ljubljana, central slovenia","VODJA ENOTE V VISOKOŠOLSKI DEJAVNOSTI - I V FINANČNO - RAČUNOVODSKI SLUŽBI - M/Ž","","Ljubljana, Central Slovenia","Sat, 23 May 2026 06:18:19 GMT","https://jobviewtrack.com/v2/3rwDzHd03uFGj_49YiukAlm1bMxp0ai83A12Srb_gTxwQCVN2WbtvMgTCEyI6eOw6mzQ3VAh-LCKEfIfd1nryVcKVj8ZMs7jBM1wbpWDcTQh0FMd_sq712Rc2MjgRxVfT3cD2XUh6fTjIIW0SU_SXQMU5XPj4GjlCZBzD4VQyvL5sKuTpAvpdz72YaHw3dvk51P3cRAijbssqkwAZAf8I0rCjTmXKleQQiHWqickcK8",""
"|osebni asistent - m/ž|ljubljana, central slovenia","OSEBNI ASISTENT - M/Ž","","Ljubljana, Central Slovenia","Sat, 23 May 2026 05:53:03 GMT","https://jobviewtrack.com/v2/u2zu1SOEZjbh_BMSkay2xSa2PzyTTJZs-F72uXQl18Fcne3-Hby9S8yg4ZFucuUxIeTcFqqVLK35WcHh3yvHqRcCyklSf8CdS8-ARtzp_2ZMdOTCxTIbndmyru7nSShaUlIWMbNx2CP83PyTk--ozogmLttyhwY--GYyMTixn9WqrnG1OdgNDx9JSkjdj-rahcsMiI-DhpYqDc0V6JjhRHb_Rl5IigqrLBHl4DIVNJU",""
"|učitelj razrednik - m/ž|ljubljana, central slovenia","UČITELJ RAZREDNIK - M/Ž","","Ljubljana, Central Slovenia","Sat, 23 May 2026 05:52:45 GMT","https://jobviewtrack.com/v2/0h5g4qRPz7_QLte-AMTQtxwcvltIaBEO_X2yC-aRTTxmEGcGKsAqu_IfRKEwzsG741TYijJYcuJUDm9rTII1nn_bCR1iH5tzHfVFQKZJBIbf-xV_815AYCSxRa81ZrWEZMufDS3avBaR5BI1-9IQdv6PMKjQUskvSg_F8D8c-5F8NmJCv1WzdV-ZxJATD4EVS0eclhXBoNb8mAIi8k6fhLthWIOfXn9KCBrTb2unVEg",""
"wolt|sodelavec za podporo / support associate|ljubljana, central slovenia","Sodelavec za podporo / Support Associate","Wolt","Ljubljana, Central Slovenia","Sat, 23 May 2026 05:52:34 GMT","https://jobviewtrack.com/v2/4iu_PWUaYKA0vEyeQ5vnBWgMrr1nPqmdYwdUMVXMLFrLmGJRUMeYOs4lyBYKV1Cy8Rb73kpsb6ukF9PE2z1cEGFbfmcLm-ktFHblbRbYccldOi5t9HZtngybp0WDfZTykWk0cpMtaW_-zecnCESgxVETv0LeQj0u6TVgNJoM05IfoyA9kHxR1gbukVJfl6CtFAYt6lXIXKmZzERlRLz1BhuOY_1YkuKee7cWdHawwhw",""
"|učitelj ekonomije - m/ž|ljubljana, central slovenia","UČITELJ EKONOMIJE - M/Ž","","Ljubljana, Central Slovenia","Sat, 23 May 2026 05:50:00 GMT","https://jobviewtrack.com/v2/tTMg_uPhzec0GHjOm0B15NU78wBjZabjWwlByr88joipsVULhQ61D2jVXjl71sgcL30zzuc_XHelywMOAe_oI3CxMxTEd3wFDS3k7eUaMEvhBwNtF-e487vPjn37uXE94T8wUagWHwBRjCGUR0Etzz_1JUvudNYPV0TZn1sQijPdQJO6WNIcT_2-TSPLNoXBpe2pDmXG5XzKPQoHMJsz2tHAPeZEprb05RovbTItegU",""
"dom starejsih obcanov kamnik|srednja medicinska sestra ii - pripravnik - m/ž|kamnik, central slovenia","SREDNJA MEDICINSKA SESTRA II - PRIPRAVNIK - M/Ž","DOM STAREJSIH OBCANOV KAMNIK","Kamnik, Central Slovenia","Sat, 23 May 2026 05:34:15 GMT","https://jobviewtrack.com/v2/hCzNZi6p1nNUokI_PDZ35SNDO9uFHGibbrkkBY9lgioysE7V_leO1DkNs0vVTFQDXFi1dTeEckxVTkZp8vW5nHsyo54gdQaS5NP-BnvN1Uh9w7x0iocDDKlYySDNnkPIig4XmcYNrgf_8UEX6culEmCh254MbQJNpxMTtBcw0ayqwbMHyizr-BMyKJKUlGKNrlkPukQfP3ZdMrNIzTnoCX7M9A-8DF2zFX3z9t4_4Qk",""
"mizarstvo vencelj d.o.o.|pomočnik mizarja - m/ž|grosuplje, central slovenia","POMOČNIK MIZARJA - M/Ž","MIZARSTVO VENCELJ D.O.O.","Grosuplje, Central Slovenia","Sat, 23 May 2026 05:29:02 GMT","https://jobviewtrack.com/v2/mnb16EIZuHRg3qQkeoD1mQ8LPIxqIeFT-AwartJcEVUarB0b2oyJzq9c9zA4clsd4GqR_5YkgncxcsVbfctIiqemu7guhhrbTkUzgbaxj6rV7eLaAuvewC9Uwb45lvsomupXtBwZtgJC7Qgc0UhnlO8GslwDBry8RUqsoRjSywwEeMRVD0LKJwnmNbMCaHeBsHYqrL5OXL3dPPSgPRKam6EVBrFkqaveUiUxTxVZEIM",""
"|cestar/gradbeni delavec (m/ž)|škofljica, central slovenia","Cestar/gradbeni delavec (m/ž)","","Škofljica, Central Slovenia","Sat, 23 May 2026 05:10:48 GMT","https://jobviewtrack.com/v2/OvuSbEQvHvZnK44UkpmtwXrUkqusHAOSIhTBvAoH0VX4jTRj6A4NB8KFkIeyFUuiWJM9-NxDA3W08ill2FIKYSEi5wKxPwpX660F07u_nsJQZw6f6TAKXl5nWzLBV81ozyeQWg61WYSUK6pWAoZmdyhtV1lbA4ZcIWEZoK350tlaC99yVSaSALg9JqW7GiXrgN-OPAe9zt_rAPvnjohM-BY0TMbuZzk3i0aqk3W5xsA",""
"zdravstveni dom ljubljana|e017042 zdravnik brez specializacije z osnono licenco - m/ž|ljubljana, central slovenia","E017042 Zdravnik brez specializacije z osnono licenco - m/ž","Zdravstveni dom Ljubljana","Ljubljana, Central Slovenia","Sat, 23 May 2026 05:01:50 GMT","https://jobviewtrack.com/v2/YhTOskCGzZW7uRHgpPMwrB5rlrOh2Q4-cHOC9zcghl_kGgfDIxtT5TQ0Tu_cm0l1v_Q8-Y18ZNDnO3T2p7Ke-Huk49HEf2qOETUPJeELxx4Njim58MIUIgJUUhqd4JwhYQvDyRmxrQwAdAUdNZd0KZXjWSjt_Rc6N5VVPajOYpoz9rWCAGPQqNDKDaDZD7OFNzn-i9I9Pglf3uVsEnWjI5wc4nceQS3cxCm-gFPBnJA",""
"purflux group|skladiščni manipulant i. m/ž|medvode, central slovenia","Skladiščni manipulant I. m/ž","Purflux Group","Medvode, Central Slovenia","Sat, 23 May 2026 04:59:54 GMT","https://jobviewtrack.com/v2/c7iR_ZloPsMF4ALQ0_ECyi8N2LmfhT1b3U48sbO5-fUrJMjJ-YXT77NbjOg2KlXgAEdne5uPTwkliMWcXvICK035MWpZp_LrnSofOxBBtHvY-dQBXmpej3FxHiLwJooyqDEH63dkxsL0jQJLEZz6aDPVcDDSgJ17P0ki5jX5HlO1Aw9KVchKeNsQHOqZwbBPx16hLfo2BUkeweldB2fxEOTWVid6O3_us0Lw5frtCJ4",""
"don don|delavec na izdelavi in pakiranju kruha (m/ž)|grosuplje, central slovenia","Delavec na izdelavi in pakiranju kruha (m/ž)","Don Don","Grosuplje, Central Slovenia","Sat, 23 May 2026 04:53:11 GMT","https://jobviewtrack.com/v2/Kab-ZL22j9F8VQJmDUHccdppbA1jwEjaqVC3NNbF-XXtQoA5tXo9iDhW-qer1Da-73YtbFKCxXhyWbn4hwpC_B72o2D-LuXK-Vv7YcR9AOavZSOBXYs-8HsTHtG6xueupli3Klh2aLQxH3dSYVEyYHxCiT0dfJiiXmOkPyJXLo75Cua_TKzpVHXBv5_6giE2WHyChn87Xw_gp-bBsoJTDMAQfwYECqbxfyTmaalD6nk",""
"hidrotehnik vodnogospodarsko podjetje d.o.o.|skupinovodja v proizvodjnji betonskih izdelkov - m/ž|ljubljana, central slovenia","SKUPINOVODJA V PROIZVODJNJI BETONSKIH IZDELKOV - M/Ž","HIDROTEHNIK Vodnogospodarsko podjetje d.o.o.","Ljubljana, Central Slovenia","Sat, 23 May 2026 04:43:03 GMT","https://jobviewtrack.com/v2/cSJiKSUTfE3pB36OC7UfAZSAVsiMYNbNFsv0-xubq9qBzMx8YfzNLNSkIXoBdUPN1UcUFep9xIyddK52OhZtTXm42YT0yFLFmuBJ5NsBHhZMu_HrAesrYleIZD75GQt6VxK-H8KvkkSwv_WhQX-zyWkbdtyTX9AoJbTPJlO0osnyDlmwtNELUme2_k_Uge4ZVNeAOIX_j6h5c8PheEB7XHodhJ3dToptKGa13nMbBWM",""
"e.leclerc|vzdrževalec (m/ž)|ljubljana, central slovenia","Vzdrževalec (m/ž)","E.Leclerc","Ljubljana, Central Slovenia","Sat, 23 May 2026 04:00:32 GMT","https://jobviewtrack.com/v2/pn4a3tdBhBDDnRmQdQhQNm95bXOlaf0fV2w_b0V0qD1QxI62OJxyA0ZV0EwnupCpPn-R5csfWrdVATWxpVPB3U5_lmyzENBjF3IhLzmHEzekIn2sAEOPp4wOc_p8b8bjSfKWiPLHFTLv7-btosgki2sTKEqR78FelrCX0BwmKvCHEl500KwOTtve7IVliwRYUM2bfe1k5t7VrRKpA48eC5Cqvu6ufgpgqINJ-XLqTto",""
"mizarstvo vencelj d.o.o.|mizar - m/ž|grosuplje, central slovenia","MIZAR - M/Ž","MIZARSTVO VENCELJ D.O.O.","Grosuplje, Central Slovenia","Sat, 23 May 2026 03:59:57 GMT","https://jobviewtrack.com/v2/A4_LgG0bLj76Y1EP1n-xtpS9_A__baJgRUVwDvrPZVjWLh-RcGPJc5hPbntYxkxerlDt5fIIfR3ierVqDBYYyLVtW1MQGcyD0roEie31KjeZ3nb9XTSbfqV30awL2mXu56d818MkvZXnF_jrtyrjbiEnZgZkXIkG1CnckbpDB8YfZC5KoSUBXDeRC552oHmFy4VbzO17_498FFmAb5XyT3S_V7njQU7Qt4ZxpClmSeI",""
"lelosi|specialist za influencer marketing|kamnik, central slovenia","Specialist za influencer marketing","Lelosi","Kamnik, Central Slovenia","Sat, 23 May 2026 03:57:00 GMT","https://jobviewtrack.com/v2/z2ms2J8quyRMRr7sL2Yn4AdbQ59XNex-_uvnRRUiri1lR54Za8f8fYqHSZ9-nHgis_dmxsMsHjNc8VAhXva8BgQxrFYx4T1XrVg2mptmXpV1w7-pBEoNc-OdSPjzjhESzNAXt21AbN8c_KWOlbye3gaybpoeu0m-JagrHVpEqpzP1gFN2n5A7-0A88AbVCFyurZXtki61JwklnF1iR7x4MZPhrXllmDFEjqZ7PUUkus",""
"dom starejsih obcanov kamnik|srednja medicinska sestra i - m/ž|kamnik, central slovenia","SREDNJA MEDICINSKA SESTRA I - M/Ž","DOM STAREJSIH OBCANOV KAMNIK","Kamnik, Central Slovenia","Sat, 23 May 2026 03:53:45 GMT","https://jobviewtrack.com/v2/XQUEMMiQhyfGGYHCVbykfYvOMQ3XRcT4ApjWW1UmhNTAPCmJcgogcs0Lml20O8_97ucAQ1i6dBSVgBVVB8iRiMwrqBUAV98Z7B5WB_nRQtYnTa5uIT5J7MTrNm4DUPiWwncenFWr_ssSQ7_sU1JlN6bZZS9rLZ25CT7DI-skYHzIO77NXly1WOu2mzqNrtf6ZfhQXzf4odpp-nMjFS7V8gV0vyTPgXwuDeM6CBvMDiM",""
"|e047096 delovni terapevt i - m/ž|ljubljana, central slovenia","E047096 DELOVNI TERAPEVT I - M/Ž","","Ljubljana, Central Slovenia","Sat, 23 May 2026 03:46:00 GMT","https://jobviewtrack.com/v2/4IrySRXoCrmOMcQB1kulHG6MyLF5RXhvllNKl9UtPxPPrPHpBhiCz3K6EP1PP_qDOxFWRVNuo52chWQ89luiwwhCDnCnJ2m8UvosVuYfS2OP_Y4VxrONuIt665MVuxLIYKoqeXDSnOOQFjtw2JMgJyYX0ZchtX5-dJv0VaOR7rFxcA71KK2NaLOmHac8sqt5gAeNAPb_5LFRIeK4ml87koaDbogGWEvtMv-EXgdpBzo",""
"|vodja informacijske varnosti - m/ž|ljubljana, central slovenia","VODJA INFORMACIJSKE VARNOSTI - M/Ž","","Ljubljana, Central Slovenia","Sat, 23 May 2026 03:44:09 GMT","https://jobviewtrack.com/v2/_CsD3sJw2LGV2I_yxJBlw39sfrlQ1IuC7Qycx_a6NbMiWwGLeWl9-0IViz2HE737xnMdRZTwJxiih0c04-hUTDGMMcok6cS6nxYCNPgl9Zj1LUqdml1yT3FicgY0YRLz-mpbRsVoDzI_3CTgP2_gXwFYH55AnHzsFYEM3yHOnGr7Bjfhs-MDKDj672CF4iQzz6Y__j0gpCOHUOcoIEwknXNtYB2-PhZonMoOGaSfWxo",""
"mjob|pomoč v kuhinji|ljubljana, central slovenia","Pomoč v kuhinji","Mjob","Ljubljana, Central Slovenia","Sat, 23 May 2026 03:26:28 GMT","https://jobviewtrack.com/v2/xA6OjK5zpDwHOO5ws5wMSu5KtfPCzDfhadkYMyMrjlw7_ahn4rn_EFgFKWewmOKQKKBYH1UMM_F0P4ZS_ZjFKuNoGaPJOjR9OMV_aqLqnYnWLFQKl3H1jm6lpLkcp1Wt5Et3fLl3BUZNCIjZAzH5bsAMSYYoL9gma46HuK1G4qVWGPoaViKfmfvk2-KTjHJ_dLrbRTH10oH6pppRzDwm7STiknNYrQYKd5QwsYZlne0",""
"zdravstveni dom ljubljana|e017021 zdravnik/zobozdravnik brez specializacije z licenco ppd3 - m/ž|ljubljana, central slovenia","E017021 Zdravnik/zobozdravnik brez specializacije z licenco PPD3 - m/ž","Zdravstveni dom Ljubljana","Ljubljana, Central Slovenia","Sat, 23 May 2026 03:12:53 GMT","https://jobviewtrack.com/v2/5b3-1jSKmMSi5oTeoGdKnDTtiOkrYXwjsKlYJ8F5lLPftnRVmjjQxNEZrEu4ZB5f6ycSgGQqgeSHY-UKZrD_lbvrwA28eXpVhMVBgFG0QvuNoAQ3KlF0cp4gFC4X25vX-_ruv30I1SRxjC42pSIwyO4khC6WD0OsXF7xAxVsZoMKjaDxQ2mquN9GvK2NJZcozqE52SmZzd36yDw_LVW7EI6AKTU5tjBolc2I9F2U9IU",""
"medicinska fakulteta|analitik v laboratorijski medicini s posebnimi znanji (e047104) v laboratoriju za diagnostiko bolnišničnih infekcij in nadzor sterilnosti (bol) na inštitutu za mikrobiologijo in imunologijo na medicinski fakulteti ul - m/ž|ljubljana, central slovenia","ANALITIK V LABORATORIJSKI MEDICINI S POSEBNIMI ZNANJI (E047104) V LABORATORIJU ZA DIAGNOSTIKO BOLNIŠNIČNIH INFEKCIJ IN NADZOR STERILNOSTI (BOL) NA INŠTITUTU ZA MIKROBIOLOGIJO IN IMUNOLOGIJO NA MEDICINSKI FAKULTETI UL - M/Ž","Medicinska Fakulteta","Ljubljana, Central Slovenia","Sat, 23 May 2026 03:09:22 GMT","https://jobviewtrack.com/v2/H1xAmEN06PQOpMohjmSMlzcDJlWuvT7TSZCgI9cV1Rudjp8N1SQrWdpYO4dLxHpWnFZrcYkUGzwdrVMoVbbW8k4SXkoZqUfOGOBv_RQWz2H8bdMOdxWD2D8j7Rg4-6DVHLTOr0dwyNGRWr0wimzA0XE6cUbuaHRwXUqsuCLqC1aFdtsdE2EQYgWcI-iwpYo2EenNjoN99U5qe4h66Jw3Y3sQAcDHX3DRbYBav7lKqKs",""
"pek automotive|mednarodni prodajni predstavnik|logatec, central slovenia","Mednarodni prodajni predstavnik","PeK Automotive","Logatec, Central Slovenia","Sat, 23 May 2026 03:05:42 GMT","https://jobviewtrack.com/v2/gsdTqVxtNigMSzr2BBotUQApM9-_kazkmEOA4NM3eJLS5uwbomJRlhPhY0qCldNG6RusxMpPmHzX3Ee8_NJ7k_dkMyHUMzBGedmUPuFuA6X7oBPWJmm3L0OF7SD14v4HqZ2jWc2HPfjc6WKqnIVZxHNd-YdG1AEzCRem4nIwX3UQq1St7Jp6P3QT2Y-CLXPeXg7FDn27xpeHVcE0V9TTY_eKqceS6WF7jOhNhT8KcCM",""
"manpower|delavec na terenu m/ž|komenda, central slovenia","Delavec na terenu m/ž","Manpower","Komenda, Central Slovenia","Sat, 23 May 2026 02:37:12 GMT","https://jobviewtrack.com/v2/ngDcQpcz8ljJOCylCfINvvI4-MtWB_SPdb_O5MXdRoLQ76zAkB0YldvW0482v8OTvLgHYeEJ2neSs7TU_sD9t8NfMFmkkUFQ44jw-Ga1SiDLXdO_iHfqD0GsXT-ENUoG0hvXaORFuLR1r1XNt2yk0czfMzuszghUfnbhMRr_xrsNSGj4IZP6nYVVKMRIyjL0oWXzopTYAwYGi9DkmKfjTTYHgvK7e5xr6GHXqHIa_E0",""
"lelosi|email marketing specialist|kamnik, central slovenia","Email marketing specialist","Lelosi","Kamnik, Central Slovenia","Sat, 23 May 2026 02:26:23 GMT","https://jobviewtrack.com/v2/pQ5Rg_Rh4W__TEa3-fAs-1zoi4s6RKBZMNKicEmm6Cr8SzLGF0rXeiBJ-zOgvo4kYxHpwFSKty922cGEdyyQMq6TZKeRgD0Lj26KLrpNS7JI9JHYdZqCf1R6UJbnnQu5pz5yOzL5koVCrHgxtXyP8x7x5yxrLMuw9dTWCIIhwPBw3FU_7fWC8BmXZOMvxaCC_TIsRCgw_WgTuGQ2aN2xHJV_bSjMiEflZKnmdLR1ZFM",""
"manpower|komunalni delavec m/ž|grosuplje, central slovenia","Komunalni delavec m/ž","Manpower","Grosuplje, Central Slovenia","Sat, 23 May 2026 02:17:56 GMT","https://jobviewtrack.com/v2/3oy9_EhIVxgAXO8mRUiUA13z2UxxfKhnV-4uxxs1BlwM1zjhNQeWW4N4EOGYcnydI0JgD8NqKh62BX1N6m4IyMl30AFHjyCiptYz-1gyoH07wQgjMsvdfm48ucVU50WYQnWuARQQX4-p_hetg1eLYnWs_M6FvE6NdadY9_zn4y6hjU7hK_L2SNcVHbS7lyVvbGl7rWgpA65EzWP6nrQIkghbcKqA6-zFInTcVDGXOfY",""
"univerza v ljubljani|mf, asistent na katedri za maksilofacialno in oralno kirurgijo|ljubljana, central slovenia","MF, Asistent na Katedri za maksilofacialno in oralno kirurgijo","Univerza v Ljubljani","Ljubljana, Central Slovenia","Sat, 23 May 2026 02:10:21 GMT","https://jobviewtrack.com/v2/uZ9OXM3o6ICW0w-NMtlIKUEiPLcTPDjUfxMQeVLkc6CMuP9GtZmJNbabBvGnfVGI3WmgQR-s2qSejTxSNSUqbO-5U1BLWt3EMA6zTwvgwli0RUYw7cbGzc3Hp8HNNACIVMImYv7DmLX3nkvyyzUTO_3lcw75-iRrRnBW5mrDGIOi4EPYLCshaR8Gxn6n5dEGBmv5wBA6E1K5gfQNeM-9axNC_Mp7Pw3tH-JUEM3iVnw",""
"dom starejsih obcanov kamnik|pomočnik (dietnega) kuharja iii v zsv - m/ž|kamnik, central slovenia","POMOČNIK (DIETNEGA) KUHARJA III V ZSV - M/Ž","DOM STAREJSIH OBCANOV KAMNIK","Kamnik, Central Slovenia","Sat, 23 May 2026 02:05:47 GMT","https://jobviewtrack.com/v2/dWyHmF4jwfT-HHz2TwqO9PbmpN5RaAwingRvnVEQMk7s_uCkHD4t97DhKvG5netCB5fI_i93ChMRpA-rufish1anZRfx-fw06wpx66tsIceU-7Z4RGQOhdPftAxXnCF9Ldu3JmC0vVPZHCWZxkJSEAxBL2_qHMJOWWCIH2qEX4vWqDsQjk8352nVtj61N3BbZHyAoxN0DQaXVtSsoHE4sbs5QSle-bOigx3s3l6V0y0",""
"blagovno trgovinski center d.d.|komisionar zmrznjenega programa - m/ž|ljubljana, central slovenia","KOMISIONAR ZMRZNJENEGA PROGRAMA - M/Ž","BLAGOVNO TRGOVINSKI CENTER D.D.","Ljubljana, Central Slovenia","Sat, 23 May 2026 02:05:39 GMT","https://jobviewtrack.com/v2/BEA11Wo5CKzZFrBmH4yRN9Dt7r8BQQOcJ3CvTzL3Kw-0Zaa9C9BTzVNHMiu7n3M6gwmnwm7nBX7Iv9S-mHQCB2Wv_omeShOlluSiYY8tgD9v-MkFzlYglp5KqrR78mKWKFGPDGIUI1zHe-rCyB9iUhJieMuo5TKxfJ27smQZFhtGgw2l2jOnGZlCC51GWEtUn11pQTAktkGl72ypLUekoxWELS_k6oUsqYonctvPCwY",""
"zdravstveni dom ljubljana|e017042 zdravnik brez specializacije z osnovno licenco - m/ž|ljubljana, central slovenia","E017042 Zdravnik brez specializacije z osnovno licenco - m/ž","Zdravstveni dom Ljubljana","Ljubljana, Central Slovenia","Sat, 23 May 2026 02:01:46 GMT","https://jobviewtrack.com/v2/E4Q37ki2zromuV3oqkanByuDTvF398VBCEr8wL1Rfr6o2__6E-rNi7TYVuWX4OhrXiNHFB7_Y-YcXs-8m3XGpX3R8SRJR4qnPwVzt7kkXjusnvVhiLxYA0TChGPvghNEk7VvXnt2XUZewBtnTs_A6NCaJefS9Dc-KsS4sCEbtx2a5u67YkNSZKZG5NwXYBhxFmG5KDYVC5OzsWKqnCDx7U0wLL23iZxYuKL9V1PxfK0",""
"|e035037 srednja medicinska sestra v negovalni enoti v bolnišnični dejavnosti - m/ž|ljubljana, central slovenia","E035037 SREDNJA MEDICINSKA SESTRA V NEGOVALNI ENOTI V BOLNIŠNIČNI DEJAVNOSTI - M/Ž","","Ljubljana, Central Slovenia","Sat, 23 May 2026 01:57:50 GMT","https://jobviewtrack.com/v2/bHBcjqiyK-E8kVXz9a_sgKEM6mVD7aY-wwkzodwF_Bt1am_470EItTvxodNhsuVRg6SBCYyKakynSXPv8xElisjPswfr9lyvJ6PCOmXatqzlzOPzE4AXNwBTWN-NciQ8LyAZ63KbZS1GDJtOrFXsNGlLK6mPoYbuzGU-FIBLze0kz5cMrmhtjUSyX339eZLW2UGc0uSU66dx3GQGQjfCxOE56p5OsmZ27L791w9-buY",""
"mjob|pomoč v kuhinji (pomivalec posode)|ljubljana, central slovenia","Pomoč v kuhinji (pomivalec posode)","Mjob","Ljubljana, Central Slovenia","Sat, 23 May 2026 01:34:39 GMT","https://jobviewtrack.com/v2/W7dftdjBPYSbf79Hkf1Nc0B36wjrEmGiD39vEKkaBWg-3HlL-PIM-VgwlKVB_JeRzecnR91LA-XCMx_pORkPhdAurwLH-zUWqwkupAO3MLO5yuiVP2IKJ74IXKxDrWZrsghMx6SpAnHsAKZ4GsYTH8FrlFMk0yZMUXDbY8P0kRi8CdIur2SuvaIW9qDh4Vv0WBl2ORCFdgqPsk1qDLj7jbWsjX_0X8E1-XN2Hjh3BhQ",""
"zdravstveni dom ljubljana|e046004 ustni higienik - m/ž|ljubljana, central slovenia","E046004 Ustni higienik - m/ž","Zdravstveni dom Ljubljana","Ljubljana, Central Slovenia","Sat, 23 May 2026 01:07:45 GMT","https://jobviewtrack.com/v2/cfTxUG3pSINveePvvQKjGBtKZLXALjt7zz1zqem_O6GULqE55q5-8JHb06xeRpk12gk62UVPb93FUTpOHVgeiRrGkB5UzO7CTyV4OdhGTxXydM0bLKGPN8Dd9jTt2GsPz4C7FERcJPL7cfU-YUxuNzWFSF2JMaOYNFzcJ2JeRa5ki6x08f2dbrnmqfjsqfW3ocPkvMFXVB9Pv0LyeicY61Sbuu3Uxx7fA3DD4epBSJk",""
"osnovna sola louisa adamica grosuplje|spremljevalec učenca s čustveno vedenjskimi motnjami - m/ž|grosuplje, central slovenia","SPREMLJEVALEC UČENCA S ČUSTVENO VEDENJSKIMI MOTNJAMI - M/Ž","OSNOVNA SOLA LOUISA ADAMICA GROSUPLJE","Grosuplje, Central Slovenia","Sat, 23 May 2026 01:06:00 GMT","https://jobviewtrack.com/v2/O90KhXry9_PR6P4TYzgK5FtxYaJbcRoMc9YwN_RT346mtStgqt9PK2kobEKJQqfmypCX75NM38g8THydrCNtskt8vsX0YfEaXCJXVj0srBvsEZsoxJMXFcJ0DF-2UX2fReLz6MM2lUr5Z42qdigeVU5cap_AiS9ld7EYh6zaXkhIuA_IXNXLrpwfi7ZWKj7m6JgGu28bg5Pd_i1eZZ6jQ4GoZNtcmNcSq3-CZqbzf9w",""
"intesa sanpaolo|specialist za kartično poslovanje (m/ž) - ljubljana ali koper|ljubljana, central slovenia","Specialist za kartično poslovanje (m/ž) - Ljubljana ali Koper","Intesa Sanpaolo","Ljubljana, Central Slovenia","Sat, 23 May 2026 00:57:59 GMT","https://jobviewtrack.com/v2/DSz3lxG-np7qav6pXGDkT_-WG8WrWSUHUacAfmn-I_FyMSh1XjTdiAROiZVkOV1h0ACnDwXrlwpXg7n9V2qxaA15tRv7u3P9pD6PdtLzt7U76eAi8ldDGd6PPFwdCElglsHVvtxhxxx38VK95gHtOL1j40IqBnui3QQMbsg9blRBbNzYS1MHxMlf7pUWkgdEryGtaoA26CMtzYOcD-IZ_eaZaSk8TA-lU--13qTqbFo",""
"|avtomehanik - m/ž|kranj, upper carniola","AVTOMEHANIK - M/Ž","","Kranj, Upper Carniola","Sat, 23 May 2026 03:09:50 GMT","https://jobviewtrack.com/v2/53iuPDP9420oTj_6M118f06bfMUIVJw6NqqdUKkehWr6wAO09GjVU9drkaMgwnyNSwgjl-yWNtxt4X6wsDoaVeZYiFgCzna1n3sDmoQaKFHqZ0wAvfExSZ3PUxCWMWViBnJgHFMMoAaVvhTEE5dNMQ7_7Sk6kfDoamUcKpF6rKLZa_tOrQT5p2n_i5mLSaWXimoXSWDz2zsnVQGseUuFUbC8lO-iPYM4DpIxu4oRS7s",""
"|organizator prevozov v mednarodnem prometu / disponent - m/ž|kranj, upper carniola","ORGANIZATOR PREVOZOV V MEDNARODNEM PROMETU / DISPONENT - M/Ž","","Kranj, Upper Carniola","Sat, 23 May 2026 02:47:16 GMT","https://jobviewtrack.com/v2/InaPJ3G3Cw8xDrIa3aFTBQmgLgyYX0B6wqT89TU1KTq4HJAnndQH9L17GtSjExxlREJgOWkl90KDcnLSGJTWFaWEqbZ-nVgxJIzV2LTTFDIkyWm4UAtqaPcXW0ZOlYSyJN-gCmcZnWvZqa7y8m7DcrxV7U51Igy747ruNvtYDSGIQqMphR5_lWmF9iUeiYkgxvf1sdOGo_X2Z1YGwjtPlVovsa8ifwXUbLDlaLPqwqo",""
"|radiološki inženir i - m/ž|kranj, upper carniola","RADIOLOŠKI INŽENIR I - M/Ž","","Kranj, Upper Carniola","Sat, 23 May 2026 02:36:45 GMT","https://jobviewtrack.com/v2/2pjkPvsiB_i7vvQcnRUm2PGQWRz1TDecc5FMbjMosbPQEMUV6v8R7WPhXcPBJpb0r6fwo_0C0a8M53geJPgqlOvxVzWDUQ1b8R8u-AMofNjeeEv_eO_frj3IvT6reHskYXUCvPoGZOGE3d1Y-wPthXCpazFa77afM-f_lxE7dZkfzBX7zdJf5XGcikup68b2jn3_6s5_6KDMLGf78ax_Fb3etPHMzt5YR7GJ6BYTmOE",""
"|svetovalec direktorja - m/ž|radovljica, upper carniola","SVETOVALEC DIREKTORJA - M/Ž","","Radovljica, Upper Carniola","Thu, 21 May 2026 22:29:19 GMT","https://jobviewtrack.com/v2/-DrdNL-4Q6qWzNSnhXVp2oGhaVsQOnZF7eK1JgthN5OtU5q8zPr6NE1Upco_5d-vOnxLYs8pJswEaVcpmbmY2idY8M6vKi6Andcn1jo66T3Vxg8Cjtx-8gOPlAmTcCCShKjhPnlKYiAGNWN5mGFLX4YN57h9lRH7sU2qLh0MGl6NduZB-Dn9ymOQps1cFs191yzxk9o8qf5SGvlswrik-C7-m0nEj4We0d9_oT20_iI",""
"|knjigovodja - m/ž|kranj, upper carniola","KNJIGOVODJA - M/Ž","","Kranj, Upper Carniola","Wed, 20 May 2026 22:16:02 GMT","https://jobviewtrack.com/v2/BWo8z2apSrUEOT2og9hrdV-IRF0gelgFq83RhsVipPc-8mDaWiEZM1kc4DZfBKuJku_fq73LB34h5IC2LTR9kLsPhHXzG0YmX43OIeiY_UyAPvD93iyQwYFdHa2-U2qzo5qUGITZ-ZsFleUrNCUnZrrzMAkoyTe9HwzSMjNn27HIO4wWbWqHVDU53_cdxqft6PyHElR2Qu4TRwp2-bABtCfuMo38MNTIH8xVI8tbOA8",""
"merkur|koordinator (m/ž) podporni procesi naklo|naklo, upper carniola","Koordinator (m/ž) Podporni procesi Naklo","Merkur","Naklo, Upper Carniola","Wed, 20 May 2026 07:25:17 GMT","https://jobviewtrack.com/v2/UFtO2oFUpjbAuBvsF8KLTkUKCtmOn7nCoFKzOBHhtcZPX4ByenpNEWhgAYgdHNd0Pe1y4ub4Ep3hYB-HyDkiQsptxTl3Fzse03IMleKRwZMghnAKzJ5Tq-8cU4Qfht1Ak6TLeT5FCxwDH5iTqb2hIIEJUn5WGtBbXuJNcKzKQ1N8zC_CyNa-ALiAtoFU-ntl2MsclfQ6X0zZmkn7ge4Ov-p59CTbmfsqHaj9FV1DSEU",""
"zavarovalnica sava|zastopnik začetnik (m/ž)|kranj, upper carniola","Zastopnik začetnik (m/ž)","Zavarovalnica Sava","Kranj, Upper Carniola","Wed, 20 May 2026 02:49:39 GMT","https://jobviewtrack.com/v2/3-CG9bzfDg2r0sl4dez2iSG5srS9Bj9D0y7815O_7ivrYs615RA51EDyh3EtvWKI9sYkTKKCgFgrPWIq5yYwE0ahhclQugovfxyaAvRPsByOnvwxF9LGi5iiZKze69nQ5KMPDoEHDa5IFxnJC35lo_KSlW7b7GD8dbkxn2r_u1MJ1han7cciGf8qKyunVvDdtqlelZr2ad0FSGhDKzeDnc_VMgEJJtC-3-VQXNm3SdM",""
"|varuhinja institucionalno varstvo - m/ž|radovljica, upper carniola","VARUHINJA INSTITUCIONALNO VARSTVO - M/Ž","","Radovljica, Upper Carniola","Wed, 20 May 2026 02:24:08 GMT","https://jobviewtrack.com/v2/A5Y1DnFoAmsMLaDtvvvHHTD6a3e7FlsBt6qHKiNF5VdQXtUvjmNuzKmrMG5-N_hZCrhDo2W_dnghHRSnimATnqHK3XYxUFSdX1IwzxMWmqMxndWFGYQpt9TJIIdwKl-RlIUADBy6i7WQKHYh8S-gXWXnEZ3lBr9X9AVDUaQGTq-CFxoA-d0rNmsm6PznGiS8sqahYGuQl9Wt8WQ8493YtUIFrVdQQ2aY2SE3BiIXxwQ",""
"sibo g|samostojni operativni tehnolog (m/ž/d)|škofja loka, upper carniola","Samostojni operativni tehnolog (m/ž/d)","Sibo G","Škofja Loka, Upper Carniola","Wed, 20 May 2026 02:16:52 GMT","https://jobviewtrack.com/v2/KGAOeWFXi6BOUh91Eug881Mu3Ob7Z6vKikjUmv7uYke-PsP0Yi_hjNJCdYtpLl6QmaoVwTpMQohttfuezDUH4JyzGbmNtMqC7jLZ2rgm8UmJblMv31fk-NGCjOiWyn8qsDKrcjUcwQuBsob3tg8dwlF7F5IOcp7Yucu21ii8Lv75-IbMHpRdlSj36SOROzB4chbBFUHgXlfMdDFAx0M9MM4MBCeu_gJeYviZGotOBUY",""
"|učitelj razrednega pouka - m/ž|radovljica, upper carniola","UČITELJ RAZREDNEGA POUKA - M/Ž","","Radovljica, Upper Carniola","Wed, 20 May 2026 02:08:47 GMT","https://jobviewtrack.com/v2/e4Y5V-5TEY-50iGmuLahGxh19uDJMJapHX4B4OZ0Mr6FcjrR0yDB9Coy98BxuBSkab1b7oaKFTvFbhoWVdmencC6XWungW1L952elAcqefANtMSAoLF5E5MItxpmqfr2XzWbY2sMuLJtvOKXc4BFFPFM71WknXOPRLrYvkoA9BoXugE9OkG-_EkBcuvTqVPkoHhMq7pMZcYyv2taoXjH3T67WAt_xmWRaWyHvN0u0Cc",""
"mjob|razvoz in pomoč v kuhinji|upper carniola","Razvoz in pomoč v kuhinji","Mjob","Upper Carniola","Wed, 20 May 2026 01:03:41 GMT","https://jobviewtrack.com/v2/a4jK08i2a14SGjzrWu4Vhh9hY-XZEcgPVAUKItHVhnK-Wu0SJIxezqnCh4czTsSr2Q2QIHedOcwMy2M4tJ6DyVuoYq9IjLWEat8viPXflhxpPY_hW5-Eu9ySRC938hKFAXOOtk_77LeqpHMsMnkla2Li8uT1rttUhzcUph9tf04Qtlsj-4v2rZGsZzWbihPMauUEICu4AoF0je9xvdIa_RA7lzadWtawgk-0b_395J0",""
"|voznik, 4102 kranj - m/ž|kranj, upper carniola","VOZNIK, 4102 KRANJ - M/Ž","","Kranj, Upper Carniola","Wed, 20 May 2026 00:43:55 GMT","https://jobviewtrack.com/v2/KhJLNN9O1X-1lQ6fgF_wxzIpmxrmOs7AvgX_htidC6MYzCZT15VnbcuDHeU879C00Fapw3zEs2RulBsx1wY4tEk_gPtVHMObtNeNml7RwvjYLDwpE4s5PpUJrO5gdv4JScPYxBIl-ZIDe3MPhAZ0769oOM65yHBLtqbcBlN1Ke3hKX3ku2aWG-sl_2Zm0xOABUrVAtGW-G26wXCijM6Em2GLyIqfwzGP3zPfstMa0gk",""
"knauf|elektro vzdrževalec (m/ž)|škofja loka, upper carniola","Elektro vzdrževalec (m/ž)","Knauf","Škofja Loka, Upper Carniola","Tue, 19 May 2026 23:39:26 GMT","https://jobviewtrack.com/v2/7qLRkmE_rB9Cz9c87CCcz8EUmsHTxtw5dRjb9hlkIRPXezq_tPl1a2DGkYeie7B3vEnKv2RfMZY23Kvu_LBMQvajupAB8xfou2eEOKWH6MUYRaUL1hGDw_KVhsehNbNZRcq-2EBr08aJSV5hgSLRj9I1_5xnfqSwDg83funJktmLwPrr4sC1BCwOo26akDFlkdyTrGJasHzHsPNOWLudjvuj5Yo4N43c2plmIGYP05M",""
"merkur|strokovni delavec (m/ž) v transportu|naklo, upper carniola","Strokovni delavec (m/ž) v transportu","Merkur","Naklo, Upper Carniola","Tue, 19 May 2026 23:16:21 GMT","https://jobviewtrack.com/v2/pTGsMSrj3ZjQsdmAk1pAyiF4pibkNT1MSMrAKoPXpUnK-8yyGOsKzwJVCtVVBht38u40t0JeLuwUdG-i5Xfo4s-6vBKdhynqCOZ4R00jE5FMmtYHmbiDKlVsWsLkVpyVQIkYBNY5tNQ9ZrZ9KJEMfdBvqoyJFalNxQNQINrkOCLdkyJyI83y1vs_jKW2DtO9WdsPxWFTtNvukVAV0uvSh10gPiUJps0718Dw5B1lpkA",""
"|višji pravni svetovalec i - m/ž|kranj, upper carniola","VIŠJI PRAVNI SVETOVALEC I - M/Ž","","Kranj, Upper Carniola","Tue, 19 May 2026 23:01:36 GMT","https://jobviewtrack.com/v2/IhrqpGL_oP3DXAq9LabRr35kbGQe9JNn6Ap05BrlVVanxbfuE4y2jhMwM3NGWeGbA6qQBoQGjF2CapzBcTOSV_2xYTkbDGVscAz9cM3SiO7zSVPvquwO2kxeP11BWC7jygk3rjjTdB2sP2eRUOMcM1uAu0hIy99cCfnsVsF3OuQBZ3LGBS7jLASnzrLD1cBUT0RaafLou-Fu2C2bSptW9l9oNZImcw7BrQcfx_x1bJo",""
"|pomožni gradbeni delavec - m/ž|lenart, drava","POMOŽNI GRADBENI DELAVEC - M/Ž","","Lenart, Drava","Sat, 23 May 2026 04:08:04 GMT","https://jobviewtrack.com/v2/6r9-nFDp1A7_8V0xBLKChzPMJuAbsChZrSYFlYai0-rET7EZEhvBVlXg5-h4ngOcH_r-6xiRZpdpn7h-Hj87Is5iu13uCXV2DzVdklYVDV2sHAXfRoWLJdQwTeKe6oLtDs1XZSwqruwNY8idpAABKsDQrRbjLtVtHvt170OGCS-XpLWyH-Up-ivN1qL4I6coPHk5aGNe6w-P_Fi9d5KbW-9upalFHCP3aNf-DBWMfUc",""
"|monter ogrevalnih naprav na lesno biomaso - m/ž|maribor, drava","MONTER OGREVALNIH NAPRAV NA LESNO BIOMASO - M/Ž","","Maribor, Drava","Sat, 23 May 2026 02:49:43 GMT","https://jobviewtrack.com/v2/K1o3anUJ16n-aJqdqAuMJRpxAcOqfQVj0mUXIS7UQcNaZXyPmHXAjVtmsia40tVnX5s8bV_9ieoCF5chryLcB9rsYa5OKfON1Qgoz2nqYhKu9gKxamUT4jaQjK3ggu_9McD1DIsN0c-ZCjq0Pn4oX2f7bA6Hsl_2gJW3xeX-5K0PFRyhuncmuZWiCFF9HH8QJFYqUwEnrDyjyiBfl7Qq6XqvbxceOc111jEIE3Ux3fA",""
"|pomoč prodaji (veleprodaja na mednarodnih trgih) - m/ž|maribor, drava","POMOČ PRODAJI (VELEPRODAJA NA MEDNARODNIH TRGIH) - M/Ž","","Maribor, Drava","Sat, 23 May 2026 00:45:07 GMT","https://jobviewtrack.com/v2/jn6Hh6jrU4JjtgIe9wE4MaywK_Cx1X0mao1395aWRkDr8LIN2QMNP3Nk90abpfi89_7OwfxIKLUnjinAg4DwWRk4vNh2Sm4YyrXt2DG0OeCCmuTultj5wOwLEi1LgwqvkA_iBPAoATBZ9SUPkwlH1-JdH-amWJrwee_rukxht9XZfayKUJfws6KlEd3l5FPsqF8NoOFR7naB8tmf7KQmBo1qT7YK5ajAKtgg1HEoLts",""
"|skupinski habilitator v svz - m/ž|maribor, drava","SKUPINSKI HABILITATOR V SVZ - M/Ž","","Maribor, Drava","Sat, 23 May 2026 00:32:18 GMT","https://jobviewtrack.com/v2/Stme8q3u4Sl5eesdnbu_R0UFZENcpR12Hwc7FKnMRukrqsiBa50Vq7X7NUgYlnFMQpbw8-frDAvF-FSzJ92auQ_i-x2Ngw636-SwnZZptO-_GjSNKbx5qroyoK6wZJv7fWcNHqabpKM8JdCW1y5uDQ7f5-XvrSsnPm3byJSZ5rQq16EgCzRl8ttoLGNchvaL14X2fKpYWaLGO5e4YaznfCkKJ9mQu0BLvSNxwA6EY7k",""
"|višji referent - m/ž|maribor, drava","VIŠJI REFERENT - M/Ž","","Maribor, Drava","Fri, 22 May 2026 07:01:55 GMT","https://jobviewtrack.com/v2/VThh1h_pCem8gSdv57iE8OwgdxGjeZSSkG_Bnv2BtLqotLO9xRkX7aw_m8oVPzyK3dwO78PvdpTMPiNxAlY6rHl_VbOwsV8phShlvSS1k_yG1TVjMQjuzLJqceh7wbBOiDm4Vtg4Ip6ofbdvWqR9F5IezZ8QkHJ52S0a1QGfE38FBwcKlTJ9V8JBQqHPciHeNVLNJDYvpEtwtuEDrld4WBR_XsCfSQHol18wlgD7zcs",""
"|sestavljalec testne opreme - m/ž|maribor, drava","SESTAVLJALEC TESTNE OPREME - M/Ž","","Maribor, Drava","Fri, 22 May 2026 06:44:37 GMT","https://jobviewtrack.com/v2/OKg2nYpCuLGG5A5yIuvBAaEmTSnTPYBSeEvjX6CAVR3L7lvonCGyK7Xo4bKhzQGYaleEfogW-j4uDPGgRPgowcaZhmP6b0KS7PzO-rcR_MVt_KVK2yonvwOCG1Vla0TpAVA7DWtxhOy0unP5RHYkljxYRj32BAUQ2M_dfZTdySHNxC_kiwOTtqb5deFhQsyxVDy4NxuY4q0a9vbKYSRtwFBNYPo056-aJUphachd0Zg",""
"|direktor javnega zavoda svetovalni center za otroke, mladostnike in starše istre - m/ž|starše, drava","DIREKTOR JAVNEGA ZAVODA SVETOVALNI CENTER ZA OTROKE, MLADOSTNIKE IN STARŠE ISTRE - M/Ž","","Starše, Drava","Fri, 22 May 2026 02:13:02 GMT","https://jobviewtrack.com/v2/E3bNfT98difUB1eiLI0-zmr4QCUYf0L4qttMGea59q0iOP9RoThY3BTMI4VRY_FPpBQnQkG1DwJaFWitKz81YTx2rj-C_-tS3j8hD0sk4QTxfah3-2WAfZEUNwR1fwv3bONA3KYeaQ6ih5JPhzashc39g35BruyOwSvCN5ddsRa9i7lejJ-th1PDLCLwKYpng4Cod8clhVxz8xfOO0ZIt4fAfwnyETJbP8Q67eDBrCo",""
"|krovec / klepar - m/ž|ptuj, drava","KROVEC / KLEPAR - M/Ž","","Ptuj, Drava","Fri, 22 May 2026 01:32:20 GMT","https://jobviewtrack.com/v2/KLwNrAnughoPvh5_ZJ0iEepK0tcJxnv48dCl2JXdDr_o9mINHIOebqNbyPqjU2bHSd6X759BiSOVWnJ_Y5EiQjugXZeCn2jes1fNU0WzwtYB1AKQT7StiQT-YNt_PXs5b9qUoukgHs70Ym7ORwItAkE5Ilbe02uEXxObir3RxBHBE6pUmWQ63G1Igfk0aevgbT8oWReHY72SBMrRvkw6EoDai6yJOB4mfbkPeIfoXMs",""
"|čistilec prostorov - m/ž|maribor, drava","ČISTILEC PROSTOROV - M/Ž","","Maribor, Drava","Fri, 22 May 2026 01:21:41 GMT","https://jobviewtrack.com/v2/187dVTViDUIDabzDQwm1P983cmhTKx97EcGb-WgVolebZjbEDshbdPmlsx_MA33QjqirwH87qRHo960j2Dc94RJYbSOJtTd1lZSnQlKWL-JaXvmzyIMbyzz3YyYtN9WoP0hbpnnpgCIkTKyoKvrejOt-8Ssm9i4Bx_nX0RQahxtIvetmLHZmV-YzGzfQvp_vsN8N3z7CcYzc_geBl8l3473RK0IDfbEfnKPckyl0Awg",""
"|strokovni vodja za osebno asistenco - m/ž|maribor, drava","STROKOVNI VODJA ZA OSEBNO ASISTENCO - M/Ž","","Maribor, Drava","Fri, 22 May 2026 01:09:03 GMT","https://jobviewtrack.com/v2/OJDIwFwWTc6c0Wn6MbFLCZ5EfTnh40Eq0Sly5S267bUNExWICdT6kANJQmgWNgZCih5KKbiaH6W7UUhvTpiPsDcKjJOeBVNhyZGzADf_g6vWRDGR8G6JVxG4aLdX3y1xR_mE3nebf2C0CTZZw1KwrSxa5IyZscD0frBy4oWBXouK2e_gO5o-r1yI1A33Fp_MrdghFB-5x5K99mMNliE4cIclvT8yk0LynM90cH1UPWE",""
"|vzgojitelj predšolskih otrok - m/ž|lenart, drava","VZGOJITELJ PREDŠOLSKIH OTROK - M/Ž","","Lenart, Drava","Thu, 21 May 2026 23:58:17 GMT","https://jobviewtrack.com/v2/RxYNaus4iSO-ap3bG9WnnWUURuARJnXm1ySXt7LA9zSdWYBFG8UXp2Sl7XpGxwJYc3VUpom2IUcIBZRKeY4gXl3-bXlVjTM0PakGJd31cqeKlbJeZKRd0pp2t46Isq-Q_-P2Li6id6ouGy9IrgDw8sdl3L3Sv9KtAIPcQwfbx4cPkfMw-3dAsJTszZg_glJ1XqRKNSJj5ZBzJKir73OX51Ljpt77S_OGP9t0eF6mW1k",""
"|osebni asistent - m/ž|lenart, drava","OSEBNI ASISTENT - M/Ž","","Lenart, Drava","Thu, 21 May 2026 23:20:41 GMT","https://jobviewtrack.com/v2/zad0pvyr9_nmTPlUbJJj1hH5M8u--9VP7qMdVE7hhAjK_7zeUd6So-dqM5x_MqztnQs9SgQok6yqYybrOqSNx3lA-g_Cjp1-VhLA9Dg3eMtBkU_sMymdS5l8bqiSz8TJZh0soFXkCNkXXksMCDovB627fOEAB0i5WB2zX-FTNl7VWFHcsg5HiZlYK1MdhlWI6QQlHAYQ0IwlW_BKoScLiqSi-Ra59Oha_OaxYG8ZZOs",""
"|direktor - m/ž|maribor, drava","DIREKTOR - M/Ž","","Maribor, Drava","Thu, 21 May 2026 07:58:37 GMT","https://jobviewtrack.com/v2/Ft3Pc1M8ix5Bc7IPCKdlvhb9dnAXl7mtQ8zL567Nw-35CS1Gb1B_tz5gpbjWTU0gnRR-oJAJmXC584TAvaBViqpASlv7oJ1ylVa9Z0sLdIOCFxGJQHiOcvDw328ZsoWKYemOsG7Pn5bRLieGqkHqQyfgbcqA6XpQ03AFU0_HF8bBzRqNYhoMdC8l1kC0FFpDyYH6kmufj-cdDGUtq19z8fwAtnHhF4rr8TLoZDpyg2I",""
"|avtomehanik/avtoserviser - m/ž|ptuj, drava","AVTOMEHANIK/AVTOSERVISER - M/Ž","","Ptuj, Drava","Thu, 21 May 2026 05:50:16 GMT","https://jobviewtrack.com/v2/f0mk5Jwc5KW5w9Hocbz7u4DbDKIO5dly3VnW0vG1x8cf7kch5Pf_kOa2XAX7MMHd51Tz9DQdl3ra0vg2mE1bZeTjswlV2eOSJ7leTXO7-IXpr6Q9-iCoQjLaQueDGsOuWL1aBg7MefP7bQ2aHIM5ZmNQ9YUMBHGz82mYPxzuUTyeA6-Zu4JE3JfOReP3cnx7NNR9gWWWamkMoWewDCzN9od4dtKLu2RSU6VOxrLYGzQ",""
"|osebni asistent - m/ž|ormož, drava","OSEBNI ASISTENT - M/Ž","","Ormož, Drava","Thu, 21 May 2026 04:33:15 GMT","https://jobviewtrack.com/v2/2qWZgElOpa9s_H7yUC8G94XnUtycvabR6Qqpyp7JJuKjIcnZ77v54updCkCO8NqzOE4FAsakVUb3T5LN3SiFJSZVh9h2yB8zhKpbLZXahHS5zI1ws8EqI8EGB-u_PrnRvKzylGbWAdevUI6kPJMzgtuFj1lnb9J6AohENiArESwKezlPU8-c1mvKdqhSeL0GSTEkjTwhKvxCXRxYf3FkohRF3BCT_xFHzADn2hhSaMg",""
"|referent izterjave na terenu - m/ž|maribor, drava","REFERENT IZTERJAVE NA TERENU - M/Ž","","Maribor, Drava","Thu, 21 May 2026 02:48:22 GMT","https://jobviewtrack.com/v2/5Amnan3wTLjC_cfkyCpDCheOAOSNr3Ieo34-abQ5pGnFc4JOO94YLg0vQNaTgLuKERbAQTPkGmFiJOhx1P6yaSpMG0nMxkaMahhUVDFPAy6YD7c2_HzezWgaU6D7Q2mgfr9ZHw60U2VQxCe5kFmE14Qd1jXEoVJaxD5n5tOMN_KtgIyPHPZoiQVMCXUL6xmO_IgXYUASDIaHUgfYCavsj8lDGbDiNo8Lye32iGgt_Qk",""
"|računovodja - m/ž|ptuj, drava","RAČUNOVODJA - M/Ž","","Ptuj, Drava","Thu, 21 May 2026 01:01:39 GMT","https://jobviewtrack.com/v2/R4GP9u2sNsWthUui5bmuPfbfHp8ClnxYQmYCew_uE7EUowxShYviaavxSaHe-Hfrlf3D8plvhf1NQYQjezMKBGwDHaEFDYm-nWydP2l5NZbUVbpAXtP30IlxfRubSDcc3PN34SzmwlFiRmMoTc_ulNn8SR3FJ74W-BSTlpLOeoIcWZw5Lq7RFpvkg02ECyQ9ddGX3QB8n8ZldOzg9_Lxv5wvhsP-EdpdkS0gCbBCGxw",""
"|obračunski referent - m/ž|maribor, drava","OBRAČUNSKI REFERENT - M/Ž","","Maribor, Drava","Wed, 20 May 2026 23:32:01 GMT","https://jobviewtrack.com/v2/Z9QT8G4ekj5GDsh2H4knazwJQl9rSpX8spX7YtQ3_SAuvrcFaF4g_JXEFNHAISlTbr8cEZ3CZh4jtmLyConEOaYJUPLzs41aUJzxsn_DODrziiwgL88V0LajK4luoIUTpM779niwgSco4NMsjjey7E20dcvnTyMHsfYfB-sNtP1Ea3Mk-iHgJkHBTMY-MsqKxUxVsrKLR_MXVEXgDuvHGGWmg-fh5lNxy1ggJ3a8kpI",""
"|električar - m/ž|ptuj, drava","ELEKTRIČAR - M/Ž","","Ptuj, Drava","Wed, 20 May 2026 22:56:51 GMT","https://jobviewtrack.com/v2/oHx6-UJqmp5tvVIFB_YXqnU7VqVk5pW5qbeWcaLC5OCBC_ffduyOBX2994qpzxvSzB-YRJdWaLlspZsJDYL2UGyTsSuuZ_D488ZuZXD5rFdgbZqsHo4qenGt2vSIPRfQhioKErjVV2v1rp45qFUgcjeMRn1AJ_Z3F-pX6YyeT_g3AYh7DLiNCKWCHyCLRFz-pQpVJnjzENn0wR9KDCtk76R0oQDpz97KNtyVkwXoVfM",""
"soncek - mariborsko drustvo za cerebralno paralizo|osebni asistent - m/ž|slovenska bistrica, drava","OSEBNI ASISTENT - M/Ž","SONCEK - MARIBORSKO DRUSTVO ZA CEREBRALNO PARALIZO","Slovenska Bistrica, Drava","Wed, 20 May 2026 07:47:34 GMT","https://jobviewtrack.com/v2/MmwJ1NrznfRnudl0l1srmJS3krRBs3zU0wDTcioPeo99DKf3r0cXo05aEuOkZHX-a7AX0NV63pgwFbR2ZVC1hbRZ6weSAC_41v6qB0JNAqVlv5sZBLJn3hFhZxq_yuc7ud0_xZWwNyBi9Sh_fS2VXAZ-SkDvPA979h7-Mc3KKLmirYYYBulHKMp2XmcpwGU6Dyf9xElfLmIfqnTTam-MzvDQ4HjD9l_Sdcdper3d-Vg",""
"univerzitetni klinični center maribor|dms v it i,ii na kliničnem oddelku za kardiologijo in angiologijo - m/ž|maribor, drava","DMS V IT I,II NA KLINIČNEM ODDELKU ZA KARDIOLOGIJO IN ANGIOLOGIJO - M/Ž","Univerzitetni Klinični Center Maribor","Maribor, Drava","Wed, 20 May 2026 07:43:38 GMT","https://jobviewtrack.com/v2/kLR5OWwQ8KXw2E3w62iuwPhOKjQujOF3ciV0CfIXW3BEzT3XE8JSMlraOIBVXMGVvAx0rUoFgbvlQu7wy1gN8q4NqiKXGC7HAHhicWVSHVkvDTenyigxsg6MB0WsUxyCIVe_EkZjCUGfACoUP1NJf3ztSA4N9bsoRZ850pqAxU2NEtPor2eqaOQk1TMn6Qq_R0qiZID0hgRttX1pU05t8nsMD_VlamRpfjIo_6ue0ME",""
"wienerberger|operater na liniji oblikovanja (m/ž)|ormož, drava","Operater na liniji oblikovanja (m/ž)","Wienerberger","Ormož, Drava","Wed, 20 May 2026 07:31:41 GMT","https://jobviewtrack.com/v2/xy0FkLFStrEfk6CEz56ERCONA-_Ng05QK8l0fHzZIpfPfvytyxbvfM3CgA_fvvsh2fmLUU2UbRqV4KISjYla_MYJJj4QJ00DuIyFLSA66Q2wYd1avA3iyMDqfqh3sxq1QCvrPWxvhHx6vugdh_TEDKsgcsIwl-Sl0g0HExIG2MgQm2FbZCsKStkybhFlPT9TbdOWzgzXmV7YxwvbXPyVK2es9WP_K_h6khLiSmNtA0w",""
"generali|specialist za prodajo zavarovanj malim in srednjim podjetjem (m/ž)|maribor, drava - ljubljana, central slovenia","Specialist za prodajo zavarovanj malim in srednjim podjetjem (m/ž)","Generali","Maribor, Drava - Ljubljana, Central Slovenia","Wed, 20 May 2026 07:05:49 GMT","https://jobviewtrack.com/v2/mj4lPgsXqoW6FePY_XUW_t5gWpIn-_KfgdE0pH3gFvfAGYBPM5Zjz5Dnb8zfeMoZbH3qpiFX6nfMDylX9PKt8yO3sgedyIXuEiOn9eHREt3OgqQF6P2-aXu0LzOyDHb_Fdjj6tI0PkHGCQr8xlCiZY7ubABWnTYFf9d-n9ljQ4E5F0Lfe30z0aGgHEATrVxE6tXJENwXns553aykDjTOa_BrKrld0BEIhel2T258f00",""
"adecco|posluževalec stroja - m/ž|ptuj, drava","POSLUŽEVALEC STROJA - M/Ž","Adecco","Ptuj, Drava","Wed, 20 May 2026 06:36:01 GMT","https://jobviewtrack.com/v2/XVWw2So0F3z0b2RfeMoLVVldY4WciZefOfJWtRkZEWqc2btR2lugBH_IjkbbhoxQSx39k_CMj-UPqrWDTDte0XUNa-ta1x6U0WjSzOaz-9sqAfCY-8Jp03tSvV5spxjh_1J9ANvSkAvdyoTCwtu5ypqWAYMItYbpApzlEQDPfazpDt9RDPsMCSq03A1u_LfvjEYUxHP_Iuo5vuHWbxJotWFNZz7LeI82HbStz4tYVsM",""
"masterjob|električar v industriji m/ž|maribor, drava","Električar v industriji m/ž","Masterjob","Maribor, Drava","Wed, 20 May 2026 05:59:58 GMT","https://jobviewtrack.com/v2/TWKMKOusSDoMsCw5XaptMzlOxBUsFupsiTZzLt01o7Os_MM89WHJnFB9naDdLkrR3tHo1SqNsSuKv6I_UHzL5uGLytc7_VD2V9tRLjFwZcusMVw0GrDla4VQJATmGS7RyeLDAHOY-z8AUuEfOiOl8SQwpYsGjQmNoGNfHs2-ERlvyBA7RxEKGjLMQYQpGOBmC40yHYOJkL35f7wHz4bjODpVe13grnmtzY53YaaxMZc",""
"center za sluh in govor maribor|logoped i (v zdravstveni dejavnosti) - m/ž|maribor, drava","LOGOPED I (V ZDRAVSTVENI DEJAVNOSTI) - M/Ž","CENTER ZA SLUH IN GOVOR MARIBOR","Maribor, Drava","Wed, 20 May 2026 05:38:21 GMT","https://jobviewtrack.com/v2/h2FuNAb1GDrCepWtdgfat7GJFc7dnZQ-TqitInH0TMBESJRlgJNGtNUvAvRuOW4ni7ayYS4Z3QwHmk7Aisvy_KdMtrQm7RvnSNDjKyYqQZKsnL46Udafg-MygRRmNU2dDYzV-IGkoiqfXOMJGnE3QD3Yc1XQsfjV4dAQ9A0RepevUZn_PjJZtoAzi1ZxHjnwxFcntGa1yO0nd3REFpWwausSppKxPLOXgi-N-I6NB-4",""
"kremsmuller-slo d.o.o.|ključavničar za montažna dela|maribor, drava","Ključavničar za montažna dela","KREMSMULLER-SLO d.o.o.","Maribor, Drava","Wed, 20 May 2026 05:31:25 GMT","https://jobviewtrack.com/v2/SWbRZSJbTcoQOTKrnc96MilW6PEyGNERdclqpdhHR2iZXkZ4Iz04nshag6EPaoV5xlOGumG8c2Plk2i4XYedwLOpSEd3I043y9Sxi5Bk8GRu1xnclckp3O2UZJPUJG5xx-dfQVxxySBBsqvnEC1syrOIVeqa4Nj-QHu-m6db9IIJDg75PqTEASsWhM-MAqDFyXy57TzDZcMv0pkzaGrAJ7zF1ky4oPapPMirBPnAR7o",""
"univerzitetni klinični center maribor|sms v negovalni enoti v bolnišnični dejavnosti na oddelku za endokrinologijo in diabetologijo - m/ž|maribor, drava","SMS V NEGOVALNI ENOTI V BOLNIŠNIČNI DEJAVNOSTI NA ODDELKU ZA ENDOKRINOLOGIJO IN DIABETOLOGIJO - M/Ž","Univerzitetni Klinični Center Maribor","Maribor, Drava","Wed, 20 May 2026 05:25:42 GMT","https://jobviewtrack.com/v2/zE52oH0KBQcjfdkzDren5iLzwMW6BeHnElUwlBUNx4ij4lFFRu7KuhC6Qtbjr8wHEpQBkiF59J-rUvFAgMDVfo83lAv6OBhNqU5Pi7BWWDR7AAZ24PS8hABZ_CijUGNMBnkvre38IG5b8l7ZI0xT6e8Lf2hhQRCff2zkF_pi6h1B_WqY8YNOF-CfIbBFhgIQgs4Mwjg2kc7bW19Ve9i3eBmCjiL9wy20kMjXwK8nNPI",""
"|operater na liniji oblikovanja - m/ž|ormož, drava","OPERATER NA LINIJI OBLIKOVANJA - M/Ž","","Ormož, Drava","Wed, 20 May 2026 05:21:03 GMT","https://jobviewtrack.com/v2/6g51OnqQQ5wPAxVR7insWF-QUKhoVVRBftQSAosj1NMV29OhIywePVf_qeTEIxnmRksQbl-kd8nJ9S9f8CBd5MLbKEFSrUm71rVar3zBExbuXSpQBol_NHZuGy2616eZL2UVZqkXUZSQnqM56rCRn1rgXvc9vOZYntbF-xWpAXhyF5NVs_8IdIYVE9Gbvg_Wu1FvUuQItmzrHpG_cNVgor_1-hM6pKEZOC8KGvnxosQ",""
"|tiskar ii - m/ž|celje, savinja","TISKAR II - M/Ž","","Celje, Savinja","Fri, 22 May 2026 23:42:15 GMT","https://jobviewtrack.com/v2/sEz0WrYrKh7dDl5nPsuqtjIHrqYKN5xUqpw9NsVriCVk247G87iSiBH1T8oy8zapWBiZFyu9vCXruv6boTqxmW_HGZTGpgPvk91WeSgyrVwKGJM29Qt34nvuoFThBulWnfN_HWrhKfd2HxSJnv42VCf7wSIQN8b6GtBkHz9copC8WjBTdxn4h0zyEuIva7Bco8_ZFPHA7zRPAbg81jGvA2u6X4cLdZ45wJUjuIQF4pg",""
"|strojnik - žerjavist (m/ž)|velenje, savinja","Strojnik - žerjavist (m/ž)","","Velenje, Savinja","Fri, 22 May 2026 23:33:38 GMT","https://jobviewtrack.com/v2/MYxacyyzbGEHbKyOGEXKdqftPwSXcwGzIDZrvWmCsZ9qZLFQtliFqpd7d9Yj0NmYSBjXnLGloMIoVBW3-Gb9xqcCk6oUI-jEMP35bVVYa1qAYNs3avH-3MCIW46EcTdQMLtBfFV1HVB6qFJZhbtJA1zHWbUEjWNr8vfcRi4ZdRniBzxwMeRfy23UZg4Yhcw7zGdHhruEA1otR1r3oSavfbKE5O4s2PxuEu7mP4qjZSQ",""
"|novinar za tisk in/ali spletni novinar (m/ž) honorarno ali študentsko delo|celje, savinja","Novinar za tisk in/ali spletni novinar (m/ž) honorarno ali študentsko delo","","Celje, Savinja","Fri, 22 May 2026 07:40:32 GMT","https://jobviewtrack.com/v2/u5OES235rFe1dXkTcs5KfRY_DH17mcmHqhbKDDUORdS3PBvWYMTtTbz10vgbtb4CCJZmC2aRbQJ84W375vi_Nb2aWRV1eVp_bPG3soN9xHx-LT1g9oUyY2whq1y92ReO-L60bSB4TslFUGmJfXF54vFcEcm3Fo1E01-XH_gF8xBhjNxW5RBgl4sb2ZI1eRVzaeLGDhPDl4vI7nxjNxlurzlMNpX09qyNQTPoh8Fy7lA",""
"|osebni asistent - m/ž|celje, savinja","OSEBNI ASISTENT - M/Ž","","Celje, Savinja","Fri, 22 May 2026 04:09:15 GMT","https://jobviewtrack.com/v2/ZwRS6gGLCtE-M4BUOl_NxxCRXkug62wsMBjR8f65mxc9TNhKBIK-dOkAb8i-zw2-g0cDGk5rQ5pjfr_pQgIQ1fxBkDK6-6jz5acQCM6WHlbCNiATo5IsvORXmxbC0USMUdiYcGsWHT9-fgfvoYGQtF_e83yITtSRAV1n7te6l9M5vK8C7oHVLscPe8KAShKeILEA0yvIDOMSGL9E69t0BQKN_xWygm5xBBL7tKM4Idc",""
"|strojevodja (dodelavni stroj) - m/ž|laško, savinja","STROJEVODJA (DODELAVNI STROJ) - M/Ž","","Laško, Savinja","Fri, 22 May 2026 01:29:14 GMT","https://jobviewtrack.com/v2/JNoT-JS-ClpbjSpuqivscioCjC49owULX6Vs7v7AwdxedmixyDK06mCmz_XtjUXRv0UZBCKvYFvKliEtYs0FgpIwxG4obEuxFT67GKoWz0iQ6nIk7y3nHcr-er49WM0EK9Gf83DzZf2ACWY_M_1BnB0kQxqnyIOw2rsIRFmuGW457QvL-CQgCkiwtM6xe1yMr3kO25JDS6MxWaHIddNY_oPg2Z7E-4Uj-s-TzOgevBo",""
"|mahanik tovornih, preklopnih vozil (m/ž) - m/ž|slovenske konjice, savinja","MAHANIK TOVORNIH, PREKLOPNIH VOZIL (M/Ž) - M/Ž","","Slovenske Konjice, Savinja","Thu, 21 May 2026 05:47:28 GMT","https://jobviewtrack.com/v2/zjeXgH_hxi4ZjKTqIZDUi3EGZvwUxFdTOhG_PSa1eLjVH5w48YrsS8TO99GBJ1KjfkqYclk5_YNrNEjzpGpam0PGJB76f4CsZSg_RtASQgTJfke5uurgl0wKnWN5qypi-vTcr-hfTCMEJktpXnLXm5S7g18QUCa8kzl6C7UrnyY-e0r1QV3TnlRWCz9_D18q0ybHW3mJCwdCfg28iTs5bTpj9M6FOv-_Foy05Ou9nHc",""
"|osebni asistent - m/ž|mozirje, savinja","OSEBNI ASISTENT - M/Ž","","Mozirje, Savinja","Thu, 21 May 2026 01:09:23 GMT","https://jobviewtrack.com/v2/Os0ITs4oQJDyxdY2vsZwBebo6PpUyJ9QlLf-jEu6o7IfIK3VCDSmkMhsWUkfnvaZ8dOz7X61p_PtkUUZDalhEXrju2nXiY5aMUmQTwf2dWFvifKwTqROzTgdug32BYSwuxx9UVCE1QqJ9OY8OS0NZ5izSQbTPqEfxBcFuz_Bki6ghnpk5fdN6LPjyKsV9bU_gAlYCnmglF3fabqSF0gli8GbakvIP4Rzva4bYiR-bL0",""
"|strokovni sodelavec vii/2 - m/ž|celje, savinja","STROKOVNI SODELAVEC VII/2 - M/Ž","","Celje, Savinja","Thu, 21 May 2026 00:33:51 GMT","https://jobviewtrack.com/v2/yAwPQua1E7QnB2P2dUaOuh4K0HbsjCC5w9gv4F3zNcc6oC1ZhbNCJBXkdPbm9fomexSWxiqyZ9JDJMJegOsyymAGQ_rUsBP6mXEaN3l6pIYDNSfIMQzKfLoFhGVxMh4OT_nbiFPFKm-o_YMnpk7EX3yLjXNo-w5I1zsr0BexHfImCffend1GNjrcjBgDXUzGAWzzGr0EFs3TGEENI_U4vk0o51fqxj2wCo-KMGTMe-Y",""
"|monter - m/ž|laško, savinja","MONTER - M/Ž","","Laško, Savinja","Wed, 20 May 2026 23:16:06 GMT","https://jobviewtrack.com/v2/Dq2tcUvDqvHTpVWOKOsFxdE0lzBCGyi2wSdy6k2dU_0T6NWVTloQg1X5iOhXy1JlXAUTzHf1VeLar1bqmD9DOGrinhfedvj0mNW45wD1682TI3gtflue2wWRIE1hYZGdZG6C7VjBdgfvtQ5tf3Iq4-2QR13aM4uGkn8PzNDiEDqpFf7akHIomLQoaVwo9nSEqL2tHewq07Uy6IVgP34n1YhLz4jh02bbg6h178ka3eM",""
"|docent - m/ž|celje, savinja","DOCENT - M/Ž","","Celje, Savinja","Wed, 20 May 2026 07:47:53 GMT","https://jobviewtrack.com/v2/AYSwn1h3l5xfBvU1R43zJNZnMMmY2bZVZdHjYGqDQ6zrmVP9HRB-ffSxsGmjJUWO-87vLhBcBxdn7zBOG5qMDXPRJQBSst1O81iZds-fcS7FKXtR6Jx1YaKpQLTYsxx0BJggHV1jVUPRjoE4q802Nmjy4RDseGGDapH-Xkibb1eLvMWTElLk6WCKfLQew-BcNo93MSQryTY6Bt1O4G0GJE5L7qqXanzR-OLm4pel3Ps",""
"|psiholog - m/ž|velenje, savinja","PSIHOLOG - M/Ž","","Velenje, Savinja","Wed, 20 May 2026 06:44:45 GMT","https://jobviewtrack.com/v2/itDcyBBJKAQdiEa-9lvvatua4HrVLVFoCgryghQqCd-hwLpZusQ4-lwzeje_z2U71MAnbD3dXx_qOHPfYpB_Z0WlO_8rCuzkZUKfD_Aeo4LwTojf8hm9mSx38ezAvt78Nnrm4ivrcHUA63HmAjmOdjvWory-9eZYmZCEtA39wa3BNsbA0IW4hpCbVOTWzFdcYo19lr75ktVoxQWuO0ITYuo1JNbBogJYC_4Nh6U5y4I",""
"|psiholog - m/ž|mozirje, savinja","PSIHOLOG - M/Ž","","Mozirje, Savinja","Wed, 20 May 2026 06:41:34 GMT","https://jobviewtrack.com/v2/GDhnmZJdLU6s-eVB-zInsR0BtckNA0WbEGWr9XFmp7IdOv1uXVoySh7nJJbrsoE-xqZXQFo-_MQ5LGzBx-xDuB27PhNPiLpzOJFo2XJ2IYWsYEDhv72kmdXyNl8mLMjHgrdGrOnvyCDPS2Co0cKpp07lItlS7DvJveJN14uQEvIMJPua2yF43qIEwSnhHuwZgVvdawpCg_k2pWMZ8LzRue408-PJ9WD-CH1aU1vcXOI",""
"trenkwalder group|viličarist (m/ž) v okolici celja|slovenske konjice, savinja","Viličarist (m/ž) v okolici Celja","Trenkwalder Group","Slovenske Konjice, Savinja","Wed, 20 May 2026 05:56:57 GMT","https://jobviewtrack.com/v2/aeNTBfIq_QZRDCH6Q0_8X9ZJaUCos9p1foxQnHtUypR45cJEDWuFTMhL5cVKbgwlLkgkKlj5OVcMwWE7tRsRglh1M16-GWYudDYdImucIxrCwwdyr__0GXIvG_Ax5LfeG4jywyDIpHx7EDzaSnTBlj38lBMpzM-cvSOq_EbGnC4cRdUKdUWj0xIyJCMjecHOu4BM6nz_pRvDss0XzXgl7tuxujBZSC1klL3yBNSoHzs",""
"zavarovalnica sava|zastopnik začetnik (m/ž)|šoštanj, savinja","Zastopnik začetnik (m/ž)","Zavarovalnica Sava","Šoštanj, Savinja","Wed, 20 May 2026 05:05:58 GMT","https://jobviewtrack.com/v2/fuIR0vluJ7A5BG3vHnn_uiTPfQAyjJnb_i5PwGUoDzKwLWw7xrlpOU8zubqexcTqqL6t2cxfjnxIOKdKy5KDiyU3vf_tz_j_2WYZuok4x6tCK29v-omU6xIncytloPPqJzREakl3VJtfxxjWBH2m1K8EKxo3YrKs1QClGxNQ2JESF-_7X16IFj45PUK1xdO7nnjfssBEVV5-oHiBzclsLc1f50HPO-qH4EKDGEhtxC0",""
"|računovodja - m/ž|žalec, savinja","RAČUNOVODJA - M/Ž","","Žalec, Savinja","Wed, 20 May 2026 04:28:22 GMT","https://jobviewtrack.com/v2/eYjn4r2mV74m18W3I7Z12tf10DhLyWYZIPcR0B3OJiz-Eu_m5ZRRy8jMEIaJlQm1JTd97bmvUHZGUMLNUcqIJbKMrtPgrKOqhAdacYFXZfPppdK_ya56POVPgKG525DLxG3hsohID7zVD8VC5AKeNOvpPspOaNxk21wr2cTqqUUmusjAFdbadjDj44-P4d-fGbjJu56lmWkSXCxAbNPfncftzFxETExiRe5D0bbWwSU",""
"|receptorka / trgovka - m/ž|šmarje pri jelšah, savinja","RECEPTORKA / TRGOVKA - M/Ž","","Šmarje pri Jelšah, Savinja","Wed, 20 May 2026 02:37:32 GMT","https://jobviewtrack.com/v2/KKjZRGFocXePonmouiGj19N2yYGzOlFV7qy_Cj3jYYOK9JlWIcDROtqVWjwVedP9OO20duvm632GbdeTmpsMawDHwE4LyI2aID9qYcHl27BC_Psqa8R0jxeYuXcbkwcAvc8pMeMn4s4hVbx1XfsBBTitDzmE8JrFMzDxxRRhMD2qId2vFAfvyorflPiooCnqp_GfDyzcsrn0o5MrpduQpsXC1siE4eabcYQGG0SDxmc",""
"splošna bolnišnica celje|srednja medicinska sestra v negovalni enoti v bolnišnični dejavnosti na oddelku za splošno in abdominalno kirurgijo - m/ž|celje, savinja","Srednja medicinska sestra v negovalni enoti v bolnišnični dejavnosti na oddelku za splošno in abdominalno kirurgijo - m/ž","Splošna Bolnišnica Celje","Celje, Savinja","Wed, 20 May 2026 01:34:33 GMT","https://jobviewtrack.com/v2/g2BoNy9ucxlYPQazycSDH7fmJ9dVdOQorvKoWYqBZNO6sNELtUMpLTcE4kZOt-lU8tdUSHgXCPX2C9D2LCsX39hCoMWavQhD94WQ_e_yf0eRk4ZgmaLTVGwlead7N48viLSiM5f6mpbtmgGfjio2hRcW7bzkm4gwj04XFZYswMv5iCSalnsNKK6uhXyftbo9aBWjzB_Ob9LQWYw15TGp2cxE8nH0nydcEkmDMOzuTu4",""
"pivovarna laško union|izmenski vzdrževalec (m/ž) - elektrotehnik|laško, savinja","Izmenski vzdrževalec (M/Ž) - Elektrotehnik","Pivovarna Laško Union","Laško, Savinja","Wed, 20 May 2026 00:27:35 GMT","https://jobviewtrack.com/v2/FIhX_NB-Px4n5fRRGCBi2FDiaTTsh2yMKFPOug5kWj5M-el-fvfRng5zQy_Qfj151QVU2lqjy272QJ09VMho-zK0pWod6XFdWN6ZI1BtMMAwYYCc9xsxYU9Fvp0FOko-J81WH6YPobQ4lWO2JkPaMTK1QOmmN5Huj5WG6y45X5oDhXKGs1VZWRdJb-vJ2PMMz1OPD4YRa-ZVaSnpATZbTuQPtvog6GQqny5h-kpc25A",""
"trenkwalder group|upravljalec linije v proizvodnji (m/ž) v okolici celja|celje, savinja","Upravljalec linije v proizvodnji (m/ž) v okolici Celja","Trenkwalder Group","Celje, Savinja","Tue, 19 May 2026 23:48:10 GMT","https://jobviewtrack.com/v2/daZuFugXNgs6HzAUQnoYHMXtQSPbIusaZIsnO6x0vN38bjyvtpletPckZ4dniTWyCzxP1uQxrwzIjXr9mamk-aDvd-Jt2oSywhdWdxIzsbsxunjZNP4-XpuZ1MeerDNUzhAKKzC59JRnnzyydoBZEqmVjCfeZQS78kyaK99LmV1FGkF6woF1XT48Ha0pbN2KyI0oYcskqbNsvXMZyIENwDhEPrRzmCZqcP1Z6j_lEwE",""
"biro ogis|tehnični nabavnik- koordinator m/ž|celje, savinja","Tehnični nabavnik- koordinator m/ž","Biro Ogis","Celje, Savinja","Tue, 19 May 2026 23:34:51 GMT","https://jobviewtrack.com/v2/ONwBpdx4MKGPwNqK5JNbBwkVmzMiBeG0O6OZalZTzv8iMEviBdLXb9LBSx8VzxSNaPt8R2mtV6rbMaDVjJGfvkMF3sOBRiGDUXFGu15iKuqjivL7q8CrllVh1vnF7IPA4BLRCn6-HOYoOOZbpCMRBJVZ04GWvVKKhRT9eEZwGQyFUkVv0QQufFxlcdLWlC1mfOouplM5dye4KxBrX6m8rNnM49FPduE8SQRLPQvAYIU",""
"|čistilec - m/ž|žalec, savinja","ČISTILEC - M/Ž","","Žalec, Savinja","Tue, 19 May 2026 23:26:23 GMT","https://jobviewtrack.com/v2/xf4ooaNlzfhm3J8jDk-jB4WB6OOm5ThOgVcri3SK9tsPrm6Leso-_K1JYt4mrF3rR-ZDQu9kpwrAEeahpCyLPK0qsPAmF_NypTDebpHJNF0lxI88kuQrlrM4Ba3vyxumwnV9Oj0Az2w0o7DL-s2Cx4JSBcAbcgM9L9nSTTM2q-643KWuEDu4037lIEDIIgSM0MxO2I3vtx2luyb4Fr6SKc_0ocLsTJGn3h5TKYlKUf8",""
"atlantic grupa|pospeševalec prodaje (m/ž)|celje, savinja - slovenske konjice, savinja","Pospeševalec prodaje (m/ž)","Atlantic Grupa","Celje, Savinja - Slovenske Konjice, Savinja","Tue, 19 May 2026 22:45:05 GMT","https://jobviewtrack.com/v2/eOZp3NKeG7UWpnTWT41uavLx29ZvzS4UUFv0J2WjEy4BpA0QR3opMzCKMGgilky07P69fXsE_sBrXUVBLnFRgyyzjnmjGs2A6sJCLrY3jRj2BL2MZtSG2N6iqrOOi_8Hrc1UYNcl7IxvzQYKdTnJU7Opl7rejqcA020TMxsClOcbyCTzjaaWLFRM_ixAQXOpxfZATGUiyeorMMKalsaYoRCZM3FvWa1wpyWzVKua5K0",""
"|dipl. medicinska sestra/dipl. zdravstvenik - m/ž|novo mesto, southeast slovenia","DIPL. MEDICINSKA SESTRA/DIPL. ZDRAVSTVENIK - M/Ž","","Novo mesto, Southeast Slovenia","Sat, 23 May 2026 06:20:18 GMT","https://jobviewtrack.com/v2/zrAGBqiNnnoeTkmcf7gcxna6_c8efdiqcmJtgQl4jwwLEWDEVK9MRxhxjn_AS2U1tq9kR3adhBCL0Nt9cQtC4cmV-qyujnl65J_ddhY4JsYNSGtcdOnrnKSDQF7xyhOdp9c05LiwT11WdyBj7gQwdCQVMa55li-5ecuz_G1RJI-7osiBumap-54txtZ9gMrqrUieM-4_f43MTN6nIgM426W2fCOGHncJiAtSeUtG2sw",""
"|vodja gradbišč na področju vzdrževanja cest (m/ž)|črnomelj, southeast slovenia","Vodja gradbišč na področju vzdrževanja cest (m/ž)","","Črnomelj, Southeast Slovenia","Sat, 23 May 2026 05:25:08 GMT","https://jobviewtrack.com/v2/wAswl78KgijQJ0DvD4VoBex_Tuns8MezXpwwS_5PPsKTzLOelWwAbLXtcKe70VRZ2-eQCTD6G5eQYH7UIR6VadTnu2w3-3kwOzSEPmEfmHKVGjQjqy_-MzK1A4fCYNtL6c_EIy0jjCzEoFbfv6qu75TwhRMTrkU6CdxWarg6CXZ1Wy3_L1Jq0tFnWcGw3zD2K1jPcrLT-yORI4x4UvVN9iqGgulGcoprEf5uEVm90oY",""
"|delavec na prometni signalizaciji - pleskar (m/ž)|novo mesto, southeast slovenia","Delavec na prometni signalizaciji - pleskar (m/ž)","","Novo mesto, Southeast Slovenia","Sat, 23 May 2026 04:06:19 GMT","https://jobviewtrack.com/v2/KWE74i6ibMHmQVFE_4eg-0Lkhgu8OHaS_s5fAAuPwBig_5S8IUxojbgzwE0FcEUHPSFjOTD1_HKDrAYwqSQoNolhFpECAfmhlAc04xRbJJVFoNZVsPnm9Ls_2L2qKYpn3MfuBbd44HydClGTE-ct2eq9k1rYcyTJ1hpzOHjHk0bXPzsB5_80Ew0W-JX5EkoZ90cXwFuVNyIr36AxHwN5KmkTq9Emertz6-coctFJhxM",""
"|samostojni nabavnik za podizvajalce in kooperante (m/ž)|novo mesto, southeast slovenia","Samostojni nabavnik za podizvajalce in kooperante (m/ž)","","Novo mesto, Southeast Slovenia","Sat, 23 May 2026 03:51:38 GMT","https://jobviewtrack.com/v2/sYQBRYLQK6KlM2dB06ziUJnnjniCalXaFl5aggWgGBmELflLKbzf10LbhMed82pUic9O6mOrHMl1X9M9PeadZGr6RqMNk1l8ff2VnheBtApXM2RrLNcYkn4uERtue-ic1uM3q-ViHh35JyvWAF5K_a-JbS74w0oTcTWmsmuJSbFJXBYeJAppAfqALTHHPfl2q9aa9vq-kuHRNDo1UQWVQOT2pSay7o48lHKDh2phfwY",""
"|asistent z doktoratom, h019001, m/ž - m/ž|novo mesto, southeast slovenia","ASISTENT Z DOKTORATOM, H019001, M/Ž - M/Ž","","Novo mesto, Southeast Slovenia","Sat, 23 May 2026 03:29:43 GMT","https://jobviewtrack.com/v2/WF8Jd8pwMIpGLAEJ3jB_IuBVyfS5yZqK_teNYENkMs1P8gdFpifTDGHHSQviovYPLIjVekOU6JVSaL3kI40zEM0cLM1YddOLLnsMoQn8_yEvZSxBWpKcRRQRjU5FCH3d8PGlmJZOARo-b9xMs-4WRfKEptOdNTFR083MBjYsVbaWR2_lx4T957w_OHmntxZrXYJl04vIm2K2ymYpEyaumPZW2pmSSsxDxzz4m35Rm_8",""
"|prodajni svetovalec, metlika - m/ž|metlika, southeast slovenia","PRODAJNI SVETOVALEC, METLIKA - M/Ž","","Metlika, Southeast Slovenia","Sat, 23 May 2026 02:48:42 GMT","https://jobviewtrack.com/v2/qknhaxqRwTq2m1H5xWx5VqVQa8lq7Zp4KQCXru7tmG3B74CmVi-vdAMEi5jh1i7gQ2lM6X7cv2ilorKbjfXWTRxCnPJkmlenPEy5scn8xIWHmDYKbJkiqiYBDd5pePSCrc8MZLwm4uEeycJQUM1HiWxD4UVVKlRqhF6YpP1n_2Iu3ID-AGSFnkWsv_neqlRdYr2THHcTEpsPj2ym9CQeuYo3a2sGQL72Qm7-bJygUDU",""
"|voznik v oddelku vgp (m/ž)|novo mesto, southeast slovenia","Voznik v oddelku VGP (m/ž)","","Novo mesto, Southeast Slovenia","Sat, 23 May 2026 01:29:51 GMT","https://jobviewtrack.com/v2/jNMhTzvh9mErT0nktwE63bY_l3vljqI67qAJEX4rPhkrUpJTBjQ0E7VF_tB2nUtxBk14rCY4cOh85rZs_Ih5tjbfuMbnzJm0QoGNFpJxOhmMW8vSrG92BVQO2Xj2DqfIfq0e7xZ_NfHJ2i4iRCkttSuPqrecVmlRjz2zvECMUGV9UoHhsfE_bvEa6vlxSl6yLKstW4qljjOCf5Bh23HLu1WYUam8Od1L0P6bBK2x-1I",""
"|vodja gradbišč na področju vzdrževanja cest (m/ž)|kočevje, southeast slovenia","Vodja gradbišč na področju vzdrževanja cest (m/ž)","","Kočevje, Southeast Slovenia","Fri, 22 May 2026 23:33:24 GMT","https://jobviewtrack.com/v2/zQfyLzSOsDZN4hHna8gI-XBiyy-H0Xp7uPPYoktmvZFo3OfIfdBUnrJN_Z8bKzOiCVPOzH0YEzemQ2ZfX8yr6l78e9HAw5ZKvBzpUQV_fYxP7rhPeCV6ju7fqw-OjvmbNxbuI1Vxh_z-8u1U30cR_cObimSEdAsao36O3bTxHJPW_cxY8MfJ3SioyL-zvFxaxmwjshpCayxXxbgQsAmPEYSYOIOyO3I1fQw7m3NAwYM",""
"|strojnik na področju vzdrževanja cest (m/ž)|trebnje, southeast slovenia","Strojnik na področju vzdrževanja cest (m/ž)","","Trebnje, Southeast Slovenia","Fri, 22 May 2026 22:59:18 GMT","https://jobviewtrack.com/v2/EJM19J0hPZvIKcEK9tt4ZgSw4kksvxlFtSPq1-Kam7lBXg8vOfgMypmPSKo4VIlvFOvRupig3kXg03WcUTdZttmzvvzujawi9Hw4a983Nc041Ijj1CT1tzCwr02ybdTrQcEU9oKUZTo_KWDpTJ9jP2WWwM2FfZMqbL_sc6rj3dRDWBYFdV-mhxCKUvRemdlLIZz26BOG8DCPMhV84SUy9_5pPY3bzE_y9iacKwo0Gj8",""
"|pomožni gradbeni delavec - m/ž|črnomelj, southeast slovenia","POMOŽNI GRADBENI DELAVEC - M/Ž","","Črnomelj, Southeast Slovenia","Fri, 22 May 2026 22:17:50 GMT","https://jobviewtrack.com/v2/5XK0XiSCFipnn2UuuVkJLaRrvmd8MWWORHHbRe24IEY6CdIKnjoGXxszGohEBYYDh6xx5Hk9fpaRurCa80oCG4H7D-qZRAcBSqodB1wNeHXJFCPOt0sr2wIAKtyWvNxeFFDUrz9aRvvYkmruymuMgI6dfpDivbDyy9otIVXrTKsW4LYHNV1P3u8EayjPnpOAcXn-fgZjKhG6vc7KQr7BQEmi83KRmr9eM9tKq5QCbT8",""
"|zobna asistentka / zobni asistent - m/ž|trebnje, southeast slovenia","ZOBNA ASISTENTKA / ZOBNI ASISTENT - M/Ž","","Trebnje, Southeast Slovenia","Fri, 22 May 2026 07:25:56 GMT","https://jobviewtrack.com/v2/Yy5DumjL7MkhNFuFradA54WKLSWw8Zx3Ee0fS2SUoXgYuHLlw63fd8JyRWe-bZoTj4bdZnbOQ2J17FH37aLsIyG99iCZ3xQx7lVGVpHpq1cLL0USoR5M9BgVawofWgAIt-mmQPZElGJa9bYBdLam_3Z80HFOqn-Eu2RlAP3HAkUJld-rVP2Xb2615Qc5HxgM-nGi_uA9EuvJ3iFTfSS7-eL5MIzU-o8DCwj-SkVEOQ0",""
"|voznik tovornega vozila v mednarodnem cestnem prometu - ponjava m/ž - m/ž|novo mesto, southeast slovenia","VOZNIK TOVORNEGA VOZILA V MEDNARODNEM CESTNEM PROMETU - PONJAVA M/Ž - M/Ž","","Novo mesto, Southeast Slovenia","Fri, 22 May 2026 01:56:00 GMT","https://jobviewtrack.com/v2/FQMuxJzSk4u5EmWpuIu8VfSR-5mvsmdKUgStBJEYe4FLMAFJEyFMZ1s3CTHfmRAcFeK27TWwz1tyQXPJ1cPtEKpuwX6d4f8zdx2hyfumx9g_CwSKhWjUWNfYluUt2gHMrn85pkDCJOV84XA-yYsJKdRa6LwH_zi_weOC7e4GBnQr_W4RnOJDolRDVtBhwYYLa8EmTfg41azlRREBAMqk7y26yXrot6GZ2hAx7wdn55E",""
"|zobozdravnik brez specializacije z licenco - m/ž|trebnje, southeast slovenia","ZOBOZDRAVNIK BREZ SPECIALIZACIJE Z LICENCO - M/Ž","","Trebnje, Southeast Slovenia","Fri, 22 May 2026 01:41:17 GMT","https://jobviewtrack.com/v2/DDMHHM6apOHFuWxxEU-h0_QnimU5NNN9zzYjG5XmYr8ONZd2SJ4z1eVhLY3EMhzVNsssE4s2pb_Zmldk_O_Q3dkUUsh6P65GGO1m6zyDgHfAwsNmkwuAJOmKkTPrpmaztX4ukegcCYd-QTmfiFtHpqpOONgHrAjHoBMImpWok_MWRl_ydm-oZCbD10ju5sOyy_1QO7gRzzIdKf_V8_h1NtsvACABY4N-6PUHoqmkHBk",""
"|voznik tovornega vozila v mednarodnem cestnem prometu, avtotransporter - m/ž|novo mesto, southeast slovenia","VOZNIK TOVORNEGA VOZILA V MEDNARODNEM CESTNEM PROMETU, AVTOTRANSPORTER - M/Ž","","Novo mesto, Southeast Slovenia","Fri, 22 May 2026 00:35:27 GMT","https://jobviewtrack.com/v2/p0SvRI0F_iUkrq3BdhuvDbUPYJCeYU_VlTS3PE6nq-kP6RqyaabtU1EsSrB2YuVhcga-KJTzWEwk_v4jhecVh49ulPxMX_HJpl0BOnhSK9MDxqql1gkLoJmsBEK2h3TsEW_L2e3Omdhn6jOj86hvROR07Hx4-kwd7cf0i-5JgDVjtjRRs4h3WmL9SXj7zabPJ91AhxbQgSnhfx2QhZSTqwufFh4iakEY19-mFAGRcrE",""
"|pralec vozil (nm) - m/ž|novo mesto, southeast slovenia","PRALEC VOZIL (NM) - M/Ž","","Novo mesto, Southeast Slovenia","Thu, 21 May 2026 03:24:41 GMT","https://jobviewtrack.com/v2/vLqx6auRHKhSuNG71gb0k1yvF09y2W-lIObg8T9RzhLp5Ug5ooVHkf-JxF-8khQIhinylf9wFQ499as3RzvNKDW2uInnQxMI3TH1v-D2fYsRBeb_CK1jkQIKjK0DEzRY5OOSUdR4a3X_gSGnTyXQZ-XepnwH8CY8XNDeWPbMDclhrSggmkFSmhLH6D6i7IXNJ2mUYc_IFooc6ZgjqvngRSsByOSSoqsBAEBSbBRmtT8",""
"|pomočnik monterja dvigal - m/ž|trebnje, southeast slovenia","POMOČNIK MONTERJA DVIGAL - M/Ž","","Trebnje, Southeast Slovenia","Wed, 20 May 2026 06:43:35 GMT","https://jobviewtrack.com/v2/H7idwJLFBTa1hZ_ecHWHUZpglaIGu5WgFUDtQhYx9YdYRtm2UdujvD1-Cw5K5e5EE9IBBxBOPGKGx9JMGe2F-K5aaHni5wfb9_n8TO80nc21ojFTXLkdqY8deS6uBdZaWWZCNIiLQ3i7PAd2iPjBQMuCiPAC6bRoEosPL3Xeyy8V17MBLosSefIh7EB6eoGdne6w5JJrS_fzoYV9RAnXHv_ZL5kikra1nrgYv0YgWtU",""
"splošna bolnišnica novo mesto|srednja medicinska sestra v negovalni enoti v bolnišnični dejavnosti - m/ž|novo mesto, southeast slovenia","SREDNJA MEDICINSKA SESTRA V NEGOVALNI ENOTI V BOLNIŠNIČNI DEJAVNOSTI - M/Ž","Splošna Bolnišnica Novo Mesto","Novo mesto, Southeast Slovenia","Wed, 20 May 2026 04:41:23 GMT","https://jobviewtrack.com/v2/l0GnIxsBytTOBQvw8rKLUGgmW6MNRVBHZHwLnqkPNVu_0thi7LaBiCHOySqS8E6NMbfD8dm3pYyhkkCvVzNjtrgOVVfBEChoxT5K4e4g7hbhrqnyHMdpLUSy-aSKS0pKfg2gs4XCZUcH-u1axCt-QPIxBns3uB6NOhMRenfxyvAxlhHw3CoE1dni7jrTjCj9rwAeFun4ncdXImQZ6-3ttYYoDw7iscRjOgCdFZ2aako",""
"um center, center zdravja in estetike, d.o.o.|poslovni sekretar - m/ž|novo mesto, southeast slovenia","POSLOVNI SEKRETAR - M/Ž","UM CENTER, center zdravja in estetike, d.o.o.","Novo mesto, Southeast Slovenia","Wed, 20 May 2026 03:49:18 GMT","https://jobviewtrack.com/v2/b0-gyq3tIRQgyXGd4HoaLsaFpCSnK9155iFcxXS6YR1he0LG4zpd50Trv3-yNVfyTKi-KJeM_FuZ2rdlXJ4RKpK_V4IfLagTO3LEns6wVlDlPcQafkr6mUKG5FD79F03NMQ_WwiiACc_VILgGMMQjTDalI3Y4JeZCy_Q-DXujDOCaa6Z-6Ar0wXzF0QtbRoMSmTWeDiuAn1XlEwyTiFMO-n-NLWXbcgl7JLtAOfSH14",""
"whc|delavec v tovarni zdravil (m/ž)|novo mesto, southeast slovenia","Delavec v tovarni zdravil (m/ž)","WHC","Novo mesto, Southeast Slovenia","Wed, 20 May 2026 03:48:17 GMT","https://jobviewtrack.com/v2/2ux-JB5Y4eLd1oU2Qconp4Pofx967nNNmwzEh2efELDEASN5tHWHe1PjvEEGXWe7WILfcb_Jf4nIWAZZFYfcyNiWqH1Liw6ARm4QXs8jkpuoINud6dMGJeFcBUe0HQFVTDw-c8wGDAqBA52LSOhLT9SZXc-UH-H6mySGX4q_tW5ck1YsjNsGluoBSVwIKQqJk_daKgalMqvJg37JKPCR4WLwDA1vyfnhAoIgz0Uyt18",""
"whc d.o.o.|vodja skupine v proizvodnji (m/ž)|novo mesto, southeast slovenia","Vodja skupine v proizvodnji (m/ž)","WHC d.o.o.","Novo mesto, Southeast Slovenia","Wed, 20 May 2026 02:31:27 GMT","https://jobviewtrack.com/v2/tai1zA12d9MQGmIlsoP9F8JJ7jiDvKwSZkvmGdAxafUNYobGnU-tw4EtoRJb-kTBFmvW_drV0ppa-PwiXMX9K8rlQrltWfl7w-jqIYW-emMFDxhwL-lMS2ZUYFWncxTaFAKPPhBLec7FwuOukMF3qKvycStG6vyjvI8Bn50pgU-mFRboFoBFJoaKC4-fRJw0KilJEh8VJmFSmto3-_bBSBT6DSAowWJ2CzBItVk7yrM",""
"|osebni asistent v brusnicah - m/ž|novo mesto, southeast slovenia","OSEBNI ASISTENT V BRUSNICAH - M/Ž","","Novo mesto, Southeast Slovenia","Wed, 20 May 2026 02:02:18 GMT","https://jobviewtrack.com/v2/ordsLXmq9sk5Hh4yI6vdRmExUkvQ8RwvOStdBCbYjrdE5UsUBLKDD2mVkCsMVHweBTKUWZl6TVD0v34hCmUsYsc6J0hL2vUTgLQKTGwCJQTUEDsp6jlqDisUGcSD-aRheMEtaw3XTwwQqxq0FOMdzUrqFPxdWL6exaDqtTrWlhP5cH-Li7nOxzZQJTPFqP6BGXXGzF-dxvv7jKCVs2zb-F7KfzYoeXakt4yFxQ2kinE",""
"whc|kontrolor kakovosti (m/ž)|novo mesto, southeast slovenia","Kontrolor kakovosti (m/ž)","WHC","Novo mesto, Southeast Slovenia","Wed, 20 May 2026 01:51:21 GMT","https://jobviewtrack.com/v2/yT61YMOA7B1uljoR-Z2Zy4dVdce60La6uwTi7woyJIRekPAfn5Y4pX3cM-uNkxj6WRgYf7OEK8SDJbfiEpT2k-lgoE-h2x8IA7cVZRu2OJJuUhL0I2qaOolq8vjMDXGMW8XNYB4ietKNo5Ork5AEKdXbbfeE510LFY9nZ60qnMYREu8etLx-7i0iPPicGWce7NteTbguZz3IDtEXh8d34qgDk9D-mmiXqsiXLe9cyBM",""
"|namestnik vodje osnovne delovne enote (ode) - m/ž|trebnje, southeast slovenia","NAMESTNIK VODJE OSNOVNE DELOVNE ENOTE (ODE) - M/Ž","","Trebnje, Southeast Slovenia","Wed, 20 May 2026 01:30:08 GMT","https://jobviewtrack.com/v2/y5nT7OXoaDofLmTThi7-Ufi3XpRPnnlSZNfisVL74pZDLyvNIJRR5GW5ntWJ8UfLLm_wn4rLtKtJxG02-7S2VGY_vBb11ADpAvW5ntnld9Yub9wWjV2MrY2OzsXhjgCs2cFi3Q6G0AvvNu6ilFEinB1pFtbDwelOhWOqL3uk1noOAJ2UhkCliUkYNtwKPSW3jLLw3vfMaZ8ZmjrJNp6R-CNcNb7cU3QRJx0Dc-roPfI",""
"whc|vodja skupine v proizvodnji (m/ž)|novo mesto, southeast slovenia","Vodja skupine v proizvodnji (m/ž)","WHC","Novo mesto, Southeast Slovenia","Wed, 20 May 2026 01:28:32 GMT","https://jobviewtrack.com/v2/8yc-mZuk9iE7m9nCWxl3zJ7_RJG2byY_dQgFhhEmmI4skcGL57pST49wdHC5AjI8qpDG1LlwbuhwxMQThQhXJAj-P4OFfQmLLyZ49sw2UHtVSEm9jgISxsNFq68zL9zfQ6QbrbCzgzgCjSfodVrG0c9iJFwuAjTl5AVrjeaMcntFZOAk1YgCfAvJcuOFZGOh4QcMAG2N1ynW9knnZrshnHStGytsWqdIOPo0bSOkIZs",""
"|medicinska sestra/zdravstveni tehnik - m/ž|novo mesto, southeast slovenia","MEDICINSKA SESTRA/ZDRAVSTVENI TEHNIK - M/Ž","","Novo mesto, Southeast Slovenia","Wed, 20 May 2026 00:03:11 GMT","https://jobviewtrack.com/v2/t_4nhqAB4wqm1afuX5bo8lnq_SR2Ysn1RqY5j49_rmKzcnTwuMDQMqiaHfWsH_C7YlRH_TcDYdhZN9GnIId0jPXHh-oM43jDp6d0-ydxL-zb41x-FAahyQJxN81SF12xoq1lHPFWv3WlUsZBX1BRJt5aqF6bf6Ulm7JA8nlCxECl5Z9FoR3DXpPWIXD9Egn10V1b5iMfkXcMC2eHn4YzEu-5qeVDfXzB_9TbNfN-56U",""
"mjob|pomoč pri prodaji|novo mesto, southeast slovenia","Pomoč pri prodaji","Mjob","Novo mesto, Southeast Slovenia","Tue, 19 May 2026 23:07:31 GMT","https://jobviewtrack.com/v2/aYDU7Nxmoccy3ZkT9OcGATBlT05CrtpyFQFQA9SNrjgArQBm3zlsR6ECh7DZKSO-dDlOC25yX0HWFPvHJ4f1ojKEpGr0K8S9VZ6Zq41NxT5XEIrC5JX6qAqg1lSMnS77jj2oXH7rwwqJOzqnxJuEffALfvT_HJOREzhVyLVmZ7nlwhJYtrJSDvT1IhQoh5STGdcSLSms7Q-BX5bwenZwXMw4AdxIPw2gqGbFHYMK6iA",""
"splošna bolnišnica novo mesto|odgovorna medicinska sestra oddelka za ortopedsko kirurgijo - m/ž|novo mesto, southeast slovenia","ODGOVORNA MEDICINSKA SESTRA ODDELKA ZA ORTOPEDSKO KIRURGIJO - M/Ž","Splošna Bolnišnica Novo Mesto","Novo mesto, Southeast Slovenia","Tue, 19 May 2026 22:25:55 GMT","https://jobviewtrack.com/v2/nZ_5nliU79qoomctolZGZs17BNElgi5O_LnDJbs289OPB-QEzW9f8lNWMt-c47QWDa2RaEUAcIKcaXoSU3g8kXJw70f5Gtuhi_4duTtLjFTnCOBX6Vos5SMTCGt0HBQQYrJPc2umwzi6KsQrNR2LNhdTus1S7CXuFUNrNl9S5Do2PMWYG-zwZmpGpCd4f7fA5eiDZ1QNAnZzQSn5bGs7az9ul-q2IjEn9oB2SOTWZY8",""
"whc d.o.o.|delavec v tovarni zdravil (m/ž)|novo mesto, southeast slovenia","Delavec v tovarni zdravil (m/ž)","WHC d.o.o.","Novo mesto, Southeast Slovenia","Tue, 19 May 2026 22:10:21 GMT","https://jobviewtrack.com/v2/GWq9TiiYGEDJh0IXNxn8J8tauUYt9y6hEwipjn9pc7Q_ZPp0khNG76OLRB5fFAmMHNgNgTjsC2fgNCHDmGwczMNON3FId8r7x-ILD6GkZpY4-EOjYawHtWih_0aXpm_boENzZBPb8iS6As1-Npffe2luxyQI3AnbnEzc_7FrO-s4bsql-BdDg4RHMtD4tJNejlwBX7bDHddB3GedgQx4owqfLZj5otR81ljORHefTjM",""
"|zdravnik specialist ppd3, zobozdravnik specialist otroškega in preventivnega zobozdravstva ppd3, e018021 - m/ž|nova gorica, gorizia","ZDRAVNIK SPECIALIST PPD3, ZOBOZDRAVNIK SPECIALIST OTROŠKEGA IN PREVENTIVNEGA ZOBOZDRAVSTVA PPD3, E018021 - M/Ž","","Nova Gorica, Gorizia","Sat, 23 May 2026 03:50:25 GMT","https://jobviewtrack.com/v2/KyJWZ7yzwG5Z_ZTRskzcgx_Hy1cZ79Ov6GYep20B-rzvwRC5HnOS3MmoyPHH6bPdKTXUgXkTN_XjKSmmaXWTWzMjrIubNtI4UHchphs4ThkNOfyFwcmpO6voKoIcM4599f__kuWPGL3IH2MuiIZeLEON6JXDluVwDcIir-FZcSznQFOc1cxypOb3shyQj9Odw3TxRX91-UOqBP2QqdU49-NfXttSrstAjLiEz137Mzs",""
"|pomocnik v kuhinji - m/ž|nova gorica, gorizia","POMOCNIK V KUHINJI - M/Ž","","Nova Gorica, Gorizia","Sat, 23 May 2026 01:35:15 GMT","https://jobviewtrack.com/v2/x2Y4xa2BhdVlYfo-aDbNaTwq3VnXChU7aKJmJrzSouwhgoy7_LbeCPd8A5Inl5n08QqFCC7BtDBbHYZLqKrjs-c_XMJL7BwrPQUiOBVjLtsKs312rk0Tjrg5lMhW8lEo1O9B1MwKsNml0AZYNLltBVMqIxAkQ1NlFZTFFJwR4c5h5b7wBOfhhLJ2WG7s_AsXrd_IXg7cGi7u6P90gGfDn--YAhPp-MBm3g7QNi0cYGI",""
"|samostojni strokovni delavec - m/ž|idrija, gorizia","SAMOSTOJNI STROKOVNI DELAVEC - M/Ž","","Idrija, Gorizia","Thu, 21 May 2026 23:37:58 GMT","https://jobviewtrack.com/v2/4PVOIGNRHzCAO_mKayWz5kVlqboXfAR-XMZtyDvku5Iq-RZw6eTzuEjgEm3u08YONDN6xvdzsi4_HkHomEMkMS-52oqCtmRJivoxly8S3a3iIGkqYFKDnHRYnnYWJjSnIaX85h4inXIoUb1RHuiUK1DPJnPivp0p2IZELzK_wmBGs3ZkUoB7MMGSsCztXg4lWe1utN7oYLwqkMFextUDkJ0VyPYmPA2Kp2Hp9JhDxs8",""
"|kuhinjski pomočnik - m/ž|ajdovščina, gorizia","KUHINJSKI POMOČNIK - M/Ž","","Ajdovščina, Gorizia","Thu, 21 May 2026 02:44:30 GMT","https://jobviewtrack.com/v2/rZmJ8SFAKCEIrlV30hL5nN2LI9Txp-3_lcLuzG-PzIrYq3DV4IWCbCtlu4Y3l89LKMII2-q4t6sJOblsIsDcfn-74cW3O-Q8MbPqB6fhtMWGBON4HcT0kv5rWPfHYlvf2e8jUYzRNiO8h-k0NSDpzVm60M_PkLQq_yFr6EjTGdHgwDthWs-YKHOOs7t2MWLLgtc8hAYx3XdaOJxhXYKdm3gYgEk53A1IiZnEp4Tn-sM",""
"|mig/mag-varilec tig-varilec - m/ž|ajdovščina, gorizia","MIG/MAG-VARILEC TIG-VARILEC - M/Ž","","Ajdovščina, Gorizia","Wed, 20 May 2026 22:29:48 GMT","https://jobviewtrack.com/v2/Nzb6bnDrcivaWpt7aAc3nY9Kye_BL1J91Z4EI9aTQ7p65PQYAqwU39TNUDrIJSGJ245cBDdJHf0PSX8evM6CuAd1NOTcwvS2G0vFcVwUBPJ0u7q5j9UxAP6QDY1NKkJbyipD5hz0yQhJLmblg6fuDnqI_h8WfdqjRN3KNs66fKQ2yRqguE6e6I9yUXIfrIzmX8ajCSO7FgAXeVLmFF0oMMdhEQp74TSjJBb4x6xTRQs",""
"|priprava zajtrkov - m/ž|nova gorica, gorizia","PRIPRAVA ZAJTRKOV - M/Ž","","Nova Gorica, Gorizia","Wed, 20 May 2026 03:34:16 GMT","https://jobviewtrack.com/v2/G3j18vyp5VbPUwEYJlSM4xo9R36tRt6AGl5Nu2sQKP6n1eMX_yHKFxHduxT0z8f949ZgEbHsM1bI_mUliEYGmS7BdXGE2hbckjTs84_9y_PZ-GoCcurCckr8forwyuI-gLHgngr3gYVOYAfoR1KT4Od7OJK3XOBIzDL7rkTbv8_sjpQFv5hYrDUnKoI6ls5buLcLpni97np9zt_Q5Z6kpdkxcqBZGP7soRrdDbfgm4Y",""
"|operater brezpilotnih letal - m/ž|ajdovščina, gorizia","OPERATER BREZPILOTNIH LETAL - M/Ž","","Ajdovščina, Gorizia","Wed, 20 May 2026 01:17:38 GMT","https://jobviewtrack.com/v2/kYnTls6xITEjSRRoUc-RcUJQYqqkQIrAtV675KYk60p5dEWzIjPWh-_zNmcN-HlSDKGakuFcMUKwjobuBpSjVEdoLZWKh7L-OjklkbkRlByIO1W2LiPyhiYhp35VShMIhmF-AucSycfJ4GBzbJZiN5dYdtNj-AlFnVpodbIcZ6BaKKrQCHgw2KdnS2cuyohGMDf4MKYPti-c1TwXOOoS1_JkWB2d6gE6kuTRNg71Mag",""
"|organizator kulturnih programov i na oi brežice - g025028 - m/ž|brežice, lower sava","ORGANIZATOR KULTURNIH PROGRAMOV I NA OI BREŽICE - G025028 - M/Ž","","Brežice, Lower Sava","Sat, 23 May 2026 02:32:28 GMT","https://jobviewtrack.com/v2/q1y9BVS76kw-oC4zU7QDmv5qU9wKO9baNX6w_FVp4ofj8gRR1bAdxo5O2YU9Jp8G4f0t1ZyOTPxJE5SYC7SE0mOv1oxneQYXxEhF3_fVtXyFZWkJCB8cHD8TinXi6gBZXg81k_p89B0KZHZ5hYS_s7VHCRl2XXtf15T07ouB5tKZCr5Ms7Bti52qrcmrglz3loLRYm6wrq_064iF7VPM6_Yws2pUlE6exAQM_I-yAXc",""
"|organizator kulturnih programov iii na oi brežice - g027009 - m/ž|brežice, lower sava","ORGANIZATOR KULTURNIH PROGRAMOV III NA OI BREŽICE - G027009 - M/Ž","","Brežice, Lower Sava","Sat, 23 May 2026 02:23:14 GMT","https://jobviewtrack.com/v2/ZnFiH5qesIPDTYmYUtG8T8FHR7-En37q6zbX4FgQwOtY2iJa1tE4NvewwhKAUhmYhacVRiYyT5GIK9sgYIi0CnRO2uvU2MNLCFYaY-y7Opf2-nSjkbWhjEVOYLxqGk7NFGU3Xjm64PvAIzDkiBZnmpXgwGJCcv5kUJMlimLnHxfaKe8owRICIpRWv89QS_A50CDF1GxOxF1zF0hAlBJ8PP4VxFufhyhs9C929nJBPRM",""
"|elektrovzdrževalec na farmi prašičjereje - m/ž|krško, lower sava","ELEKTROVZDRŽEVALEC NA FARMI PRAŠIČJEREJE - M/Ž","","Krško, Lower Sava","Sat, 23 May 2026 01:38:24 GMT","https://jobviewtrack.com/v2/_nxyPUKOen0ELSuUuOA7qeOKRBJqDA_Qg5rZCuzEIiT2fGgbxmo7UVY9Tkr3RzOQATluOrESu6wcEbFPwhrt87gscdD0eVdqAhutwJoKXER7Yt8iC2Xbodg07I_0cKGI5Yy3eDkXRVnY-Oog_FDwJgyE-m_mKCZBdFO-WP_Mc9l6tUieHa64zJ1q45jOeoq6LCbGR0d8d7TDL9GGtqP2kraH6kExFajcRZZVEcxcOHQ",""
"|kurir-ka v krškem|krško, lower sava","Kurir-ka v Krškem","","Krško, Lower Sava","Sat, 23 May 2026 01:28:57 GMT","https://jobviewtrack.com/v2/yP5Q9thDAJgXC55ofNQQgsPD_w9mMt0eAB3tTs_jmIwIs7RjvpySB-e60gpYvD4HGe5on8RrYRlHcLXSF6vucfyVpuY97cJQ6ZRY2lX5Ouj9e8kQ5vIDeOvBFGNufXYg-NMYeDXSTT94tp-43Jna6i3crGF24GcNtU_s370N3kVavt9p53fr1Spb_jTaILPJAxS71JOE1EXPQHGNR0gFuNJ_5054sn80cXwYkE8q4NU",""
"|organizator kulturnih programov ii na oi brežice - g026009 - m/ž|brežice, lower sava","ORGANIZATOR KULTURNIH PROGRAMOV II NA OI BREŽICE - G026009 - M/Ž","","Brežice, Lower Sava","Fri, 22 May 2026 23:31:30 GMT","https://jobviewtrack.com/v2/0KrEdi-d7FVH4c3sFisZlacdw7aU1wPoBGoiR8hkpdtSCEdCsCQAtzS6eoUt5J14B9Xg_DqL1IQwsjFfosIzeHSMjH0-q1cXRAZ9wjBd6MTgfCYjAFa3WbJBQB15DbXWn1swpvzgr9OxSq3RTLyWom_lRBcvutArzOZNSC0oh2piMj70-WYKKCZp2yx4vw0KBFh2cDI4cvokRxwWxxC9VZTu1-kz7suALKDFNJH6isg",""
"|prodajni predstavnik, komercialist na terenu - m/ž|brežice, lower sava","PRODAJNI PREDSTAVNIK, KOMERCIALIST NA TERENU - M/Ž","","Brežice, Lower Sava","Fri, 22 May 2026 05:44:16 GMT","https://jobviewtrack.com/v2/OUpD--FUdonIjGKtVUz95SKkrR_OGntrtMbCgr3a4W98iWUXjddM59wWmHCqZ4JcozuGyvf31xd4B7z0rHZW8tKvfaOQKUe4X_UmQbuzoKRsXfUUdihrXkmNrFOtGVKDb_RBM5EO410lzlDGQ0-PifJwnruFGP_0yYgYgNEU3AfPKeAgYU2YvsQKA_ZzileprAIDbQG9S64nel9TOlVidtME1WWPKjqn824X7o5uYvE",""
"|skladiščnik - m/ž|cerknica, inner carniola-karst","SKLADIŠČNIK - M/Ž","","Cerknica, Inner Carniola-Karst","Fri, 22 May 2026 23:32:09 GMT","https://jobviewtrack.com/v2/ehNNt_Ef9Yrz0HBeHBEmEex86xYJIef1PcN9lkitwJ3NmSNkNyxn-8IdN7V4zwoFB1Dtw-Tfx8lWHnrXQsM44iOjYRMTmIJDLOozgLE5U5eVyK_lJ3d4d-Mf-uvYkbl0pwx9RIfnzDZeNL0FjQM-Qyhez7jT_Xe7kNkMZJ4zgiDK5v9FH_bPuj_kHihh1yrnjWYCxUEX8iGtPG5uMIgLRBqGCRTcDY4XhnUqYAv6--E",""
"|pomivalec v mlečni proizvodnji - delo v okolici postojne - m/ž|postojna, inner carniola-karst","POMIVALEC V MLEČNI PROIZVODNJI - DELO V OKOLICI POSTOJNE - M/Ž","","Postojna, Inner Carniola-Karst","Thu, 21 May 2026 22:44:38 GMT","https://jobviewtrack.com/v2/xctObe7UYFZ4u-8UomfkEoKhe32R5J36yz97pHl-n0qH1f_udI0_XY2-gNLu-OGUJi2ZGjdASMo5tDCrqcnLtK2Lat3nOclw9zSykYvm9En11KmjBvu7EHncTJzO42afWYMEnjxmAIZZXwYsQbsN5fxEj6ZJ1-ErGF1Xv50hwHCD0rsDdwC2ejIB41io1fYMh0204TVOcl7otJPBj7aQO5XK_X_wpLB7kK0xWAQKVSM",""
"|tehnični strokovni sodelavec ii/1 - ustrezne smeri - m/ž|postojna, inner carniola-karst","TEHNIČNI STROKOVNI SODELAVEC II/1 - USTREZNE SMERI - M/Ž","","Postojna, Inner Carniola-Karst","Thu, 21 May 2026 06:10:30 GMT","https://jobviewtrack.com/v2/fhvA64XsflpmfSnxTwvEvFG8ZRomAR_zfO1fgoA04heDGEuBROqwDP2meZz2B_jorCGbezbxkJrqGSA_7AG0FzTu-Gb9CCNz0uTGWJGteTJI3KWLnO8zICIHeudhO8ajMWdtMzmtZZrP6KdpbrssloLsV8KGvHSuTHLYlW8OxO4iaX-y3irglHtInimT0PWV3wQz0ZnEUsTPa8O1L7kYC0cXJjSvOudZUv4u_xdhQzk",""
"|zobozdravstveni asistent - m/ž|ilirska bistrica, inner carniola-karst","ZOBOZDRAVSTVENI ASISTENT - M/Ž","","Ilirska Bistrica, Inner Carniola-Karst","Wed, 20 May 2026 02:10:56 GMT","https://jobviewtrack.com/v2/O5ygWnB1wscpMCCxlsS6C72mrWQbcDU7tuAwnGdA4We2V6XoLwz-LtYU0ZCGU5kHvA30bVNHShcUzOyG0ax9xxcJDV1yldNBcnWfiULXA3kBKmJkucHQa4ldqXtJ5JXKfiOPAngyrKGOdkJbRGgRlRwUDoc6mGVEw4j-suJX1IIY-EavteO0K_76l1kzu-7qmKRXaRp9Tk7cTNIV36AmUSEvUvTtbYB5rd7w6ufUcMM",""
"|psiholog - m/ž|cerknica, inner carniola-karst","PSIHOLOG - M/Ž","","Cerknica, Inner Carniola-Karst","Wed, 20 May 2026 01:59:36 GMT","https://jobviewtrack.com/v2/yqUXkIYUTTLt7Uee8PWaYnBly619fI6avaW5mf-d6MrYq12aQ7cxEofkNXNHf-oFt5XiNPtk4P7G6U7HQmfmmv1fRkNnw_e9rLo-hzZIcmwooYPuJ3C7AZeI1pp-wSN6BR66naZ24co0KIECoXxwH2NsjdQjeX4LxdGtaJv7RAVPoe5djiSimnHD-R21ffjSW9qSAzwbdQvNnC2HXxm8wW-e7R2aTfn-kKudoa6rH98",""
"|strežnica v zdravstvu - m/ž|cerknica, inner carniola-karst","STREŽNICA V ZDRAVSTVU - M/Ž","","Cerknica, Inner Carniola-Karst","Wed, 20 May 2026 01:27:42 GMT","https://jobviewtrack.com/v2/pdFpVPfgCT4IXFnPMxqkn7Rx5Ne31hCBxkWAIv1rhjINQ3rRmBLacWHwTq1py44tMRXyvBxaqnLyJ2hQhptM48jYARmutci44PWn2XSqTK61ZT838VRRo273kX4c3QI8ZGOPt9dkQVkmJmr6qeGh05hXwW9DPZU5j-j2Rz_B18gZ3EyLiIicxeNDyIO1FNKR5hHMQIT6d02Cpe9fUvR2_5jZE_3bNj3544brKzcM4rs",""
"|glavni knjigovodja - m/ž|lendava, mura","GLAVNI KNJIGOVODJA - M/Ž","","Lendava, Mura","Fri, 22 May 2026 07:00:53 GMT","https://jobviewtrack.com/v2/_WexP-HZHkokHkacoSgRDQc6ULMd1Aev_6r8toqPtEn-QNAkiou8wysP3v_almwafvpdGWAPTMrhuVn_W6_PWc0CZfAG4-Jm701VIDLG7Gt61PDwHpc-8tLR5R7Xyu_8SQu3ztJRLzAkp8c8mp76_AbIixEvpKQsvJ35H2qQroZtBbCrfrYqCO4QVSp2TD3csJoAiXl6pMzK4FmAAcYdCGZY8QKNhjj6YGlEDJOp3Bg",""
"|preglednik omrežja - m/ž|lendava, mura","PREGLEDNIK OMREŽJA - M/Ž","","Lendava, Mura","Fri, 22 May 2026 06:47:52 GMT","https://jobviewtrack.com/v2/dG4ZDjYYcv5HIvp-sLYfHozYnVvAEISG3FoiuG7rB0m995sfyDh1cNVADvdJDI5D7BaLbP9OOd6H4QrJwmFpA0jkahG1C-nVEm0s_YBzr2OV9jSCR30SjzRSks_aGklaERLJX-8BUMLYRJo-sa7PjfTp58usYDA5fqwSQGngnyoLAczw0NQRmhBCV4mmzVbsSYsqQVQV8qoVFxDQGlUPU4p7qRVGzAvDtefeebRNxvE",""
"|osebni asistent - m/ž|murska sobota, mura","OSEBNI ASISTENT - M/Ž","","Murska Sobota, Mura","Fri, 22 May 2026 02:42:16 GMT","https://jobviewtrack.com/v2/N2OfdOCPX4UJnphO5wgXXUtSwo-c4Vff4WDZVotCm_BrA18tY9hYw_gZSoJdoAyAyM0O7aLgsRNB5SXTHAG55u81sWKk_YPGt9xIOcYqd3PSTmPGRo3JcSeIl-ZT3I-ShAdEZ-IGPtu1gfkWxgKn22y2oNLywj9QcKiM-lXeXOFJns6lCA3XbQLW_t-Z1QL9rhZiqxtgAhQ04q3JLoStWsyyRCAhFgnZiCzFGaE6u3Y",""
"|prodajni referent - m/ž|lendava, mura","PRODAJNI REFERENT - M/Ž","","Lendava, Mura","Thu, 21 May 2026 06:55:10 GMT","https://jobviewtrack.com/v2/uNQ8U6MXb9p2edcKoHk0Mv7cMi5SDNYQHVT3IdvnuqzaUw9CFd8Zko6l3NYFT2iKo_23eOtbMDeU-mcWklkUh9_ume-Wsi8OeZP2dyO7UxrGR_o-JWew_XrM8uuhJNF_V9pELKf6oGXH7wPPOPOW3i_ZglG7E0SwQtskV0h8onFVgjf051Mv4kkgOIgqnvmtuyOOot6ui1M6dXWPsg95zBAb15CVttf9dDDShv4fnXQ",""
"|izdelovalec pvc in alu oken in vrat - m/ž|gornja radgona, mura","IZDELOVALEC PVC IN ALU OKEN IN VRAT - M/Ž","","Gornja Radgona, Mura","Thu, 21 May 2026 06:06:30 GMT","https://jobviewtrack.com/v2/_chp0dONtKsKsNN3m-ChZg6IpmHIiQFOR-4D0vCXMGyeib99a-1PZPqkHs7Tml3A61MEhTNWrnz0f-RRVozFisQvrLo-7uuI2A1RPc2KuRVjJ_V3DiStBDXsiYqotRWAy4_fFlpoPoNgScvSn3qRr4EQYp6k_YCMIJKFO7hvp_lkFvMF6OEDRqoGRAg017f1-psBYug4gptRS7wFuB0oATJrJYl2Zz0jC28eRzVOWCU",""
"|osebni asistent/osebna asistentka - m/ž|murska sobota, mura","OSEBNI ASISTENT/OSEBNA ASISTENTKA - M/Ž","","Murska Sobota, Mura","Thu, 21 May 2026 04:34:56 GMT","https://jobviewtrack.com/v2/_F34YZ26LJDZG18eHT2CT7IXu_7kPVvHyCpu7cFan_My2oP89B7UP-W7HzzxaBE3S0LVFxsUn982DiPPte__a9pWZvu66WS5eSyEmiQyeHw6oFeBGr6bAAFSSwCqYknivhWxAdhpPBtY9izSsqYRy50MgRR00EcBpp-Ps5LNTfsQR8ksg0ZZS0uRTCv_HskNbeo5axSa9_dkaAebWDsUaFqfcQ2f_Dk6f-kFYrE7SlI",""
"|delavec poliester - m/ž|ljutomer, mura","DELAVEC POLIESTER - M/Ž","","Ljutomer, Mura","Thu, 21 May 2026 02:25:22 GMT","https://jobviewtrack.com/v2/w9alOy9htX7uFdpocclTn1qjd67i2B_7nnS0jCh2YiR3HHDldqvPHo78uNYl9z7jP0GMcmknF2h3cOOYbP0qNuwuISEc4PXeLix5hdPsECpkEZiIWvoy3M-33wfuP1bAAMgiRa4fqfjSy0Ry_Ph9d8B4J_suqedyilG0UYMAZR_ac53_oFjvP8DbCHfjFFxi10W6cRKhoax3h6nOAXOQjNmW69VdFJx8531W1P5HKu0",""
"|tehnični sodelavec v proizvodnji in skladišču - m/ž|murska sobota, mura","TEHNIČNI SODELAVEC V PROIZVODNJI IN SKLADIŠČU - M/Ž","","Murska Sobota, Mura","Wed, 20 May 2026 05:47:08 GMT","https://jobviewtrack.com/v2/2wGNvw4FSr7o7XhDlzdIMEpKdjkKI1wQ4JbgWUOOjvn_uHUyrEqJciza-OXYne2H4hDLBsbnU-M9dGyADiupUVs740JU7wQLPTCyltvlBIvpsUz2Ns7WkMjKeb7STf1ScWQWBSkLWPet3p1pIL6KGkECjiQVoqVfkdVfFxCLJsCVvtexT539ibMuUHhiHfHKGnRUFWGYi0EzaA5YYD8twMrZ7V7kqTjR39eWgnKLz_0",""
"|vodja prodaje in trženja - m/ž|ljutomer, mura","VODJA PRODAJE IN TRŽENJA - M/Ž","","Ljutomer, Mura","Wed, 20 May 2026 05:28:16 GMT","https://jobviewtrack.com/v2/rMH4-z63am9vNPrskl2Q0cRqqasfzwKUV2w9vqNPqUjR4cet1YhckMnWU_FOUWoIBiQsgA--qnzj9Ooo8lQTiQySX-yDKhwQelWXtyUHFaKfnYNT3X0qWuVoqbZGzW6IYgdoHpCH5JoVz0rk5zXK09d48srUge8WQGSqubvan7l5Te10FlIskXZIsd04e3sSQl3YpD4J7Ssq-k364vyQFwslDRnDELl6nN4Z18hWXf8",""
"|osebni asistent - m/ž|ljutomer, mura","OSEBNI ASISTENT - M/Ž","","Ljutomer, Mura","Wed, 20 May 2026 01:12:09 GMT","https://jobviewtrack.com/v2/uPtJvtoFmNnbWhdr3mzNQQ7R_p1Pf6Ft1T-jRScQMvnMOfyFEUb7bz_K6445PLUg0mPRjECgTBDXIlLjuxRZGpyX32mQPeGsKArxVtT7mU_3Mm_b2Pgs_YASIv9PoET3mEKinpBbqsJCJUVKYVg5RyEiKhxEGDCKhKll606-XfVAa7ersfMYnXle46uO-Fjkcqhz41LRxF4tb-Qd0rTXEp0nLVyedkeYPYiy8zqLRh4",""
"|varnostnik - koroška regija - m/ž|slovenj gradec, carinthia","VARNOSTNIK - KOROŠKA REGIJA - M/Ž","","Slovenj Gradec, Carinthia","Fri, 22 May 2026 07:22:42 GMT","https://jobviewtrack.com/v2/2Jo-u44ZxmVfTJsUcKbA8lbArldYdg-lGSF9j8Vhvtx-hLfBZ8BIHKb_aO7fJY-FX4aGxqGum_nCOwcn3XpTfB8TGcdnu05Yhiq1AJaLtixtVreu2WZ6weXlLigiDyBz4ajQeb7utu2LLD7UFuGvidHpLPpisWDVNibfWelq1kEVz-YTPYMU-qgnMe8N-IWsduQOnT4B5zu0U5bL3_FfdpOHwbhZErZcaeOC9XAi0AA",""
"|delo v proizvodnji - m/ž|ravne na koroškem, carinthia","DELO V PROIZVODNJI - M/Ž","","Ravne na Koroškem, Carinthia","Fri, 22 May 2026 07:01:11 GMT","https://jobviewtrack.com/v2/GhP8z8icXU8oFpLOk-ZCCmU2ebPAljPiN1yT0ZQjJ0ErNhyqTDkaW-wG0IQUAu5q7bVJTP3EHlAg7owCfaXey-ZiBtxFNjKa0f8kUEloNz0P91dxKwMgBN00qv7aIFsYTVNmFFR6_8an2DLhT9FwyFAfBhE52EbGHDzJ1FLRXcPjrv2anI9nvhshYV3aTkukzcM19sl82U6xbzWjOb1r37VrP2nUXz3YsN-DHOJHH2U",""
"|varuhinja institucionalno varstvo - m/ž|ravne na koroškem, carinthia","VARUHINJA INSTITUCIONALNO VARSTVO - M/Ž","","Ravne na Koroškem, Carinthia","Fri, 22 May 2026 05:36:39 GMT","https://jobviewtrack.com/v2/cikgEANXQkTvmdm63IlPWt0CtEuspCfDjAkzF_k5x1uDQFSb1HdOaBsuPs3kKbaFXrS2J4DBQCP2zjrsx7U4u-E8_n5GrgBFuP7f273V5COFlnVWAgIzL9MCCspv1Pt-Mtnk4WzdyCAb-tuYprMl7fLh0LrpNa4skuFEULr3U6dPMwHYZi7wO-pT4vEAnF5LA_15NCnqCRZTFGMPZukkFSZef9RAwCH_YifcT3XzYlU",""
"|varuhinja ii - m/ž|ravne na koroškem, carinthia","VARUHINJA II - M/Ž","","Ravne na Koroškem, Carinthia","Fri, 22 May 2026 02:28:52 GMT","https://jobviewtrack.com/v2/_dlFBy1ze0LuZWDQznfjnsR9O8smyCkwFPp7_3HgAlAfhMmMlVddX_p24xKwV7MxdmjtNAO3l9FwuimW8_84VYBT912dGtmovXPupYJ_CZ0zsqkAQk5lOQAThsy_iAjADzTu80hkDKgp4_IxZegqDgfdxyAQaFjNbfld32jVk9CQXLvYyaB-XnguoJHvvBv2B4-XWfszpu5UkgczK0jhQR4tMshaM6PfrIrQ8auY5Nc",""
"|tehnolog - m/ž|ravne na koroškem, carinthia","TEHNOLOG - M/Ž","","Ravne na Koroškem, Carinthia","Fri, 22 May 2026 01:45:08 GMT","https://jobviewtrack.com/v2/bD5FJHzPj1VOh6D0dQWm8aE3I9oRYzvm7Hev3J1hhJhMS-q3r68DwK2jRUq9BT2zQBRrqTbnzVmiDujeK7qb5lP58ON1-vNH4M2FCGFU0L8KtdtBI2o2VBVYH1aULWlAu8_C-1p_fgn7YN2Kt2IwUKoeft_8PgpbaqapsYjjY8JK3D7wOJ9ZSkr8ONnO5ihymW1WZ7tTYBNoXJLGm3he9zXP8H_n8ywY_pGypwORETE",""
"|fizioterapevt - m/ž|ravne na koroškem, carinthia","FIZIOTERAPEVT - M/Ž","","Ravne na Koroškem, Carinthia","Fri, 22 May 2026 00:34:48 GMT","https://jobviewtrack.com/v2/w5LElObQZ7ICXjzd3FTFKNQ1ah2K5wjo9_yfsOJrHmj8IWF3WVUK-EkZPC5S1MQtfXyZgRebg9BBlXmEcs4Sm5HC7AnHBXdtaxgO0JlsVwA6T_gxGah32b534biP8pgpmztMuB2MkuHFLEGUBuvt72k6Ghw5sdt-Oy37zkNfXpRFT2cqMl8l7lbzpGYKZU8kbrabX9vbfepk7ELvx1E9j1sBJ3GvItkiHj19Tx88WOE",""
"|strugar - m/ž|ravne na koroškem, carinthia","STRUGAR - M/Ž","","Ravne na Koroškem, Carinthia","Thu, 21 May 2026 06:15:21 GMT","https://jobviewtrack.com/v2/UgZSCJI4nyFswLUpJx8jCwNTgoBiR_S4O0Wn1TNb6qsyHB3JIJpTKrgOk-6DuDuhuLOmfCq2a7LuBi9IeOaIwxydfFG3q4uQYkeq35jU-nbytX-195a8W0bsTvUcI-xM4hNX3Sw0wxh3yQVmzRn3TsyDKy7KfwZ5jsB1JjImzEXwmRT8Lj4T8hmAgqVVMK4W5pVlEYsFIjogDt9Xcz7DcWr9yV1PwNt6T6tud_cKAao",""
"|operater cnc stroja 3d cevni later/laser za razrez pločevine - m/ž|slovenj gradec, carinthia","OPERATER CNC STROJA 3D CEVNI LATER/LASER ZA RAZREZ PLOČEVINE - M/Ž","","Slovenj Gradec, Carinthia","Wed, 20 May 2026 04:33:51 GMT","https://jobviewtrack.com/v2/tilllQXqmJP6z6nGKNc-IMOrQxLyBpWBF3dfAnhttM7CkzUJSaD2lhkmj8HP46bS6GkObatqI9yYUp22K4ddeVBjeri7T4B9JAkEPSFWDyVZbK-_bkt9m0TNOu2Dd7lmIHhjmj1qjLeWZpCYmc-p3wy0vfje7mXJMNfNFccvPP1VBIjqdkjAHBKqmvfELfN0AJxqPWwRo5FJXGA7KfzFmcbkMaj9oelqNHQgOgR2icQ",""
"|srednja medicinska sestra i - m/ž|radlje ob dravi, carinthia","SREDNJA MEDICINSKA SESTRA I - M/Ž","","Radlje ob Dravi, Carinthia","Wed, 20 May 2026 02:23:47 GMT","https://jobviewtrack.com/v2/yh7nfmf5EDmkhT1XxFMKJBInxJOB59vOjdMP9aGRLQ9RavSeHeYgrhTvwaFTdpKS2JLqQM1Qx5tVNK-6t5Ng1mNMkQHKEx7tQkw0RyQSJgLhlrvuaZA3EqQnG7EAboopKdXYtNaGsAtwCvKZ9qUjJ5dUnrUYBZvYcs3HRpyYXJNcxflrxdx5tvg6qtFFBgIAIqXU3MBqi_2dXPGcNs62fupTyjgv2ujNyIDifk30Ujg",""
"|montažer - m/ž|slovenj gradec, carinthia","MONTAŽER - M/Ž","","Slovenj Gradec, Carinthia","Tue, 19 May 2026 22:38:36 GMT","https://jobviewtrack.com/v2/RxBL5rv8RJN75cqKD4w4LuFrIt6_PMVEl2QHLfRmaGDl7YPfmQIDJqa44GkyhzYd6W0m9r7romx-AeXzkOcV1tn4Ukrhc9MhXdeflhcMePWtFPUewCLCN8zWB33-X7YrfkvxvTj97cuzFCdoFUHUEJpQISgNVjbSI7rx899I9nBm5SRxx0ZfyCL82prt4HdMJqXfG69yWJRq_UCcU0AQz8vUGL4x0KXAzka_ck5PdG0",""
"|vzgojitelj predšolskih otrok - pomočnik vzgojitelja - m/ž|izola, coastal-karst","VZGOJITELJ PREDŠOLSKIH OTROK - POMOČNIK VZGOJITELJA - M/Ž","","Izola, Coastal-Karst","Thu, 21 May 2026 07:37:54 GMT","https://jobviewtrack.com/v2/d6riRTqDaIa8TkJe7H0tjvDZ358NwELmu-22Eiu1zpyyMOEuOtfFYTvbPZ5U5Fbqqk7Js9C55Y_3zxd0UlFlzE2E8UMa7FuDm8Sr9X9FUB8zx_zBLzlx0F2fCOLJNyMpYYoiSUp7StWmtlUOzHMRWwZQAvRcwWot-JAe8PkbslR92pqZCUnOan5bftMka5GaCIJM7nCR4ohv1CNbrQiWshU94Kac95bPfpBsE39ElRc",""
"|ličar/brusilec - m/ž|sežana, coastal-karst","LIČAR/BRUSILEC - M/Ž","","Sežana, Coastal-Karst","Thu, 21 May 2026 02:19:50 GMT","https://jobviewtrack.com/v2/J_2Ugul4SOsmUz7YoAMAecL1RC-q5v_KPL0ifexvNyp7JRn0txfDiDrB5vKvs12hKFIJnraOr02ZohDYBazvpNlJk92rnF61Hn2l67Yf73G7NaZA3HftOAmY1uy9kznaUlqzVkr-DJI0VojerQGUc8N5rpV9N9qLGAVZawSdzyr67BOQ_QFsSGZcf8FNw1fHZZ3kzUj5vqRZEqS4od65h_YlmN_sanLkSnYheEBuZI4",""
"|drugi učitelj v prvem razredu - m/ž|izola, coastal-karst","DRUGI UČITELJ V PRVEM RAZREDU - M/Ž","","Izola, Coastal-Karst","Thu, 21 May 2026 00:58:05 GMT","https://jobviewtrack.com/v2/tQ7D4OK_6jzf1Ox61hSqwNZ1-u7dw9r1p7xURiJCihXjuQFMH9ihRPmZ95kT5kkOkGmWR8urxK0cCmH7iPmLrcDE3DDizo-ws2_kAgMWto7V5vxCMUQ1S6pwwn5xkBAsFGiYtjiW89Z2B0ZtQQ5gNcYqLCT9UUBQVe2Drb9hjxyEGtG6Y5ApBSERGpp-v1jEkFqQ8N4lWr9sBWvOuJtTPHMZoN-Dm1WCbcLrggtHVUA",""
"|knjigovodja - m/ž|sežana, coastal-karst","KNJIGOVODJA - M/Ž","","Sežana, Coastal-Karst","Thu, 21 May 2026 00:08:49 GMT","https://jobviewtrack.com/v2/pPiXLZtytIaIOwPuf0T7wnsJvOFfWYp0x1m71bXmhFsfcR6zcsGW-2IHDH54H81SHBGH07gocWT9wqpwKKh8QE7PrksNV-B7jWTqQ8jVgxobHnq1-mxvBj9BMHSskQ79IIqp2BVV4VK2oBeADr7Bbu25spCupTdOa5osloTWHgRdHvtnTDjWFgGsvQOy1EN95tqNlp7U53NIFuKUOXTqToCiG_xDMmxdP4Wext2s_DE",""
"|tehnik zdravstvene nege ali diplomirani zdravstvenik 1 oseba (m/ž)|koper, coastal-karst","TEHNIK ZDRAVSTVENE NEGE ali DIPLOMIRANI ZDRAVSTVENIK 1 oseba (m/ž)","","Koper, Coastal-Karst","Wed, 20 May 2026 03:38:21 GMT","https://jobviewtrack.com/v2/fuZ92h6xSTiOrkC23-OWCVH8-xwQkgPsxtVYUviv48d8RV4eMNveZwD4u9Uk5SAIawjJDgMSjJGeRwl9caAVCsy9BM0VCRpkEfjQPeaobytNJMUsgNuhOoHa4_fkZW07UneptFNo5wDLF3rULKMJkTb7az2qo84i93g9SaBPKjK7Fg5HZGcTFbMg7pcxnJ77_IXC14GgjZ-Q49-m7laKfjmwwI3DAZ9Bnp2Inr38QCU",""
"|operater na cnc stroju - m/ž|litija, central sava","OPERATER NA CNC STROJU - M/Ž","","Litija, Central Sava","Fri, 22 May 2026 22:15:11 GMT","https://jobviewtrack.com/v2/2LvMUAhcgRHolfbTox6OTe3kk0N6wakHwrt6TwDTrX2FMx8yCd42gYe0UoECBvFVNjXE-bxtQjcQQpA4k7_8QYuRLRy56LwRRG74KbKCkQnYxBabWBERN-520yAxm9zUb30G3e6Sdopkp4tWmRfIA22bRDFl5h7ENGESNdnr6YeHzolp9YLhzsg_gf38SYx102Z4nD8s6x9VikS3DPj7V6CM-grAny0L0ozU7RPQCDo",""
"|skladiščnik - m/ž|zagorje ob savi, central sava","SKLADIŠČNIK - M/Ž","","Zagorje ob Savi, Central Sava","Thu, 21 May 2026 06:06:20 GMT","https://jobviewtrack.com/v2/IU4Tg_kdFz96yo-cxS0V2BM8nOVtCmNIIj1Ha5VflYddqBJaSCbs5Kv-F-AJiH44OAVAwrIdN94lUxasuqfnf8gyCZXF6q0siko86-A_58_akh_Mu6m0tXSDzRVSL9lX3nWYKiuljJvenXYYG8qY66hkTu9aYZ8eykJdbgJz9rJ9IaCkFme6YZNUiVhUoSF6er3dZiLJnJdOmCOfLZsjNgl7GChs81vj6w6t698iVug",""
"movitech d.o.o.|vzdrževalec proizvodnih sistemov (m/ž)|slovenia","Vzdrževalec proizvodnih sistemov (m/ž)","MOVItech d.o.o.","Slovenia","Sat, 23 May 2026 04:48:38 GMT","https://jobviewtrack.com/v2/koXDzc-XgidtMeXY48WQZ6ybr9wm20GjwDIoenrsI64XoMitLHvTr6_hs-4zCzOxkki2jGEzGqea6qmp_0VO7fIEQjeL5k3HVu-gigcqMCBrBu3fUQQwuZY3XBpfoNgl1bNaCaceJ_DZUmIH2cMq1CNz0apb3NaZ3t1rk4T30kuXMcKsrUZiqdQ253s9HNdxPK8m99C7fPHsSVSSqi-yMcWLEDq6rICaZPUjjZu9ziA",""
"|full stack razvijalec/programer (intermediate)|vrhnika, central slovenia","Full Stack Razvijalec/Programer (intermediate)","","Vrhnika, Central Slovenia","Thu, 21 May 2026 05:35:48 GMT","https://jobviewtrack.com/v2/m3U3GXrLtpoIFkamzp49j7B3oEL6nnchROnzZ89W25DHqKqmaD1TPN5soFzBgVX8g-0P_3aDcqhuVWtELfslkQdTtYKx80JZ1dwJmNJ1jXJJZIENLDMICKwqbBtKdpvoQEbNKQsJ3imAscvJhfjhibLtvBKoaIjJkCZxAf9O9_oH-E9XV18xKSnsc2Pqsq8xb-sFmNY2aE1xlz2QjgYYTZ8Tq-1Jtm0NZLOXvGOpcMU",""
"|skladiščnik (m/ž) - m/ž|ravne na koroškem, carinthia","SKLADIŠČNIK (M/Ž) - M/Ž","","Ravne na Koroškem, Carinthia","Fri, 22 May 2026 23:02:13 GMT","https://jobviewtrack.com/v2/kEHJUxo94c4dqkDQfd7nzv6rCgiC8uT6iUQRjbNah7EYjCHfbri1niTVUndXMl5Z7kAPS3_Vf_Y7ziYKzknhNbn9JQ1omo9gMJPRYH3VOt9JBlhaezgzq0CaUDBZdEbd8Q0vmKjAJmd1bFlw0S5VXg8VjPxZQcUzgCEy5niVmhQSMy6qF7abW-TsL6qJNFVf95W3NJxQxR075rjHuLTVVPoHIO_KTF0p1gJfTEc3N50",""
"kuehne+nagel|skladiščnik v pretočnem skladišču|slovenia","Skladiščnik v pretočnem skladišču","Kuehne+Nagel","Slovenia","Fri, 22 May 2026 22:57:34 GMT","https://jobviewtrack.com/v2/K1U3Uy_6aCZOD50G-kTwdtoMn1_g_B9ApQw_jRoGg47OoVx79duRVWQVCl0N_zOL3JxRKG5niItfGNPov2T5WQ9i9O3yBjAXMPn1CGLTb1nhFzKqxgueBhoPxv8Al68CTxaaMezh3QDV9VgY99w8-abg47QhlUwyrOfTTATDfmlj3d-j1Z7IaLhGW8H5zUNzNQAG5U1_95vQ4Wq2wj12cH5YALcSSlw4VePv35RqEbc",""
"kansai helios|skladiščnik / komisioner viličarist skladišče izdelkov količevo (m/ž)|slovenia","Skladiščnik / Komisioner viličarist skladišče izdelkov Količevo (m/ž)","Kansai Helios","Slovenia","Fri, 22 May 2026 22:03:04 GMT","https://jobviewtrack.com/v2/sdseHQgZAfhRbZjEik56vut7sQkbOYAzs9vxiWi4Hg5R9u5US-l7GHxQnZ3Hw3e3eia5_9hBsa_hjNaQdipIMk2Ym6jmAan7_aqsWP0YTbiV8gwu4fIWyBIovvKr9x4T7p6OZe5PcS6_v32-n_XLuNtNuxd2is4BE-i9W-e6nbsM8u44xGcOnYWSQzy7mftQI59v7ghl5lUT7vOD7Iim0NiTnTqdgYmenNgl6UwC_C8",""
"|skladiščnik ii. - m/ž|litija, central sava","SKLADIŠČNIK II. - M/Ž","","Litija, Central Sava","Thu, 21 May 2026 22:23:10 GMT","https://jobviewtrack.com/v2/VxMZiraQAuQ9m6rp4J5jmCax9bX5ZVAjdSQLJN0OIWgFel2VF9PIYUV7vh9lmph7VHn8H9eeC3sBYZb2TbdIkFB3q2168ClE1fi4pk1lFXj0AJj49V8oCmGeuiuNBC9HhKXOuZleOb380OL2VHiQIQKLQZWakrONUAU7eXSlCDufzTpIfJjrAuO-boAzeT0pN0TqSb61GNMUs5eaXoknY2aCjI-YoQ5DBVyMmvNs_oI",""
"|skladiščnik - m/ž|kamnik, central slovenia","SKLADIŠČNIK - M/Ž","","Kamnik, Central Slovenia","Thu, 21 May 2026 22:06:43 GMT","https://jobviewtrack.com/v2/9ENOejqFT5NRCVLavg6_FNjP08WaC11qjpFtICPS5PR2UOBzmEpwtVBU0aHMjUh5MP5ZGofbM7d1KyNUKVsvlXkGKnrNB-PcazxEpvzWO9dqjGoHmTCpGxiIvVrKkGvqg4JzuY5WZJjmsONctZUta-5V4ipiNRflq7zMQRziZZgxe02BQ4QceE83Bk7ImApqitXwNNp-oFGlnPdSeb3dIORjLZGYefkESZ4P3Xr2x3k",""
"adecco|skladiščnik v svetovno znanem podjetju (m/ž)|slovenia","Skladiščnik v svetovno znanem podjetju (m/ž)","Adecco","Slovenia","Thu, 21 May 2026 04:10:37 GMT","https://jobviewtrack.com/v2/5DR5xNyd9rgYOU39WlsNbkOAZHc6Kt1V-Sx-7ZOrvKbMJG5BqCdVPrcodwvU2A7c_rcwggUUD_nBMD8KdOVCRM9C933FsHZDmwmE7TX3AvCEx7bgz4rO4orGh-nB-EryJmEVVnuPJWvNnAvx_nf89ex39HqONaXCLopjHXjgUVze_bQnlhziM38CVxb6-d-Ypy4i9DzFjHQImPlWoGmY1W2264QN1rLEvaV93uKalcI",""
"|monter - skladiščnik - m/ž|ljubljana, central slovenia","MONTER - SKLADIŠČNIK - M/Ž","","Ljubljana, Central Slovenia","Thu, 21 May 2026 01:16:41 GMT","https://jobviewtrack.com/v2/zptpSO5VK_0szUrkCdsZaLZuMWyDV4YLfg52qaVqV3OqNnS3VapEZYWNvYSO1YXde2mz1J0V02A8izYY5TAWRDCCLrxpLmZLQ_nCu6XdG5oubw0ws29zd2CT-w7UrItlsC2YcHQEPwNlCg65kLU60oM_qVqPdBvg5VZdFFr81zuzgKE85nh7baom6__QaN4bEMfbkJwDYoffmkdE-cLcEDGAYPShbXDBG89AIWvfE60",""
"adecco|skladiščnik - 1.izmena (m/ž)|slovenia","Skladiščnik - 1.izmena (m/ž)","Adecco","Slovenia","Thu, 21 May 2026 00:44:41 GMT","https://jobviewtrack.com/v2/ojewqc5v5H3rKeGKs2sLRTYZSTICJFwGfQCWncaIaDJuDDwyt6AsRglGYF_8zZozPfvWR0RByH-vwarjkkkl62w-RJ_GO-shErEO9-WKpxay-i6J7Ftw4iJWBQcVIMoW8L2wLooLA5GkxSS_6poc-ra9n4sy5ZgcmXjiFEIKblCs_ys8r7SAfyXaSP4WVSYsVre9xb2YRTpjgBE44TwfdS4L-EzZ4I7kxFUGAr--N-0",""
"|skladiščnik - m/ž|ljubljana, central slovenia","SKLADIŠČNIK - M/Ž","","Ljubljana, Central Slovenia","Wed, 20 May 2026 07:57:53 GMT","https://jobviewtrack.com/v2/5PgGRudnMSZ9PgI0MVorq0uKfF_DZ8PbnwklWkedLTxO9VpuGsWvT_x-LeyXcOQGv3E8SIK9WBF73JkQMMlaIOiWFD2LiU9iHiIdTKb_Rnz4X7RlV_2raCely0yl3BTe8a3wXMNl_h16OpibGdYxiQJ0GHPEmd6CTqkTsdsSOU7l0nfNs_OYmFbIRK_nQRXuVpgYm3sPAJWAjP_095Q3eftbu2qlbaktkO-TorrsI9E",""
"meltal is|skladiščnik administrator (m/ž)|slovenia","Skladiščnik administrator (m/ž)","Meltal IS","Slovenia","Wed, 20 May 2026 01:44:15 GMT","https://jobviewtrack.com/v2/K5dGMGA7offX5iYkOYCaxV_qY1-rtMLtBHABDdh79MoMKhs-l64avmGTCSqdrhi5R3gwZqMQlP_Xb0Y5ZI5_2GLT8Kshi6yoMWPorbLIRr0QHpHU0ZJVx3YERkIdOKksbrd59JbTuiBaiAEFcnpk7V8b9Ph-n8Gt2oDCfCrvAXnbUdXT2z_yCf8p7IOZZ-O2xhp3B0lBu282ZfM0lPgAJzRxyVJtR9MpFkC9yT4JQM4",""
"|natakar - m/ž|mozirje, savinja","NATAKAR - M/Ž","","Mozirje, Savinja","Wed, 20 May 2026 04:54:59 GMT","https://jobviewtrack.com/v2/x0Ed--kzrug4mJif8TAEXmnnBNV4KF-aB-yRMX7eem9DppU9wTb2H3wPggS64chDRTzjIidYQCWrKL-nVb-c8TMiBvI5F4tiEtI5qkgjEK7zmc-1BCZdmdMXlhIrzxmjfuNn_pbh00QIgI86GKdVFAVAcJsxqC6SLmEjP8CFO-2mTfJk1Gu_5sDrkps7mhzfkWLbvG9ZctUEeiN1NB3yIVP__uKkMCa4vlzCnaqLuYQ",""
"oaza krasa d.o.o.|natakar / natakarica|slovenia","Natakar / Natakarica","Oaza Krasa d.o.o.","Slovenia","Tue, 19 May 2026 23:43:54 GMT","https://jobviewtrack.com/v2/BaYI5z4MLPR91wChc7yJnCfWHlkX2I8Zf7p14CYpwcSdRP2L7AufkKkOBfcrkFqXmdRnZZaWPf4Y86CsuBNfhTGv36P0FLdFb957bqqNp1LqgmxN8PwtI44vrJlStsjhCua04IOCUNUJuwqBPyUFdaPyJQaf5Kn1xC0PTV3-8_tU9Rrt7ZjT2aNjnaYZwUGRwGm8yWuRGHFTLKxAkgiYLlMIneyFYpok5MArNK-skhM",""
"|voznik - m/ž|murska sobota, mura","VOZNIK - M/Ž","","Murska Sobota, Mura","Fri, 22 May 2026 04:02:11 GMT","https://jobviewtrack.com/v2/sUrshE5lSs1NWHWsBDfjLXywWao4AsCt1okEPNJXbvEM_s_Kb03lyHOLJEdtLYtH5Xx1p_RW6ewRCUYnrpdTuoHkmhoeHooz0uo6mcF3Y23oF3Xrrdx-SLEazIG9GDBSMgKipeuSWaBAtgrys5ndhxjna9hXRwGJcD55WEtKrZBGdu6yIrGumKEmwzU9uTFPDxpou3etamBm--JCSMV7YGkIuYtnuK_QfWNenzze6RQ",""
"|voznik dostavnega vozila - m/ž|ljubljana, central slovenia","VOZNIK DOSTAVNEGA VOZILA - M/Ž","","Ljubljana, Central Slovenia","Fri, 22 May 2026 01:55:22 GMT","https://jobviewtrack.com/v2/MhuquYGRfpvbTIt50wzi6R1JbAUv5w2w_4Bnbeeh296VhoAt4L_YpNjN2CHDHFlvmH0vrBzuBp0-mCS4KwnttcIIowT0qu7JcQV_SYocAS__5-F6IDF2pVYd-ee1C1DGvc4bvXDlNTc8ABn6JV6vmRStrbCc20V62dRvmxcbuiXkrITk1WgZLd5w6YYISZcA4QRHPpmJ9r6LkslHBwRRlIPwTgREBdS7pBiC_lGtjPY",""
"kobal transporti|voznik tovornega vozila ce kategorija (m/ž) - program pošta, območje koper z okolico|slovenia","Voznik tovornega vozila CE kategorija (m/ž) - program Pošta, območje Koper z okolico","Kobal Transporti","Slovenia","Fri, 22 May 2026 01:14:48 GMT","https://jobviewtrack.com/v2/2xky0zxLBm-umuqmAZGzEOkDa0BVP3hM9wLg1C8xQ1a5AQzkPRVLgRB3IZ9tIMTcpTu0UoXwDGDnRlEVylEOWH0TwGjf_qxcLc8RRx7UqmQChvUpPO590sCvK9fDdBTuNXfu7f-LFswFXxURshcKIQCoPOHzmBACflBOHym5yjaThDH1ta2IZXZi-l4mXwt9q8uLBJaAq3CkWFm08vDPJONjU6zz7URMR0ptBdaVRC8",""
"|voznk kamiona v gradbeništvu - m/ž|vrhnika, central slovenia","VOZNK KAMIONA V GRADBENIŠTVU - M/Ž","","Vrhnika, Central Slovenia","Fri, 22 May 2026 00:42:17 GMT","https://jobviewtrack.com/v2/jKhwbt4df_AP6LWZ0oV-SSBy79go3L8toFjEuuJPD5CDHKG-EatIOYu7oXwbp9He_4nxbCMgF1sFu8yNmG1g079OONx3fFN1rMtN0B-RPoXBX63p12e7qmdrUJbhIJZ_SAxddxemZGKx-1t1bMqv31dLGZXdpZTOAcq-k9RcDG7AZe1dV48B-94aXtEouy6n4Hmsyo5T5SyiKsvSpDtHmzNw3XqXWb07iqz-8O2xqBc",""
"|voznik tovornega vozila & upravljalec betonske črpalke - m/ž|vrhnika, central slovenia","VOZNIK TOVORNEGA VOZILA & UPRAVLJALEC BETONSKE ČRPALKE - M/Ž","","Vrhnika, Central Slovenia","Fri, 22 May 2026 00:00:48 GMT","https://jobviewtrack.com/v2/eRz7bRWbz23zYGcl47qGNNGzgZCt7_ZEi7uml9vTCxzam0xYZQKLpcuUjH77b7OeshV2CgpA2e0GMXZnTmb70SisSj-7L9IXW4gticoS0z1h0KKVZ2zb4xmfDBXfqQ4AGmkHTdXAl5ugFXBLzRKr1iBK1Cb2frnamGcMRT2JBsyQda5bDLe60w92wjZ1Ow17BFXSqLZbchuJUygnRRXuHb2KGSzr3PK-ApvUA1APfgI",""
"|voznik tovornega vozila - m/ž|vrhnika, central slovenia","VOZNIK TOVORNEGA VOZILA - M/Ž","","Vrhnika, Central Slovenia","Thu, 21 May 2026 23:26:49 GMT","https://jobviewtrack.com/v2/px5N520nLljGlIr1OJ2uOoTZe7jSM1v0X7yzAuGmTg2Y2yGufVzt6pBzypNh5h0kW8KKn6RDRi3rzT0wQ9qEkTVfAZNRa0M8dG92iM1Kb-37T9Bbm_LN0AJy9YqCQFwuDFyeO1GWk3RIJ0PgDLwoAjU6ExvfdQHakZHJensTctHw3yvPfafjwFVogNxsXjejhpAId9LzuMZ0Qh9VgkrOMC2Dri_U0on0QegkZ-5oxow",""
"impuls, domzale, d.o.o.|voznik m/ž|slovenia","Voznik m/ž","Impuls, Domzale, d.o.o.","Slovenia","Thu, 21 May 2026 22:08:18 GMT","https://jobviewtrack.com/v2/LPUmmaOOah270U_T6-5VZG9TscanzODIijJHiY-Q1Azfo_IDpXS7CofV8BVpQRtwlk9oe5z4wNsNl_C43UV-3NbUkk95aRKV7Zob-S4Y7bxbkgwIVKnnAM0hcozdavRsltb6i9Tv9-EcW5_AWODAi9Bb3NevhxFOpEGqmHWgCRH_iTNCBHNp8kiieQ7eSDkvkIT9zP1oRMdKuJoNA9j7ftImLyKOYyKuf3e1hz-rTS8",""
"|voznik - m/ž|maribor, drava","VOZNIK - M/Ž","","Maribor, Drava","Thu, 21 May 2026 04:49:43 GMT","https://jobviewtrack.com/v2/nupLTN3MGeN_SweevwjMv59rz53uVoVY1HzK14xmdAc10l7U7mt4M4WIVrO5ml-NO2Bqt8nRJ3cUg3xAEzj9L7ZcKoh7MVMgSKLlY7-a1Kp4wJzsY2gFpx7fsdMGIYL28AgAQFsaG39ISNPk9YhDZlusRteHk6hCIi44FKzGmxPY3TI8TdoONQ32og44C-60Or8p3OYq_fDhj0VEhmQs_LNvn5Z4HEx2OcMxIFhheao",""
"|voznik kombija - m/ž|ljutomer, mura","VOZNIK KOMBIJA - M/Ž","","Ljutomer, Mura","Thu, 21 May 2026 04:02:49 GMT","https://jobviewtrack.com/v2/feOjIBR8P_BTqWKhuSBC5p6Ar2WPkO54Igipc7jzIm8e66X97LrpoeuhWuAK_gb1GRUGCYoXddRTlv998zN_QyMjdNnD3oLWSn0vBvoMU9Q9MB3oxeG-JGXcTiEIsYykaqnVq5t1BHep5O5dux3NEDYv8_xPOqX3-Z84dkvgeyyAdD_oOyde_3fkm0RZLHKQfig2ZzVn9U_l22RNwMBopUapvTb9yUL6gK5W8UUHSNs",""
"|voznik snage - m/ž|radovljica, upper carniola","VOZNIK SNAGE - M/Ž","","Radovljica, Upper Carniola","Thu, 21 May 2026 03:24:59 GMT","https://jobviewtrack.com/v2/NsmhCvWFrLXU7R4N_KM-95-JrTHe-oOUJdMnujlIL82iQrGT5VvQBu0gWD5_qcaoeh3AFoaIZIX3dq-T-phjR63CmR-9Oyr14q87Hh_nQv20XGr6qYKJiHhrHvbmG8q7O8iO2yqzXVhQCn6lB5TA4W3jf9vKvwtdnXk2d046TjTP0KmrOH_fp9yoiFGBnw7JrWfoOtPKEunBm__LPZJIGif4VKPQQ42ICN5VkQ3Kpzg",""
"|voznik tovornega vozila v mednarodnem prometu - m/ž|tolmin, gorizia","VOZNIK TOVORNEGA VOZILA V MEDNARODNEM PROMETU - M/Ž","","Tolmin, Gorizia","Thu, 21 May 2026 03:08:48 GMT","https://jobviewtrack.com/v2/S5yydcxXcDD9ckfLXysMaTw2c4UIfgGitNAfHzl2Yvl_AdTzUokVOgHacPd7ra7NsaV96W88GL59N2j5Ze7-KIHx6Am0VA3NTYc15VDgZuKsqrHM9L4CWP3HfZ5vWcYPGD5VbMDeyQS1xVl8nH4SKnOgk5ZnHNwrndMpanLvpqujmI4-KYtTjojz8D2Kby74jKpyMEsOwcDVYavv7OcPUC4OKe-EQIynT5FL9sU1jR4",""
"|voznik tovornega vozila v mednarodnem prometu - m/ž|šentjur pri celju, savinja","VOZNIK TOVORNEGA VOZILA V MEDNARODNEM PROMETU - M/Ž","","Šentjur pri Celju, Savinja","Thu, 21 May 2026 02:47:17 GMT","https://jobviewtrack.com/v2/dDjqil2lHms9LZmzULs9Le7AKgDADciKEFxN2cxbOH5JsIIM_1JCq2YODl4CXui_F_89E292slJNuzCq9DSVp9MLzlu2OHS6VBSvdvlsqs_eadm8Xm7bZ4YgOPrSzStsbxV9vTsUC0-dp7e9raNfDbqpnXaPeLCRjKnNtDZkD572cvfL1hsEWA8D8mwfXP0JhVKvc9x3jb2l1QS5JKoQRmbHQakv1cYnEp8YlIjbjuA",""
"grur d.o.o.|voznik tovornega vozila m/ž - mednarodni prevozi|slovenia","Voznik tovornega vozila m/ž - mednarodni prevozi","GRUR d.o.o.","Slovenia","Wed, 20 May 2026 00:57:29 GMT","https://jobviewtrack.com/v2/hdhPZa86Z9rhnoFHS9X_MW4SrXgUBC3zBlZd4mQ5S7oaKVSEzSATf_O5CrzIn0rLUnmkX9j-uJAZe4_KJFGg5d3fZHR6nnUxWMivlYlNQ5Sy4nb-9ejfjEeMyds1PxdOU7FEJ88kA0JrAlA8R_l7NlWf1K3EmsC0KjZir7QSDuWu-4uc3YgxbmWAGRtjX_P37EPFEdQqV8_U7DfC5c5DZYL2i2ouGSSAaTbawVSVKBk",""
"kobal transporti|voznik tovornega vozila ce kategorija (m/ž) - program pošta, območje kopra z okolico|slovenia","Voznik tovornega vozila CE kategorija (m/ž) - program Pošta, območje Kopra z okolico","Kobal Transporti","Slovenia","Tue, 19 May 2026 22:54:52 GMT","https://jobviewtrack.com/v2/BC7rLgTdhS6vn-LRWoHZOpg3xAXoyK7ZbR1XcsNdJWNpDvT9uOhj4TIJlZWIT93eDkzopNaxYiQJMdvgdN3l705E8AqOzxMVGAXaCU7TJwjhGYVMIpwzhJuBE_-w3KeM-0OWImT5FKCepu2Z0WeFnKNVD5yyQZxbyE5_5CKH5juV4LurfDVF_XKKbDg4K7XYfC6DuL9Bc_H_QTDHrF7zOLMtXcMMX_exhBCLwuGtckg",""
"kobal transporti|voznik tovornega vozila na programu dm|slovenia","Voznik tovornega vozila na programu DM","Kobal Transporti","Slovenia","Tue, 19 May 2026 22:09:08 GMT","https://jobviewtrack.com/v2/DxxZGAh1CI0BjV3IwVU2r-Hv09cJEJZvlZcoaQbHysvqECshMUVwe2lDpMXBItGLVs8KPJETruJpNHjW0OOncj-M8h-WUtG9hZKo4QLLyNOU88mF1bc1vPVWKT9UoO9oFi7X6OCnL-xZCMUNgDGoOOkNgTRNCdhfEBpl7zcVO7SJikVlWl-9LKzfT5uojwwsVqQEkfCNiOP3GB2KzTWXOjNco5LjLhsMYUlaVM_wA50",""
"|e097167 računovodja vii/2 (i) - m/ž|ljubljana, central slovenia","E097167 RAČUNOVODJA VII/2 (I) - M/Ž","","Ljubljana, Central Slovenia","Fri, 22 May 2026 02:52:27 GMT","https://jobviewtrack.com/v2/_Jq3qgQy27B4fekJwZfSMkZ8SI6XVpOefifdLS9t9jOpjioPZvJZjF5X7X_5dJpJEL4Vfh4XxiH0ZvEQDRj8S-7_0Zt-nM5Cr_RzuJvLuLiTIN1J490ypSH7CufUJN7LhaZ33WdiwQ3C7vOmXLQiF1jfA0RANwaJ3AojHLgSy6wKxNYJG_ZgTZ2EMwcVcTyqBtBAUh-aIxxDzZj5Jz6YDrBxGimhTflL4XNYnG53-00",""
"|knjigovodja in administrator - m/ž|kranj, upper carniola","KNJIGOVODJA IN ADMINISTRATOR - M/Ž","","Kranj, Upper Carniola","Sat, 23 May 2026 05:21:54 GMT","https://jobviewtrack.com/v2/eVzZS7nR-ej0PZJTxgJL5lA30eYxGKNHZTrQqT6Z4DVM-KHn9GNOY9nkK3_KKNN5hHnF1pXJDJ_TDRfilv37BSWz6BD-qGRQHfQRHXhDOEvv-Cy_2an6jUxkF4har40EVD4L1FmmWfFnVuhUfMsMPj-7VFj7bMDigIOVCoDAhr1C2Ta-uZPI8MBBW4eo4VEHO6b4q767vmgg3c3gc6maHI-54CYjfnvgjpGgoUERWfM",""
"manpower|it administrator za programsko paketiranje / sccm (m/ž/d)|slovenia","IT Administrator za programsko paketiranje / SCCM (m/ž/d)","Manpower","Slovenia","Wed, 20 May 2026 07:33:14 GMT","https://jobviewtrack.com/v2/B9csuGdWnlG5KWNIePokLP1oaWAOIZN2G35bvL0X0hSbJmS56BDVmmWOsDc6Re6nh1XY5SA_KoZy-gNGqt2dEdNxFEL7Ata4FC9dOY9PKiFvV2eehvKdsYrewcOrt3S4Pxw-9VKrocG7m1sU2BCs0gJC8WIzsqibyMuzORyOIxjUNTF5fOxAxlAfRJm0qsXRgxi55Z-oCmJI98AJCbhSuXbpcc7lduA8yZxjD8rMor0",""
"manpower|administrator sccm / microsoft endpoint management (m/ž/d)|slovenia","Administrator SCCM / Microsoft Endpoint Management (m/ž/d)","Manpower","Slovenia","Wed, 20 May 2026 04:45:56 GMT","https://jobviewtrack.com/v2/9P47RMlMkaEEMmaQqNQJg6AyUblMB17dMl9POtE7eUtDVOW5LX4vYWZ9fyvhL8ODVvG3cytXCvaq88NfBjWb8Xn0x7U6x46acz23fv4AUnmrCV4VWtLZ3YQMsJm6Av4W1V8lUWVFnUPlRX04Wd07wkb9LEVibZF4fJIYrD1JK-pAkVcc0UufbjYTdT6JPL3-sCntg_U-DgRRe0O9hGiCcqVjcirVSXepd5UWPbwRTlA",""
"telemach|prodajni svetovalec v poslovalnici (m/ž/d) - ljubljana|ljubljana, central slovenia","Prodajni svetovalec v poslovalnici (m/ž/d) - Ljubljana","Telemach","Ljubljana, Central Slovenia","Mon, 25 May 2026 01:42:04 GMT","https://jobviewtrack.com/v2/H2jBAOkcl2LquieiyJLJFXi3MtVL49cmRMrJwKG5CjywHQDBnBNQluMLYE64ck03A14Z9ePnSkVaRsCQL_pSIydWwr-2kTN8JN6bG1hp5LTNzeBIbqhrA3CczfFT66OuZhnNpBs6mRRp_zbqKObqMR3ddukCUy_mTzeJlcZs2HiIZOYm1raJPM1_prKC-U9HaE8hG66uPUpVsx1oDw-PKV-9sIc6cS6aJ57iUnbJQek",""
"|operater proizvodnega obrata - betonarne (m/ž)|slovenia","Operater proizvodnega obrata - betonarne (m/ž)","","Slovenia","Sat, 23 May 2026 04:12:23 GMT","https://jobviewtrack.com/v2/XeQI48AArkIjNJL_u-ysHqEzfvpofqvWXvdi2KuESytbYzoWISzy7jOrxF2m__9dSYYbMRA7q5fKpt73eNibOWr_R9qDx9l_L-wJIFYEN8VgSgv9mLKMlfE6btrRpMlCnjpEU5LxarHuoBgIz9j4DI2M5jCJ_-Z9lXdaFHXuT7ZZI7dHTL__N8kh6o8CclWotzq0WnC_9etJ4tqNa8DIQ8bVku4dJ8QLJfiJzESeMMg",""
"iskra mehanizmi|vodja izmenovodij / vodja izmene (m/ž)|slovenia","Vodja izmenovodij / Vodja izmene (m/ž)","Iskra Mehanizmi","Slovenia","Sat, 23 May 2026 01:27:00 GMT","https://jobviewtrack.com/v2/EA6kGoUCs26scQW78EZcrE_wpcf1ynoZLkV-DiHKc8PWqvxlQy-L4WAXcmfp1v1tC-gv-n-XreVW1tYWMSS8gBQIRIU3K4EYyebIATchK3dxw2Iy7ru7SuRdXum19fsrNYbu9N9o1g3rh-U2s20bl65mKGUmK4ONxlosH2guKQ58E4YjMswwSnmvpUJ0tJAwnApY68kjrslwRHEfgQFmVdl1So4ig7qClpw-K5QvAts",""
"|operater v proizvodnji asfalta (m/ž)|slovenia","Operater v proizvodnji asfalta (m/ž)","","Slovenia","Fri, 22 May 2026 23:33:29 GMT","https://jobviewtrack.com/v2/qw6bespkgMsmqRAWw1XGZ5Jc-fePb48NM65ZQlzaIIw3A7goaRxUiMtIeUypNr627xUMHhDu-hLgAly8BgsMsFYHIcCjyLn1BquLqRZgexLXCMuql5vgfNgg548iPk72MTK52Z0KiEqYqiDQFwKQ6cEzYl7MdhKi_hz1zbvCW8VI0LyQGxx1YWlFCYKeFwC2QYUhOy1v-7WkKec7L2L01laf81jOPb5jSYK_J-TIHTA",""
"sip strojna industrija|operater/ka specialist/ka|slovenia","Operater/ka specialist/ka","SIP Strojna Industrija","Slovenia","Fri, 22 May 2026 23:16:45 GMT","https://jobviewtrack.com/v2/qsuT4NVb3vedMybD7l1Frbr6Tj_BV4YqWuXvShM1RO8BdBGRKRmvApfQPDVfN5SeJP40yoeAjo-OyiypAWCg8dz2qpkw630Ix91T5ezNvLAoylp2kmTliAe4PGIxjuSrtNykbMuzbRQUlNfoLoM7mDjYXn8VOlIFVzhyNM1Dq-v_Mp9nWZImBrih16tCJUJjov3c8ji0ICijLnHs6a0G5bOj5BgLSr2kU90SihIENII",""
"baron international|operater strojev m/ž|slovenia","Operater strojev m/ž","Baron International","Slovenia","Fri, 22 May 2026 07:36:56 GMT","https://jobviewtrack.com/v2/H3blho8eTBpYB8WKQfxMY2I4wjCKWgiXAW7cDOHoS6O_iLxRUaG8zFqNXVdukFTXBiv9Bh7aKr6qbo0pE2INDjgjDN3SUhsEMkYFNQUHIfk43t88V7_ili1MN2cPGuM0-K7oBv__-xmAikXLVbh2-445UhfJ4qT6mD12EKyzW5RsDxXkMpogR9z-B6TAyZiqyCB012ClGc43WoLwQUs2Rk70KRJnvLYY6kFb0hDlGnk",""
"|operater na razrezu pločevin - m/ž|ravne na koroškem, carinthia","OPERATER NA RAZREZU PLOČEVIN - M/Ž","","Ravne na Koroškem, Carinthia","Fri, 22 May 2026 06:52:57 GMT","https://jobviewtrack.com/v2/-s--WJPlA2ix5EaxS4JMmGfmixXI4ZkS3I-5t5lf5LVySd1jckRtJP6O6C1fKxbs0-iMLvoUd9t049ISIYeTw3YPNZ6SypvMUTlibQ9Bu_-tTuqGtapsQrWdwea360EyOCbL75DybeYb7GCXIJ0pqlW6qqsAQJy-jWyG1QJzQakWOyv86VcbzYAlm9-jAlncXW5z-hq_71Uxe6Yg3fdrRaKSI4aVhB1pYD1M-_kngRw",""
"|operater na cnc stroju - m/ž|ravne na koroškem, carinthia","OPERATER NA CNC STROJU - M/Ž","","Ravne na Koroškem, Carinthia","Fri, 22 May 2026 03:15:24 GMT","https://jobviewtrack.com/v2/1yuhU42bhoBQcwax2gtt9Lm74LKANqbRDyhWjhnWOkPX1l6Qqt8hcqCcBDa59IvI8y2g1jQaqGBnkgS647C7flbbCWl0uNQDM618LIGUX0QeH764fVbHVLp3SbWhGetuyk0-ohu2HwPrMwRqjcWWFo0HRvyVI8BquoARut4cu2L-WO5jskVax5FtsixFJQFDuLApKZMtMSelzCNc_wvg8Ey8YI-aa_xOrlSx1lVrhZQ",""
"|operater na varilnem robotu - m/ž|ravne na koroškem, carinthia","OPERATER NA VARILNEM ROBOTU - M/Ž","","Ravne na Koroškem, Carinthia","Fri, 22 May 2026 03:14:23 GMT","https://jobviewtrack.com/v2/NWNgysC5g55mAoybImVjYNmShGzWXJIjXkVFDYARB-pI9xvgo9Mgv4kVm0HvqE-ujFbhlcoOh0Px20Km9E0q1C69c335F7ZMDr-dfmP1n4-bFZ2TLw_HtymsF5PgGt6rv9xIqynlsiv6-2BkyPCa50ZWj2vWSfAJOaQrEeoys6y02VGhv8ui7nAQrTckVQI3UkOGh54pPYov8p6jmtEPesQrc8_ZslUARxyQRm_A_oo",""
"|operater na upogibnem stroju - m/ž|ravne na koroškem, carinthia","OPERATER NA UPOGIBNEM STROJU - M/Ž","","Ravne na Koroškem, Carinthia","Fri, 22 May 2026 00:03:38 GMT","https://jobviewtrack.com/v2/JU4uy_SOgbHPxn0f7T3vQ41ozz2u9X7QTL54n-pQ0vcT-odrkCkAE6OLxIGCzRIkyX8-UtVPiSTPBpss3L-BkOsztle4W63NHPbNw1wAgm_NejHKsbF5hDdSDSeqcWeuQyYuXaHnR05yH6jw7qlUW1fdAuY5Jv5sogawT-5byS3zLC5i5K_FZ7mIM_YgDDnp6G7hD2Y3ukWhLMOwTaz_lSQVNJFCdJJcgcbGE3apBuo",""
"steklarna hrastnik|operater viličarist (m/ž)|slovenia","Operater viličarist (m/ž)","Steklarna Hrastnik","Slovenia","Thu, 21 May 2026 22:31:04 GMT","https://jobviewtrack.com/v2/cV08PkxmG2Tx_81iwHnVKhIMaC_Bq46Kgx3M6FAUp5ykoRAEHL82bPH_D4qGa8AzTeazkCAgKIMIqLryYZnw53XvpTQZ5z3eDC7Qp02Qv79T0Yl_jMxGzvlCxuZ5qmUtgXmjb7B8yJGZv34_EMRQZdLZt2QSDBzUjnn37-seT7bU_LKF7badbeQ0ICPs_gpQPnvavu76z0X8hoJZmtrnPrEB3dlQGS6smq4fGk7mTCI",""
"valji|operater cnc obdelovalnega centra m/ž|slovenia","Operater CNC obdelovalnega centra m/ž","Valji","Slovenia","Thu, 21 May 2026 22:05:28 GMT","https://jobviewtrack.com/v2/woX7juJcmnnBnieu5sLMsJ-l8q6fCEN7TkQS4NbjY18fIeeKQzgJmUOTWQIGo8ZKAd9R3ZT015MoYI7zEbyj2luMb08Rmu2YsgbdurifScLtnKnHsi6eaRbMvenVwWXDMO2RGEQ80sZPJXRSDfIYLFEmGafS4aH8csYn5KQXjzama1rck7JXW8_yPfKve8bsYcgUTSqD_C89cdEM4C2jjLZdo2KAPt1sRATyGA8iAls",""
"|operater / operaterka cnc laserskega razreza pločevine - m/ž|slovenska bistrica, drava","OPERATER / OPERATERKA CNC LASERSKEGA RAZREZA PLOČEVINE - M/Ž","","Slovenska Bistrica, Drava","Thu, 21 May 2026 00:56:10 GMT","https://jobviewtrack.com/v2/q_W4VA9VDeBask2nV1C8dGN6lU93Dp6Ltyw3bfFTijVQoEWmRKWywji-xesGAHKGxnHAJGL70ekD7wzipCK13-ITR-1UwnHCCPJ85dROYbRvpJDLfCSGbhfG5DuFn_rC2uDHZk7hNULypE2_6XUZDTq18_Dx_bP4UKFYHAAJxIztk2oNv6XD_8wOllhzUhcUrrGbqXJTgNb0RVeJLU3fgqO5eUY_Yl40wbjAadI7z5Q",""
"novartis|operater iii v proizvodnji bioloških učinkovin (m/ž/d)|mengeš, central slovenia","Operater III v proizvodnji Bioloških učinkovin (m/ž/d)","Novartis","Mengeš, Central Slovenia","Thu, 21 May 2026 00:54:26 GMT","https://jobviewtrack.com/v2/SjLy8ViohX59uDP6de8njRWS8HsBkaaS2xTQY99eJVvnqicqdgdjAj6L47wwAiL4p-q9vKCVah7WERWpvU2nEkV03LG_s3KJyl4QOECmNJ3b4ofOwgGeX5Jypg-gciZtTzGYCJEhXp0tvQ5X_8qPwmPSxLT7G6recAoUTc0rPCgarrJ88LzjjLZZ_ohGWBG4QT3sn29gKjzY3HbytbDxdB05RAloAzkFbzMakFSFJzo",""
"pošta slovenije|pismonoša, notranje gorice z okoliškimi poštami (m/ž)|slovenia","Pismonoša, Notranje Gorice z okoliškimi poštami (m/ž)","Pošta Slovenije","Slovenia","Thu, 21 May 2026 00:45:06 GMT","https://jobviewtrack.com/v2/JO57450wTSSUgFfJ8YA68UNSAhLkZ7zMc2HjVb9QV2aNs2f8KfAfYgvbELV0pZKqUC8bUAt9QQ7CgABLCphQqW2TRZjpSQamwt4SBqdUqBsVucDT-_WikHdoXrQrRl2RNZ8hdRFlm96RZd6SROp6hskH_3v7zC6TBo0hQUvbSBjxH9mrx6RF95sB902RbsPQMv3cZ4WLWizrf_oYjHqK5AZb9TkIH01cAamwWoL3cMw",""
"alpacem beton d.o.o.|operater - strojnik betonarne (m/ž)|slovenia","Operater - strojnik betonarne (m/ž)","Alpacem Beton d.o.o.","Slovenia","Wed, 20 May 2026 04:28:28 GMT","https://jobviewtrack.com/v2/kraW-9F4vPJmM9m_W7J2y4w64mS3sibGYoR5f_RzlA3vtuCqhaefbh5zoqiCkvWub6HFz9YkkaKqTyuWcZJ2zum49ofzkHuRtmrvua7uFu3zQhIzSxBpwZfjj-mtcEtLsAGwr6Gmfis_qs7zSj-z2xh2MdUQfxnn93hm9mbHWfQeav7OYwRgdDNS2nZcvOWaKSsiUtPdCkR_zKoukmAiaU0SziWblvky5KqpCjEfTQk",""
"|operater v proizvodnji tehtanja - m/ž|maribor, drava","OPERATER V PROIZVODNJI TEHTANJA - M/Ž","","Maribor, Drava","Wed, 20 May 2026 04:16:28 GMT","https://jobviewtrack.com/v2/dqlmUAAtMxr5K3Uzr5y9aZCH3vMkdrn-Zu-apE_9tCwbrH6C-hgMKR9eTO_Xi82K10A1rhBPePRbsTsnjll5E4gdXYZEz8gdJ6bP_mE4q0-FGMZAMvh3Ew7xvtEAlXM6AgQDlA7P6oTKniuQo_ubEWNfmN0FVYa3kUoXMj8hXlANmTj77Dby9RVTDIQMtxb2RNX4yHN6Cp6W8XCRgYqYCx0mEnIRgQvbIcZu7NckP7o",""
"trenkwalder group|linijski operater (m/ž) v podjetju isokon, d.o.o|slovenia","Linijski operater (m/ž) v podjetju Isokon, d.o.o","Trenkwalder Group","Slovenia","Wed, 20 May 2026 04:13:52 GMT","https://jobviewtrack.com/v2/OEQV8C7sQosHntbhc4g6BIZxUkB-RBTDMuKjCD222AuWdLxJE92rguUhT_tAqmLswWqfKXlIFQpi5YZYrKpXUSc2wcet_BJnkeQYkR7N0p2L5SEkWf9V2VbFkKQU07NQ_gs3zqhgwBG1MH959R1sCrixUPe1g6tTk8aZQuNfY4RjqxWV8n0dD9j39dJ7Gh3IJGeO2rAEctNEpx5rZUiIqKB_NSrQoV5xstUaUP89NLc",""
"trenkwalder group|operater stroja (m/ž) v okolici maribora|maribor, drava","Operater stroja (m/ž) v okolici Maribora","Trenkwalder Group","Maribor, Drava","Wed, 20 May 2026 02:27:52 GMT","https://jobviewtrack.com/v2/EGteLadBM606-LgjibB8DFwbHkdhxeQNY0uLBeb9F7Guq98FqPO9OqPBc2vN7hDCT0OMNa8CdJPO0pJgbiDldU4BNwFvejadgRvM1qS-paXkCH_qVIPibeEQ-rlR_TYFIXu9fyjWCq3GDGi4VjwkUMkrSsAkaY36YJrDarx5TI-XBuiieamSQbxZGhe_i4lvri3lt8capv0Fezgm8-QmVQtKXWYxx_BaHUTKW0N2Dmw",""
"novartis|operater (m/ž/d) v proizvodnji trdnih izdelkov|ljubljana, central slovenia","Operater (m/ž/d) v proizvodnji Trdnih izdelkov","Novartis","Ljubljana, Central Slovenia","Tue, 19 May 2026 22:23:16 GMT","https://jobviewtrack.com/v2/VSrYeBOmEWHtw3wKLuGZ0_adl2DqZowR7zbfX7vfLraQmpGpHs4ju1MI_ioIP_asBJ-tMRvVqyE8VBrpNaW1-qaoCkCx8Sd3oWTQm3cRMqwfxDt2vfzA6cIIC-OacxMxlKaaKuJfEIpWvQQYpGw8L0X1h2ZGkACK_s1jgN8eJdz25A4XpGl0bj4OlSCQ6vDEStBI0Cjquf2DwuUxQStMB0axcA2rUJ5COeseGBUDH_w",""
"manpower|operater v farmacevtski proizvodnji m/ž|slovenia","Operater v farmacevtski proizvodnji m/ž","Manpower","Slovenia","Tue, 19 May 2026 22:12:22 GMT","https://jobviewtrack.com/v2/a4GcxAtyJPXE-XdgcfD6-mAuQoW5AodQ9RneX2TA_HqiQ9bYZRyh6LGlM3HtDD1YBhIBexAM1o-0Zm5666mZpCdelO-611_7YBMOD31O44Y9WTVEqobnNpH5VOQDCghVIvygcmrbXVcNAU9t8NAEKFcYU9QzUjN4xMk551EKb1rlMlFTvn9WW0IbtKUM3ihJR0AWDWqlMI41x_P4aZEBJP17TIKw8jRu4burlo7h5Xg",""
"lekarna kocevje|farmacevtski tehnik - pripravnik - m/ž|kočevje, southeast slovenia","FARMACEVTSKI TEHNIK - PRIPRAVNIK - M/Ž","LEKARNA KOCEVJE","Kočevje, Southeast Slovenia","Sun, 24 May 2026 23:18:25 GMT","https://jobviewtrack.com/v2/2fymiJEpA3Hu5W9xwDFjeUNNmywz76XIM2L7dUefyQU7LMqj0vNJyQIGi5OzwR-GrcD-5j8akIkr3l7YotXTSINr8nBU7H39ROr_F0LRzkXJok2LabOQbbY025_qymyikpe6RNNXrZ53Wz866I3MnNXkcjkUx3wePJXO0dTdGCmDitm94SyWmIP9FqJm9k4XtH5OPceocvd6rJugZb90v_4hu3CM7LqpsLieVXGkNJA",""
"soča oprema|servisni tehnik za medicinsko tehnične pripomočke in opremo (m/ž)|slovenia","Servisni tehnik za medicinsko tehnične pripomočke in opremo (m/ž)","Soča Oprema","Slovenia","Fri, 22 May 2026 06:48:45 GMT","https://jobviewtrack.com/v2/LMLStrDH3awTTQuHl9PbrnjsQFmysci8thFimP3MHw5ehpnQrt0iXc4H4LheZFOcYWapomPRjhCD2DXkx2qcWU8k6YEJ43sK_95NGiQ0C8wyun_yTQ20xvjQZmL-mtOKVDeyjqaaslru1MyHhru-VsNMeJkNwnrRDr1EnuK1igZPBxkwIfPF3rEO_dwUUUp0rlbA62YX-Ww4eUqIaDqgy3JRdBKkX3CCwJUw5TpKuHs",""
"varnost vič|operativni vodja na področju varovanja (m/ž) v primorski regiji|slovenia","Operativni vodja na področju varovanja (m/ž) v Primorski regiji","Varnost Vič","Slovenia","Fri, 22 May 2026 06:11:33 GMT","https://jobviewtrack.com/v2/9dtJzfEk-3Gmoljkn9uhaWSNigNrRulmXiczyLQVqVkb-Pze9q7T3EfZWqjxJdKUl2VaMBMsNSSJnbZ5Wsumg13LnOAquPjYbbj2FukB3k_dTRBYhUxw64r5CKtCxz4-OjGH1VCjaAPu9YWBz69eiBMV00n-fnb5uDAeyAdjq08NLUxi2kjglETg5IwBI0pzgy0DT8Yz4sxda_JjrUsDP3cK3LRy5v8vw3G4y7_pAls",""
"|varnostni tehnik - m/ž|maribor, drava","VARNOSTNI TEHNIK - M/Ž","","Maribor, Drava","Fri, 22 May 2026 00:49:43 GMT","https://jobviewtrack.com/v2/mb1zP9jBqYo2OJN0WekUdwzNqD6jjxjcJkPmjAlCskJ_8EIOWcqlLRe1q-Y0zZTyMsE8KimoM7FlKJk9Tihf2Ofp0uO8ZV7gR3d9_U3i_0S5O7SAQI1tk_1X_rrbYm9P1f4EYNOXMXWTBJm3eTsor_uZy8ynoFUSCStMVXAgouqLlvMUIuNGKehszNEW8cgGasLUdZSZSr-R650vCxMNQH71nHd1__rfTEaotFYLGvk",""
"|vzdrževalec tehnik - m/ž|ljubljana, central slovenia","Vzdrževalec tehnik - m/ž","","Ljubljana, Central Slovenia","Thu, 21 May 2026 22:43:33 GMT","https://jobviewtrack.com/v2/gZ2nndmPIGsL2xpIfUzBs48afDgF133hhf0R-PVOtdSvA5f1jVdEnrvCqjT_V1nHE_ES2TV_TyaSjPi-5KUlSqnHmHX9mX6yYhnY9rUjO9JKxLXPPJ-c9hDX_I2Nhfkre74McQgoSY1TTaxTB9-NgHvtTGvtS25IOTlCX5ek5rOnozeLQ41jJx09QCJkl9KoVhPzBeX3OU85B7wtUfeQInx-JSRGiutLm5AiNB3wEI8",""
"|vzdrževalec tehnik v sektorju prometne opreme in signalizacije - m/ž|ljubljana, central slovenia","VZDRŽEVALEC TEHNIK V SEKTORJU PROMETNE OPREME IN SIGNALIZACIJE - M/Ž","","Ljubljana, Central Slovenia","Thu, 21 May 2026 00:00:24 GMT","https://jobviewtrack.com/v2/Liniqnrt8lmzOa59HTD2mKrp9Qu5CUc-KMcw4CSSD0p1hJTN25wVnkeoU_NBrYnKmdlqbVuCuLQ6vB_bMDBNuA0GLplJZju70-HqOTsbD0xqdvexsR_srH7FAB2K-4jgdAutFNbJ2JEw7sxDbCBp7BpMePxkkCzD_gEzsw8TuftcyyDrvLajtN03DaCcn47tlbmdu_nKO71LgpnMKOvVj1wVL_rtb-Jg-zzx97Btns4",""
"|tehnik pralnih sistemov - m/ž|maribor, drava","TEHNIK PRALNIH SISTEMOV - M/Ž","","Maribor, Drava","Wed, 20 May 2026 05:57:41 GMT","https://jobviewtrack.com/v2/9MlV5QY-_5K2BCtpWSPHUm4EfcICf38r_HNo38I9YZZIwyUr_dykJyxspYLFAxrg7oy1xwmPSVgdC-lIf20vFQKn90AjsFPYqLQXvV7fkVRdEYVrt79mwNIiVgwcitVssI6Tyw4CnGqckR1F_MTNBgg7e9mLsvfbusJwnoxuJTFpMQvkBtqgAU3O6l82t_fzU3k5Nadx9yRwu2KN0-zm1Qd9lZ7tGwDdKipPUb2UB40",""
"novartis|laboratorijski analitik (m/ž/d)|mengeš, central slovenia","Laboratorijski analitik (m/ž/d)","Novartis","Mengeš, Central Slovenia","Wed, 20 May 2026 04:04:50 GMT","https://jobviewtrack.com/v2/zcdA1QbRODXS7Ytv3t40NZ6wN4aCvZKQILvkozKF2_z2r8H3U6fBDRc30mEyldxD3s_M91bWZFMNJQI68afpmsyneDymvCMlR9H08au6Pzn9JCo1QTTjRVuh76hEY5VYadfSNDyUrOgIyHTKKWQJXFBggp7wRKJWbOMes7e4iNM3zCiduZbWnjNyxrYXHQAtHpoRBIPAIGiwSoFYmxfydwcdQJ41V3ptz4hV7xvAuQE",""
"fraport slovenija|vzdrževalec tehnik (m/ž) na področju varilsko - ključavničarskih del|slovenia","Vzdrževalec tehnik (m/ž) na področju varilsko - ključavničarskih del","Fraport Slovenija","Slovenia","Wed, 20 May 2026 01:43:01 GMT","https://jobviewtrack.com/v2/-12EHCHakoiiQo6y6jfh_EtlNMi_CvGScqsXQXStX41_B9KEbajVDJzEKAFsZm8vIztOIzI6l2c4o0Dd4TdpA3bVE06ySedDcLnk0rUdjexd34Yn3Cp6UCMjRdRHybhuVtBFbZ0nXjiukUgbgdObUtBpQ9q-nlx_Ahc-k5LAfwj1YARfmrYpj12HU1sVZ-PbxGCEyA9eZ2nyDehhMs5cHwX1fdqgbihF8Q6jaopZoOU",""
"iskra mehanizmi|testni inženir m/ž|slovenia","Testni inženir m/ž","Iskra Mehanizmi","Slovenia","Fri, 22 May 2026 04:27:53 GMT","https://jobviewtrack.com/v2/B9Sp-b4QGc2ENSKagxXDs2WkIEkj0nmLyseOpRlZTlvQBQNsFC56T_zo2WNv9USbn4SrSzlCBEDfzugveF7MroBkmSK8aIUh0kg-XBowpOOZy-WQdWLAVABweJwN2HzNU6KwuQVJpMVREJkUK2fCzJZMPsXc9PoX75oQ2T2kIJE6Cqkthc3dSGVQFWOI8pUrb4HBFs42p4ZYrllIw-5oLTNtS-2K83S5xb9qEi_9cd0",""
"iskra mehanizmi|produktni inženir v razvoju (m/ž)|slovenia","Produktni Inženir v razvoju (m/ž)","Iskra Mehanizmi","Slovenia","Fri, 22 May 2026 02:28:42 GMT","https://jobviewtrack.com/v2/agyqLHWAR9-IofdLFDn-3LSDXsiritmvp8SOqLZOSCbBHmtxAAMbGM858OJ50S7YnJiNPAS48KV0kZ_-hLesMZ5VkJjiqklOoJhc_8_OzLnwZSjZh6ULoo-_RM6fDV_4bcoI-zysjIHiqRwRnm_hxUNKDCmZhxEF6Fua4X5vjzcfs_-0_1TZwNoC_nB56yJLLtfZHW_1JGZkcYowebOmi8JBzDAFXCi4I5NgBkIbh4w",""
"elproing d.o.o.|inženir avtomatizacije-začetnik (m/ž)|slovenia","Inženir avtomatizacije-začetnik (m/ž)","Elproing d.o.o.","Slovenia","Wed, 20 May 2026 07:04:23 GMT","https://jobviewtrack.com/v2/dvRhbz8RvEMxIcEjyS1rlhIj0637L8iNspXkZMiOgUqbgUAgTWfYiWv3H4BGg3xhb6SXD_chCROko9f6lbICvexwYd8nk7kqomaeUzZPxf334h-FgHRyOPNxOYgClStDK3vx7XHzB1NQCyqaGwuonFJf_MfhFwlY8yIjuDpNE-JDtrUF-JEozPTDVhgGVMgOF_a_0FzTyTSChQOpO3PQfqNZflmn6bhBv3SMZaJmuHI",""
"|tehnolog (m/ž)|vrhnika, central slovenia","Tehnolog (m/ž)","","Vrhnika, Central Slovenia","Wed, 20 May 2026 04:56:15 GMT","https://jobviewtrack.com/v2/EvjA4BqRNJrNaUS7dygorZFiw00YIgI7oWLOImB_nglwmHbM42gSwmhmNuWQniTGY2EExsLjg-DSmAiAYbX0_LPbSPD7X2t3DtBJWT72EGK-icHiiII8wMwfiNNoX6crrtHovAZQQVCegd5MzFQPuTHzmLP827BeNB9RbW2uzhAWbicOieN00YILEhNAbvcVQ8GP5xQ9RJAJFuWY9PbpRjI5jRmULVdZqYHLsAQ0JKU",""
"|inženir cnc programiranja in konstruiranja - m/ž|žalec, savinja","INŽENIR CNC PROGRAMIRANJA IN KONSTRUIRANJA - M/Ž","","Žalec, Savinja","Wed, 20 May 2026 03:05:11 GMT","https://jobviewtrack.com/v2/HIuVQComjfSt19dd3jnTqoj8lXuLXtfmPLJV1Zk8QfdzYuyRbP7kjvedPSwb7AA4hgIuRFZCYumb16577brIFjS5BJQ1JqaV8WIRVaqe6K1ZedQl8R-BM2AKyBbZ8hd1Se7zxzIzaFoAv6VAnChEX7TLU4AAgrEp7sm_bxIA7oo9w49C9EujHQthgS8xpPr4d4XmnARLg1KJ4NyTI5FdokJGzB6A4S84o9eYzmURyUQ",""
"manpower|it inženir za omrežja (m/ž/d)|slovenia","IT Inženir za omrežja (m/ž/d)","Manpower","Slovenia","Wed, 20 May 2026 02:22:37 GMT","https://jobviewtrack.com/v2/ibBCYXBac_1rvXCml705REvhxjGM4XjA7dIHUz7NZLoQLZoZBcxGWvsKlyOuM3pKAsdS1IbAemo1yh5RFJmYo3FsJ7avxmasB4fqsOlRvCN8RoJnOKuMHVP2b79BHjZVI-cbkkBYyEc4re1UOnKGnXo2aI5cDqqSjbTjeoSFqigsvO-Vz9aQn0L_Fb45xrXKGenelmNL7uE6XHdbL5mwGDlRZNnad6I_tBvrs4yEZSo",""
"manpower|inženir za omrežno varnost (m/ž/d)|slovenia","Inženir za omrežno varnost (m/ž/d)","Manpower","Slovenia","Tue, 19 May 2026 22:54:41 GMT","https://jobviewtrack.com/v2/6TdvV8RHVZLavj-9gw8QC_VhqG_sXndw8li1LenuN6z1lVU6tMgEhk8wMnAqAAh-7ZGCY8HIISSeTIkMe_CejvqiV5Y4p7rMh-Za_LC3h-_dV7za-VELljZZLgcVxJCPpRHorkPgEBl4XnO7htxLm2bT8u6EBIxw7g6y-7kpQZumwgzPy7KHjAEI_Na6J6WZRx56mkoSIN6lvETFjIJdoGeln2oYKHgZ1io4q_RKLkY",""
"ekosistem plus|regionalni komercialist|slovenia","Regionalni komercialist","Ekosistem Plus","Slovenia","Sat, 23 May 2026 00:34:57 GMT","https://jobviewtrack.com/v2/6Bxn0DJPutDZ2H9ktasMg3NRLTLGjGTZJ1DKrffvOHjTVAsnWcFNp6m7m6LkTG4QWRKbisl_su2BIivD_7jUTM5klvaoeEqmyA9lAT6R1guO1tYyonIx5SzxMHE5I48CewHG4-JDAQIsxgAnnE8LdtG0wJjy4N2HSmBasuagxv1F0Q8yntEQxLU3ohV9pww6gR-cI7vmtUYxYXK0wqSC01nSkSpf6Fhpzu0_FnjG4EI",""
"optimus plus|komercialist na terenu - vsa slovenija|slovenia","Komercialist na terenu - vsa Slovenija","Optimus Plus","Slovenia","Fri, 22 May 2026 01:47:57 GMT","https://jobviewtrack.com/v2/vhQGWahBETMYp9CBRMw1KspXTdKr6ccepqqYh79lgc-vQdghBjki7oB1TW9A5kAsZuhv5_RJuq7GyF3PEqQdf1JFqt5LSZBXDQ7qVfqybNIuqz1TlR5AFF3InTtldJO3TXSn76njiHG-vOc1ivvMAIEy4NRDVH1rRg8Y_Rywf1Z1-Nvc4EnDV6_ShNCqZ8QobWFfYUbruhgSLCyFB5uBYfqK2iUvKEL6IN60xi5sMwc",""
"plan-net solar|komercialist za sončne elektrarne m/ž|slovenia","Komercialist za sončne elektrarne m/ž","Plan-net solar","Slovenia","Thu, 21 May 2026 02:37:50 GMT","https://jobviewtrack.com/v2/89LO3uerK2UhzeNBwoJcuRs3WXjvplHrvHvFL0RzyQuuz7ydkW8ETFHXid_xp1h8SOzfoSVFxrVz05j4b87433JKPU4O-juMqTvYjnlBuZ1_PtXHf7u4S6PJzKV7V46Q4S96-mJZAYY0pkZs7ttg55zcxp4dKUl7XvndJyEktLYKsYfyYY2eA9_TKg0VgFsR6uY1UyXJcPmbMudiAnCokhOq4o5L8MmVqvEFzZXAadY",""
"|nabavni referent - komercialist - m/ž|maribor, drava","NABAVNI REFERENT - KOMERCIALIST - M/Ž","","Maribor, Drava","Thu, 21 May 2026 01:48:57 GMT","https://jobviewtrack.com/v2/d8S5JaObnoiOArA3Hrf2KhjDgWiaN7IW74M2M8BpV4I-_oH9w06rLSQI47rONoW8Ns0q_0VNS0s9xNOCtiADCwPGbPOI9a8o2BE8XtPonuplg--XUCAVNgGX0cExNdSFiNiQ_DnQhrz4TEjA6sH3pUnHQ7yGAoBf-5f50gTOuG1o8OGsoTfjyqhgJy03b1g6hR2Rrd4PDZzoliq2WKkSmPbMpp0Y3YG-PMQuwgCu7QQ",""
"|komercialist - m/ž|ljubljana, central slovenia","KOMERCIALIST - M/Ž","","Ljubljana, Central Slovenia","Wed, 20 May 2026 06:39:12 GMT","https://jobviewtrack.com/v2/vDZL5cQHkGcTgauB8P0p4BK9EncPKms4LBh8WowSGXySK-8tdxt0L3PBMfCZPhm93IapQwvdYvvdEiUvr4oF4Je7a_w8YdseK1p53uf8oNxXB1aqjF-_hiM3BDK4qnPynVpd2z1bXkraCNcsDc_W4uE8ITOXdCZON1X3w19tr55F6vugv-tMhrl1IGFCLPA1jaSyMWstBZQIom_rb2BE__AsbBU7MMFyKT3MBExlhm8",""
"|električar - m/ž|maribor, drava","ELEKTRIČAR - M/Ž","","Maribor, Drava","Thu, 21 May 2026 05:47:02 GMT","https://jobviewtrack.com/v2/dvdDpZcHYGv88yMqMPRQWADYvles1YqSVKhHQkKhfwUuX8lP0bfiHoH1lTdQhVWqJhGp4XCQgEHSjXnRHa8qgp7VJjK1pncIiitby5PzyT380gVb4dZgjEqQdRb7JRJ2Hfx-TrPTJMp-aSHzBNPNQikItR8BBLdsvsqhVeCeNNIZmTc3ytaLCtrdIKmkQP8vvf_DGEitf_rtZUQK2IxsPDvl8OkN7-df1XOMe4LB2kI",""
"|pomožni električar - m/ž|pesnica, drava","POMOŽNI ELEKTRIČAR - M/Ž","","Pesnica, Drava","Wed, 20 May 2026 05:23:36 GMT","https://jobviewtrack.com/v2/yZPxfW1f2et8ZxHuQo-ZD6HiXO-A2VCO8uZ5EUwKdEkYDcG5IpASwUcx6fULBbM7Ejys24gWcHu-a26x7_Z7jRWJYHpuXHytx7EZiPQ87FmF6CRkiT6utnVOXByiM12U3t5NjO3ESYkFFoltGhWx73tsXJJsRCm30O5T8khl0lZb2o5W77kqHZplHrxFOsW33deXKWxBrJKZqg-qRSnhfuU-1pYltDBbh_v5kItRerY",""
"osnovna sola ivana tavcarja gorenja vas|čistilec ii - m/ž|škofja loka, upper carniola","ČISTILEC II - M/Ž","OSNOVNA SOLA IVANA TAVCARJA GORENJA VAS","Škofja Loka, Upper Carniola","Mon, 25 May 2026 00:09:34 GMT","https://jobviewtrack.com/v2/Jx2KhVoovkcFt_tEVVbZoQxKRKg6a13houd9uJzYIq5F1KXAu6VXJ493x_H9IuWjzqpAzzbfUhJIIzDaTq1EqGnGGkkAXxY03Rgg2QLiy4MnK7ROxLV8hUegWGMMpZPc_9KmWC-Fb6nQ2JU8ZQQOetLvYbpRrYCk7UBCe1NKdck0Yf80fRzWE4rDyGLucM4ICouXD4Shl6qemXCloWoTxI6piT61RLf_IHZbItuO7cw",""
"terme čatež|čistilec - m/ž|brežice, lower sava","ČISTILEC - M/Ž","Terme Čatež","Brežice, Lower Sava","Sun, 24 May 2026 23:38:34 GMT","https://jobviewtrack.com/v2/kvwNBbgurJRTfmehOgpkjN8E7qhAKaa__ZlEpDDNQyX-8M4agHswtFN6-NTw6qMhqjwZT77iwR8e3_snGRWcdZ0DQNu4WUVFWp7M8IMd5r8NxAMlsJGrKQ7kJSN6lch2hvNEEzE53YZdvW6DqVVEo7A98PdYW-IZ34GmK8_fk35nOd-BaripBXPqa_4INrsvihDPraLlyjvKPZznZG80PpLDjE-0r7OTrpUPhPhcv70",""
"|čistilec laboratorija - m/ž|ljubljana, central slovenia","ČISTILEC LABORATORIJA - M/Ž","","Ljubljana, Central Slovenia","Fri, 22 May 2026 03:32:59 GMT","https://jobviewtrack.com/v2/cD-4evZpXWEJWmudJoFm_XVVXZvHaLgPRAVUGIoamG3lorUxyhbiSlmoIDIza8LSFTIvBChc2j3F_uT6dcZ1t-5X7DnIEq-CjhbFHsdilQW217AVjHRPs1vhu6SzrO15d8yEC0qRWHrWlG-eHu2bbWYHIFyuTPiupxfUEtwq-4qFWVtvTt8DQrhid_5S_8upSmpnB50cQjrJ6JItluTXseAYIGMl8EbPn3BQ6Sfb5aA",""
"|čistilec - m/ž|šmarje pri jelšah, savinja","ČISTILEC - M/Ž","","Šmarje pri Jelšah, Savinja","Fri, 22 May 2026 02:17:50 GMT","https://jobviewtrack.com/v2/-CjCBcfs0XRCb9cRVNQ40YrCfQ0TM8Vw0lFqc2zPXMWbVBRfKfwnQDWEujqv6KwFjwO7nHPNqQskGveJRG-_TmyflwF03BMZ9cTYrb2pZVgh5k5e3-6vyFb4YlRI3pahSQWKx3hK_ejYgmHp1q4QavxJFhdOpp7TVNlnHnzjQsGMeFzMHEymqMBOxUol9wSrCSqcCfQ8KZrDlb9xPzsEEJVUZvp-7cY9bTfDX-cOSgw",""
"|čistilec prostorov - m/ž|šentjur pri celju, savinja","ČISTILEC PROSTOROV - M/Ž","","Šentjur pri Celju, Savinja","Thu, 21 May 2026 07:58:15 GMT","https://jobviewtrack.com/v2/tJ7Yj5AHmAM9XhuVAnoRQneFYMCrv0Xdg_TQh4zo6osFkpdy33wRZIvs2vDXZhtay5RTsjIuxKMnL8mj9jALrJ7b_yuwGaAnEDqmqsEKxUP019fs9OLIHqmGgMQdEui5NmAE9AOeGOntZIJsBtwewRZImnOCH5pMWS7GhgRtwO04Z2UO4MUCplywnPzV4JaRzz883dquahYugeiq1jOR1HwKzkK7fzwYz3EChGQFNbw",""
"|čistilec - novo mesto - m/ž|novo mesto, southeast slovenia","ČISTILEC - NOVO MESTO - M/Ž","","Novo mesto, Southeast Slovenia","Thu, 21 May 2026 04:52:07 GMT","https://jobviewtrack.com/v2/cOGyTjcQGCN9zuQ1XJ1V0ugDYqVs4kpWD9rrLrGIdvSamC-USqS92Q6yLqX24ZZ2O5OuYbf12dgORr6ioHyvUG82NHw9E0GwGquFki5Ir3t75iD1APGHb-KipWA1NR2nUWOnxLUs6nsCfGJ9C6stD5zwDDbS0hGhOi7VFpxH5lsVknWYSsa8V_SlB0OobGv_JqHkSuQfqcb1JKG_V4AqDL9jjvga__g-eyKJTYwnjac",""
"|čistilec/čistilka - m/ž|murska sobota, mura","ČISTILEC/ČISTILKA - M/Ž","","Murska Sobota, Mura","Wed, 20 May 2026 06:59:44 GMT","https://jobviewtrack.com/v2/iKpmfGLjKkdiZ-HUW46uvvVNUJWSqxXPE_LHPXLbZEa2Xmrk78VK6on02XsM9JEowaWk0KU-hmY4_jmbsUw-jFSeG7WZgS0qsVH5fuKRZoPZr84PsUsbgQ4x9ZWEQ3JuV9Aq_oXSArPhJfMTk46MwKIYCbnjipDBAd5wl2NU_eWCT-7dNRew4Hky8_PNYbOAkNAOImrZa54OoOz9Bf7niILM6vsR8cuqwOqZjLI8qCk",""
"kovinoplastika loz d.o.o.|čistilka/čistilec (m/ž)|slovenia","Čistilka/čistilec (m/ž)","Kovinoplastika Loz d.o.o.","Slovenia","Wed, 20 May 2026 05:15:25 GMT","https://jobviewtrack.com/v2/JL2Gc5mq3T5ezaAaSsBmSpyj9IMbu0Z9JBVxgs0oadsx9cwONifWmzb9bhrRJZ4l_nRfVcMA9e8-tJ3o6jExYkognc7RiGMH9C27QRwf2vAJyt8uY8D8thSp2rmq8mbwu_EAC3Lhnfibz34y2rzGhQMsysxB_RxdS6tl7HDa7B1Zqik4uFyyhopkwdvAO1v1li-W_vkzhQQNqu2PUGSfHm8WCP3LJS3i6UEBNdLQW94",""
"|čistilec/čistilka poslovnih objektov, nepremičnin, premičnin - m/ž|slovenska bistrica, drava","ČISTILEC/ČISTILKA POSLOVNIH OBJEKTOV, NEPREMIČNIN, PREMIČNIN - M/Ž","","Slovenska Bistrica, Drava","Wed, 20 May 2026 01:31:41 GMT","https://jobviewtrack.com/v2/eG3rIYed95loZH2rTnAooLwCULU3UhIiT5TjgPIy4vMMOkux9jsJcXBUHsTCCN4w7N9q859zPHN1gOKZeLgcFuEGw40ibqDkjlJp5FkTc-N4OwDjNzDwy9NFmNxXDIndGNQ0_0QWcS4Kr_1GtQVZ6sM7-zjmAXjPeCV15DHTTIiKHFHQnNmUxKJv_brfhDUJ_M8H5I0x_XesfagwOr7SHwz_NBMYMWbbUcjv_H3chYQ",""
"|čistilka/čistilec (m/ž) - m/ž|ptuj, drava","ČISTILKA/ČISTILEC (M/Ž) - M/Ž","","Ptuj, Drava","Wed, 20 May 2026 00:41:48 GMT","https://jobviewtrack.com/v2/myucjq5pFY64OSJ0ibXTsc9Y8PYZTlzb6bbwxzM15g5fvZlkzHGO_H_NFzol7-fsTgXJ-IK66lwwBVcQBOCIdOpzB9JzgdpzEhleTJSpQci5CLXfc4Tnd1aUah1UnIXsbEFIr4BSFm6wxrWIV2QDEQL1TBLkqMbF4YKCx1d4SZtLY-OCiVPGgYmtzf_pHfmpioBtrSQMEXKHqJLoa1lvJ5Q4sKsvW0W-I-hXVzyB27Y",""
"turen, trgovina in storitve, d.o.o.|pomočnik monter stavbnega pohištva - m/ž|ljubljana, central slovenia","POMOČNIK MONTER STAVBNEGA POHIŠTVA - M/Ž","Turen, trgovina in storitve, d.o.o.","Ljubljana, Central Slovenia","Mon, 25 May 2026 07:40:42 GMT","https://jobviewtrack.com/v2/2jFmNML_AlOnaLDuXShvI6O1RwC0yDaCIIvdvw8Br_6tQmA8ddlTS9yjgtG3oz3iZr8yl1zaXjsPwUBuir9MMNcczWPl41EIHKPmcpyDvTS9lADrt7AHvzKsOCsL0wGPFqTikWW5WNw-pICk_LbSbTIksAlKL5fjVU9bcC-fruMFUhH99QWbgHEgvvOUEpgh-iB1Q_lf9O3RS9kWLwKTLuamAVN3wUlslHSX93tYDYo",""
"|monter steklenih, panelnih in aluminijastih fasad - m/ž|maribor, drava","MONTER STEKLENIH, PANELNIH IN ALUMINIJASTIH FASAD - M/Ž","","Maribor, Drava","Sat, 23 May 2026 02:58:52 GMT","https://jobviewtrack.com/v2/Oz3Je9pxBg_ksyA4TRy2TluR-YNEsh6ANh-co_QAZL4lAZ1IctLlSu2yAnj1jSBDKFmIekiU32k5v5E685Yc8d1r6T9yAED0D7ty1PAIK7bNRmeZjbZOXtXOUyRHHEl1mgIEWlsAB-Q9ls4vyzY4G04EPDLgm20NPJ0cy5HT_KfpZ5E-eR24oNanM-GpoR8dSrsmb1seNdlTXfHuj9YJydvm6kWUWA4CrEokNbrdufM",""
"montpro d.o.o.|monter (m/ž)|slovenia","Monter (m/ž)","MONTPRO d.o.o.","Slovenia","Fri, 22 May 2026 03:07:10 GMT","https://jobviewtrack.com/v2/7sMs_JcxIb7OYWEoiXp2zzUEx9vwIDIeSBsDQqjH-YJfU9mX5rZ8gDerAk4QwKJD_QHFLRu2vbPFMWa800bNJcnk5raTubDvdNLVbYsqNFlYJ27DAnu1RseCh1v56D2YJR7i9mwiiB32SarcHPOxGipkIo1DX2h5Lhh8PYNAq_ICBHvbXwtjnfh80sZDTHSc4755gH-_nNu4FpOA_dgkSAW4MSk5_QHZeBrV9eWA8uU",""
"|monter vrtnih ograj - m/ž|ljubljana, central slovenia","MONTER VRTNIH OGRAJ - M/Ž","","Ljubljana, Central Slovenia","Thu, 21 May 2026 07:14:47 GMT","https://jobviewtrack.com/v2/kTfIfviERIlPSwlsy-xFq1hkw2J2EGrRc_KBQK9wH6LuNCfD5lTN8de0c1RF7gKwoZRML32vwFohtEWkozywHcfFIrQS43MW599sRXnlelTJs2X7RCM1h9s36jlzBCBPXeatUXAhNFQ3V3rb1-rixVRt_L91sgVi4lDCyMW7HpuEhpbK9Yfc5xyGDg0teTNd4TGEJDAceAn-I6iQnZxK4MC1Hd3OqzxqxfAhmUj_Vsc",""
"|krovec - klepar - monter - m/ž|ljubljana, central slovenia","KROVEC - KLEPAR - MONTER - M/Ž","","Ljubljana, Central Slovenia","Thu, 21 May 2026 06:05:49 GMT","https://jobviewtrack.com/v2/AB9-vwTLY6Ri9MsaNgjqyCUeWciQ7SlARqCzfkzTpSmbyFk79fXpozxPT9MVbymlPmf81N_dWDNWXHo7c7tX8QW401KRC61CFNlSnk3jWqmkqDNs9X7XCUg8YYPFaftkG1PS1TxepYsa3iXpVeDHTe1o3y_3oP1X-_9T1vo6vmUd10OVKQ05NZ1gOMKMtw2iqsJEwGiWdeTv1zPvz2WG3Z_KHT9zjZb85p33oU3E71g",""
"|monter - m/ž|ljubljana, central slovenia","MONTER - M/Ž","","Ljubljana, Central Slovenia","Thu, 21 May 2026 05:21:05 GMT","https://jobviewtrack.com/v2/_VqHjXzedBxx0s9Y2z8yLZG38OKMefLP2rMg61UUlKmnrEfSGTP8Zjf0_YTPbKiLhXzMTYRba0Ja6VtNWd-57C2c62klycxOwrCsZFQFDGS3_N-qdeCS1-3uav8xhJ8iSSTesQm4D3GvWyGZLer-ntxi0tdmkLzKd9Ow-01B_N9aeaIpzvhbB6YpWvkkZu1zTZDYap7ACuFPA7oPbnxgG0-WpFA6nb7WgryZiyI0C2w",""
"|vodja, monter - m/ž|ljubljana, central slovenia","VODJA, MONTER - M/Ž","","Ljubljana, Central Slovenia","Wed, 20 May 2026 23:26:29 GMT","https://jobviewtrack.com/v2/4QrEATrOLJYN_9VHtofYG7jVhPD1gSvIiRYt8M04SXpWd-ByvutYEJ972-YIdfXoMmP8qNONWu7rqcNKPAK7w-kwekNAasB0bRmsgM9uZkmsFfakDWT8BV-mdIflU_J_brUQ8REodslVQqxKsW9kM29N3dKiaaw8Il9QWcvbAKXdpth7gd2u86RqzkKET7Yp3h1OjPDlZVkba0QnPPwQd0TJTIJDDZaQ8Lf4IzjOTZk",""
"kremsmuller-slo d.o.o.|skupinovodja za montažo elektroinštalacij|maribor, drava","Skupinovodja za montažo elektroinštalacij","KREMSMULLER-SLO d.o.o.","Maribor, Drava","Wed, 20 May 2026 01:07:33 GMT","https://jobviewtrack.com/v2/XzQnvnqWK05s6JR4tvi7V3SBboPixKgQNKaWl38SdfE-2CoYF_X5NJq3We8fvbu_foUeF7YCnhZT1TB70dYn4VAy7O6_XlBLx5DUu1gaIGSBiAPIPa8LOvnNPXjhdlcWIKFCZR_I64zTriPbOn4eTLCxwGWG5pNQNI2knRVrOned20v9Z7btBOM-TgZIzPKaZ8-JIgAkWf6xztDCGNjFQjjmsIKC0Ub3L-TQJ4DwAs0",""
"kremsmuller-slo d.o.o.|skupinovodja za montažo industrijskih strojev in naprav|maribor, drava","Skupinovodja za montažo industrijskih strojev in naprav","KREMSMULLER-SLO d.o.o.","Maribor, Drava","Tue, 19 May 2026 22:32:19 GMT","https://jobviewtrack.com/v2/AiOj8E-4Rv4-e919PeyT4zYDtYynxy6eKGjbmQKdEx7D6N6KUBzZ_uk8BgVLM5HfVckqYiV1-m7l8NZLr6mE3eSms5pHbA_GsffbM46K3cb4BDEIia2gd6zkDlfpdA54BTJWufSiVwHnao1_319Tt_8vj2VDQgktpFaayYVK481qSE9HdpKIGxV20TB9s9cUDLxO2pZFLBEv8kOQzrcDxg1IKvaU-8pywgYW8GayyMg",""
"kremsmuller-slo d.o.o.|monter industrijskih cevi|maribor, drava","Monter industrijskih cevi","KREMSMULLER-SLO d.o.o.","Maribor, Drava","Tue, 19 May 2026 22:08:33 GMT","https://jobviewtrack.com/v2/Z8Sfc4Ytjshze3tZT6nOwu3JMe6NrzuXCzOzHlaPTkJvtQTO-8oQfXslV6aDB9EXtAXm8CSoZ0bPpMpFn4hk0I1I2U2mPSa7G7Jr22cTPSv3MRLZgNShexjk1ZT8O2nENzqg1iDwGQarhOz851jdT_pgr9EvHaKLpUOs_h7ZNhbpJWKHmF6E9xan3mTY1t2z8aVORsfUlULvVYuzHwr_lHXgXsb1BrePvIiuzSaZAno",""
"zavod za zdravstveno zavarovanje slovenije|svetovalec področja i|ljubljana, central slovenia","Svetovalec področja I","Zavod za zdravstveno zavarovanje Slovenije","Ljubljana, Central Slovenia","Mon, 25 May 2026 05:18:09 GMT","https://jobviewtrack.com/v2/PPwA5uubU5vvjCdK9C6DiBfONgMWFWGdev9c7kk5AZOlDlBrYBDojYi_va2D4Mg8Js9kBkrsiuPHbnl1WrxMzMPoQt_cFRbRfnen4dLh43pw-oYD96AAxbIGCCev2CuZZKYsn3SjnTElWtj93etvaKKfL0fPfxXla3EM4Rh-cVXOEl0iIohnVKgw5UmgerNn-GQl5muT4pykWrkrStdFdixE1kMfHoEVTNjvL2y-ND4",""
"addiko bank|samostojni podjetniški svetovalec (m/ž)|slovenia","Samostojni podjetniški svetovalec (m/ž)","Addiko Bank","Slovenia","Thu, 21 May 2026 23:45:51 GMT","https://jobviewtrack.com/v2/ZyqiY-VwHgzh1Hyh2vtCCuPs9h7dzCWGMwjrlki8n-pPw8FTWSxtqghfPxWUtH8r8KwNGS4o-9iFv8Lt77ha8LPNYGUIJtHiCtrUYC5xO_4b4Epqj8paHeNyyN8bmPLEd1K2ckr9VMYg2C9HnhDRE3QbLEMY5whgx3si1sHjy_jd0EEXgYqBvOYCGW2hIxG5qDOn1Fp3HxaDldUr2jZHUuc1_8BjgnMpkjN1vZEyGZs",""
"|višji svetovalec področja iii - m/ž|ljubljana, central slovenia","VIŠJI SVETOVALEC PODROČJA III - M/Ž","","Ljubljana, Central Slovenia","Thu, 21 May 2026 06:04:43 GMT","https://jobviewtrack.com/v2/RCZd66q7K-O4Do652TkL4Es1smrwCXmABQ1C4Sec-k71YBZptK1aKqjtl9vTkGkFJAVoDg4DHAhFkEClExRnqmH4aL-j3spVwVjg7Pinb1v0WzO6yhLLe0dolcW1ePQDq3TeobjW7PDMm056tZ1piuOBDBNMe3bIENQuD4RAQr8HyPmFYPW6XSukicoRIe4feOckXZILTXJczuE2YeRnoIf8px1vAPmeqwAVzIXNJpQ",""
"|svetovalec v sektorju za demografske in socialne statistike, oddelek za demografske statistike in življenjsko raven, določen čas - projekt »eu-silc 2026 modules and preparation of 2027 ad hoc subject«. - m/ž|ljubljana, central slovenia","SVETOVALEC V SEKTORJU ZA DEMOGRAFSKE IN SOCIALNE STATISTIKE, ODDELEK ZA DEMOGRAFSKE STATISTIKE IN ŽIVLJENJSKO RAVEN, DOLOČEN ČAS - PROJEKT »EU-SILC 2026 MODULES AND PREPARATION OF 2027 AD HOC SUBJECT«. - M/Ž","","Ljubljana, Central Slovenia","Thu, 21 May 2026 04:07:41 GMT","https://jobviewtrack.com/v2/Ayc1ea9gohG--NUsie7QFHmIe4z-4m6iNYGq9Ak6ION2l_TfHzc3X1lHCWUt6WlEcpaAeX2wCscSBX351Q4G1zsMtWuRVAxR4rNGuxS0_v_5gs4zagwvkjOy1u2WWmFaSMh-pThaMtzTH4cCn_2GniU-3Zb15NFptXeioyRjuM9t1izETUtKmknahvJ4fyHN7qJgRWgmoPaKpRdpgFx4xB-xmMZMvyNQUCGmXtkhpiI",""
"delavska hranilnica|podjetniški svetovalec (m/ž) v podjetniškem centru zahod|slovenia","Podjetniški svetovalec (m/ž) v podjetniškem Centru Zahod","Delavska hranilnica","Slovenia","Thu, 21 May 2026 03:58:20 GMT","https://jobviewtrack.com/v2/LIbWTyTQ4bBrK6lC3GONTeK-k_F08UfT6A-LoQ3dV0CKGNySL2_630_sVLaBkNIejeMNrUKmd9KwGFgrvbVjK4F1TOQngusH5N6wsbMOS2GZQhiYt82H1mDEYD9Y6U0I48GdXm2I1t-e7t-ydFSrlQJUUjN9lhgdQkVX_iMqAKMgd-4CXwig5yT8FRdzAHhbXGMcpm9ahe6uMtLi2cZI4KYYyH8ByuC9OsZveWSKZng",""
"|področni svetovalec iii, tarifni razred vii/1, šifra delovnega mesta i017113, v noe vodstvo - m/ž|ljubljana, central slovenia","PODROČNI SVETOVALEC III, TARIFNI RAZRED VII/1, ŠIFRA DELOVNEGA MESTA I017113, V NOE VODSTVO - M/Ž","","Ljubljana, Central Slovenia","Thu, 21 May 2026 02:26:44 GMT","https://jobviewtrack.com/v2/LhCpTbpPGPmRcQu3ssE-vfhwcdcxqyojzMuCdMuEOpH-2YWMHxJ1kGtFIaRxiMj7nNGNnD16DgUZp9j8PMJx4sYN7-e3PMOrbKRQRlCCmx2O_nK2Gmc6_3wmO-W8BoExdO-LoNM1EM5BhFdx4EcWQ-9WTaVyRzBNs63lLwZ-Vbnj17Awo-rXhmFkiMp7rvIlesAsdABqj7J5i6cRWG7HnBs9II8WGzMncq4SEOOKAfo",""
"|višji svetovalec področja i za področje določanja cen zdravil v sektorju za preskrbo z zdravili in posebna dovoljenja - m/ž|ljubljana, central slovenia","VIŠJI SVETOVALEC PODROČJA I ZA PODROČJE DOLOČANJA CEN ZDRAVIL V SEKTORJU ZA PRESKRBO Z ZDRAVILI IN POSEBNA DOVOLJENJA - M/Ž","","Ljubljana, Central Slovenia","Wed, 20 May 2026 06:57:26 GMT","https://jobviewtrack.com/v2/lIU9EZZrnchJDqPKjoOo02NtSN-v9M_OE6kamD2iP_bSXKfDJT0NWi4Ma6COild46Vm9qZG-nfOsJ38tM41pIYDe6xPpWjqioSzdMWiwT6cAHsa7OXj0o70mkSqHcNKqLLfnw7kjn-wJjJmo1Bm_8NGaj7ITKZ4724KFqWN8rXZ0GVn9hMzrn35TlVnJLE92YrKQv9puiGtJmTfOL2FvRbtf2iWBwOGrlSLryPPqu1A",""
"|višji svetovalec področja i za področje regulative zdravil naravnega izvora v sektorju za preskrbo z zdravili in posebna dovoljenja - m/ž|ljubljana, central slovenia","VIŠJI SVETOVALEC PODROČJA I ZA PODROČJE REGULATIVE ZDRAVIL NARAVNEGA IZVORA V SEKTORJU ZA PRESKRBO Z ZDRAVILI IN POSEBNA DOVOLJENJA - M/Ž","","Ljubljana, Central Slovenia","Wed, 20 May 2026 04:28:44 GMT","https://jobviewtrack.com/v2/YzbTWKz3vbSVR-MBV_IEkoSdG_aJaDoYyVTmCNJyY-sBM_sQIeSV5LR2nQwnJc6KpqyeD5so5ZbJi1lImd59HwEsfSvAzXUKWjuh-ts1FzlRxy8OuU0kkhEjK5bEcqz23U_UQr8Fuu8cvjs-2OAif13NBuA4bzCEbg-U7omuiqdaA9s6_aM8J0fGAeYW6dosQ-ZcQ2mFkzTOtVeN9s9o1QX0eqHF6uOQKcQkonfKLrk",""
"trenkwalder group|svetovalec na terenu (m/ž) na štajerskem|slovenia","Svetovalec na terenu (m/ž) na Štajerskem","Trenkwalder Group","Slovenia","Wed, 20 May 2026 03:30:27 GMT","https://jobviewtrack.com/v2/tpFpna6t0IHv-GgxbWBTjTHQcrAIC-Ne7yBcfUXtLYDFzlS488ssIGRqbt7MPSQaVfEMzLrQWPHDMNZhAuvXkssDAe-vPcDVSf5473BNYi6F-MYX54beIi1HQl6JKF9BZ0ASj59ER8mcyrIo-3lqgqKCMZQcDkvDfIMEr7P_n3vAGe6ksBBvlLPkiRccOtcXeszF3SAzTF3OUZ1EGnVPDICsuSNc-GnLgXnMU4H3plw",""
"|področni svetovalec i - vodja pisarne in vodja tic - m/ž|ljubljana, central slovenia","PODROČNI SVETOVALEC I - VODJA PISARNE IN VODJA TIC - M/Ž","","Ljubljana, Central Slovenia","Wed, 20 May 2026 01:54:03 GMT","https://jobviewtrack.com/v2/ZSauoMaWXjRrhJAOtedQQYn1M1wmiOvLx_ubgs8in0UZAh-D5qRXJiO7zTtxQzZaGQD7UnVSp_6ZxX_iZsqReew3Nq4MVvO3uur1L2JJTiKvW1X641s2UgkTyWInKf_six4mHKH-E-Rna75mG33gRTtao0N_-iPbHHZoyXSj2ysu-gHb1pmM8GlpOxLAu8MXaH5epeEPEOJQMrXTUYtORZE1DcgzjNdJTaUHmt-bUgI",""
"|višji svetovalec področja ii v sektorju za finance in računovodstvo, 2 prosti delovni mesti|ljubljana, central slovenia","Višji svetovalec področja II v sektorju za finance in računovodstvo, 2 prosti delovni mesti","","Ljubljana, Central Slovenia","Wed, 20 May 2026 00:51:13 GMT","https://jobviewtrack.com/v2/aGiDi7pRv0R0rXDculWd6DQNONsOMa90_cWpwjhiDaFXeKw3f7FksPwW8ZYIN3KZlj1qakA45elqiFTHa9lvtZz5EhYRaR30ZMjONHs5pJAR_H9jv8ugWKu08-9rJcWu88j73vL8_VNHlLyMTWiZzvbFzK8YeGqSXgGkssBL0120O8xYZ3CKxeEluA_kCYRKbHzspHjVAocP4Tg65yqkAk6lNdQra6_DliyOFq6SuLA",""
"|višji svetovalec področja ii v sektorju za finance in računovodstvo - m/ž|ljubljana, central slovenia","VIŠJI SVETOVALEC PODROČJA II V SEKTORJU ZA FINANCE IN RAČUNOVODSTVO - M/Ž","","Ljubljana, Central Slovenia","Wed, 20 May 2026 00:31:22 GMT","https://jobviewtrack.com/v2/seBa1IYBB1oJvwbArW_FKIetmdh7whtN8GHLmlMszziAgUFb5-biH8et9p3dTHrjiO4qYmn3ozrdkzqyhvCXDYBmIc0IpHvBJuQKkYf6-tM2LZ6bxVScPzeOuShwd4gwuKNMJOWKiP9-O8RxuLEmOWnH9hr_3pnzrMoxsdL3c9AQezV9pGFPZPuf0IenSuoa_migjn8im9NxQqJCAtxKso2YC9rz6sjvcaqT6zjmNdA",""
"univerzitetni klinični center ljubljana|bolničar v urgentni in operativni dejavnosti ter intenzivni terapiji (e034004), interna klinika-internistična prva pomoč - m/ž|ljubljana, central slovenia","BOLNIČAR V URGENTNI IN OPERATIVNI DEJAVNOSTI TER INTENZIVNI TERAPIJI (E034004), INTERNA KLINIKA-INTERNISTIČNA PRVA POMOČ - M/Ž","Univerzitetni klinični center Ljubljana","Ljubljana, Central Slovenia","Sun, 24 May 2026 22:31:13 GMT","https://jobviewtrack.com/v2/s43TirzySl7oj1KlO2sQ5iwqMl3v2Tth_PnQ8LvaMOAF84-mLUFfr8xEPtARy5FS5lzbWZiIQfKWzj48l-qrty8GPzBXaOly2QizatjrdJ0ur2LH5QeRb-U1t7qLkrMim6RlM7KxlhDS0L1j_ZZIQlggpuEC7LJS5cbmaShTYSSzK_xsBxnHibjVni_zL7z3LZazQJQRJ0zQ7-IkLdtMvVUPHujCwHm8NOv8o1_Dnp4",""
"|bolničar negovalec - m/ž|radlje ob dravi, carinthia","BOLNIČAR NEGOVALEC - M/Ž","","Radlje ob Dravi, Carinthia","Wed, 20 May 2026 06:25:13 GMT","https://jobviewtrack.com/v2/4QgMm6ppPMQBD55hJYckiSjDecxGEAzKPqgeyu3-K7sZ-BVsvoRb5TRJEDCF5aXlCkVNfBowo0JVwW_8vMp1paXvuKXuzkCjN6bTBbhKedeK-JjGK7dqG653m7IvWqTsXjE2A5BdjEoKaXTgaSW5Zaxj6HTTFvKXYKQFoEEqdEsDYbH55tBDQHtd8UPFI7n9-B1XZI_v4rLW6tT8sFBbBWZMoiXIXlSIQ7UVHwhR_wE",""
"|vzgojitelj v domu za učence s posebnimi potrebami - m/ž|ljubljana, central slovenia","VZGOJITELJ V DOMU ZA UČENCE S POSEBNIMI POTREBAMI - M/Ž","","Ljubljana, Central Slovenia","Fri, 22 May 2026 06:54:53 GMT","https://jobviewtrack.com/v2/KdJolUXJdG_vuEJTKH_3kU1LIcxADr2NqUibiYsd4lGI96jj5qXgv4Jga-R77qu8x9QDo5nriZQyz69Sl9LQXfVFiCBW2Sni1nXwex866lOazB_Iy-ASewd3N8K8XVRkw0FTZ8tpi5dxyJQgaMugOCF9rQCdwnbUCJzb_CQ-Cgl2AuFqSC7IjRaiLZ1I6iMtl6X0FKCWp6l1hXvQkIZ9ijMwKibb8qAlmKLmC2fw0QU",""
"osnovna sola sencur|učitelj razrednega pouka - m/ž|kranj, upper carniola","UČITELJ RAZREDNEGA POUKA - M/Ž","OSNOVNA SOLA SENCUR","Kranj, Upper Carniola","Mon, 25 May 2026 01:32:44 GMT","https://jobviewtrack.com/v2/GM_-wrnH8QUygfarw-lcPyIKdchXVV7va-yA8UPQqsaG9As-FoeDF3u-Q8kvbCGXHvLp__5KPmOzVI7YN_DfE8z3JRHGRV9W5MEVy5cttITs4u4Qq9OSdl9gSgrV_uQwJu_i3dfFIV97ZDQ8BsaV_HjegCOyY7Tc5SC04_rwfw5i0Gl951qwLBW_Xf9APtQjlnOzje9X0c4PeHRN5ag0T1IctltC2MWhrI1e4JaMKXA",""
"|učitelj praktičnega pouka elektrotehniških modulov - m/ž|ljubljana, central slovenia","UČITELJ PRAKTIČNEGA POUKA ELEKTROTEHNIŠKIH MODULOV - M/Ž","","Ljubljana, Central Slovenia","Fri, 22 May 2026 03:43:42 GMT","https://jobviewtrack.com/v2/44S-IVZRegLKJYfo1XsJ0x4fDBpN-XZWGcOOH9C3uPJJIKNGjWcLcka1fc4RExhfeokFA-e9dFnobHanLJrEF664fG82iZ1DKWovf6iCHxvu3pQgYjQO6D5PNfcoqfbynM7XY3-6FNTYUsFjSnZYQkLnO3TkuzE8k_lSr3NCWddiee_QRNLyMNqcgHD2b_3iVQqLMDVxuONVlqI2Jq4ERtS4oV-SxF8ONkyvBCjOE1M",""
"|učitelj in organizator šolske prehrane - m/ž|ljubljana, central slovenia","UČITELJ IN ORGANIZATOR ŠOLSKE PREHRANE - M/Ž","","Ljubljana, Central Slovenia","Fri, 22 May 2026 02:35:22 GMT","https://jobviewtrack.com/v2/v4A1Oy_2N8FAl22nXRQRe5o24E5_CPdu_AhnjmUPezD126hIwj7MqaEXM3vtkC07dLEiyzt7ux43jgjJW7oPeX0wn9OMkjnJoyXQUdcDd69mKCuy3peFdaLu1VBTu-fF4jl-W_STjUcacmw6aKR9qMqHBbxhsyJsMnYzv6_AvW4TOJtxaeHN38SlGutkFDw3NXCJQt9vyw6CR2IDNYkJpvIZDyOt71z8rigkrL9jF2g",""
"|učitelj gradbenih - arhitekturnih predmetov - m/ž|ljubljana, central slovenia","UČITELJ GRADBENIH - ARHITEKTURNIH PREDMETOV - M/Ž","","Ljubljana, Central Slovenia","Thu, 21 May 2026 04:54:23 GMT","https://jobviewtrack.com/v2/pX7QspULtJ4bcistoppjhysd90_QFKgglzj92WNWwiGNPjTQ55kBWSgIgPZRaKLyOLba7L0C5-eH8Droy3hif5qu67wCWkaWRKzsl0ev5PMrgJvsQAFZZbOEBs8S2BZ8uH92rRd8_LOfsqjUe6Rr6Jb8upvMs_AbodGlmT9DabO5uNzPYW6zmkCo4f3ky0uREFNxM0sOYJ7plQnBpvhGdHU6sUXxveJPMCynHlTn2dA",""
"|visokošolski/a učitelj/ica za področje gledališka in radijska režija na oddelku za gledališče in radio, katedra za gledališko in radijsko režijo - m/ž|ljubljana, central slovenia","VISOKOŠOLSKI/A UČITELJ/ICA ZA PODROČJE GLEDALIŠKA IN RADIJSKA REŽIJA NA ODDELKU ZA GLEDALIŠČE IN RADIO, KATEDRA ZA GLEDALIŠKO IN RADIJSKO REŽIJO - M/Ž","","Ljubljana, Central Slovenia","Tue, 19 May 2026 22:18:30 GMT","https://jobviewtrack.com/v2/tSL20qctOvdl1axOijyeki-UgMw1U2qn1SlBxCD_PSd5aRm_N2MjIeNMmYB-eG76Mo5tn3IW8pcRPwyJxh4_Pga9Uolvt5non8A5hmZRro9ESvz-dqob42hnt0zxuBh6Yii8HcEGrjbZCdpwS2VscIeS9nTgLgJplpkJ1dGmoqabF9VwtLk0JcjGe-j25j0qCd9RlSE34hcz_rKrv6VxripvLt2rXgJNUqUINEVHez8",""
"|mehanik kmetijske mehanizacije - m/ž|murska sobota, mura","MEHANIK KMETIJSKE MEHANIZACIJE - M/Ž","","Murska Sobota, Mura","Fri, 22 May 2026 02:59:06 GMT","https://jobviewtrack.com/v2/IFhHx1kO_h0XFoV6En9tZb_Wak6wy2flytMytkNJi1-R55xbggntqtDKuMuknmh4qEjZ7lyEE3I5OXe3_FUfEbABpLwV8V7PieKcztEvMIdUFL8F22DWDRkDo1vWscMw9fF-aGfpW78U17kXXfmxQnPlscU4BsMh4ZrPaa1WrNs9taC3dIyTc_GHia1QpNRLH34fGNVhkTg_JN7mof3DhzJ1-VumjH_uLnZTMSE0lgA",""
"lip bled|mehanik (m/ž)|slovenia","Mehanik (m/ž)","Lip Bled","Slovenia","Thu, 21 May 2026 07:05:00 GMT","https://jobviewtrack.com/v2/F7laxk-j-Z3uHnzj3MF0WlMLtbh5Udwarc5Wht-CEXc21HycoWb3el7QVFUAOKgMKupYKXQLdgCzIhT1n_b-qPRnwbKCip9imwNZmP-Oz_7OJFIO0omirN5_FCAlc_RDDMmqXQmgL_KnXC_hngEihHs4Mk3zhRPDHIUEZDO6y4U3H9FFIKse3P6m429kztI4d--oDelsWxAY-sg9CCTfYqaiGVDF0hfahrWsGfJxX7s",""
"|mehanik - m/ž|celje, savinja","MEHANIK - M/Ž","","Celje, Savinja","Wed, 20 May 2026 03:58:40 GMT","https://jobviewtrack.com/v2/pffGO7hF4V1iWjil0KPdX14VP5c2MYiIrbiD3o3vktSZ2auMmQQcDnC-N0eIHmWFR_sAZp_MUL3kEHiE4rq_CJ0Qd_V4a5In7A5tYoyelDlwnu6l9dB6pplmS5RcS9Cmi1Qd9NnEnUv5XdH2zKZgdamzM9ZryZb_X5-QqDBHuvLxRRrzgX1kELoNdWyLM4OU4d3NymPiX94vdcVT6G-YNQP2fFGkQJLRk6rILAOAl7Y",""
