sourceJobKey,title,company,locations,date,url,site
"|kuhar-zreče - m/ž|slovenske konjice, savinja","KUHAR-ZREČE - M/Ž","","Slovenske Konjice, Savinja","Mon, 25 May 2026 05:44:31 GMT","https://jobviewtrack.com/v2/tAiXv499ImcSP0ltFJoRMbzD7iQyDptRQvBdfXCxxIwEmlJntoRJdrcz3Ewr1jxELNDcn5cuvKoppZekFD5JKDrJdQ6SaJX48oG1owk_4M8e556YG9YP2pzXtJUJtnzhUZhyvLtonPixcAbu5dKBPSezBrOgGb-r598LKvBpigtPgjB3CR_0PoBEwkIhpJqWwpr4OoWAoV7luzPNYsSjtRHIiHMdsCZ4D8OJH0ZXn3Y",""
"spar|kuhar (m/ž), restavracija interspar celje|celje, savinja","Kuhar (m/ž), restavracija Interspar Celje","Spar","Celje, Savinja","Mon, 25 May 2026 04:32:46 GMT","https://jobviewtrack.com/v2/73wLfuhiyAbv_Hphs84D7gCcpLgTdcFhIR3g09AkDB3VHZJcvCI8tFyuJeY-cI1WFqR6Jr9Z6NrZtFE6ycpRRgaBuk_HCoLLUg5fiYNR6t5pSMkfmMng9K16PTaRRcRxJwaQDT3CIP6IuCgMmJ8a4-aKTx8k8wqaqadzZBIKrAxjTxi_ZZmH84G_MVxdkm2eE_sK4P-Z-gNTXfDAJSSRdK7SslRuFgdE_mW8diGxA7Q",""
"|kuhar - maribor - m/ž|maribor, drava","KUHAR - MARIBOR - M/Ž","","Maribor, Drava","Mon, 25 May 2026 02:12:43 GMT","https://jobviewtrack.com/v2/zSK5e3VD8c6ARFvKAg44lOpHQTxPrEZZfsht8WZnbxkDlbo5FJrV-8vvz0-nFRpHJroY95eSu_LuQvP-yX6oCaUOriWoHdy7KaYYhdYNASxESoQnQCQAy9kS138jzdh3v7J6aB18z4G6VSDZE5Bnn_sCKhLNUTkXWS2jsdSdni2_jLX8zVxccd4uec0NGWXdNQu0jAm9K8clda_SWHrJW321b-vF9pHPY8TxHtY_84Q",""
"kamp liza, turizem in gostinstvo, d.o.o.|kuhar - m/ž|tolmin, gorizia","KUHAR - M/Ž","KAMP LIZA, turizem in gostinstvo, d.o.o.","Tolmin, Gorizia","Mon, 25 May 2026 00:26:06 GMT","https://jobviewtrack.com/v2/Rem5N8lni-2lK-BNTDaX-WnXgvc-Iav5r1pXUzHXNmmdaOLrVna89F5obK8TUfwJUBVIzOpyMiADV_VOixsPy4bEBf9WLiqCcLlGC19d3nsRYMPsU5woHmqxm6zmIXpvWgboNG5PxloNBCriiHe04NpJtsGgxQt5ySY9F16N2NmNZAr4vIC7qA0Kc5GsaFm1WYaoqDA4btT6VbmMeK6fMjIWShKcpJ0sPK2JOaD06e8",""
"btc|kuhar v restavraciji btc city (m/ž)|ljubljana, central slovenia","Kuhar v Restavraciji BTC City (m/ž)","BTC","Ljubljana, Central Slovenia","Sun, 24 May 2026 22:16:09 GMT","https://jobviewtrack.com/v2/dsOL_z2egokbtRHvpeQ9_9a2Hw_sv5ecSbBafZywTj8qshSYz56YaD8t3pYk2k0x6E1z2eLyE1KtuEgZlZ3DKQPIB9ncxetzY35WXH1IHFyFqi4YuW5Nkm3kYKYxjp-SIawU951NgZ62uhuGh71t3wz4By5G9utQvcm8o781_blsFQh0gk5KOiw6UNPg-n53S2Wxzq_YVEvddo3vzSxixzsdEBj4yZqsf33swTC6YsA",""
"|kuhar - m/ž|maribor, drava","KUHAR - M/Ž","","Maribor, Drava","Sun, 24 May 2026 22:12:08 GMT","https://jobviewtrack.com/v2/jZ62FcelhX0cSQpJ9vJ3yb4aXyze0Z9phA8xtE-7xz6DXClO_HMEhFPSoJXMmkwCZPWFWR9H65GVOLUkkNZ7hetudTCaNXtWwb89Gvu8ULnsW2wI0Xs9Wo2iTa2qJhrTFK1M3xohbsYNDyNAg42j9CXSOUXi9amvPO1K-_ELvB7X7Tksq0dULJioTi0ov2stepTjE4ctbeQbW0ctouOhO_APHfiTep9ETetYTr3u0YI",""
"gostilna sokol|samostojni kuhar|ljubljana, central slovenia","Samostojni kuhar","Gostilna Sokol","Ljubljana, Central Slovenia","Sat, 23 May 2026 23:40:15 GMT","https://jobviewtrack.com/v2/dbtSfQZpLzjnDMvwuqW5qjBc8r00ZP8pmk2OYaZF9viY2vwv9MuLeWL9HS_oI7Bl4KquRwjkMH_PRfA-_fx4uqOE0zbru4yfuL_5R7iRUWWaC7O7eLledepSCq7QDfA5KDN2h5tHZgx1GiQbSJo4UCmc38pAC5GjwRgZJLlszgnYYY2sj68XILJlGzxjUvcr-lCK_B2wbuLrRhSJsQvx69EO54yloE9WuUC0ywlswkY",""
"sava turizem|kuhar 1 (m/ž)|slovenia","Kuhar 1 (m/ž)","Sava Turizem","Slovenia","Sat, 23 May 2026 05:57:43 GMT","https://jobviewtrack.com/v2/tZn3U7emTikVDrAUKVJ3DU4i6C8DdkL_VQHKUvFB4hb11y1DAhIz0dVx1rcILWHtEmDDVqHu_OfFPi2SIU0gccA6sWa1qpFGQ59MOB2firMnO57lmw78wzLQHopJx6NzPSIz-9MWcnO-0vgMb2e5CLKdg7WoNDcFO22v6vtfKYuVyUTz7Xpmum1tM5RL2AAcNyuk_YczxqSFfleb5JIjRaAKmrd0jLIxr0lO__PmWRY",""
"|kuhar iv (šifra dm 2237) v zpkz dob, sektorju za splošne in pravne zadeve, oddelku hišnih del, referatu za prehrano obsojencev. - m/ž|trebnje, southeast slovenia","KUHAR IV (ŠIFRA DM 2237) V ZPKZ DOB, SEKTORJU ZA SPLOŠNE IN PRAVNE ZADEVE, ODDELKU HIŠNIH DEL, REFERATU ZA PREHRANO OBSOJENCEV. - M/Ž","","Trebnje, Southeast Slovenia","Sat, 23 May 2026 05:37:06 GMT","https://jobviewtrack.com/v2/bnZefOm_QpF61m61ZgGYM5YUJTKBEEXCEVvrqoWGoGEGFgM6t3qvfXli-JgzBnNv80zUav0uNwJphWQaDa8yONuoYufxLVon4-S-jA8LwnGyGHa0gCQUqNHVh6b_1jrsM07-TwlkNGgmOOsldbUeqXhtq2IQKOFkU6aPUwVUUwWittI8kyyXi-rDMcepo1q4PqEJ-Iv1nvOaJUTi4gwhGnGCEE4WsOgUWYTaGrnlwro",""
"sava turizem|kuhar 2 (m/ž)|slovenia","Kuhar 2 (m/ž)","Sava Turizem","Slovenia","Sat, 23 May 2026 02:46:42 GMT","https://jobviewtrack.com/v2/psVf_kkbBxhfqRCZUM0c-qhmFfcFCvuD-bsiVEaOqHGpfvYhOCLpthuJyZeG68JeavkGctA8m5lwGimfUWzvddQ-j59EybGKcXr0Ub2vnTj_yKtYru23DV1XZ7SP6tCbc42zlsnAAiiItokwx9J3JaP9v7Nq-OH97WQu84frTxz0SjMZtw9PwA8W-lwy9EZbUrkhgtCY-QWPsD1FZbX0wdLjuw-HVkbJgEFB5UYbhdE",""
"|kuhar v gostišču jezero ob planšarskem jezeru na jezerskem - m/ž|kranj, upper carniola","KUHAR V GOSTIŠČU JEZERO OB PLANŠARSKEM JEZERU NA JEZERSKEM - M/Ž","","Kranj, Upper Carniola","Fri, 22 May 2026 23:41:45 GMT","https://jobviewtrack.com/v2/C7eLv_UEbFVzSd_p9d-tYvU9bEFfNMnS60cOwC_7YEIGeiaax-rB3XEXeMSvbC2XuCKUDDvlzaNdeFjxckRA0n5wfqxVfO17l5kbQUVzbLxe7dtb3I4WPuE5utOYHHFcYTMIE73wqAQKPnB7f-doB99E-5y6x1vi1wNM8J5IRfFiq_NOhcxzeHPMouYnHCxyJPaR9jP4wf36OmqUdjlW7OGHLAvpeiBCFoU4IQiucMA",""
"|kuhar m/ž - m/ž|lendava, mura","KUHAR M/Ž - M/Ž","","Lendava, Mura","Fri, 22 May 2026 22:31:10 GMT","https://jobviewtrack.com/v2/7LnoEc-yAubCNP2G0V5Lm19iWB-rHPV8pYojSEAWROtHX5anSIUhGuureAz0R_dhYReDYwhwy9ite0KUDRhdcCyTZkUe1Y1-rbc-pJzUFZC7QH0bpxbAz3kiIWJ4FHafGq_VDnUw_g_KuJFdhrFnpEN6RaFKoM_V3FPdJmmlprN97wl0YgzGfqgYbRw-gFVKU3WAduassuuep5pTuyp_pxFB9ILDQgj7hW1UmU5uTs0",""
"|kuhar iv v zavodu za prestajanje kazni zapora dob|mirna, southeast slovenia","Kuhar IV v Zavodu za prestajanje kazni zapora Dob","","Mirna, Southeast Slovenia","Fri, 22 May 2026 07:53:32 GMT","https://jobviewtrack.com/v2/wXKFehM8Hg9aZOscewhOoB16rcE9y62nzhySb3woAUrS364FiwehN3981rTEevBlycu-i-TUp_LjV2QFrECwaj_5neVa5Hghbw-qwNQSJ8PFTRITGrGyjnTu26arpxciXC5lIjVBkEaYpcxLyrCpFuEY4Gqin8krefd_hShIWdnWH9RbW-nvAbU8ykpGaDxdJXfiU4Y-qM2KBo3aNfHdQ-fU3jMzWHO-ULf-CqKNqVU",""
"adecco|kuhar / pomočnik kuharja / natakar (m/ž)|slovenia","Kuhar / Pomočnik kuharja / Natakar (m/ž)","Adecco","Slovenia","Fri, 22 May 2026 06:03:47 GMT","https://jobviewtrack.com/v2/xExJ7IiM4uX0zaOX7jg9nJL5EOTfTXA68yPL_UQhTk5zWSyWwvUOnNqm62sKCU_PBDayQdxiDyZMaLuY-IccruKIbrvzN8qsBG0ukalXj5-9YrTZok6tyroQQXWnPqf9ghUvBWcaIuseQgoOohIHfOFhWxhkYEwcT0P8P1TUt-xB_z0Tt-YLYqd5fMr3DdMVRGdPD8DX-ojTeeXBQLghFo1MBnkNBEFwItDhCMayi28",""
"|kuhar specialist - terme zreče - m/ž|slovenske konjice, savinja","KUHAR SPECIALIST - TERME ZREČE - M/Ž","","Slovenske Konjice, Savinja","Fri, 22 May 2026 04:50:02 GMT","https://jobviewtrack.com/v2/pWbwUDjy_8Rk36y4Hd3EhJEebx-ckOe8xe08VfU9g1MIEd5TB5DteD6-0MEAuv3Mp8n6_z8kRY324z7XY2dPw501Z6vcAaKniTc-ujvngLNbWdh3It-x1JUca_Ct7Nhk3gDFLBaCawSnHAu6PcRCFX-761FJtKblpTwlBkfBA_ZVvp8BAO6NR5t77y8LhKRRcdlMXm6pg-DKhgKaCJPLwKr-9uloKtXY2QUi8mmV9tw",""
"|kuhar m/ž - m/ž|murska sobota, mura","KUHAR M/Ž - M/Ž","","Murska Sobota, Mura","Fri, 22 May 2026 04:37:41 GMT","https://jobviewtrack.com/v2/Zpw6rpRnL009G0e02ZV_7p7Bbpbsr2GRLSaye6bbEiZ9-diqpTbyNnSA_qPo1hqI4LQLldr0Loppbfdmr-yQKTm1x7-xeGWUqGC7Bl37-2-zjrZ9YQa5690dANcs66ACHxm0hPHiIH8ZYshc07Rwa8w5yFubE8hytuAIA3XobVmgARnns2KQiDIo6RmS2PiPE-1Z46XAx2ZYIvwSxSRjEtSpDewz-0-eITT7sYPQhU8",""
"|kuhar - terme zreče - m/ž|slovenske konjice, savinja","KUHAR - TERME ZREČE - M/Ž","","Slovenske Konjice, Savinja","Fri, 22 May 2026 00:23:01 GMT","https://jobviewtrack.com/v2/tyFbdk-YG7pw79C7XMZqTZ80gQatKI0p-UaxLJ_Xe-78bJCVT6B-BDWn7eBia-zpxAxiMttNzkp33QwBz9QLzvik2oRzmSED7SU0oPHjjUYPWuFkynyC-46W2gMWS7tFIqZd4soGcubzWDRF6tpaOKwWUAHSlBBWdxgXMRLSTE4s9Te0VlwbTWgi8M3Y8ANOyIdpTG2YF2N0tQ0tf3vzrWvytC40ouvEmBldnLJQcis",""
"dom upokojencev ptuj|dietni kuhar v v zsv - m/ž|ptuj, drava","DIETNI KUHAR V V ZSV - M/Ž","DOM UPOKOJENCEV PTUJ","Ptuj, Drava","Thu, 21 May 2026 05:17:06 GMT","https://jobviewtrack.com/v2/tqjrFDuNikJo0F4395F_ip02feocf6TK4AbsiztC6_sR0mWmAjvXTQcpN5YzMBArDTlo1tu27H9wTB4820w5ahkaTmE6766QmlC87bKie4sqqI-zH7NipiEpZ83D5b22CGJbxrIx3VoNooMsoHUQshW4Zy1sKrb4cauX5Eeh5VizSDBmeWY8hqAu2LRLHhsxZM2vWZOGLjkYtnjaKAwROMkwGhtVejN1Pfs4qjBdOTk",""
"|kuhar - m/ž|mozirje, savinja","KUHAR - M/Ž","","Mozirje, Savinja","Wed, 20 May 2026 06:40:04 GMT","https://jobviewtrack.com/v2/-_VX5dop6wJg6WGtg0iVCXhzWiJsJZGFcNCrKrprXTCOH6oWFQNtzPgyuu8njRSopCx9TtfTPZuMMMXJxd4rcStGe7N7CNcp5urS2dXJ9orhjHmtaA06zEt3BbyAEswMzf1RDyCNnu8ntaSvc7ZvvJiwx6in1lg929GMoNCmo0jlOT8opD7ynNOXlkaNYcpsF02Dp716x3d6YYWNUn6B4-kujducbBT6eXldumwRMAw",""
"sovita|kuhar, m/ž, golnik|slovenia","Kuhar, m/ž, Golnik","Sovita","Slovenia","Wed, 20 May 2026 06:02:10 GMT","https://jobviewtrack.com/v2/P-vPQ_P87k3OVCHxIpLdS8h-jo6yEzreuq_lOneL_w9THxAmyJ1wW6e4Oirxoqxab8BkLH08ULHVNcK6E44d7U-_AYQG20PcFfp5JG2Zzn3TcC9_sVszrp2EkNZXLbfpQfzLdi2bFCl7k8_vAI3jIK6X9KXs_kOcZcIN8l3Ge9Ip8HycbyFeiMvw7YTHSFcxtE8XIyAlIiqSqAd7kd0_bGsW9gt8fDf0f6j6LV0q9XY",""
"|dietni kuhar iv v zsv, šifra dm: f094075 - m/ž|grosuplje, central slovenia","DIETNI KUHAR IV V ZSV, ŠIFRA DM: F094075 - M/Ž","","Grosuplje, Central Slovenia","Wed, 20 May 2026 00:09:02 GMT","https://jobviewtrack.com/v2/LvztXXf1nzgFzLnCnYwi9_AirOwu0jZODN_u1RF7p8iJqucRL3fzXfpzCO1om8s7oUwnFj3xiGk-AEWY_miZJB6PhNvTxVsy4G05xoC2iEvtl57-OYSyEkWSNb8Fy-uaPL7fG8KSZrW3_hl3t2QFlIyS8xhatbkksIHpVmG03cBWqZCzlAtAUxCzfC0BVg_MAE9wisa1QSYA23IH_oinPe05it9feelMX_BXOAL190M",""
"|dietni kuhar - m/ž|mozirje, savinja","DIETNI KUHAR - M/Ž","","Mozirje, Savinja","Tue, 19 May 2026 22:20:37 GMT","https://jobviewtrack.com/v2/ItH3pn7nKxwJpx7GQc-K31xykhl3FxwJQlJZQR5R6PSXxZrmjPwrP-Gl2RuqZyUZ2Fqj65kAd7bbhWHVVa4gLymIfxSin-uN-N2Bew7hh3vcJI4osqFgmMdKb6Rl6dI6XZpUPvN_xQrA5-3ghuQwpDww20sRBqHqcJNi9MbJKKLdImoRheq77pY8a2zTaB6R6Y3kWA1fFMW2xgDUmi7O7EvjDhjfkPW9h1cZs4pXULw",""
"|kuhar, maribor|maribor, drava","Kuhar, Maribor","","Maribor, Drava","Tue, 19 May 2026 06:19:01 GMT","https://jobviewtrack.com/v2/jOV-7N7ucbIRYMQ51XI8z1GMEfUICezxzN2PcVDiO4W8VDdeE6s_67eRTaSZUThXeP2xBcteRNChtrrSRa-FSx3pSGFB-OiwSQ9JTY_yPGOMOc3QGiXuovSqYDvt5Rd0XCv8k6mZ-RsFJwTsytfZwZvYRxxGmmZarfJyh3hSsEkQsRFIjs0MMsUo3D_LlSeYkOJLUj7ZSaI5G4DmJzqvEZ-L9F9xfgvKb81AhbnZr0Y",""
"|kuhar, ljubljana|ljubljana, central slovenia","Kuhar, Ljubljana","","Ljubljana, Central Slovenia","Tue, 19 May 2026 05:16:50 GMT","https://jobviewtrack.com/v2/pj0Y6uO-eP_7iaraX-YZXZajE_EQ9plhXY8lqlhHK9jPPZ-EWFBuz_fH2aRgc_jrKP-zZtucnPG8s1I2mCfZPY4g3JLnh8qOjnIhdNbhZRjCvSiI-RT19LJRtBNSM3ntj7nblvlbEmn1EWfIEJGGKsf70Cf5_wmQv6ycZ0aARPTuGN3uivrIt4pts-iQ3VTxjpWsPR-E3pX5Hdx30MFsTEwCQiUtN8E190Gy6QgqqPs",""
"|kuhar/kuharica - priložnost za upokojence, ljubljana|ljubljana, central slovenia","Kuhar/kuharica - priložnost za upokojence, Ljubljana","","Ljubljana, Central Slovenia","Mon, 18 May 2026 22:48:34 GMT","https://jobviewtrack.com/v2/zyenSLsx7TeUV0kL4DRDigPQr2rR8XgC8URdGhT6l9_EwbJrfimWUoH634zjnqXlFS1DYX6_z5TEG-T7olJ6HN8v3AFd6ICFu8zfnmVeR87530Zc97P2EFhDhOfNwRwdngywSsDpgDypODE52P9XQ6XZZyfqo01bq0nQUJ_bW8HYvdlp34JCWER6T8sk9S-ix1oZSkF4S908NlGxJiSWNQZnYZcvjGO1yir3pBBxQ8E",""
"dom dr. jozeta potrca poljcane|f094039 kuhar iv (cido majšperk) - m/ž|slovenska bistrica, drava","F094039 KUHAR IV (CIDO MAJŠPERK) - M/Ž","DOM DR. JOZETA POTRCA POLJCANE","Slovenska Bistrica, Drava","Mon, 18 May 2026 00:56:48 GMT","https://jobviewtrack.com/v2/WJwg2rabhme1h4oKtp3n2-ISOoj8lqi_VuAihwYoMunz5SQPwR_7dEfC622mXC0JiI6nWwO-NfbOWeRA0-TbKtImIhRg3zrZNBI8GetHTn_ddbbUoMY8T8xKhrKHyOQ8naRYJSDRBdU-i5YdGC5RGBWsX78IfWgM8r-oUmqK9LCR7a_Ogjbiaad7mZPApNvlxitPyI5kKWwo40PQE3XxaDheZGUqiLH8z97oluaUE1Y",""
"rimski vrelec d.o.o.|vodja zajtrkov - kuhar/kuharica (gospodinja)|slovenia","Vodja zajtrkov - kuhar/kuharica (gospodinja)","Rimski vrelec d.o.o.","Slovenia","Fri, 15 May 2026 03:31:18 GMT","https://jobviewtrack.com/v2/NZtGEfcUl6R_i9v_o0SjiR8h-wUtAm_NTJNe95RDE2m2HiZisBFhHwJ9uvGe5EnCWlh6XMrpAIBSANtFsDo6tDl2xHBtttr6UQOgUip3OecWmdhS2fgkAsrFIPiXk7Uywdjt-gAlrqpnYQDRW2h662T-tQrKdXXmrXafcqDPHudNFYPfvyxdfMTMay3P7-bokyTSacP5xSoYlUuEWLsDtD0Ji_JZtZJxl4laVmllnZk",""
"|kuhar-picopek - m/ž|brežice, lower sava","KUHAR-PICOPEK - M/Ž","","Brežice, Lower Sava","Thu, 14 May 2026 07:10:55 GMT","https://jobviewtrack.com/v2/4LiZc50IlGKvNnZQ89bxw89Uu4OsK8bkeYLvemf5cNtUSs-LbzWRar5UkZ63yteTHwNPxxZ3G5PonVvo8BiY9kNbJuX7rGTGyLZaqu0dhiHg-yhz6ZBhXk8dBmy6sWGuypCAqB3DEMin53D7MGGs5DBcS2MUGjCBVaSKxTVERpPJGG1zhQXHRZK1gmRk1Ma482AhYgQNuM2He1JLPjDGFay8b9F-LRw_nw65ruTZZtw",""
"adecco|kuhar delilec (m/ž)|slovenia","Kuhar delilec (m/ž)","Adecco","Slovenia","Wed, 13 May 2026 02:05:09 GMT","https://jobviewtrack.com/v2/N3zcj1VY7dRHkB1aXh_G0wQldBBjvSBP8bZsTriXouLko9e15jvaxw3XPae71i0FSMDfBXkz5mV1i5f8nfMns0_EN94wmkQ6low8chQ5ISRoOb0oxQN3dUGdQwnR-ezazQRTXiVIA-K9TLLEMeGhqoTscLy4Cs6H1emCQI2aI3aBH6i_eZ_3TgO3eyDXruEhadgLet1RAZYAY6oEBQOqEe9sFaIbyJmsaQCbzHr5En4",""
"adecco|kuhar (m/ž)|maribor, drava","Kuhar (m/ž)","Adecco","Maribor, Drava","Tue, 12 May 2026 23:30:50 GMT","https://jobviewtrack.com/v2/wmdaKrTvC563O_8G4BNbBsciquM2mmxe6d02zevIDOKq0riXfmJKpf_o9zNlYT4PIZzz4d8kjEADG-hFvdatT9sODqWMrutfMOlTi8UPkc0kPCreMihjcJKbhrgVAM62yuYPaYw7Uj01rSWDACy0bF202wq2TXdKyjjWs1yJkEuA4oyMzsQJ_9rv-jH1h7A_H49AvK6Y9U0TGbL12FOOns_99-JYrzZKH1Igxklmbd8",""
"|kuhar - m/ž|novo mesto, southeast slovenia","KUHAR - M/Ž","","Novo mesto, Southeast Slovenia","Tue, 12 May 2026 05:46:51 GMT","https://jobviewtrack.com/v2/-UDfRCnqBpG2ONpBCsrpWM_6lakk85sUfiYg8bsohEHkxD5XW7SgjfYU3_JO8jBXJNCs2ijd4k4XxceOiODZsgkA7_eSNpkky_rD-ciRHUZiuSMdOclohRXR4zDrmUFrZATCSv4sxyeYHjeuPpPb-S0lcXONJGm4P74wTEzc2_GLnqkDkj-fErHUQFisxwUS7hAl0f2I9WDKiNAUSbujXODH5v8Yg-Pv2tTTfrTwdJk",""
"|dietni kuhar iv v zsv - m/ž|žalec, savinja","DIETNI KUHAR IV V ZSV - M/Ž","","Žalec, Savinja","Tue, 12 May 2026 00:39:08 GMT","https://jobviewtrack.com/v2/SjrHJlAXxnbWXuni-Dfyf-WhR1QLzdZcMsP8EuDfTXxW-RTQvu4u0Z0YSgSxhf0EIzEsrL9IElJbK3R6B0kGZdU_a_XzsGvsXocMzkEr621SjfDv9EhDJjCFXuF5hblNOy4EwlXFcA7OR_kU-kv0wl7qHTc3ZLBQO8LuqVK41WokDwUxTZ0M3UIoK3j-1MKVXIWoJe149L9VE4XLjwETKlesJj7sl12T7ixBfAuHJmA",""
"adecco|kuhar (m/ž)|slovenia","Kuhar (m/ž)","Adecco","Slovenia","Sun, 10 May 2026 05:04:03 GMT","https://jobviewtrack.com/v2/7pU7LyKqyOESySu632RBTiXC7O3zmRx33-wKWzWoE8q0bfBM6P1jZRd4wvrccEvsUkVf-vg5hdrg5Hbjnx9__j004O06_MShyzjUhqkI0RjHIIWgLRjTUX-ui1X4dLnNy9GfqHXfqGC6vIvFlhY85PqG3kYhuDcyA-kUskSEdkUwNvKPVqcN40tslIBOCVlt2fmI2YK-vtel5hHNMwF6Q2lflueKHHjZtriB-gKnISo",""
"picikato|kuhar ali kuhar/pomočnik m/ž|slovenia","Kuhar ali kuhar/pomočnik m/ž","Picikato","Slovenia","Sat, 09 May 2026 00:43:02 GMT","https://jobviewtrack.com/v2/Ok3XtqdPtZHr-qjiVTKBl6lqLh67Qub8TFo4ybAVS6hZftO3nAfpEkx6gfbPIPthaJqT5z3DMG6E-YxJLQAYxjqttjOWgSbh0CNLc0ib1JE2edhoRTwPtPlurzGLNV78bXQwId9N-5ajyGn_WhEssJvoV-mEuZNJVybJ3vUO3UfOqQFfQnmlHTuBovxHGboIMfioDc_FWM60rWZtoXlDlVVoUS0RNvqOfjyAnHfNVro",""
"soriška planina|kuhar m/ž|slovenia","Kuhar m/ž","Soriška Planina","Slovenia","Fri, 08 May 2026 04:17:16 GMT","https://jobviewtrack.com/v2/aZzkzUt6uNxNHnh_NRKCl_aGydNMAVJbpXxrQxnkOqPELLVlcJhq3-XSPfUZwuUq_sbFb8Y55BdY4MGPcSbErCAXzgolQpfu3RvrNQVAbpduk3uaNbqkMmtOwM7Ysr-pH3sj_0q1HBqUdUKvQ430rqi89KN8iiirVKU_KzJYxw9yQQod-gefIuoTmM6r2tzO3w8YoiTt2GmPxpTHXu0B5jVVpvKu-m4JsbNvbcWzIaU",""
"jezeršek gostinstvo|kuhar m/ž|slovenia","Kuhar m/ž","Jezeršek gostinstvo","Slovenia","Thu, 07 May 2026 03:20:43 GMT","https://jobviewtrack.com/v2/0pPxZQOOBEci5XOvcFBlf3w8_H_97_90tOAwDepCPaKGKsi33hFx6kIumUMyrOMiGktxP3KRiakm6HU4lVTnp6x6aHuee6t9XK96mLIAqdCmG4msAmUznFagMQp0dJE0_eyxUxYwJK7JN85mQhSziYB1pMrt7q-o3cQ198aYSLv6gNG11r_Qv8WFpaBn1SyZD60PRXkhUWV5DI5GQmlqW_dvNDEvxkb-_I-KDvSKy98",""
"oaza krasa d.o.o.|kuhar / kuharica|slovenia","Kuhar / Kuharica","Oaza Krasa d.o.o.","Slovenia","Wed, 06 May 2026 03:28:27 GMT","https://jobviewtrack.com/v2/VLqdN0CV2iD4TNUNOCpCGgRbu_maFRJgTCOlYiOAYP3AST4G7hqwgr64QMqIhY74rV-DTeHAV2UdP0uQ3C6cL0ZOcAVCoCwa0tnHiFzbEq7rrhDoAt6AUIJfDU-mIOxWRwh9_pc_DbgELpFes09jKeFzRE7rbx-2kZIEZMKDD3VJ_hiP_g5hYRN4kPLFWPJ0Olca0hF44wOkfDcWIldS0A-0huuMqrDJYXQw4V2gD2I",""
"setima|kuhar (m/ž)|slovenia","Kuhar (m/ž)","Setima","Slovenia","Mon, 04 May 2026 06:27:08 GMT","https://jobviewtrack.com/v2/zo0l2_crpe_Obtu8jLkS3OfjsC3rQHo6wKKhWW8-3zbLS9l4P36APMeF1yPlONstuQx7YSMFQj4BM6dw1N5rydhTcNwZZjI7l8uOTymgFKQaj7M8vOX66IxT6tpRiC6exWAySK51xH5kd9k2CCxaRUrJIjGTw0mpijaHarAGIvn3aymIbazZJGKUgfxJ9D-K-ciOFm8fAxcEKHtaizCBqQSspsY3H6Inz22IvdCz70A",""
"galeb, gostinske storitve, d.o.o.|kuhar - m/ž|maribor, drava","KUHAR - M/Ž","GALEB, gostinske storitve, d.o.o.","Maribor, Drava","Wed, 29 Apr 2026 01:54:50 GMT","https://jobviewtrack.com/v2/-LmStuomtUM0w741Kl_JalGCGxXu6GZJ6q4FW0jK9vP9AROPxsrDtlknP9_KKvqmJLFmpmO1gHaNlExaAXMZV7hKojsOjhP3w1KYxubLWN7lkrvjqX6L5R7Cjju8h26Yb6QA1SsAZReAvhKdmPh4hdL4bO_fzlN6RJvG6N_2y1_To9gavKkmULoo98hTmbf0R4iHcFplSaXIjsphVhVqQkT2pd9KbgZU3hEySEhqcps",""
"|kuhar ( mesar)- hotel planja - m/ž|slovenske konjice, savinja","KUHAR ( MESAR)- HOTEL PLANJA - M/Ž","","Slovenske Konjice, Savinja","Tue, 21 Apr 2026 07:44:30 GMT","https://jobviewtrack.com/v2/Qw31IMFOtUlqyKWNzRrom7w6Ptjgj3AMZ2jEY_a0zf8LfqO0PUW5G4c3HcXcjGatqDnGgx5WsX56UssyG4503R8LAFVdQRkpQpsGo1uUjOG8pw1_HZQ3Fa4ecSUJMoT2kFtgBx6JGx3sI2Vr-gJ0X7eEY6NXikUhDQN_bJaucbdmvpfT2r-JfNR3gDh90hr3fx6lJPrwSqyHL-PkaD96mHbAzUXx67lSSbjIdkiTquA",""
"|kuhar - hotel planja - m/ž|slovenske konjice, savinja","KUHAR - HOTEL PLANJA - M/Ž","","Slovenske Konjice, Savinja","Tue, 21 Apr 2026 07:20:44 GMT","https://jobviewtrack.com/v2/bbknBpWZg7ySSgExtAGeO285wgI0WNOJwGTzUbZguPDjHS7ncYwAZJjmUkNdoGYYgo-KWpy7QGVhLouF7xYj7L5-jWjxM9THa2SBZ8j-J3kCypucGME-bloNIaEggOzp6l35S60dm45V5HyTH8yNAYn6fJNPFw6yMsOUDuxLjxexfoKUdaKIWTwJCaFhyR2OId6Ah4xRe6CNymMeddrzAFD7oSDnNMR27PYeFx_qWTM",""
"|kuhar specialist - hotel natura - m/ž|slovenske konjice, savinja","KUHAR SPECIALIST - HOTEL NATURA - M/Ž","","Slovenske Konjice, Savinja","Tue, 21 Apr 2026 06:23:18 GMT","https://jobviewtrack.com/v2/r7ku1X9sN0WnwGfXy2Vytstzp5vSnZyx5pwODiyAw1cuQwVxjH4MwuiGKo4uKtBzaPscYsTJpMyNSzHX7ALTrLuTMyN4Kx6UKI3Uv52EZt_Cvpd-8l4qfMmK7B0avNwWqY-vZNfJ1_aBo4JpONFWLMGulatN680WOBS3u8-RWQ8gh1E8YLz6Yi_OlgD2IJLkmK6lebY_S9FZ8y3cGvTMDbNZpgDfqywC92IYaCb_wTo",""
"|kuhar specialist - hotel planja - m/ž|slovenske konjice, savinja","KUHAR SPECIALIST - HOTEL PLANJA - M/Ž","","Slovenske Konjice, Savinja","Tue, 21 Apr 2026 03:09:16 GMT","https://jobviewtrack.com/v2/c-DjVCPGTf1a9_j4iMkmy8EHDeNvavbVsRLHQedSyIVkpqulVPeU5so6BO4RxxSnpz4k3S9uI_JZzdYhP15qXncqxexWkV4FKtcyk1maCAZkAeRUPW4_u9mzkSlvLTQqqOgMtLGx4YgynT-a3wms77EVcRvN1gfrJD2OcqbS72avEDEiGRIJqU375trIGdkUFHcko1UHhC06LrhW-T6YkpI45zZMeSfXihs3b0xbKfM",""
"|glavni kuhar - m/ž|ljubljana, central slovenia","GLAVNI KUHAR - M/Ž","","Ljubljana, Central Slovenia","Fri, 17 Apr 2026 03:35:40 GMT","https://jobviewtrack.com/v2/RNGmfbMI3D9sJ2lYUXxzm2mJyvSPfcY5G9oL5hR1VVOZRh1XcPBMzI2SwHzKhhL71J25YD8Drz2oXWD167S7nGzPdaaJARqw4nutQdEInvwEwr16P-E4LeWUpFc-5lIf-wmrSVi_pmhzhltdR3Lg5Vl-7T5DSwMTT4NXTplzqU2tMT6OhaFWnSOZ9txdlfSlrGpuZUpmBGr8qavEeq_mviMjsEyflWcm6kSY8GX_3xs",""
"|dietni kuhar - m/ž|idrija, gorizia","DIETNI KUHAR - M/Ž","","Idrija, Gorizia","Mon, 02 Mar 2026 02:09:19 GMT","https://jobviewtrack.com/v2/74M1stOEPbZBMQ1aN-isxSNcoyJvn7FFndTFyiU2mO_OJzvmN8CECAJ-XhCKa_7-wrwY8fEVsLYrXQ0OJps_B3gdjiQ-0_frhzreecGL0bYtbZtlwKfpjrBGnalkE92DP03TQPVWL4nHzsnkyC_yHqJgt2RJZ2Mh8tj39XfamBbdhqqcSGOJJ1eRIEnBMhSJfDlDS_AFgf8Tga7qmghnrPGDlSaQnCtYKmT8r44JS3KqRytIPXeM7maZU8MpvVsv",""
"|pomožni proizvodni delavec - m/ž|radovljica, upper carniola","POMOŽNI PROIZVODNI DELAVEC - M/Ž","","Radovljica, Upper Carniola","Sat, 23 May 2026 02:38:38 GMT","https://jobviewtrack.com/v2/8PBq8dNqN1L8l5KCV5b5uDBzOgGkTKEG5q2GFKBaIwfnHwb_DjFrC9J_ccrjRommNkpRwJsvF5SUWIK_kE5wkRe0Njw6CebllkRCaM0cRHMfsbonWLeu-LudV-gAyXXahkRB5eBH2xYx6in62p6ponRkKN0-QwbouxknTykU5wpFuhWmwUKHO72iw-RsahJavt0ehrKLuG5CO-mPy2Pbokiqx-WHZIM5AK1H9eZNyyo",""
"adecco|delavec v proizvodnji (m/ž)|slovenia","Delavec v proizvodnji (m/ž)","Adecco","Slovenia","Fri, 22 May 2026 07:01:10 GMT","https://jobviewtrack.com/v2/CO8_yJTbUDv_e45cSpJbbG9yAm7KRbb_GbstYJ5OtJ3fFmZ3j6212PpalAINQU3Z37qUFw5D5287y08ig_p6gaWU5TriNbhD-fd7WcWzf4t-3g1k1atfkFGYYL8DJhRV1VnNMKYfihOBDysqZMZK5xNI2rSRHXQPQhBfzhbPVbvK_krmA4GFcgcKFDGfYk2n6X_ToxPsdJce1_qi6TuO78TwdjKHL3YFkLuvSOsnETI",""
"adecco|proizvodni delavec (m/ž)|slovenia","Proizvodni delavec (m/ž)","Adecco","Slovenia","Fri, 22 May 2026 06:07:12 GMT","https://jobviewtrack.com/v2/6N2p0DNj_f64YWS6MXX88xeq4DRYEgkNSM9ES-rRgcDct0B7Qnd-e-ezEU9sA_G1xgwiv05HYeTI7EwUZAsvWhsB_XCFxRTR372WMIW8M5z11EDEFf3CVMsxMJExQIFKC1ng2SQjn4Lhr0oAMhmHiXinkQ0ouAjM98bzc_8IGjKiHeBdvaFGruCUIwNcY7hBWBeorRv0hVDG2DmYhCN1SymsowhoFB8xcqSiFhPt-_8",""
"whc d.o.o.|proizvodni delavec (m/ž)|slovenia","Proizvodni delavec (m/ž)","WHC d.o.o.","Slovenia","Thu, 21 May 2026 23:29:36 GMT","https://jobviewtrack.com/v2/IJXl8FOR6SATMDpPZ4hp3iGGuqSFCTArsWJ2e9runzVuxaYBZFcMQfLuTHb9pKB4Jxw1h6OzhGTo91Z1_FZQx9xjfN2a37k9ExYVBiEY0t0UHYl0-0-loBqwJ3fBQsVF9m25U448gI4UxekkyvQElUI0EAGPHNE_80Qkerd4YIsL0Ne3Bi2UOeYktna5f6F1W6KnWfL0JfCRCTgjQRhQJkt3Z0dCnc_jPdtTlsKjZvI",""
"|proizvodni delavec - m/ž|trebnje, southeast slovenia","PROIZVODNI DELAVEC - M/Ž","","Trebnje, Southeast Slovenia","Wed, 20 May 2026 06:33:01 GMT","https://jobviewtrack.com/v2/sQBj0qoLJRkjSbFX3IocixiPOxURCUJgcFMwNlrZulHDk8s3fl87dabzhNax0wGfE5r5hMB1vfQHw1f1qNHX23hUDnJGwZWSBws2FU_R3NXFuh9eQdfPkkSkGfCUfk0qH7DcLE3B1aMh7ekTlSFTUPQhWPV5OGLMQW55VVWV28UpRvfIQQPd0cTPHGt-x3Y1Ij04fOl9CK2VWKAl-z4UEp0mk2mTrhckaiUNKn04w6k",""
"|proizvodni delavec - m/ž|žalec, savinja","PROIZVODNI DELAVEC - M/Ž","","Žalec, Savinja","Wed, 20 May 2026 05:13:43 GMT","https://jobviewtrack.com/v2/kBzhOSx1VEU9pr4qoXFF2L73QgtdYYEjqnTgx6yIARouW1yokEgCiD6gi1UW0W3jz2IoaaWa7cCaG82eOZyJDFF-xq3mQohF5NOjW0ACVVnCWX8fUms25Wad4vg1Mf8JTmRroXPmyKBqTg40z9TSZLAB38uP72BAY6xs1vQnf4yhUvLcnbRvXS29wr8GcMH1NslMdXGb2YZShYpQ7URbwQzwVurh-zIVuz5iFvzudX4",""
"|višji proizvodni delavec - m/ž|škofja loka, upper carniola","VIŠJI PROIZVODNI DELAVEC - M/Ž","","Škofja Loka, Upper Carniola","Wed, 20 May 2026 00:58:18 GMT","https://jobviewtrack.com/v2/K2tu9VngnbFgqQfBWIpkE9g6R0AxaAs80C9GUKwjphqOxnm6rh9PA4DAlEsANi9e0o5jIt7y2_BAl1OYVE-Vvf3XCaHM4ij2TQtYxYzBoAe_XfKULq1nTpDss0lhwKxwnoRgs7vm5PnS4XhxE8sesSvvrVGBM1kEzi44aMdrreYLIKg5Jvf7DXw9C5PUTt5RRyAr5FqNwd2ehEYiCPVftW489GcxU2iinTi4SSt1om0",""
"whc d.o.o.|proizvodni delavec za srednje zahtevna dela (m/ž)|slovenia","Proizvodni delavec za srednje zahtevna dela (m/ž)","WHC d.o.o.","Slovenia","Tue, 19 May 2026 22:24:23 GMT","https://jobviewtrack.com/v2/vjAr3Li2a5dYXuB0E3GzKtW71RH0D4LNhS1ec4t5dTZ0BAiwC-yU8fWB7Vdo1m--90E3X5uaJ-4nnXAuDy8EFlV0_NJjGyeodUqdJdAdmwLOCYD6cU7bm5ttX1N49pa4h7rzCTvWHxy-IQQur_kuf7KdjHFOwH8BnAkilhY05swsmVbdcZRdd7vxazGYoP-T9y3ZOgzVq3NpRFBtdJBuI1AHiycmwNk96IIQ9JEHDo4",""
"|proizvodni delavec - m/ž|novo mesto, southeast slovenia","PROIZVODNI DELAVEC - M/Ž","","Novo mesto, Southeast Slovenia","Sun, 17 May 2026 04:57:49 GMT","https://jobviewtrack.com/v2/Bn0_RFXmG_quUKQcnLyOLHimY1bYfF16F_8luHtEN-kJuko48RLFrF8wsLCfj53ktZNZyok0J8aC_0rjr5M-JACuIZ6DO2BWa1H3eLSbib4YGkE9IW48DpBdV3r4u0XnIBJLQaVBaWU_IsKwN-vlkZgraPA9IQ2ac9WCX5kYHFYDyOKzL0huxXQBh3g4p9FaPNY7e8yq2bTjwHHrxpPxZJqWk7Fnw9GhAIdnN7D-iDg",""
"whc|proizvodni delavec (m/ž)|slovenia","Proizvodni delavec (m/ž)","WHC","Slovenia","Fri, 15 May 2026 06:30:54 GMT","https://jobviewtrack.com/v2/nn1x82szxpzlR1PUTgjt-1jbxDJreBAo6Od7zEVIkBomDDEZMDHnRJAnhPZh_5OlxSXZZQORyIItiqxTI4CRCekZXdjUrvHKXsjuBVxSu3pwDd8KUd7fA15rQ7Lgd4VLXMYBn7WpkCrSV_CzxV9Jd87cnHX0ZdigC-4yWM5cYggMZQlQmGjsH0Jc4zgfjcJi0ZVeYSyi3XJ7XkNXfY_oKdpAVrustX1V-Q8H3cUN3SE",""
"|terenski proizvodni delavec v pe dobova - m/ž|brežice, lower sava","TERENSKI PROIZVODNI DELAVEC V PE DOBOVA - M/Ž","","Brežice, Lower Sava","Fri, 15 May 2026 05:26:03 GMT","https://jobviewtrack.com/v2/O8GuXCchWD1o_9dzOOlIQGT6rFBH_2E_RuYUPdRZwfsveGIATbyea2ctQV2T3OWZ4S8poHThL9lB1IaEvspkVLimwt3p5Gc45zVUw81I0s4xDY37xcyJ1HbDajjfc_w9peCnxzsj-1_s4o_ct2jgSvc5jwOPCDvxhKe2hcrltL41C3_yRvJrDuTh2UYBnQaFGf8O2cg7xLAGjB3A4R9omV4r0TVV7ZA8Y9cKQc0i4wI",""
"|terenski proizvodni delavec - m/ž|novo mesto, southeast slovenia","TERENSKI PROIZVODNI DELAVEC - M/Ž","","Novo mesto, Southeast Slovenia","Fri, 15 May 2026 02:06:14 GMT","https://jobviewtrack.com/v2/4J_z_wzLfxTtchxJuwKXffdSKGUiDX96Zwhk44SW2BrJ5c7oYuzoVIuPEAMdNCRymgtHkzuT0oWxZJq3hLPteJljXvA1P7kLSq8suKapbKVP7Bkf4-qlkc5zFMeZd7C1w9yBqxFKKUs2hENv3tWtsT2jgw5ZvD2lmWFMpNPueJsp10KZDFwtE7p4_UU7oX4tDAdKe4AW8ihOorWnHm9Vle5UmvYXSQcwCNPoacIPOuo",""
"|proizvodni delavec - m/ž|radovljica, upper carniola","PROIZVODNI DELAVEC - M/Ž","","Radovljica, Upper Carniola","Thu, 14 May 2026 23:12:40 GMT","https://jobviewtrack.com/v2/wMVke12fSU1QiAezqDrLyavIM_lunfUPBhK_JTPPaqrMm80jrxfdkC8SfG7Xj_FAWEImvpebiNAzEKQYqJVK8yLswiBDJD0qqpqmouohZdtxHbD_61T5sI52y93ggvX5oiWHB14bKQ95t5UoBK9U4nIKWVcHLrTS1VqTsBgJ_oF10rNup3Sy048oYun29gALZoNjqjitGPleX5YaTDv-JdXKLR74ghfeSanYr-XoCpU",""
"whc|proizvodni delavec za srednje zahtevna dela (m/ž)|slovenia","Proizvodni delavec za srednje zahtevna dela (m/ž)","WHC","Slovenia","Wed, 13 May 2026 00:15:10 GMT","https://jobviewtrack.com/v2/h7tYhV4EWuBBbYh-LMMicpTtanCWE28Kttv5o-F2dPP2gAxqwIXOi8C4c5OQ2IzDQ3QF4D0PsyWFLcNVajOOqYWvLF1nDCXLxaOEyvVqmu-BgFtWScoQUoV2NPowjV46g08EzFpqmUMQwVd5negZT0HkPOkAKu_29nXJ9hCSS5WIHte5tomymqMkT3naLAPlbX2dfmy0PT2dEnc8pxbh2S23Xdirx52qZhLZebhf2CI",""
"bosch rexroth|proizvodni delavec (m/ž)|slovenia","Proizvodni delavec (m/ž)","Bosch Rexroth","Slovenia","Mon, 11 May 2026 06:50:18 GMT","https://jobviewtrack.com/v2/1s9ZSvztHUzuda6q44VknNvnVMzLEJqlomMJeb0xu_kMcaiOl3dnsWHpxqYRKFokQg6LTBshp_Az3XP78DI9juMKQq3kFDMUrBGbe8F3J08j--Jpu8rZHaHaF7k_pE0zI6sxJsTpzgnQ0Zk_Uf30Z7KKQ5sgdDch_p2Ot8zbdjpLA-QGD1dGXP0Jcg0AYs_dEMK2CwZ_UoxC3v_bQhnl4OMcrpHbxyOR1AvZQnmnYIQ",""
"|proizvodni delavec za srednje zahtevna dela (m/ž) - m/ž|tolmin, gorizia","PROIZVODNI DELAVEC ZA SREDNJE ZAHTEVNA DELA (M/Ž) - M/Ž","","Tolmin, Gorizia","Fri, 08 May 2026 00:18:25 GMT","https://jobviewtrack.com/v2/t7fWNvdhnKfe-Pq9hY3I3KVTnfapPQYjyQFn5f_4olqBZyjSt9LMLd7PN5oVImBhSwQrGTbUzBJrwS2sPmyqSWgSqJ71nsBYx0aJGANB2a1HGbFo1HB_GJqF27vhlVJDTAme-D62ZQqX--AIIu-zyeERXCYykIq0662ojIuMnybo3zCZDHSsl20w6VBexufwJkTGH8VUBoLbjzdKQRaCva11Vmg3y1p2dhcceZYWMsM",""
"|proizvodni delavec - m/ž|brežice, lower sava","PROIZVODNI DELAVEC - M/Ž","","Brežice, Lower Sava","Thu, 07 May 2026 23:32:39 GMT","https://jobviewtrack.com/v2/RjGU8vnDyN2XpBPlecO7n7dEmpf-CVW7fYE-Z9zBDAA5tVr1k1-Xr74oO9a__LeiPeOR1X4uHBGYt6-2zIiHo3QhOP7Xy4VLe02bEeYxOkMZqhOn7BxVBeYVmF7c2HFlPHbIHAYQIWnMF_CtJLSD5d7dcM0uUlO1s2oVc1smIccra2u928w1kAlGT9McSR15AMq6iZCDYhMoQ88hw61CpFItv7vCoA6ougiOqAKekas",""
"|proizvodni delavec - m/ž|metlika, southeast slovenia","PROIZVODNI DELAVEC - M/Ž","","Metlika, Southeast Slovenia","Thu, 07 May 2026 02:58:07 GMT","https://jobviewtrack.com/v2/8BSilISWYXv3crDES4wUHrZt-G1NLBgQycFDpZ3Eh9x49ZTh3VUnHKYUcoJwnh1O0rU4rcoH73XlSw-qf-f4J1lI-JzyaU2lpeqzHKQW1sCsjRYxY5HippFFk0bv33moFXAh4gFKl075XAKqS_sLvqKtrOl_-QrXncvs8C9kqsQIGYlMKvfcEd2gWf2QBBSMa4Ea8gDxMjp48NyaAzDuRHijSwFPcgsI5XAI035thVc",""
"|proizvodni delavec (m/ž)|železniki, upper carniola - škofja loka, upper carniola","Proizvodni delavec (m/ž)","","Železniki, Upper Carniola - Škofja Loka, Upper Carniola","Wed, 06 May 2026 07:18:30 GMT","https://jobviewtrack.com/v2/92blEX_5AEKMTsYBx7GBg1vfrb3iZswNUTx9VG9AwdEPq4RG5SNDiJmfEEneE8pHR8T3ja41ce1NrZ7oGnLKlLJy9sP4JIcN2nPNVxmeR81_bGKmekt7MyghbpCYrodK3QyaxvDiKmP82XZcIdav5U1mOG-RqsylwdL1gwhLRg8QBSbgnE16mICyB8WjcVnYBfxfzC_C6bHAn8siI4mbqrIWPDbpOToD15rhMvHnJhM",""
"iskra mehanizmi|proizvodni delavec (m/ž)|slovenia","Proizvodni delavec (m/ž)","Iskra Mehanizmi","Slovenia","Mon, 04 May 2026 22:07:12 GMT","https://jobviewtrack.com/v2/EBqmoZkOYv4QrnIsI4Qj0I2I_JOEjMLKQ_2erkbPlZbeJX2lg30HpLrKlFWOi0OIRadwMCRb0oUXmgT8HL-CFo28SbI3rDAjZAs8yuysCtUPbNJ4AqoRHKsmdsShpbmHOacpePI022rnrmQT8Ordg5vaYGf5pEPRLG4OJiOq8Jk5xObwHRx-ck4pgqZIj4oP4_xXQx2viS4uqeF1lH145RDqCzL_xFTGJO5EATGCAUU",""
"papirnica vevče|proizvodni delavec (m/ž)|slovenia","Proizvodni delavec (m/ž)","Papirnica Vevče","Slovenia","Tue, 28 Apr 2026 03:40:54 GMT","https://jobviewtrack.com/v2/TJ-mEYld8n0OjjEeXW6oPzzDYWlc6l9GN9NwV6gpTHUlllyUnaXaPAy1WMaPtwdMdp3sOmNwvR4lg4C-vTRZT70CVq4zO_8iqchEduXHQpl2kgm3xINyBdU9qQCEDwl0VSIILbxioddsTNFndiYaD9y_lKYV3D3LC9PX2dxV2B141ACLQdB2qYNBMKiE7jwi7nc9DeELYABN9PTTE8K3NBt-jx1DcU-KiKisE67cm5k",""
"bosch|proizvodni delavec (m/ž)|slovenia","Proizvodni delavec (m/ž)","Bosch","Slovenia","Fri, 24 Apr 2026 23:30:49 GMT","https://jobviewtrack.com/v2/EUdLYh4nDkggq-a75YVsW3VaZmmBOuBF55XmtPiEpIdQBs7kRol2tmjmhuWaALLzYxuJ6bnaobD56I3YeHWgyg2AS6BQO0y-sU6fbMMY1vj5TW2-NLvPcT-gKKFwb7vLPGOcfjJyLDFpGK_g1xGLk9GFY-YCSlcEzhVaXfTSMbAB8o9eLea3lxdv4354XozSbOjuNG-o9J0jMqXFNX1d8Jhmlb26OOsC5ibXhTRDwbc",""
"|proizvodni delavec - m/ž|sežana, coastal-karst","PROIZVODNI DELAVEC - M/Ž","","Sežana, Coastal-Karst","Sat, 14 Mar 2026 03:15:31 GMT","https://jobviewtrack.com/v2/i7kxrg2EEZdNs6AGh_kdDbsHF6sXxhWDXtsIpzIlZPUoQV68e5XXTlqONHTzlMw-12N3G3M2SR-R5NfXkLKoPPgJkn_wcCbR25acdzU7UB68drhHObr3btP4Frc3qv772V0I_iAYhTNXhNcco2neRBTNSuHJmasAcFVfu-0_NFauDxDkr75OXj6qmNFx9CiUxBKzao1qPizGk-OHQLAy3tEF-cHsuP4-GY2HCDEm2mw",""
"|proizvodni delavec - m/ž|cerknica, inner carniola-karst","PROIZVODNI DELAVEC - M/Ž","","Cerknica, Inner Carniola-Karst","Mon, 02 Mar 2026 02:54:35 GMT","https://jobviewtrack.com/v2/XRDj0i_-SlC28n3QwoqOJr1MarBOIpGaAL1hdS3pOPnIDcHl38g7jjAnPFA-JVK_6uiAe2uH65KzEUIkkaIbdt6I1EWgdMt9s4pZ_q4VPQQh5ta3snVRMkwT80BrWncfvhyqLxUA2g-Dh4eSYVcZGP6MSo7OYB5pVs7lY9-ce5I7ZJlkoUR2GHkYfgHJRYAzuNaGEmDc4Y5_HTUGmCfdPd8-hy46EZCBJsUYHB0fdz64fhcsW77qb42klYPbL6A_",""
"univerzitetni klinični center ljubljana|dipl. medicinska sestra - dispečer v reševalni postaji, e037009, dispečerska služba zdravstva, dispečerski center zdravstva ljubljana - m/ž|ljubljana, central slovenia","DIPL. MEDICINSKA SESTRA - DISPEČER V REŠEVALNI POSTAJI, E037009, DISPEČERSKA SLUŽBA ZDRAVSTVA, DISPEČERSKI CENTER ZDRAVSTVA LJUBLJANA - M/Ž","Univerzitetni klinični center Ljubljana","Ljubljana, Central Slovenia","Mon, 25 May 2026 06:17:49 GMT","https://jobviewtrack.com/v2/W9jwCcfKqMNe-j1prQ1Ef4LsJLkvE9_GiD8b5LqR4-47UoNrTcDi2eyMF8KPzkpbrfkQc5qriJsS3X9vfSvrSLqpkqWqqpt_7l7QAy-w4fM8FHnfdwE3yEl4SbguKwlOwZs3fwBmiJc1EB30iqTuQKtGHpZJnwGlJEzNWn97bO2L7pGyuTCME8MJZcjgfPwPUbCOzPE-JUMq78UGO5mm0ZCNAs7EZLQpAbCo_qQZGrs",""
"univerzitetni klinični center ljubljana|dipl. medicinska sestra - dispečer v reševalni postaji, e037009, dispečerski center zdravstva ljubljana - m/ž|ljubljana, central slovenia","DIPL. MEDICINSKA SESTRA - DISPEČER V REŠEVALNI POSTAJI, E037009, DISPEČERSKI CENTER ZDRAVSTVA LJUBLJANA - M/Ž","Univerzitetni klinični center Ljubljana","Ljubljana, Central Slovenia","Mon, 25 May 2026 04:01:03 GMT","https://jobviewtrack.com/v2/ofMkfyc1dlqpUXXjn5EVZARv1rNKAnA2I9UDzr1G5A6sfoC4Hpqk_UMCO-AiyJOwvrhd-U9FGqS_ksydYsbCLkAaoGAw5eqv_FZiR6lKA4mTM0ypdbiC5mF0yD1FatbuBd5xPLzOkVn-lli5ONucZKcloym14aD0gCX9dJs49A4q7o1TOiPAxVS47hN_sxfwwcCDa-GIrl4pnPgbQPFkEPAJE6ajbU88yJYIW2nrWqE",""
"univerzitetni klinični center ljubljana|dipl. medicinska sestra v specialistični ambulanti, e037026, ortopedska klinika - m/ž|ljubljana, central slovenia","DIPL. MEDICINSKA SESTRA V SPECIALISTIČNI AMBULANTI, E037026, ORTOPEDSKA KLINIKA - M/Ž","Univerzitetni klinični center Ljubljana","Ljubljana, Central Slovenia","Mon, 25 May 2026 02:05:40 GMT","https://jobviewtrack.com/v2/nEH0PtjFK3MqNrbJAdMeWr3Am38sTI1SzL4CBQKESxhnGfpL9_O69HyVtZY5Sctzsn0qRO5I6ooCr2DOZhypIFOcugIpu91sM14fNbVkLsnCXm6dZePP72Lw1Lh_43bubu2KmLDHkfKwDjz4eew_9UOy9p6icoZmiuRPC1FDGweLO2Lrmd2mcfdeBbvgjArs7pxgxh6kXoQPJA_lwZWdo9wubkTYL6YQHhCzhnINdsw",""
"|diplomirana medicinska sestra v intenzivni terapiji iii - m/ž|kranj, upper carniola","DIPLOMIRANA MEDICINSKA SESTRA V INTENZIVNI TERAPIJI III - M/Ž","","Kranj, Upper Carniola","Mon, 25 May 2026 01:43:35 GMT","https://jobviewtrack.com/v2/HpSawJzjRd7gQSrs34q8kTbeozoHfgq7KFvBhWc98IdWQH_A6cHDQyLn2u3hrjElMV5BcYkA0E_uvrdUr9dvo3vpInZIeEs3NNjyBQ1953VH8z-FzceeE1wvvlrpdykUuYrxk-N2Hu81hBBlkNQhgvx3MV6xeZxoKZsUYLHlNE4oNvLMZH4M1wFTxb37opYkaaXYmtD7_CZEsHHsvsc8MVISwuRE0BBFjrPjU_HzbBU",""
"dom starejsih obcanov krsko|diplomirana medicinska sestra/diplomirani zdravstvenik - m/ž|krško, lower sava","DIPLOMIRANA MEDICINSKA SESTRA/DIPLOMIRANI ZDRAVSTVENIK - M/Ž","DOM STAREJSIH OBCANOV KRSKO","Krško, Lower Sava","Mon, 25 May 2026 00:28:44 GMT","https://jobviewtrack.com/v2/tgeideuVMaf7ho-GYW3LYJNEoSTpZsEstwsNmbbVhPvoJt7oivWX4z-y46gdU0qDtkwG1_eWwCz_XMwOc7IEkfNcNT3VTMnsQrvRgkYTdR56ODXOBRCmTBnffUKjgivwJgtqiNMDM4RmYt4Q0IfHjtLC2_2b7IkD7mIA7d8eHq5T2lHMAaDYmauQgEScBnZQ1GkV9W3UsqOhS2OpByytLQNqshz_xpr7C9aw9vrAvms",""
"|diplomirana medicinska sestra (m/ž)|slovenia","Diplomirana medicinska sestra (m/ž)","","Slovenia","Sat, 23 May 2026 07:38:02 GMT","https://jobviewtrack.com/v2/JizonU39Xl39oY3g1MS7_3h-N_Hvka0OvH0rmdCn4zRO4IshYopj6SQV0m8jULLEXgv7resJF1B0vV76LwuCFaEnxAkYesk-D1Q4L7LEW2QQlNDP4iDePpaCFwciKB388ToAc45O8XFusAdKGqDraelKuvYJbgh1U-MLIgpsRHIMLKDfl0Xx_no6s1VEbKGRFcBYI5b57m7pg3eQMVmD0mlXa_5nvyOkpwO9oayG_PM",""
"|diplomirana medicinska sestra (m/ž)|ljubljana, central slovenia","Diplomirana medicinska sestra (m/ž)","","Ljubljana, Central Slovenia","Sat, 23 May 2026 01:14:13 GMT","https://jobviewtrack.com/v2/B3bgDqrAKQ8p2NNQ9QSjwMGKoRN8d355YlbFImF71D9RzCltLQaoI9Uvfxi-biy__NKy1e-cQyrzihTVkS_d1WfBltLFXzy9-3ovMoNhsPx-UkF-_iNV3HS-87KUoYcTuk9873ATmJY_Yv_4Kq5jU6ZFNqfE7hle2c3vbHo5HExpnDffQ1Q1p-2AlmP1IDMVioadgXT_xCMSTOOgYu-LsByT0Bh87bPYSHgsGvNt3ic",""
"|diplomirana medicinska sestra - dragomer - m/ž|ljubljana, central slovenia","DIPLOMIRANA MEDICINSKA SESTRA - DRAGOMER - M/Ž","","Ljubljana, Central Slovenia","Wed, 20 May 2026 02:02:08 GMT","https://jobviewtrack.com/v2/2aclf68i-eepxNSNyg5vGwIP6k8vknmOEF8w7bC1IInEpjUHG-pClKk6gUmY53rsfumfQKNNkYuPBKadme--RbtwLfNJPS9PE_jgPEpuAOB4Lzy_XkZAF2ewcqpAo-5x2WHHDLlwpZtGCnxpU2WKUmrwCdVo5KFvuJOLwJYAdyPBr0TeYQ5QColng6cOm-y5i-4EXRfFeB3gXpO0Bb5FkFh3SfTJ11HsTaprC94PdaU",""
"|diplomirana medicinska sestra - m/ž|maribor, drava","DIPLOMIRANA MEDICINSKA SESTRA - M/Ž","","Maribor, Drava","Wed, 20 May 2026 00:10:53 GMT","https://jobviewtrack.com/v2/PrOYWa4iYZBSFN1jg8h-aO-lJcqw1O300mpMmumdN5RgGl374ZWfJQ7xtxEPlN6Cr5F_ZA2-Ko0GzcwWRBXu4s7toJX4DyA7cjwhDWE-YMNsTwUtciumGLvMg4rN8KPjJS_WDtV3fxckhWHzekvUkoxpM7ZUmDLL5aQqydoKiibmWEsqPmEgpb7AzEboxqzRiP4HY8aWwIMrnZaMlOkg3wzh4_MgM4x5lpkDrveLGVE",""
"|diplomirana medicinska sestra v negovalni enoti - m/ž|kranj, upper carniola","DIPLOMIRANA MEDICINSKA SESTRA V NEGOVALNI ENOTI - M/Ž","","Kranj, Upper Carniola","Sat, 16 May 2026 05:04:21 GMT","https://jobviewtrack.com/v2/kifDBybW0ryJY0tulpmcoxZUi4EmZQ2Tjspq1mARRpkq7qUURNQ2Yynq91-ZO-kQiQJ8mtMVGBh-HSAyUnpZF0KzhnVfuvzplrCtasgpT3Fb-UXhAYMaj71GqSERKuKF_EccdGNuGnYjJ5SbcXCt9TxtLNJL9ZhCuyn-YrRaQchViwHY75Nx9ab5nJAhnR9g4uEpBzxKDzV2YgoUGLCwrtgL-1S8jvcNhkh6doo_YgA",""
"|diplomirana medicinska sestra - operacijska medicinska sestra - m/ž|postojna, inner carniola-karst","DIPLOMIRANA MEDICINSKA SESTRA - OPERACIJSKA MEDICINSKA SESTRA - M/Ž","","Postojna, Inner Carniola-Karst","Sat, 16 May 2026 03:23:35 GMT","https://jobviewtrack.com/v2/GnDxXB11x-DRHEhGZ-G84HB9QU81yE-dTZGLVUSyJH_7-ch_j0dSNPw3D5TeWlRzL3gFiiGeSEox_oCAMMD6B16G99Ki5aHkPi9YdSFIgjwo0C5LutjEjEckw2PyzKmVSKFnNmzaaZ7GzUGAKY5VSAye2HdxUJNr_O4nZoXGwUCmLjrS7DBh8alWg1vQFisC0_uJpGYTXi-yJhyG7Qm5kwHQqcJrXMl1_Qe6pYlCbTw",""
"|diplomirana medicinska sestra (m/ž) - lj. črnuče - m/ž|ljubljana, central slovenia","DIPLOMIRANA MEDICINSKA SESTRA (M/Ž) - LJ. ČRNUČE - M/Ž","","Ljubljana, Central Slovenia","Sat, 16 May 2026 03:09:41 GMT","https://jobviewtrack.com/v2/vbXrOCAJEBdWVrNsuRPBtQVk94kdseATeZRJvz5kEsfsjl8vYywLQ-l9Z29KGz-l32HEga6haXsozZReYsardjrpNIwc7TCaDtLiPxWdzKa53aIm7cay6ajCC-2hOtFyXtV0NO7q0EFSyI4Vb0_jongLmRCSGAJY8DeApRTg19VO-r5ZO1l3Q78YQaQdibIWUtG7P02SdAweXuOKGFPpAvgQPHdPi-IyB5XmBI13F40",""
"|diplomirana medicinska sestra v triaži urgentne dejavnosti - m/ž|kranj, upper carniola","DIPLOMIRANA MEDICINSKA SESTRA V TRIAŽI URGENTNE DEJAVNOSTI - M/Ž","","Kranj, Upper Carniola","Wed, 13 May 2026 05:58:33 GMT","https://jobviewtrack.com/v2/gPSgIu5klfv0Va5_XlKJYrVLPPNPg6tNS3JoEF9EieNbDAOo4O3bT3PBqZUVb0bPPhkyDdUuQH-hhKg1K-NytYR0WdaJFJp9agBQy3mbQ0PImteLRDyWrYZ8bgjsS2yFMM0spMNqdD8SxFLkZTfwwgn6ruqjfUDqgQXRHfn-7SFOyt0x6HGW1O4JBYBGp7nrBNN8B9nou6dgXuV3XjxHPW25ozithZ5qEmkrV5vtpds",""
"socialno varstveni zavod vitadom|diplomirana medicinska sestra za kontrolo kakovosti na področju zdravstvene nege (m/ž) v domu starejših črni vrh|slovenia","Diplomirana medicinska sestra za kontrolo kakovosti na področju zdravstvene nege (m/ž) v Domu starejših Črni Vrh","Socialno Varstveni Zavod Vitadom","Slovenia","Fri, 08 May 2026 06:01:28 GMT","https://jobviewtrack.com/v2/SgtitlrAY4UOIlIeAErq0gRohDwIoAglW89SMKHbP-Hs1ycWfJu-g3Wga8mcZKNkCCTdD5CHxCbTGvc1MXq9VElrB7rOmRX9uUz5ZnDh6glgqIgZh1Gy5dHTEy7o9aLT2pdfrGtlZlLnTXRa_t_6I1UOlBfNqsqshXHdJBDdW4mWAP823-kaMilvt50JqozGcEOP_BbPCQw0V2iPN0Yezj5FoaZffQTf4REPMQxb-qw",""
"|diplomirana medicinska sestra - m/ž|kranj, upper carniola","DIPLOMIRANA MEDICINSKA SESTRA - M/Ž","","Kranj, Upper Carniola","Thu, 07 May 2026 01:39:04 GMT","https://jobviewtrack.com/v2/Sfo_7sVULrHw3eTmvw5fPkPmVWMrdEp5bfAwwPKgB3iu87LDE2YjwpICPDv3PyZnVHinNyb9kxrWyOtauLKfZTmOWOHrWOzT_IpzRbSkXrmsM9GmVVcS0Td1zunFAMatSG6xE7aPHG7xDzT2YCrXDsAW64THdI8FcWOoXZTcA2GU0T0sRnnlqi43UjFs3nZde9KnHTT0hcoMJwyWWOAWQqHzWuBVKs0vG-_YILC7hzM",""
"|diplomirana medicinska sestra - m/ž|radovljica, upper carniola","DIPLOMIRANA MEDICINSKA SESTRA - M/Ž","","Radovljica, Upper Carniola","Mon, 04 May 2026 23:12:06 GMT","https://jobviewtrack.com/v2/lGhp5yS5-xSuhrglcx9Lx4xkk6PJTKbJld19vKgV8P0rC560rzCgEyH5Vxzhxu51IBx37UYA5xGFDdV6hDTWGfz9qbwadlbv5OBHO5KjT4-E-P_zGbO_cS92bvPcZOqy1s1Pl2IYFqXBcAHGnPNp6cIU-iclOlYn3AZv7R3RnzH1BMfV2g0TmvwufhMI8Zh9yZX-9TjTkhewY84b6-QUqM6CBAUAzirecK3HUGS14DA",""
"|diplomirana medicinska sestra v dializi - vodja zn na hemodializi - m/ž|sežana, coastal-karst","DIPLOMIRANA MEDICINSKA SESTRA V DIALIZI - VODJA ZN NA HEMODIALIZI - M/Ž","","Sežana, Coastal-Karst","Thu, 30 Apr 2026 05:50:33 GMT","https://jobviewtrack.com/v2/H2VtQE07d-kEGCNGX3bG4moaxSMvGZCNA2enFy8igEwasSig955Mbclc25h3hoUzoQZFeUT78VDcbrH1JtXkKFsZlAU0KBgYPBF-YyppgaJIJ6YzsMEsuDo2KSVKSIkeUtU1yd8dBvQi5gIIDLgIYmvQXzqOJ4wk7VdQglgU2oBBvnhDlvRrxgXngeJbGt5B4K-VGAyln6WOwK-4TuZYGvpYxqUAV_yASILg-499fa4",""
"|diplomirana medicinska sestra v negovalni enoti - delo na oddelku za geriatrično rehabilitacijo in podaljšano bolnišnično zdravljenje - m/ž|sežana, coastal-karst","DIPLOMIRANA MEDICINSKA SESTRA V NEGOVALNI ENOTI - DELO NA ODDELKU ZA GERIATRIČNO REHABILITACIJO IN PODALJŠANO BOLNIŠNIČNO ZDRAVLJENJE - M/Ž","","Sežana, Coastal-Karst","Wed, 29 Apr 2026 22:18:06 GMT","https://jobviewtrack.com/v2/4VfMb_D-QJx0RypaVNuJD2EzCcMieJkWc09jAqQSUwCGrQCvwgZhu3J0krU4tnanCU217EPn5pUfeDrDGoroiKMknHo6QbhIUow6UW7CejqvneiHESlewLlD8KUCkJ0UHX4n8G8lPFQF_xGvRn5w8rrMvDwwS0Ktimfo1Gy7ruRjT-lnlR0vVh3zvUsAHf70Aeu0iGpk5izwiJags_puf3K4CQeRiO-baim7Xuhg88Y",""
"|diplomirana medicinska sestra / zdravstvenik ali diplomirana babica|ljubljana, central slovenia","Diplomirana medicinska sestra / zdravstvenik ali diplomirana babica","","Ljubljana, Central Slovenia","Thu, 23 Apr 2026 07:29:13 GMT","https://jobviewtrack.com/v2/gWSGCGHLe33EovGCyrB3z0Oc9rN_wqDttIi2qBP8beig7KCuEhynolLxHrBgZ_X8Vs4C2v6OfblNdGYRPkDgYqCRy6AEWhdQbB_WYNJX2BTiRd7DGGYorbkpLpqfDdMOZSYE7Lv8cYF9Jr_i3KPfMn2mHBaQeBz4nsWfhFcJ2AkOXpU87uKYJpGg4taeyvaDy_kKuzaojju79RRdYjWmfh6bAQv4RRgmpYb3ZpSkFYQ",""
"|diplomirana medicinska sestra - m/ž|ljubljana, central slovenia","DIPLOMIRANA MEDICINSKA SESTRA - M/Ž","","Ljubljana, Central Slovenia","Wed, 22 Apr 2026 22:20:07 GMT","https://jobviewtrack.com/v2/28sAx84ip58LjnvjasmH0FOJqtl_B_5DrLlTT1_UVspVSAFBqGhSFkK5SPEMaa7aMLUVXLIoeSwoZQZyr-aBDmuj6yFRlGjCHNYutC7cjekDN2YGEczPLSAaFoCaFuVMf3wpg5WCH3QGQ2qjlp2fU-SEIb7mlQCjD1rrNTqDrdb293RNdr5fHS6-GB0bfay_N85Kbn28fB1HFEMBKPlbEMyJSbGltDNsB4FsIlD7Hm0",""
"|diplomirana medicinska sestra v specialistični ambulanti - m/ž|kranj, upper carniola","DIPLOMIRANA MEDICINSKA SESTRA V SPECIALISTIČNI AMBULANTI - M/Ž","","Kranj, Upper Carniola","Tue, 10 Mar 2026 23:03:04 GMT","https://jobviewtrack.com/v2/-NS0wv2NPcgcrzcy_fVVI6VAGuCDzl5nZbnZ85d5JkmFCLEtqblMl6vAC78XrT3jwtuXfvDw2UInaoxs17YmhGf9wSWfnKTNs0ygAqDmFbft1HPSWjKm66Tp0Od19dRU-v_e43M9xapg7intyw87vqciM8d0FIojKULagqmYxgmhpzzd2LqPoCx3VoV-Q6k0aLy1_PhywKKpWFpdLAlz84qzaoN9IpXpK1UbaftgELmuEJJsq7AG4g7OUG80gup_6_lo-Lrzse_3gMQqNPJ6dgLaTptrGMjaw54k8ynC0lI",""
"|diplomirana medicinska sestra - m/ž|idrija, gorizia","DIPLOMIRANA MEDICINSKA SESTRA - M/Ž","","Idrija, Gorizia","Mon, 02 Mar 2026 05:42:11 GMT","https://jobviewtrack.com/v2/DEf_lP3I7Q6XvA4c7JiVxCHybEwM1lxojH_nsUfJBkBD_66LUN4xkcKDn93fpZERiZz707cRXx81m220oXxJpEAqYBF4qz3qfOyqCaikyFSCMejSU7ZAElT4v4TdoGK2MpPnvirIo9Fx4vDMP5TCL6nbiexNprZZrbjRyHTe2o7BJUk5qzO-xv9n4ezUimsQw4kiLaPw4uv0dVO8WGwwDzRkqDSEN1qmRXsIxiqX3_6i8IPhobuYyVXkdKKA0xh1kc5CX-ym0Q9K3vlINyMKYw",""
"|diplomirana medicinska sestra - m/ž|jesenice, upper carniola","DIPLOMIRANA MEDICINSKA SESTRA - M/Ž","","Jesenice, Upper Carniola","Mon, 02 Mar 2026 03:06:12 GMT","https://jobviewtrack.com/v2/FRIv35TwtIiRH_mmwYSaafVsIDaJpnaFg4fqsSaJql-UDz86UjTrPyWVbE_yS9II4GPHYji6QOUjZ41WJpn_yyhjRfa16KI2Dj1O884ffB4ufyQWmBexKqy6ehXNdDS4edOOnKQ8IrR1boUrPshQOgR7Ko8WcOEbkOYTLDPpN7Emnt655mefgkuKI8up0Bkhmp-Tz2h1Yc80JWrUMDjFay0LDMY9h_kQ4r1xpmInNclU-W3_FDgj8aijWwFQuh0FU1tW5p6dztabRnDkb9dISw",""
"kariera|delavec v proizvodnji papirja m/ž/d|central slovenia","Delavec v proizvodnji papirja m/ž/d","Kariera","Central Slovenia","Mon, 25 May 2026 03:22:09 GMT","https://jobviewtrack.com/v2/rfRf4vnoLcc0_uu91cvIaXtoCNaBDt9bQFwVN1liH7MBvDFfS_29v3hDT4u9mhP4D9JzWlppliYWl-mGXGy_QvTo0U-Jiw5wOmzSKjF92pnoHjd18ea4e7LYp_GzlC3kp3mC1Ux70bZpJxbRaO92Pn3dTbrkLZV4xd52xf5f5ByxYzo2SrWFKHNB3Bbls7XcY8mRjqy8ifHjvGFsuvXMj4-jnHcZeUo-Bw_ZC_56hgw",""
"iso steklarstvo d.o.o.|delavec za pomožna dela v proizvodnji - m/ž|ljubljana, central slovenia","DELAVEC ZA POMOŽNA DELA V PROIZVODNJI - M/Ž","ISO STEKLARSTVO d.o.o.","Ljubljana, Central Slovenia","Sun, 24 May 2026 22:23:57 GMT","https://jobviewtrack.com/v2/zEwp3ul5OA4gk4fcK6gQQRoBlbc1vkE8liydaBRSblBS-_ohco5uT0XLtCVQj7Dbz0cAmE_nKaRl9xXKkQq0r8Pc8syk_vY9Fiv39dI97GyRvplI-a65vXpxqKUgsTQvLf1qZUd8OpTzWIcAg4zvzenn6MEO7SvMUTvoG3cEpDudrNcm8QIYT6U5RDOoanuVEPZ2SaLV4wfXwrizH9W5R-7tJHgW6nrEUsDzDumC5T4",""
"salax|delavec v proizvodnji (m/ž)|slovenia","Delavec v proizvodnji (m/ž)","Salax","Slovenia","Sat, 23 May 2026 05:41:21 GMT","https://jobviewtrack.com/v2/jRv6V2_-h5T9vYFHMEI6E732X6btGHp9I77gYSRaySS4XzSSI8RPrjO4kHfzEDwfS0MGLdbMpU52kCvfcsS5D-Ouh-GWRNDmvfsF8L4toTvQm1NxA6zkVZKT0hmIe91BwEv0jvPXc2E5xCrAlTTM0tLmOqwEsb33oFSbv1NqcspTlWsjvEIDAow_L4wzc7w9dAanYLV3woNvq-JdVYoQEsIPJq2lv_NyjpIgiFR7590",""
"|delavec v proizvodnji - klepar - m/ž|trebnje, southeast slovenia","DELAVEC V PROIZVODNJI - KLEPAR - M/Ž","","Trebnje, Southeast Slovenia","Sat, 23 May 2026 03:40:32 GMT","https://jobviewtrack.com/v2/kY6xoK6VVd-0IJXkPo0oZub2sHYIFoaKufM_vlPYdVsq4PX_9VfcU4titEpWxiXbJITtR-wBe6qFWDWnS22q4XgGknx5eWu7ZI_2u2MsS1DiOEzZ0mYV3HwNrqQxhDv7Em-XiCTQddcDPY1YDS3PY1J4Q-uvXA-xSDqG1YA_gVNeXbT8vKv8_dbgckN_7i-l8yqzS1ucKr9nNR2mvgty6hd_5QIsTHOX_VJQ__lfsbg",""
"baron international|delavec v proizvodnji m/ž|slovenia","Delavec v proizvodnji m/ž","Baron International","Slovenia","Fri, 22 May 2026 04:28:00 GMT","https://jobviewtrack.com/v2/vQ6OmGOCW6VAv_VwI1f7tIjijToWNoLwD-pMCPUGnMmUHfjPGKWSm8jtk9k2AbviZBxrLrXSDFtxZ_OP285zW7VDgn3rbRTlHnWVblqldrhy7BEVHmSaizn-_OQqyMQc62Xen5d3hyoc_nYIh_9mY9HCfsqDsLOTU3_V1tuKChKpaoDWZ9hd0nSwpAsOYNi2WJH_5yNkuIDYXJ8cZszpcxKkZivog85DPfzEusHhoMA",""
"biostile|delavec v proizvodnji|slovenia","Delavec v proizvodnji","Biostile","Slovenia","Fri, 22 May 2026 01:48:10 GMT","https://jobviewtrack.com/v2/SKqOeS-Oo9fDDIjCIr2VGLrxK8ZAe3ZyowXx4hxev-TYPccTn3ph3s6evx6LgTtbXuBx19tPg7cI40q5kEc5-sgrywkAyhFjGRb3tWFN_mhMVGyT44yPaGstFEVzzBxXhUSc4dYdkXZRwhY0PkzVmbn8GiFZW4iQYC3rU8PYoy_tkKsSWt_g3M9tCPqzoWjEqt8v6GMvePQFJP_cgicIcLAlnnH2DS54gURZMEPEonM",""
"|pomožni delavec v proizvodnji in predelavi mesa - m/ž|škofja loka, upper carniola","POMOŽNI DELAVEC V PROIZVODNJI IN PREDELAVI MESA - M/Ž","","Škofja Loka, Upper Carniola","Thu, 21 May 2026 23:22:13 GMT","https://jobviewtrack.com/v2/VXWuC9MRmmi7D9fycmSkF1HN4m4-0R3J3_JD4EEY80BvOqx8bHajDcIfA9CAz1GfbdgX4aFqFHCixjPmJ5IOY79RyPLupQG0r5wpEGqrHIN2XlMQ9AlzVLl3QNtcoKRuJcANpZxWyAI9pcUz0WEWaAHkY6jEg4nt2UxBv-uLI7gG3BY4syLFPbVUprVUYxiFqEbegO8gZw3Gr33m1hW_Fo036mMOFphwkxRgNRoybvo",""
"|pomožni delavec v proizvodnji - m/ž|kranj, upper carniola","POMOŽNI DELAVEC V PROIZVODNJI - M/Ž","","Kranj, Upper Carniola","Thu, 21 May 2026 06:41:17 GMT","https://jobviewtrack.com/v2/g_Y30E6u2deGJ85b7_B05hZX0IV0O75Zr48elqq8rin-d828Bv4rCalexVOmryX1cA-99QY8yH_VFaHdufzINpZ4bGYsIya6GXIDDQtf08WbtwyXUaM_XCev-4z9EDAy7HA2mpemPVvJEB7STtts3scM1KBQzG4y_TJ_UQAfolB73kyaeRG-cA20jPW79iiknG-h1iQDDTCd053dk_LCqFzOTfMtwe_oWd-fXKNNQ38",""
"trenkwalder group|delavec v proizvodnji (m/ž) v okolici kopra|slovenia","Delavec v proizvodnji (m/ž) v okolici Kopra","Trenkwalder Group","Slovenia","Thu, 21 May 2026 05:38:11 GMT","https://jobviewtrack.com/v2/Wev_sTzsNVPcl3I5qgWbRkC112hT7SNlHpk3LJk94YF-U7v9mSqsqJvzh8mofi9JgTrst4V7Hpz9_UToxOrbNZ9evD74IE0Pqkv1VFigaZE-7ycMdAJ4Hf6u_Cg44pL3MJoYPcGqIWrW6ODBAOGLT5sRPwkhMudxR0NNQk1tpWWCx9M-_ebcDYneuHxNU7Kq6asnYBosvWMs9qbiQtlQMRYeLgs-QOFhqA0O0lXiHwE",""
"|delavec v proizvodnji - m/ž|tržič, upper carniola","DELAVEC V PROIZVODNJI - M/Ž","","Tržič, Upper Carniola","Thu, 21 May 2026 03:19:47 GMT","https://jobviewtrack.com/v2/JLe0_KGYUyo4ElgdykozkpT44yuPRxUPLFM3rwv2uB5IP5YEYdtA1Kntf3doii8GTAko340XDPoMbLUWo83Y9HG5MMSQ4R4PGy3sP1g7ZUk75b6qJn6JXHKRebzxGamJ4pE9KDG1AmR_izNa6i3stVbtf4wL85uqOjIiQGc6_vc1SeylTPQDXBCXqHHPda2aQ95BaZhaNGfAMuiWSZqybCZwO4z130k-am-ZM64WhfU",""
"|delavec v proizvodnji - m/ž|škofja loka, upper carniola","DELAVEC V PROIZVODNJI - M/Ž","","Škofja Loka, Upper Carniola","Thu, 21 May 2026 01:30:30 GMT","https://jobviewtrack.com/v2/LMWXQwU0W74QpOxNSCphpayGVfdKVc50QWKYTiNOw5K7SsezMHVLAXwYF0i_X02T7DviHr816R-fN80UHZoXXbpYl5k0ydKhRmCrJdVRa1a1N2J6RmPfFfpiq1XznRoqPKi8tHs19IvbM4q9NYrLKzdWXujkmT2HY5VCEEv84-F-oQqrjTb8c7HQ_bmtNX8e_VUAon3gDdF7DYT1M_UKTYbO2qtjADR1WYopiJHJ1Zs",""
"mjob|pomožni delavec v proizvodnji|slovenia","Pomožni delavec v proizvodnji","Mjob","Slovenia","Wed, 20 May 2026 22:01:33 GMT","https://jobviewtrack.com/v2/U4sq-bTBG5865Wgw6oQOiLzTTUl0NfOU7qod3WW9pXlO9f9smjHqnDAVIdQD-Jreo6fY6ONWR_s72XrlrrIhO3MwgsL41uCB-bNtHKOYHfSKZTD8b0xOxEeyj3jCZkM-Igej7-WvTfq-RPHw2flF2GicVEcTOfFIcK-4l_kIlZq8zLhkcrnHmP2w5BY_6bSszPDsyGbPskTyeE6S5STxDXGl4_CfrtKlzSzS76HM61k",""
"whc d.o.o.|delavec v proizvodnji (m/ž)|slovenia","Delavec v proizvodnji (m/ž)","WHC d.o.o.","Slovenia","Wed, 20 May 2026 05:31:48 GMT","https://jobviewtrack.com/v2/CNQYMR2BU8LPaPkXCfm7g18c3X8t5pHASwOJ4qYl96zput4OMXeIiL-D8gEUF7naFYcTkjNrOPlN1STduSBGe8HRNEzF70T8P-JAOTJTPRZ3vngPZyZszaq1-zcdmDbxTv6M8cwGG7VdlZyMidxUwiWhEVxstqhMgEUaQ_UGVWRrbnmvRQqA-39TVE2VVT130xhtiLhqqYqam4e0SF-ZAJSA8hI4Y4rGGUjEQC_sFrU",""
"titus d.o.o. dekani|delavec v proizvodnji (m/ž)|slovenia","Delavec v proizvodnji (m/ž)","Titus d.o.o. Dekani","Slovenia","Fri, 15 May 2026 05:49:51 GMT","https://jobviewtrack.com/v2/M5F9LKxM3CHIqIm3DwxoefDGURNi2uq9S7aV7BJ0CRUIN_0NPhAa9EHK7kgRfCm2z4gmNgGfvgfFulwbGGSrAYnUAaUPr7-YCaoXHxGxVfTMzy0t5XHYz1SU0U9YmlwXXHe3e6Ew61-hUpwC15pBEICNnazXRgififwyHpssSuh0ys_d90JxfVd7kXfTq8VADYpAlKtKMkQU0N8F9llOQMrJRiNY__DFHIm_S6HFUlA",""
"prohuman|delavec v proizvodnji - brnik (m/ž)|slovenia","Delavec v proizvodnji - Brnik (m/ž)","Prohuman","Slovenia","Thu, 14 May 2026 04:41:57 GMT","https://jobviewtrack.com/v2/ArRMz96x8LiA03Ud7Qh069wqtVC3YXA5bJs1NyV9ZKcfPROZGH_u4Lz6UYMlJKO46B2u2oNVc4YFyL18Vm6GwpwMUvLMedXTu09aZVgxFe8JnAWAinNDlmOlGV5gpgzHXH4sxsESVY5fmli66HoHC8HUORGVTAZapRY4MGH0TOPRCs80RW3z4kMmLRFiBvx9PHCTlgusLnJbCYGIgrmFYL0xecHDG26IHYTc_aPkV08",""
"whc|delavec v proizvodnji (m/ž)|slovenia","Delavec v proizvodnji (m/ž)","WHC","Slovenia","Wed, 13 May 2026 04:57:50 GMT","https://jobviewtrack.com/v2/IvEa9MnB2WrXf2J3x86Uy9ai-cSyH0AOgo2YbPURZhR_kguEzMG_karWENvJB1ZdK9r3LAvBSNNBD5qtbw45TxSwKAwCSSY_j5EBLnXFNMTuB3j7NauKU18-AjrlbAQeV71z7OndxSq9_K9PrD_WpfENFICayVLcJC_uU6qJYD_7v76fqD6XcAC9OXFR_KzDOctyT5oR_5d_WbsrAbzI71bOD9jEsENS0_qI6csK5M8",""
"|nk delavec v proizvodnji plastičnih mas - m/ž|ljubljana, central slovenia","NK DELAVEC V PROIZVODNJI PLASTIČNIH MAS - M/Ž","","Ljubljana, Central Slovenia","Wed, 13 May 2026 03:39:22 GMT","https://jobviewtrack.com/v2/CXXgsl4KnuliByRP_wnSRdXPLOf7WQJBpfjcrbjnhjwz-I8_AeOYob2zVZDxqNxHhNEbca0hPHi4KB9vGIybBKT0yd8F6UFy_OhUyz5pIV8AaDhAMKaNdrnCXxZiHo_v1Le68fxm1riQDpBjnw2WpTo5IdAyfjAn6sbflhM0jnHdYLbzcdIZZCSxo-ni4EaDCH2NlhEQYWm7whMg2qi78pzCK_jrmuRonEBLpzy32pY",""
"|delavec v proizvodnji - m/ž|kamnik, central slovenia","DELAVEC V PROIZVODNJI - M/Ž","","Kamnik, Central Slovenia","Mon, 11 May 2026 22:49:20 GMT","https://jobviewtrack.com/v2/NHwsLXKpl7uGL08SJRbuVhwMzBJ1pWHzcQIDy2NhHMKWU-HyyHS-Ua-K3sAc8Tv45emEEMKpMv_fQxPAakcMd_3LEiWrUqJt9QO5R2L-0sSr3lnc0lst7z-rq2V3kjiDgqtsKWyuWQ1WUBlSb9EYGcfDmF_P5ZJ78mTMlCgCnVR1psdgqkkXH9TKmB6XpAlryS6TqPbURBQUbtTwF3qTCX2w6QdcCmtb4nWF2unp0cM",""
"|delavec v proizvodnji - m/ž|ljubljana, central slovenia","DELAVEC V PROIZVODNJI - M/Ž","","Ljubljana, Central Slovenia","Mon, 11 May 2026 22:48:41 GMT","https://jobviewtrack.com/v2/OkkdjflkccOS0Bop8ZWBTh4gOqrxUEY6Im2PKDhSXesELJoTRduOWTfQaFd99k6ZBO75s2adr540qrt9zXMK11TzeppTaLiWmy486nDd4oaXhsyieAE0-21iCkrzm-lh0YpQO2eh8lRnQPXFGRrjnL1qzd1aD4PsEx8qWNcc83moToNHw76-B_G5pPKG6FLc87WsTXo3YtCX8dqtETSBXEWpd9q2mN18FpvV4RE5zhk",""
"|pomožni delavec v proizvodnji - m/ž|nova gorica, gorizia","POMOŽNI DELAVEC V PROIZVODNJI - M/Ž","","Nova Gorica, Gorizia","Sat, 09 May 2026 05:23:52 GMT","https://jobviewtrack.com/v2/-4I97fZxIQ_eEbSDR-wCUO3qWBAuuh4PGFlEI6v7yYmBVKYWhJd73OvOYAzm1LDnT9Rp4jtjV3KcNezwuL9ZoaU8jP5rtM5moL8_Uaku8c5f8a_uSIppr6CUeCpDDezWloDXipuYHewNo61qyLoQo6fyDHJZ9vSrSxdhXpK4wlcYcbr1gwTcWn0u5cQ-vLZkKdbSYfsyrriMzLV3te3cH1J3ZXSCayx1CkH7gjbolMY",""
"expo biro d.o.o.|delavec v proizvodnji - varilec pvc platna|slovenia","Delavec v proizvodnji - Varilec PVC platna","Expo Biro d.o.o.","Slovenia","Sat, 09 May 2026 00:38:25 GMT","https://jobviewtrack.com/v2/1-TlXHFm8LB9Z0VROmjTgAzfpphVmkWbvVD-3_k5TSiJo3JQPiO09qXo-o_n6QYAA4FiCj3Q3lnxWz4Xo4j_Imw2KRJgayFQso0D7lIyy_3U5P1rhwdSmVkIun3igkghznASlq61WnalLRYN1mBol9VmwOw3nxQ2AXMcPs6I6QHkHHjasY4fbqXjIfMxyMW_YneLaA04LEwNIYzsiGFP6y9cStL3zEfPoMS7eLLkhQw",""
"|delavec v proizvodnji - m/ž|kranj, upper carniola","DELAVEC V PROIZVODNJI - M/Ž","","Kranj, Upper Carniola","Fri, 08 May 2026 06:49:16 GMT","https://jobviewtrack.com/v2/prspcLUtIaZCgvTwZkvWLkxzHVpmHcvRPdX0B4y8SyvRT_B2kj6ZEXLlmiHAWwxgHp-K2xVfAn01DkpyFW215tNx1kx6nakN2Y239Tg3Us9Z0aslzPq74qCcqDJWNuPtI1h-6dZiynWNYJpssQBNniC38Tt6PrXbnFdYdgRePI_VywCyvyN8N6vNWm6jBSEexlo7NuRrMRoxEE10TcKYDX5OW9SWJ6IL5TcO-go-8Us",""
"|delavec v proizvodnji - m/ž|vrhnika, central slovenia","DELAVEC V PROIZVODNJI - M/Ž","","Vrhnika, Central Slovenia","Thu, 07 May 2026 23:49:08 GMT","https://jobviewtrack.com/v2/NFahLk7n9eqlHIrJW9DCUabiZI9zGFEdMh5QQTCMD-u-EavjKnEJJrD1SDq4s6TlMkbSeGbuGyY-jg4rWgqbxXLSdyz2sfWVbCGhO6dPWadyR8-kEVS1CIpL7D1yFevg3BAZYC7umbApTgeHwg-R0MZgo2Gedhb149GdFzgvjy2LaOaZwopfaK1lLEOA17EsYYXGRuZGzSb0GbTQDoNdU0OBFP6LKwI6XR-E179fH-M",""
"|delavec v proizvodnji - m/ž|grosuplje, central slovenia","DELAVEC V PROIZVODNJI - M/Ž","","Grosuplje, Central Slovenia","Thu, 07 May 2026 06:01:20 GMT","https://jobviewtrack.com/v2/OmmPjh4uOfveVMSMGWYLdm_fdSEeCBurUQ9EPX13Zv0otHqwcNvLOvDnVWg2B_V8AxkuU1ANLqrMRsNfU25brnSjcjBNJpr4xuomvO8fLitCVzbS9yTv-H3V3HRDkGm8Q1Tjxjn5PxoWpshr3UkmNU2vGHa_CJu7gGNZuX_YYY0gRHRq-bmDstrwseHVpwBQ3hghbgham1pHGsoEKFreR213yptWZc8UZnqVd50WrUI",""
"trenkwalder group|delavec v dvoizmenski proizvodnji (m/ž) v zasavju|slovenia","Delavec v dvoizmenski proizvodnji (m/ž) v Zasavju","Trenkwalder Group","Slovenia","Thu, 07 May 2026 02:51:06 GMT","https://jobviewtrack.com/v2/0e86-2-wJ4XYZyRWN7jUtTHT_HFPpWvOvQSM4xCZd84BSZCLFPqYgXbZFfojyrh2-vDDXf6wmU4YFbqWPo5sgwPE2BAuBUBTeXpCAV0P7Mcm1oFKN0fC6FtYgEiwYF3hjKbmOWgFIFM1iYGlwGnuJ7dLSKpBY1GX0yLoEOqSoC5cqRQ_Eb7u8QzaAOeSBf-W-5aHv9N0SvtVzmyK5Y80IHTp7mHybC3MthSvp-xi9QE",""
"|delavec v proizvodnji kovinskih izd - m/ž|črnomelj, southeast slovenia","DELAVEC V PROIZVODNJI KOVINSKIH IZD - M/Ž","","Črnomelj, Southeast Slovenia","Tue, 05 May 2026 00:42:06 GMT","https://jobviewtrack.com/v2/ZlEAxDbqPVywDxWkA3aIUK5ZZDiYHUFt-meIYCf5FC11SmuD5FGse2DIEYfLwpvgPaFdqXsayu70IzHkGdv5RL7I8y7YTEdyJR6nV2gRlNA_t1IVu4dCr4e883S8jFrrM0npuy-SvC3Q2GqV7TYKGTc7ewhQQfacJQqXbrWF58ocxP0151Wdo5dHv9idqJg2w9CC8R26BuuohHXOoZ4EC3600K9ZpT5npZskLLUjiR4",""
"|delavec v proizvodnji - m/ž|ribnica, southeast slovenia","DELAVEC V PROIZVODNJI - M/Ž","","Ribnica, Southeast Slovenia","Wed, 29 Apr 2026 23:20:01 GMT","https://jobviewtrack.com/v2/K_A1is2ofGEEOmu6vuDf1eBY-zbEUyv-yg9b3hygJAcLgI33jTphxHDnSaGwWobJKwwk6zKl6Oid5WmcBu_g9dEQSHtMThrmCpEZZVjS1oLRD4hDPXALmaXfwA-hgg32WPaTJHko5QyiGKEtaD63o6F-eD2n9lFGPNdTiC234eN7qMTzX9Dg1Bp8z5BnzC6Wh9rYHx525Qu0Yin591j5n3I0OnuUeY96gqbR0mzP_3g",""
"kovinoplastika loz d.o.o.|delavec v proizvodnji|slovenia","Delavec v proizvodnji","Kovinoplastika Loz d.o.o.","Slovenia","Wed, 29 Apr 2026 05:10:21 GMT","https://jobviewtrack.com/v2/FAAwPw35lUtBoJ7EBiTDcv-q3EPE5V6g_sgb_lVFQBWJhqO8oKSAPo-N-Lbz9svI3qs9UjC7VPi44kDNisrGD-NcyU97k7-UTQ1oPxDFlV6wmG5h0M8tGMI_bh6THuhvWiFKLOjV5AhGExoJNnpv8ZPOCipqwo-iWmVcRimFySdfenuDk9A3VGBvnAl9pPmV1VRqFSlk-CZF6DV7qbbnRcEu6R0TDbkNN0wpIZVXu3Y",""
"|delavec za druga preprosta ročna dela - m/ž|ljubljana, central slovenia","DELAVEC ZA DRUGA PREPROSTA ROČNA DELA - M/Ž","","Ljubljana, Central Slovenia","Wed, 29 Apr 2026 01:03:42 GMT","https://jobviewtrack.com/v2/Dkv-ig81U9fmVJU-6TTYermujBb4jg7Sab-35ZCjJXB7oDTDN3qQ6jbVlxRYCXjC63-gXWTluvvinXw5Y-KSN9T-Gf00bVWjqVtvdWu1RjUOJbY0BfBlT44CR4n0z5dSWldUzQxPY60IKk_a_0yypfzIOrV6YKKqMB4JH36ojcdvthH7U7R7HgtPLwbREnRSd-VEEVoDWXmtcCtvMoEySMR7jLeTwSe08h6g4lOxPdc",""
"|pomožni delavec v proizvodnji - m/ž|kamnik, central slovenia","POMOŽNI DELAVEC V PROIZVODNJI - M/Ž","","Kamnik, Central Slovenia","Sat, 25 Apr 2026 01:32:44 GMT","https://jobviewtrack.com/v2/PJFp4hxIcNb5VN19EKlAnPhDFMTFlGoaNvd6KDF3ov5JAlchMYeP0DITdmFrjHWJGFPTprvtWPJhn_OqIDZWMARsk4ifUh8dV4d2AZPNLkITNCwFsHa0jKOJUSIzUj6JprE-biG2FwqAQXTqC6pQajfvg08OmQEZAq5W-G0qx_whnl5tzb3sNlfVr9Ns6dyuQtrjhbjVr_VvqeV5U9zVoYWU8ttYmT_bRznExNSiZ0o",""
"almons, bencinski servis, monika setinc s.p.|prodajalec/natakar na bencinskem servisu - m/ž|grosuplje, central slovenia","PRODAJALEC/NATAKAR NA BENCINSKEM SERVISU - M/Ž","ALMONS, bencinski servis, Monika Setinc s.p.","Grosuplje, Central Slovenia","Mon, 25 May 2026 05:25:21 GMT","https://jobviewtrack.com/v2/wwgozpawYMNmPXYlhx19-XxkvRgBErdaGFHgFlJCXJ7Hk65JNZY4Fhs8_eZET1w0tA_TPUa3edz7j5g-G3bKVl_rQaQ44l7L0JabhSsUIMwiCJoMwINMvao3I-YW2bhqK3Bts9BiQCJTj2jySXAab-4OXijW0sU6CgUMTbyzovoElSvS9VDljJfuW4T__I4POsbnYgYSa78MEjPFz0NP7aIokn-H-mpGVt3cuSwTSXQ",""
"engrotuš|prodajalec - oddelek delikatese in kruha (m/ž), tuš market škofljica|škofljica, central slovenia","Prodajalec - oddelek delikatese in kruha (m/ž), Tuš Market Škofljica","Engrotuš","Škofljica, Central Slovenia","Mon, 25 May 2026 02:46:25 GMT","https://jobviewtrack.com/v2/ozLNPJu_lH9TBrrccijkHV2fYcYbiPO9R8J1qXO-0VaAryMytyBLA_BIskjd1vpt7iqR9b18FX628aaFn19ZrlcduUIwe3kwHM_DkqpMaLjETJUs6Q7qJpRK49jdv85_OaoWnmFb98ZLgDe2dPao1zEWuxOaNOCPc5SID4uhkGKQG74mweXwyzjdpQiv5ThNX5lNhgwNYEk0CjVXeie5qMm5VMMxzaEgfe359Lh1nwo",""
"mjob|natakar|črnomelj, southeast slovenia","Natakar","Mjob","Črnomelj, Southeast Slovenia","Mon, 25 May 2026 00:12:37 GMT","https://jobviewtrack.com/v2/htLZPTu1tB4iCWa9RY4Qv84ye9VOci61kyYQxCAVgvXeykr9mpls057kRXmQdm3N5J-RjV_4Bh8xGzgDQqwohSrdpPn0ogQxA02uEwo-u2dH0TcrSw9izmULE30-z57cYLDTBLuwBJp4TjgYiyMocA20bBjCbz4sJf1QcK9o_PSqkT7K359A1wyhdA4AuNO56eSewMTUrV3yU45Gs8_smZc6KuSKsT_ZQVuELvuhy3M",""
"|natakar - m/ž|maribor, drava","NATAKAR - M/Ž","","Maribor, Drava","Sat, 23 May 2026 07:31:14 GMT","https://jobviewtrack.com/v2/OIrmBzgaHIUwBi0I6Lzer_403FD-uN9y9HdijQRV10vuKavq-PR8Pn6lf3cVQWoIg4cN_ns4vfcleOrDLKSr0adC5huZ_DEka61AJ_Hd4n9n9c7lIbTbsQLG8sf7ognQ67feKJu3mLvK0Gkj7k9uVbouYQTTgaPsYkSMAK4q37lZWchMI9m86EtamxaEMMuZIbsKUsMIHiO1H3C-9Gk2yjsPAfzZ5JxNG1nzrCoeywY",""
"mjob|delo v strežbi|slovenia","Delo v strežbi","Mjob","Slovenia","Fri, 22 May 2026 07:35:56 GMT","https://jobviewtrack.com/v2/vvkG2e53bHOCDaGo2CTrl2XcPVJUurojwhXoRDNI5BTfGAw9QcnogaZQzhKdkNaZlYxLvF07ePPV4orpIcz632C2Mih9Ve6m9IFYTG3W_ibdrtKHvaYSUzq0b-SNusb2HWcS3ghVQqkibmmCXwljztJm3qHsGEOY9ttouqpVxU_xFb0jemb38D-HecJzc-azklzqCwHEBVEB7eD2tcZR5Hq35Gl17aHzUA6m7AxR3vs",""
"|strežnik/ca - socialno varstvo - m/ž|škofja loka, upper carniola","STREŽNIK/CA - SOCIALNO VARSTVO - M/Ž","","Škofja Loka, Upper Carniola","Fri, 22 May 2026 05:30:28 GMT","https://jobviewtrack.com/v2/yXxGzeDQnJq3D90r7CMFBVIBRBZsJGeAEn7hkwajJiCW5x7Wwpl29-vUevdazcq6Yqm5IcjQv-1dpUvY-IbEe9z3Xh0o9A1R1xNVRoi7lENp1HE3btbKfj1_EEM2tIZek0JN8akwbFWaXlDDfuFNXAtzbhcR3MDXb9Bog3tkxzFFkbtSnF0phE0QODszOmWzOkI9yZR3dcUMVXoChuo_XUWQG-pARy0kPZN_0s78jSk",""
"new yorker|prodajalec (m⁠/⁠ž), za krajši delovni čas (30 ur⁠/⁠ teden), koper (nc planet)|slovenia","Prodajalec (m⁠/⁠ž), za krajši delovni čas (30 ur⁠/⁠ teden), Koper (NC Planet)","New Yorker","Slovenia","Fri, 22 May 2026 03:06:42 GMT","https://jobviewtrack.com/v2/f6rR6YHf5zKDWKd18Fd1JbE1sRT5ZXnmGAy7Z-u_PZ-XXN4BseEzyvmBcY6u4G1Q9ekBqcUzhqGWmlOiw_YraC_ocBvKbILwWhMrN7wSYMAy3o8kFAgCp4Py2ZlVMHWSewPEdqu-x8gU4tC7mKWIRooG4WiaKhnJUo3H8CmbLbNjKGRTGmHN9kKrybNKkEMBZ_J384f3vEYaEOCO7wK77E1FunoF516n5Coj6YQoEOE",""
"mjob|pomoč v strežbi|slovenia","Pomoč v strežbi","Mjob","Slovenia","Thu, 21 May 2026 23:23:13 GMT","https://jobviewtrack.com/v2/-Nwe00TmOalAcDuv5_RWYq7sDghSy5U-lrRcuLGLu5RdjHcYTVHudGKxDrUJzwz2lwCn4YEbhJkQUIEqQpvnrhlmU1uKRaM55LWIPvN_4Zu7MwmkULXLUfJPxV2MwfvfGodA202ATSLWa6h2XKMn644a6GMqmnOf8xHegEEwrgYX5ndVglOIWxixdFI2zwwcz0Q7NA6J139vXWqh37-DMJGs6sMiyQYCq_RjEJvQXQ8",""
"|natakar/ica - m/ž|ptuj, drava","NATAKAR/ICA - M/Ž","","Ptuj, Drava","Thu, 21 May 2026 07:02:44 GMT","https://jobviewtrack.com/v2/eE56ekOsiQiiAoJvoFWH4ptStOiakZJH0De6aSmU0IeLo1De15r449Jac6kySKgyr2iPLcXit8AQ0pqtm8KLW7BHfVqesfb8ig2lf--1dVrbBwIFeuYG4x2_SOLhBDEqL21XNGucsd1lXr2CsQLxh_YkcqpvzDXFWrgQvMhfjSIXkYhfRo_boSkFVHwafEIL_6OCXLFBuWIdoiXdk-0ZrG06tB3XB7Cp1WDoGznLbRw",""
"|koordinator iii« koordinator iii za gostinstvo in turizem šifra delovnega mesta: i015077 - m/ž|grosuplje, central slovenia","KOORDINATOR III« KOORDINATOR III ZA GOSTINSTVO IN TURIZEM ŠIFRA DELOVNEGA MESTA: I015077 - M/Ž","","Grosuplje, Central Slovenia","Thu, 21 May 2026 04:41:28 GMT","https://jobviewtrack.com/v2/RD5U05ta0VLqmlThJ6PRb3UZacqQqYDPfaD66CPTZ8HBV4XaEFywCaerZUfLsFcwpuprtNOAwQjLosNIUqkFZo3eGqo8JGutxcJ4xFApBzGSL6F23EbO9oLj6GaSb74dCyRDrQlqolIzrBYlEUwbihVKIKbg0WtWZXiaMR5MALZs_iA0GJwJuxqFGLLRl78zg4Ib-O3nhWJG0vM_ubmsvagFVqz0rkzG4SyGPi_9TxU",""
"engrotuš|prodajalec (m/ž) tuš market notranje gorice|slovenia","Prodajalec (m/ž) Tuš Market Notranje Gorice","Engrotuš","Slovenia","Thu, 21 May 2026 04:36:52 GMT","https://jobviewtrack.com/v2/rJPmx0E4UX-9Lx2qXT9FyuAL2MaDy4XoQ6fneh-sJLqpg4R-eERgVPSk4RCkUibBdYq4rOsBJctCFm_6S_yfmYRDP12jUxkIGLkx6FZKVJEfHIwo7PLWuOYVcy4J3W5i6iOtutPrqIysXKXTMZcmntB_KvPSRTzCoh6JfjuBQSPYTmYLYbKwu5uJe9YAJEyATq-s_n8udmK2HP3OS4mC7Vb0Yojd5yFl4eFc9AgV3c8",""
"mjob|strežba|slovenia","Strežba","Mjob","Slovenia","Thu, 21 May 2026 03:02:38 GMT","https://jobviewtrack.com/v2/MJJdzwGoUDx0wEmrpoLQPRhH2uZKOb5vB8PIMIZfHw4VXJMDEOtFY_MwEPWqVNTgp1DR2De1pWizZSZ0w8UX0KJrn2K0uNObUUs7skGqIZ7qEIxvRt3P4PgyATw7D9BZ9hzBKwa2258f5GclGR40AGEjQctwOHIPFKcZliab4sjN9G7x-7VNrxKi82e1zHNbdwDUihSeFIyC-6bYYQmLVMThpq0swUWhsllI1-bZ7vo",""
"|natakar - m/ž|šentjur pri celju, savinja","NATAKAR - M/Ž","","Šentjur pri Celju, Savinja","Wed, 20 May 2026 23:51:49 GMT","https://jobviewtrack.com/v2/HCI9GK806xRvAkwS0mmIBrW1nwckmgUS4n6UsxrFG9bFEzfdKchD_sXf_TSk8JBYB4tJgoHMRwE30P2gqHOqML13WGGBKoPwQSQmphZYs4QA_ygLo7dXKMbDuLTYgw4uGk7KV8VGyLcC01dIrt128a2xMKobZSOeQsMZSNHFDSEhJs2wf2fysZptJIGUXAGbAygQCAEmzwr0YJtkXvqlqp8MigupqpPwVQUku-exz-k",""
"|pomočnik dietnega kuharja - m/ž|pesnica, drava","POMOČNIK DIETNEGA KUHARJA - M/Ž","","Pesnica, Drava","Wed, 20 May 2026 06:21:25 GMT","https://jobviewtrack.com/v2/LQE5z3Kp1nxyrjgVVCFSztwfk1UyuMvmldBBdsRo5NxERHU8GA3BdWTQAagS899HIKC9ZxItneVonaI143oMJgU2OT2DWPmGXGF8CZKdX5oC6oamhMFGS6D-lTRDgcGnJyJSnN_64JA6JFzQxCe6kNMEG__ua_JUxKiljedN0B06kdXCiaCuLCHmC_D8Ojl_5jK0M5B-em5xa7uyBIrEjgV623ksjtBZFLlnzJxPWOY",""
"|prodajalec hrane in pijače v lokalu chuty''s - m/ž|murska sobota, mura","PRODAJALEC HRANE IN PIJAČE V LOKALU CHUTY''S - M/Ž","","Murska Sobota, Mura","Wed, 20 May 2026 00:46:11 GMT","https://jobviewtrack.com/v2/5TrrH3RcCKDJnpiarhEAYp5lYvD7eqDEGKScsxELPffdiqHPqWn53fLDS_sy2ZcLXa9hyt2n-zdPtmuxghbR4zOi_ZsrLX1DUiy-0ihYgj6IDLaUFluaMAcMCBCAazlyn0L08li9Gi1G2p_DGUolLcgdngm97OXgGFJB3GNIATU6feaGT-3AapjlBWHwZ2OSs-ZUdk5nocl6vZvBT01qbr368QBPb3sqeWjUQWFDgTU",""
"|servirec/ka - m/ž|mozirje, savinja","SERVIREC/KA - M/Ž","","Mozirje, Savinja","Wed, 20 May 2026 00:20:45 GMT","https://jobviewtrack.com/v2/jPTSHcHHJ5-jTsNkK7Y-loBtUm5FDVmW4YAtCliGkvYnmzh5POmO493OHQa1fmbo6PCrO0EBqmFp1AXLkiefP0nbPZLyATIxhtz_hWPalaOr65oi1f3TklmshB6M8j3FXkRkuEQMkzlLYj1GPE2RMthbcPIsxfA_OUh1elH4xa7yS6ykczcx1gpD_qx0xXVMfoB_muKOwxuVBw0BsMXuyW8WCzTOZBFkfaPT43t5Alc",""
"|natakar - m/ž|žalec, savinja","NATAKAR - M/Ž","","Žalec, Savinja","Fri, 15 May 2026 22:07:11 GMT","https://jobviewtrack.com/v2/NtzMuzHgQ50FC-WsMbm6Z1xvv7SREhKX2wzJfjcVOTt9zDkbXaOoGxe8J8qN8xnTS_kUujDn_9uRdLWEh7MzNtvdddYtPJ5OnQ4wvTN9aOpXZip81w25GaIZQUqc5Dy90SqU7p2bNHx2I6MXhN_1pWmDsQJNQKJY0iGERgo5eRgukfeW10n2QGuzMs3bRkW8aY2S7WwoWUOYO_zJJ4Lngg_uPbHcgt3elY1l_8GcA_w",""
"|natakar v restavraciji ajda - m/ž|sevnica, lower sava","NATAKAR V RESTAVRACIJI AJDA - M/Ž","","Sevnica, Lower Sava","Thu, 14 May 2026 23:17:05 GMT","https://jobviewtrack.com/v2/99pEImrb5Ox1mX4v-7y3DmdBy_rh02wtM3_QQGic5OjrjMekfYocX2x8k15u-dMYr0-loxVN7l7E27LyeV3CdQPsIqIw6wK5p50VUwqhlrGdRPTZtdX7UebvBjb3sDFkNaIs6ZPJoa_TokhC5p6t4IqsRvvFpIf5UxYkdo_OgO7fRyEAzHLq-Kwc4RQec__SMhn1ym2Oj_7a10UGbiDYJNBL1vqD6vYM1dnALLs05Us",""
"|natakar - m/ž|kamnik, central slovenia","NATAKAR - M/Ž","","Kamnik, Central Slovenia","Thu, 14 May 2026 03:36:55 GMT","https://jobviewtrack.com/v2/6Y3voW7zogolfXRSMgJ-RIC0er5Al301H_kstv1sN7qg4iYAS_2cEBTI_xEoyFwvjcv0xcjPuwGcXRrO6H8BZIJEdMEjZwHezFZgLxynBjbQEYAk9wxwGo7FBkQdfVpFG4VvThgcG5FN9tpJn76xZg54UWQYevmnchwUrGex1Stf6xAYcDVNG3nNZtEYTzl2bpu0LM6CpSvLcIixxVgN_qOxwI7lvMfGv4-Nq1XvECs",""
"|delo na recepciji relive centra športa in zdravja, brežice - m/ž|brežice, lower sava","DELO NA RECEPCIJI RELIVE CENTRA ŠPORTA IN ZDRAVJA, BREŽICE - M/Ž","","Brežice, Lower Sava","Wed, 13 May 2026 03:22:35 GMT","https://jobviewtrack.com/v2/mBJfEJRGoRqhIwcC04X8JqI5UT9SYfdmH1-Ahaki759MmcZCG5kqbBqtasgSck1YM07blPdWo6Kn_Cn2QkxCmphl1DPa9ELqa0ZswVfvgV_rTML_MkFi__Cr4ppT5a2UfVytlRgHyrLkC60FzYN-Ond9V5Lk9Or48EEJivVw13_j9m6-do7bUFOOlhgUGvMOfoDSlyLDuMiKzShqwenZ9jp2aYWRf6O2nza9N7CAKek",""
"new yorker|prodajalec (m⁠/⁠ž), za polni delovni čas, koper (nc park koper)|slovenia","Prodajalec (m⁠/⁠ž), za polni delovni čas, Koper (NC Park Koper)","New Yorker","Slovenia","Mon, 11 May 2026 04:55:51 GMT","https://jobviewtrack.com/v2/cLU3OrPWlNVUwXi8F-0zp-S7pSOKDJKAdYN5ERjO0MCy29GJ2KdofP5wCMBFY0kmv6hznyOFFdQjIDrgrhbLKDPfaIRVeH8Ui1OiFsT7YhFJx7PL4r0rk4_OfBANA_fTuYW3gBCALRLp1Jb2b-01ESdM-p_NexUc8TmO_TKMgkkU58SPsIYNFSemXh-WsH13BDWeqwQ03PXXWfmlbimea3r2J8slos0_0C1Ew2eQShI",""
"spar|prodajalec na oddelku delikatese (m/ž), despar koper|slovenia","Prodajalec na oddelku delikatese (m/ž), Despar Koper","Spar","Slovenia","Mon, 11 May 2026 02:27:44 GMT","https://jobviewtrack.com/v2/OZLfoWAdgoyhmkXOJjMw_cGyQ1l6qvFOpAu7DpKtX0qATSwFOxmPIrxzOOtbayyLTcng1HKHu6sf-_h7GlDjaFv--UvGeeyIK8V8wNrmRN-gC88KdngCocLdFELH8rNaipUXh1ZjPY9bhrCgU6x1YNLwITYlFlh8Jp1ZWkQP-tRbywU_A1cACvGqUXTZboX6qUqzATZ6RM5gCE7-F4geX9jVNFp2KS5MgkafBU1WGPA",""
"new yorker|prodajalec (m⁠/⁠ž), za krajši delovni čas (20 ur⁠/⁠ teden), koper (nc planet)|slovenia","Prodajalec (m⁠/⁠ž), za krajši delovni čas (20 ur⁠/⁠ teden), Koper (NC Planet)","New Yorker","Slovenia","Mon, 11 May 2026 00:09:29 GMT","https://jobviewtrack.com/v2/u21PAXy0JiEL2S2NXpRcJ2Qd7kByZGLQalBSr-GoIZdK0T4-Gk28VSKfRCCdgM6sqVkMAPDKS3ggLv_gmD7hZCcArR8xBfvXJqjKTWxrNBeJoardojVRaFNzToF0d286SDVwfUUUzwWRupmMJ3IeqXvGyBVEKN3vQ9BNyeazvtfxW7tYBiq_0TkHi_uSp44ezPKAPpG_qnqLTti0nd2iFTFNQ6cD2vWfgp2g30TisjY",""
"spar|prodajalec na oddelku to go (m/ž), despar koper|slovenia","Prodajalec na oddelku TO GO (m/ž), Despar Koper","Spar","Slovenia","Sun, 10 May 2026 23:39:54 GMT","https://jobviewtrack.com/v2/iC97uIPNhLINfnL7sjghO7755D5jYvaJs9CA7MWHdjGbXSoFje_LGdKrA-Dda0fRNFFDtQ9OSUtmJO0Aeio_rK4z07rx0hVCztd5GJkJa8eTy-LJ8_BVl9Ijs7dNRjxTVhrgJUw4HC56jRLSmbGiOskU6vantYsat2e9lOw_QhpVSMt6tAfE7WPIlMHfIMcF8dq_59ym2hwTu3VhLDMnbVmJ2f1lp6M-YGg-rAAgGbA",""
"|natakar - m/ž|šmarje pri jelšah, savinja","NATAKAR - M/Ž","","Šmarje pri Jelšah, Savinja","Fri, 08 May 2026 22:07:32 GMT","https://jobviewtrack.com/v2/Se7GBiJ1Jk1UAYkRHGKC3LwpdmAsSs5TuAOb8bD6RkSd_tOfibImPDmmEnGcpolSCE2m0qP_4g5319mBPYERgbQGiuIzKD03l1KdLP1CrfH26Ck7YU3p00rC2h_ZtcK-3rowUUftxUblT8quXUYMDMZpe3BLKCxjVudHGhAIKviwIyTZ7C9idMqKgz4fSSYWImMJDOsn5GESjvxQQL1zntP_ZuTLw1PSp3ZJEdgEajI",""
"sava turizem|natakar 2 (m/ž) v kavarni park bled|slovenia","Natakar 2 (m/ž) v Kavarni Park Bled","Sava Turizem","Slovenia","Thu, 07 May 2026 22:56:13 GMT","https://jobviewtrack.com/v2/ueV6E8ZziuGe_ViMFtK0Qf-IdTbXuZIhGOB01u0KIqFMuawcuyjzTx6wKyfMXTNzTnlJ3pUInJk7oZPw-q85SjwynQHTv_Xy_fYsMktKjk2rRAV1_4SXY-Cf-P0JsyA4F2DuGmsWJmdP-rYISqbO2L1Qhk8HYfYUQbvBuNJLBKiM2FyphhCY9ttjUupxSZM8qSpuZYoDJQs1juK9J5K8Sv7DCU6W4-WAAMPEkLI_6mg",""
"|delavec v strežbi - m/ž|ptuj, drava","DELAVEC V STREŽBI - M/Ž","","Ptuj, Drava","Thu, 07 May 2026 06:28:32 GMT","https://jobviewtrack.com/v2/JHYeqs0OzFyUP-rYUvABGNBOPjUUsTcFYA_I4108i3-8jpDYIsHiDYigx3XINwZgOuV0CvFC_B-as4lKV_SiMH7pHroancUPrVnBwPJzc4WPFPkYff-JO7eg4g_JdKp6UTWOhLxxIrhlOPS4dHyKvKMl4CU-s7YXcyF5rRExgg-hy5KDU8ALhEEC45fBUlJdW9dD_vaLnD2CnW0neCxhskPx_7_aHiW2Q9fvz86QZm0",""
"|delavec v restavraciji|maribor, drava - pesnica, drava","DELAVEC V RESTAVRACIJI","","Maribor, Drava - Pesnica, Drava","Sun, 26 Apr 2026 22:42:38 GMT","https://jobviewtrack.com/v2/lFbLgpAveSsmllF9bVYmRB9S0jvQRho4R68hL4mHjap__1a8rIKo-HuiCD3knIiu2BZrXZX6oz5s7s83Fl5a3VXYy93xl4mhflvJv0PTQLjskaJFhyjKbVIUjLbn6ki_o2H5m4T1pckmf6Rm4Zkh5x-2Kd-u4R0mGI7QlYblrK5A9tOXd-PlzaWFMeDS21fREa796qmYVaPJqyU_Y5uOV7gFimNeFooWE0mN95hecrQ",""
"|natakar - hotel natura - m/ž|slovenske konjice, savinja","NATAKAR - HOTEL NATURA - M/Ž","","Slovenske Konjice, Savinja","Tue, 21 Apr 2026 07:44:01 GMT","https://jobviewtrack.com/v2/4ksDo123HRv0VLAx8eWkeNK00-KH394HVv2Vse7Yn1PCmNpX7rgzPRRlU-aSZP6XkGiTrEFSDJ_aZOX0gF8kX37CfkUWj9nCe8v2Y_HWd72ddUFk8bm8XqxZv53JUOKU9rFn8SAN2tDCjYdA9Iodm7oL-mz8Bb0K5dcfNxtZrxDgzg4SOsFbNpLUlulL1fYxFKBQkTSdD7HZzMimoDDDk9qSBB1BRvDc9V2uU-_YUTI",""
"|natakar - hotel planja - m/ž|slovenske konjice, savinja","NATAKAR - HOTEL PLANJA - M/Ž","","Slovenske Konjice, Savinja","Tue, 21 Apr 2026 05:17:30 GMT","https://jobviewtrack.com/v2/SFg6u4vCL7FfvYRGrHNfRDGGqKHmRs03fGTjaXmmq0eFxw1Nqb9ZJb9pJPMEtH65il9cKqW_lfmkv__33qe3rW9WBccUEXYn70XPbX_2WEQjVZ3IKuR2zekPKiJyhEo935rdXLmLGOiYP6u1pystAlMzspfA3KdYoxyQYtA5uinbdMMpaRGa7DT7cjnauqzUzhjEWcgZZMynCGAYei_P4TU8eoxp4K2v4Gr8djiUJ1o",""
"|natakar / receptor - hotel natura - m/ž|slovenske konjice, savinja","NATAKAR / RECEPTOR - HOTEL NATURA - M/Ž","","Slovenske Konjice, Savinja","Tue, 21 Apr 2026 04:22:42 GMT","https://jobviewtrack.com/v2/1EMP829CLkg-gLINWfCK2sDk-Eq-VGWxjGuVm6DfBFkn5kOtN2eGAWyNrCOVKgnkQVjjdTo07rG_dt46nTI_SjtjuG8wXWAlP9JGIsGvLOe1MFzmDx0g8z8ujpjKz7bTdNahl1-7eKv27eitpxl9opRw2RgyWNoh6MT1kkfJSI3Fj3fkCOKf5NFDvHjuw9tLEkr_NUbzyKaHo8nAqK0GnIe7e7sxlINzcFJEqOUaVRQ",""
"|natakar - terme zreče - m/ž|slovenske konjice, savinja","NATAKAR - TERME ZREČE - M/Ž","","Slovenske Konjice, Savinja","Mon, 20 Apr 2026 22:04:57 GMT","https://jobviewtrack.com/v2/oXpPrw_-X54r2IOxSTzwz4SB_Wm-2hXwIasKeDT6BmuVFu5VLcgf1EP5TtvXP8sY3Q_ccoIH2PEtgQebOJ1aey6Ql5qrhdWTCGhoQPhqzPSV5a3nEnjX5fAKpIom71PEIAzwc7JVOo1UIWuN2VWzXQuhSORnfiDGjGO_OqtPJ6185-YTV61y0vuIChx2yh1Q71TpUb7nfxEEoYiCMTMfvAPMAisaQ2fAG6lL2zyF8aU",""
"|prodajalec - sevnica - m/ž|sevnica, lower sava","PRODAJALEC - SEVNICA - M/Ž","","Sevnica, Lower Sava","Mon, 25 May 2026 07:29:27 GMT","https://jobviewtrack.com/v2/OFk9O4DY8zIfQ8BtF8JnArtuY_ojaiawBEv91YRHzjixwOzjkaPqDOFRE2JUfxm2JxND4RDCL0nDutqQbbmk-hDI5c6OUcrWTUmDmaADaD41jFf4wJR0AeVfq-gyoqXDKgE48XnZj_EaH3hJkgGsU9FGgYkNNPBJTxK9TxZfh4w1-FNUYwVwzKuuhnv7JB8Wup1pCgF6_p60RWF6OwA2hTgvBu4d8LdiXNeX4FD9EJ8",""
"|prodajalec - novo mesto - m/ž|novo mesto, southeast slovenia","PRODAJALEC - NOVO MESTO - M/Ž","","Novo mesto, Southeast Slovenia","Mon, 25 May 2026 06:13:24 GMT","https://jobviewtrack.com/v2/FxcSxP8dQ72j-hUmQ9TdzH8dCJ3nI9eQbg8QEMaDrjEsUWaLjchx0hoDPDmHytIbgrrh6Zqvyq11qS6UhdJ0em1q5x2Ij5Dn8sCnFs5envZ6vTlRH3dCYcBV9-JY9pSdIbvREVlv55KTL5t6Pep08K-4GwB28By1iCszAaaHAfva6nOfIDrd6WCtSqYpa0ddsevKeEjyFJDNKLiN-wSrbe0d_9rpw6KkA4Hv-t34jIE",""
"mladinska knjiga|samostojni prodajalec ali prodajalka, v pe aleja|ljubljana, central slovenia","Samostojni prodajalec ali prodajalka, v PE Aleja","Mladinska knjiga","Ljubljana, Central Slovenia","Mon, 25 May 2026 04:41:21 GMT","https://jobviewtrack.com/v2/mXARgOf4sfeSWiARkzE6HgEHTTFh2XAAmjC7wfNgUP1X1sagoXfMZaxcjO75kAOzS2CmzSjQsH-O03xGPOCmtYh85bzZCoTMpHQbsjOVGCts0DDhHRMoQJHkEeE41VdDpcRVuZEXFnRRiq1Ak5KkxCTsgjY9PiX9tZOsL5hyi4jcqlXerui9YM8ZfuKv9ScgFgBv-EnzN0TTKixAPmue05uXQpReaIZ6xX688ozbdSI",""
"|prodajalec - postojna - m/ž|postojna, inner carniola-karst","PRODAJALEC - POSTOJNA - M/Ž","","Postojna, Inner Carniola-Karst","Mon, 25 May 2026 04:19:39 GMT","https://jobviewtrack.com/v2/TNHq1joXlq4qqst-GFy3iQhlfMoa7twyyGuprTLcm5RZSuzV0Bs752kQ5xRbjwXP-NhA6y2WrDHpjTJDlYxTJIfeU6J1aT7XtF9JKbmdIb8vezja5ApzLcXyuieYJn-rgicdpzrhFwkwDdT1Z1tJGjbJLbNgzTEtOh5qr3Ajp-0u4m7CQ9D53eKl-6vROK3H4IGzssXsSj3tMg-ZcWzCGDeAKtck1tR1G0lAy_egX1A",""
"|prodajalec - brežice - m/ž|brežice, lower sava","PRODAJALEC - BREŽICE - M/Ž","","Brežice, Lower Sava","Mon, 25 May 2026 02:26:15 GMT","https://jobviewtrack.com/v2/z9YgdqXLV9rPK4aqv8wvpvfDWSIcPy4pwx6jExRSOSo-DBVZFpNN7WdKTpxuJThi_AnU697FKiBSLtrBknE6HTroYD8Lc6_UFCYomKRKBoWXHx0-QcJgv6bfcBPqr0eDUiZEqhyswGyYWc4wO9B6eTWl90iMblWiFQmj9wyRevDXXwtiucqdvvius_rrEuFSwwG7HqO2RPG_5tCKDFCjzffJbsGDjd8J7gBpwshZmaI",""
"|mesar-prodajalec - m/ž|kamnik, central slovenia","MESAR-PRODAJALEC - M/Ž","","Kamnik, Central Slovenia","Sun, 24 May 2026 22:50:00 GMT","https://jobviewtrack.com/v2/5UzzJDb6DFK_oKVRGvCXX_V182lg_mD1smEsKaWOjqZE2VSrTAdPt8iI9uaq9PX3kiRVtoHeZcprIToCj_zlIumWEfBS1T39S1C72KuOrjMjRZgKluR-wxN96plNgkCfnr6fZg2YxrXrZ7khy11M52s_k-lGBPEnMeqEA6v3xbe2bEdZ_U2tbkdppV26frKUYrwOyflmCi0whC06cnKKI0VFKRhRJ1pIj5NGEBNPiJ8",""
"spar|prodajalec na oddelku pijač (m/ž) spar litija|litija, central sava","Prodajalec na oddelku pijač (m/ž) SPAR Litija","Spar","Litija, Central Sava","Sun, 24 May 2026 22:16:38 GMT","https://jobviewtrack.com/v2/jtj2aSwl7Vk9S7IHwJSdufbF7ogigOOFcdXMxZUx-pNUjf_F2fKHO0_sWv0wRwxQs08Airw_5GUuuVqzz61MbGBpBn0nVOAA8ogUWLn0m0DQzh6c-9it59IJS631-1nWNquZb9ZP78clVxyXZcVA42SLThbIZRYkRPS43OcIH6ejaLEWjNFZxCG12G_cBU4mkiJpIfpuumy9Xei-cg4CVtXG3WnRrjLGo9i2hFk0Oko",""
"spar|prodajalec (m/ž) spar slovenske konjice|slovenske konjice, savinja","Prodajalec (m/ž) SPAR Slovenske Konjice","Spar","Slovenske Konjice, Savinja","Sun, 24 May 2026 22:04:49 GMT","https://jobviewtrack.com/v2/zQ4zfc7XMykdECVY1BgCwtXajzBOX5MbJ3qH2N3DFRL0N3g4mzbAbtO5D7nDQzn3V0JAC1f1XLK9MVJKLK1qG-OsqhFahlq9UwaOMX9fjh_ADdOdY9hV8OAIIIFVYOnV7KGlK8IElON77LPE_I7-TPnYJbZqvH17T7iRcTcnQuubjgHegUxPaPy-6A3aG8t1eZUaPz1fMg4pExdwQjsZnQy4Xc1bO-eSIvgQKr8s-js",""
"gostilna sokol|prodajalec v pekarni (m/ž)|vodice, central slovenia","Prodajalec v pekarni (m/ž)","Gostilna Sokol","Vodice, Central Slovenia","Sun, 24 May 2026 07:21:53 GMT","https://jobviewtrack.com/v2/K0eSkXmTWp45xXNsNousVCytoU8TEETmlJW-_cFLWRcu7X-Q3CI7s_JzUtedkHukRhN-AkwgqnJglStbTtoreoaNGjqBNnPJBxWloxiBOH7BtlA--muX2cKefosa7pwnb-DRxHWreHZyY5c657ML6bwyQwv5pmCK6yQnG_ah6_d29hFFpr15iTHV9w1XWzMfuVYF-BSH5lDRVDvLhTjlbzWi3k0mYV3NihIlk-ZDYT8",""
"sports direct|prodajalec m/ž, koper|slovenia","Prodajalec m/ž, Koper","Sports Direct","Slovenia","Sat, 23 May 2026 04:58:12 GMT","https://jobviewtrack.com/v2/GUjYenu4iTZ7UsJhgQAf0YNOHqWqTo1kpJn5rn3sY-iQabtVAgdMn2nQV1hktoUuiF18w5rlKEmEgcfhO_-BE_b0L8k9eu8b8Ie-7lNIrOzI-1RJoqP5uumx0h0-glDk98Qqg3TwNuNEXbI41Mb4B5KaWRNaX0TOb1qkY10rQb_sN6Uhx78IIThiC2vP8ytW47Aay6Z7mApRgCls02QTHqT4nC-69jtmVUa0pXXwxUQ",""
"ekosistem plus|izkušeni prodajalec (dogovorjene stranke)|slovenia","Izkušeni prodajalec (dogovorjene stranke)","Ekosistem Plus","Slovenia","Sat, 23 May 2026 03:56:05 GMT","https://jobviewtrack.com/v2/1zSp5i9LpW_QOBnhf8uvWXdRoZj75RGZPBsjo_LNcASXH_wOqW9WNGzHt3rQsvES_BdagJ33lIPBfB49I6N4o5Ss_3tOD6myHFbMeFPnypx0Wf7PKdbG2CtTPB3fj14Wi47pHUL6-d3aQ1-b7vsghk3QLABSm1tbOZQEhql74ZEJPrxx-w5BL9NYtzB3JuaBS2T8qxNFLdwePnTG3YzMZ8GK_Xt9HiMsveUFvRkuRbM",""
"manpower|prodajalec prehranskih dopolnil m/ž|slovenia","Prodajalec prehranskih dopolnil m/ž","Manpower","Slovenia","Sat, 23 May 2026 01:38:42 GMT","https://jobviewtrack.com/v2/fnZENeWTbBGy3JgrYNnfovBs8JfaP93KvVCKeYEhpVC-B5tANTXGmYoHTaodr4aXKfS6mmwqY7JDTaR_9yLKpFfsol4QuMi9zCLqMdvUDpUzKJm5qF7sb7OC3I6XcNcpqEUzYmE-CSqGBbGaQ0MBTKQEsEh5JX0AB0Rd2yyV1bCcii0h-79xf0mew7OkE-NtfBtjtupMldYbsUxLy_uBKWFE9XqBuv0YaFl_UW8VSNA",""
"|prodajalec - slovenska bistrica - m/ž|slovenska bistrica, drava","PRODAJALEC - SLOVENSKA BISTRICA - M/Ž","","Slovenska Bistrica, Drava","Fri, 22 May 2026 07:27:23 GMT","https://jobviewtrack.com/v2/DC1SWIfOvAeaBqE0NXw1VlZclPXUs9xMO51I96PScAFFi0rLAXxWZjWCwnJ9JwseN24kbGMTR8JQsnk_FQkPJsAgOjK9enskq9fABshvkB5_IjPcsztedh45Hh8CuuWkAuXkCs7kvyFlzP7-5ioOzU5VZn2WGcCq7gQ3D2si5ptYDO7tIEhLO5muPJuOs_swmnJ4Ds3lXHLyA4vO8gelvmNLk7XyHs3AVkAjE9_3x8E",""
"|prodajalec - litija - m/ž|litija, central sava","PRODAJALEC - LITIJA - M/Ž","","Litija, Central Sava","Fri, 22 May 2026 07:10:21 GMT","https://jobviewtrack.com/v2/SwsiPMG0jmnMy6u621ycV0-UBfvj0BK53YWwH5U03iMtNJUTJO4QshbuBKoievWRKVHFpymZBPzfy0cdf79RbeBz3ph5XJybyamtb7m_DBTUslZumG5l49HEOmv98-wlW6Af7Aqywafkx11OhTd0VOq_TnSsnnk3HuTKQ3QAveRXTXIpxO2L6B6AS7I1p6MHciDYbdIFnnX3rep4ZtL3uRk_1xN3vJGw0A--ed7Yk_8",""
"|prodajalec računalniške opreme - m/ž|grosuplje, central slovenia","PRODAJALEC RAČUNALNIŠKE OPREME - M/Ž","","Grosuplje, Central Slovenia","Fri, 22 May 2026 04:08:46 GMT","https://jobviewtrack.com/v2/SuxU_t8MmELP6acxCnK-c8EZSEU1sNWkRcPrtzEUP9wVZcYtJvrORrbB4bI5KnCrpx_BzNnKWavsj0oE0eMlim5LeWhfj-hZPSwA5bb4jWRWzWsNo0qJvROoH-HWTCYg8g-Z1eBJHJTgOHOaBn05hrHxeeLtqxvDqOidrsGLwHcyJtz5Rh7Jcw9WYai6hn0wFUIXLyV7D5EEl7CEY1HedY4PNXAaK9vsQSHKy8cruFw",""
"|prodajalec električnih polnilnic za ev in videonadzornih sistemov - m/ž|grosuplje, central slovenia","PRODAJALEC ELEKTRIČNIH POLNILNIC ZA EV IN VIDEONADZORNIH SISTEMOV - M/Ž","","Grosuplje, Central Slovenia","Fri, 22 May 2026 03:20:05 GMT","https://jobviewtrack.com/v2/IcuOfz4MwR8r8I500CE_c39Og9YkrxetUtuf63Q6YRb9TrSfi7Awp0_dvI3YOc8YQEx6d-TzKDW-0KfxhjDi8pxD2NdIQHGqPbPyrEGpY9_Rxb9dZOoraOgD2KFU81DKAfM43MUgo3cYcXKJqK0NMptYJsIbK4cF8AiTpN_qaf1_qeARM5Jwt67DoFJizLp1nckhrtC6CL5f7ejjs6bEwaijs4bBggJ1kGRvt7Z3HYY",""
"|prodajalec - m/ž|maribor, drava","PRODAJALEC - M/Ž","","Maribor, Drava","Fri, 22 May 2026 00:19:23 GMT","https://jobviewtrack.com/v2/dwIlbaISdr-mOAuJo-QsSXFmX-wnLYq47Hrb6qqhWtKq6O827tn4_m5y517xk5KW4l5WWqgHiNkcHCKovL2Q1LNSNHSyWkBqVtSRIv2asJG8tKOJLEMYTjj940qS7I93-Eq5UvIkvv9y1Yt4Nyx1qgxx0WphwiEBj3zoNvgZynTrLxZBjna_5kaYr5Zz_2-eRGvQfh6ku0ovH-tjU3yp4-CqiX9ioTjXGJokdOn9VMQ",""
"|prodajalec v živilski trgovini - m/ž|ljubljana, central slovenia","PRODAJALEC V ŽIVILSKI TRGOVINI - M/Ž","","Ljubljana, Central Slovenia","Thu, 21 May 2026 23:49:08 GMT","https://jobviewtrack.com/v2/E5p_6XIstXq6KFXYdv4DMe9wqqKlvSPulTnONF-eyPnVFZKb6cqyhPrn17zXCs0kbIClyjHnF-aAJfmeTf6mP9timbVXL2ECctMRvDAFlfnbge2T5r9CMcZSv2Cj2dre3hsJC91RGWABAA7Kq5AMcE6WBdJ8miZBKSHcGvGoLX_KxgT7b52dNav-8Rr_Mgoz4uQBumtFhfEqPxXk0-doJiWl6TQNid0bqa1bQGuacE4",""
"|prodajalec tekstila - m/ž|maribor, drava","PRODAJALEC TEKSTILA - M/Ž","","Maribor, Drava","Thu, 21 May 2026 07:40:00 GMT","https://jobviewtrack.com/v2/2pmsJE_opqfn9TmToGr5MpFulKJuEax0BSHpnZGY5TYS0h77Wcvk4GvaVa6r3IGHmDH71Quvifqp_ouvo7KpC7GPf0bNJHIKbz7IAnwF0tdftYR413LYKSng0iGHxV1XstYTw2eYDT6OXhX8oKJ2fK01_Bu0dbNkToNYv5guJYewtlsFbwH1kjdIsIKISUKffsvEognMOBNaI0RAAXcIYP76qoG0alMSwUfvtdfuENw",""
"|prodajalec sežana - m/ž|sežana, coastal-karst","PRODAJALEC SEŽANA - M/Ž","","Sežana, Coastal-Karst","Thu, 21 May 2026 07:10:48 GMT","https://jobviewtrack.com/v2/ySBu41L0VIniN0QsKSS5iLwOQIeKuCLdBJr56IzcgNkwyzzheMBL3TuJQQiRhRNMhrlhk899Ih17-w6OgyNWpJ9exx0lzPCemkCXsY6gMeb_xqF0-Klcn6WrspRItXT9RZx9nTQ--qjgCNit1XFrcG-sfGL6MjgmbMepBViyHHJQxxh-us77bKylQpHqDsWGs6yGhhU8PNDZn2opJwSsV71OrZKugwbpx7VqUYG4Pt4",""
"|prodajalec - lucija - m/ž|piran, coastal-karst","PRODAJALEC - LUCIJA - M/Ž","","Piran, Coastal-Karst","Thu, 21 May 2026 06:11:20 GMT","https://jobviewtrack.com/v2/94HdslYejxmd4HaGXUioTiyFi3g68nTUJQOmQA6fufgIVHM5mXirGQDTbvd_bXUaMEhnNYA4uuyd0VuiX3UIknlaif8oCvrRbFq4tpktcvbUGeAAmcvDxIsZaPLGNf9GjPDRCkYrtyDBA8g89rRXpNKV2MuGNKzWY5Kgv5rKpTOh3wW7sJj8t4pWz2cyR76h8aoNQ215IJzkZ7Spu7dOoHF7YWLfgMk3u-QbSfGuG4M",""
"|prodajalec ljubljana dolgi most - m/ž|ljubljana, central slovenia","PRODAJALEC LJUBLJANA DOLGI MOST - M/Ž","","Ljubljana, Central Slovenia","Thu, 21 May 2026 05:41:32 GMT","https://jobviewtrack.com/v2/84lWiaoh3taXu4Oz7WyGKoLlQnTXNog1g2tU2nfTxz0JLiglIhxfgRaPByQtUSkGj2uR18Z1xjNCWW9CznLJAf_lykxW70kV-bZRkDjmKy5F6WN1dBQmoGhlo7lj6y8Bzt9ZmARwNlUtcSizSLEwgdeA_5TcRkPmyn2CL6oNoJIdp2IHYEd0qNQswMVY8a-7ox6p9f6yehpqIz3zwVT2yA-8KnLsA4mvsiXjbWqgPrk",""
"|prodajalec - skladiščnik - m/ž|nova gorica, gorizia","PRODAJALEC - SKLADIŠČNIK - M/Ž","","Nova Gorica, Gorizia","Thu, 21 May 2026 04:08:37 GMT","https://jobviewtrack.com/v2/e6BXR323KRk6Ya8KYLTy3qvkQYaj0gTCmrfZfimLN3BNiU_bakWE-H2L4FZnTlQh-sR2kEGbBy9vgwkiJLlvD3iEMPGh7XpzNGz5fFAOiF8YVUhV493-CNJX4FF7AfVObZE1M7WDMhE_61qVX3jkbJw1r1e_e3xZ6J4OzncGhfh1vXgljSWWo7hRcVaoIlsiSRxVSpgG6ZX9kfa89rv4pkFvTpY10JbC4u21oQlJzzQ",""
"|prodajalec/prodajalka - m/ž|novo mesto, southeast slovenia","PRODAJALEC/PRODAJALKA - M/Ž","","Novo mesto, Southeast Slovenia","Thu, 21 May 2026 03:49:42 GMT","https://jobviewtrack.com/v2/IhXURiox9csLkuwnb2OOrqx6cTLQJyUKK35p9yerWed1Mw21fJeYMK4Lt8uofm4JJ5iJVQyCmL5a3DKCvRZcEp8WEAPkpZ0S6iqzQlBdIYEt-KQd45dQbCa9PaFPFpuzVdvTDpetrzIv63jOIx9xlTI8u_pTOLQG438qVKESEL_tfU9rnF2z8_Fb19FzLRCoal88uJioeb8V4SlePComn1miTPbA8P-9sAjy1X4nzIQ",""
"|prodajalec trebnje - m/ž|trebnje, southeast slovenia","PRODAJALEC TREBNJE - M/Ž","","Trebnje, Southeast Slovenia","Thu, 21 May 2026 01:13:14 GMT","https://jobviewtrack.com/v2/bL6TS3LY1GSgPFpkhXCdfCEl0gb1urKupkNKPalFZKRIox0VCbRqi_3pF6CIYZh5M1mzO-uhtwM1y9Klc8I2JvbTyD1mW1zGGgBRwJELn2jG7GiqJZcFm70JZ3Iz2vdvDxzuwEOgwZ4Jod2C3S-mdRXz0t2JvPke3iWYVwtVxxhgtq7WhnV1VVgt_UHpgOcSny7OfEogw9yMr7Io3q3SnXBOEsuHFvHY0Ep9hztrCMs",""
"|prodajalec ljubljana masarykova - m/ž|ljubljana, central slovenia","PRODAJALEC LJUBLJANA MASARYKOVA - M/Ž","","Ljubljana, Central Slovenia","Thu, 21 May 2026 00:44:21 GMT","https://jobviewtrack.com/v2/UKG5LJx0YZ6q9LKCpeQFIJ6AVKBQgQcooHW8VxsOpBG_xhQfs9EUZFIH1wslx7jac2anABDYhpi7NhntYnay189DQ2VoeM_ZNpXFyi4i-SbWJts7ADFtC5hEFXkl1sbRrRWqCNypBU3VUwye0GEdqrQf5IqhZjx6slKJ0onW7KmnbH1pfxNC7c44vWK92d_F9YHc_qjZehIUIVaMHA2OoCM4994-UdVersLoeEePRW8",""
"spar|prodajalec (m/ž), šempeter v savinjski dolini|slovenia","Prodajalec (m/ž), Šempeter v Savinjski dolini","Spar","Slovenia","Thu, 21 May 2026 00:34:30 GMT","https://jobviewtrack.com/v2/ORT1AD3cHT4tp2l8sRqaYoL66PRdEfeFmibkCYcgmH3ch-kci1poFWvUdukweyACM8Un_hJu9p2w6DNktdwkl08twiCMdXdldjbmzEpweJV5Dai9h1Fi7k9m8WfA9AMWtGXA3wyIE2gf6wGDqdo9d1TlqJbNWFdd__dtkz2v3M8xGB6YAVJ5l8dRFnuzV0IWwyk5oBIT4emK7JxutduPUXErUKbP1ss2xom-cWCcOy8",""
"|prodajalec grosuplje - m/ž|grosuplje, central slovenia","PRODAJALEC GROSUPLJE - M/Ž","","Grosuplje, Central Slovenia","Wed, 20 May 2026 22:39:38 GMT","https://jobviewtrack.com/v2/-miYJwq9tmZJc1D0zG2RS3kHmMFmTRZyTLa7wUUAzyXde1W-EVwdY97f-8NNGqOJnDFm80OSgSQLJSk-cTwKCwzNOVF7fRrnUcz_mku2toEEONb8lXdudUg6eKsBt3_X5EFUPrRhgYEvo8hsxsbSp1nCt0Fzt86gwRbMb5EBafiYhdNJhIsbf8lgwEyP7zknGar0SQxeR_G9VJDUwOUYIB1Zkoj-ipnM4oelwA_iVaA",""
"|prodajalec na bencinskem servisu mol dravsko polje jug - m/ž|maribor, drava","PRODAJALEC NA BENCINSKEM SERVISU MOL DRAVSKO POLJE JUG - M/Ž","","Maribor, Drava","Wed, 20 May 2026 06:35:46 GMT","https://jobviewtrack.com/v2/E8s5OOSgUvHi0H_v6c9b1NuM0_SWmawemfhbWVMArJwzv9VpLGwWHVLbDhq0W726Hn2ijoJ2WI7sitFwUHd4keXFN629zKXjrRspBBWWs_IZdPXrd7WJzMJBiJvWfYH4IfipUdpcljzi_LB_DWIzzF7mN-HC2sQQdflr5agg4M6A1L2XSlSexUJ0Jkp_SOZAoGiO8yUMpCyXw1vD8hJsI12U2-9QnRiFSBEcTKotiD8",""
"|trgovec - prodajalec avtomobilskih rezervnih delov - m/ž|vrhnika, central slovenia","TRGOVEC - PRODAJALEC AVTOMOBILSKIH REZERVNIH DELOV - M/Ž","","Vrhnika, Central Slovenia","Wed, 20 May 2026 06:34:02 GMT","https://jobviewtrack.com/v2/TawlHH-5rBLhTOO6B5fBQqemFSHqYnzf-zjTMD9oTehC9tsCz2mEkQYZqNSGKDUt4xzYi6zHsF34LUNeYnAdCQlhf1SafBGe1N-3Qjsxe4qAd4sHJthoZ1ap4SreC2tJL2NVo-6JxvEdGQ9-mLR0fg1r9sqGqwX4GISV8Pua8Fo7czBX5lsSgHO7O_IqVNUy10BWEEib8fkjGKwhop320yIpFn1xPD85nx25_By4Y4U",""
"|prodajalec/ka v trgovini sariko - v supernova kranj - m/ž|kranj, upper carniola","PRODAJALEC/KA V TRGOVINI SARIKO - V SUPERNOVA KRANJ - M/Ž","","Kranj, Upper Carniola","Wed, 20 May 2026 05:40:33 GMT","https://jobviewtrack.com/v2/dqcs6-ov5_Jio9sIPByovLFCts0GCvRI6uMBZeaJTaWILCJ-ND_zQhzvApXDKAkMPjOJX1kMyWDVuV66b12MKTiGHHB6kzWVwKxHd9yVMeEbrlfJ0TNMbzbRAor8aTczRyFxul9460cSo3cSAXo-ip9ZTfmmRzUCO2I3joi4G-JltQfwnOHWI3zdM87Yi7iTltVbFisr2dq4d_uvweFWrccaGwb4pdPPHNQUfq_3Wr4",""
"|prodajalec - pripravljalec barve - m/ž|slovenska bistrica, drava","PRODAJALEC - PRIPRAVLJALEC BARVE - M/Ž","","Slovenska Bistrica, Drava","Wed, 20 May 2026 04:34:13 GMT","https://jobviewtrack.com/v2/ZnZdq1Hn_CRLfZ4YI2YB6ZGcNyCaej0n5utRk0F1HQWg6eBGLbRShhoFwGOmrSCQXDBsMvD156XWqZz4LcErclNm5BBqcGqqdNtdlF4IE29b0MyYtKWfR7Aqu_H5dgxFf2Yctn6B21WZ44auJvYFMKoz9C1yr8qMeKsBpop6q4XumDD7VIMGwuS9XgtIInPRaK2p_IDCcO12w6ffJNlkqAYzF164N1D7rbOcFTlulG4",""
"whc|prodajalec (m/ž)|slovenia","Prodajalec (m/ž)","WHC","Slovenia","Wed, 20 May 2026 01:33:57 GMT","https://jobviewtrack.com/v2/vAue8katmbHQbYww8cdIIAiqb8U36MUgiX1-SnYU85Gejk1B8KVquGjkYUbEFYv8HjHjIVrsWlBCxmuUnRkhAluJDyMTacYwGHBmsPx1HqZqviPrkFmWZJ479Ds5HEYfr3hbQKrNRvvqWfJHj2bMrkmV4nA_Y95twJ0NkdBF1bvjfPhM0oU53uRitINvfOklOgYhpbWtTJmqyM13Rj-RFAq_yQTgFuNSp_ZB50JR_Q0",""
"whc d.o.o.|prodajalec (m/ž)|slovenia","Prodajalec (m/ž)","WHC d.o.o.","Slovenia","Wed, 20 May 2026 00:39:59 GMT","https://jobviewtrack.com/v2/wnnbYD3S1Uf-CcgZOetdO__ImVxklXRY2aewZt15sgncOIXPBRZeSojv7rzUra2ZWoRU18jLhOsttDUjGlfwuPrtJhYxmVY1AJ5Q2anUzDu_NjG3E15SWVbvyDQsNdJoIADviaoJdg_2tUejPzTSAsh3XFuU6A6hPGrSxuRo35Qu6ZWcCdG90F6wZZX1JtYxHN3K32D3_s00NIQtSkwbvBSAniNKrNW6CpwR-YRykSo",""
"|prodajalka /prodajalec - m/ž|postojna, inner carniola-karst","PRODAJALKA /PRODAJALEC - M/Ž","","Postojna, Inner Carniola-Karst","Tue, 19 May 2026 23:47:00 GMT","https://jobviewtrack.com/v2/lIvCYvv8CFdexk4ixPGsW3Vjnlweqdy9jmbLRLpw36Mu4KYeWtdRWwMUE_1GkHWGK5nyWQbts_h6Cb5bn7i0skIADuSByS03iG8qmK9GSvqFovRt9QDBZp9aWu7s7MZAQli9ej4OufVaq_cXI_g8U2zlAfBfcrx9M-U_-q-VEdWCUFvSMyb69Yt4qLVA4udqKIazYni-Fd1M_on49zua2bi-i4BPsOmC3hwGw7FR3Nk",""
"lidl|prodajalec (m/ž) koper kolodvorska (36 ur, polni delovni čas)|slovenia","Prodajalec (m/ž) Koper Kolodvorska (36 ur, polni delovni čas)","Lidl","Slovenia","Tue, 19 May 2026 22:51:11 GMT","https://jobviewtrack.com/v2/qRjNyCczNhG8ABzGSsIF5nOUotPk9urbs6n8VzicRZOk6DHdMBP9jaqT_0OSd7tR88WVWKWI5CxhKQWIQtLtcDTUiOw5BMdO7nftbSRkL0G49_Ka505M4Zz-mZLmCkWJVGgELj1JXQgDSwZ_t5K17goQcgmtVsj1coHCviStHTfsbNPEAVYLrMrPiQrLvpSK5bSO0kLjp8BPZt_3_mlnGpHWTt06fmsOgNiMVHak-ps",""
"lelosi|prodajalec v lelosi trgovini koper|slovenia","Prodajalec v Lelosi trgovini Koper","Lelosi","Slovenia","Tue, 19 May 2026 07:19:51 GMT","https://jobviewtrack.com/v2/Bteq4uOdttivCbQn1DHySdPVmhlFk9MsHmc-yyc2ovn9dYWavJ1AKo693akb5pCcC70UIYcStFWZj81KAFz9WQmyt9iq_EZ3UplwsoKi7sitvSEO2CeUr5eznrDxZ_r26o725Qst2jpB1NrCaFDJbpyOUHHshy5gdH-4lmHfhv8S3ROu1JNWLzMWu-M1QUPfoPuRkeSNOQp7pVEZy5hgzuFupqhbkVKmxIXVSjK_dtQ",""
"kea|prodajalec (m/ž), dutovlje|slovenia","Prodajalec (m/ž), Dutovlje","Kea","Slovenia","Tue, 19 May 2026 05:25:28 GMT","https://jobviewtrack.com/v2/NiaY4TB9k1GifkypTxQXzT7fLcYLmDauxNhurs4YCc6tIsID2iIQUgzJ1DP7JgUd8Lfd7Jp9TvsP4ApyEUqapMqCgtxQhne_CUWmxX3MA3XbGUUuLgqigRLIi_J_pexofuCIgovqq_7gwqx53cXAWqJJsLJQbsksuPoIYtVU4dXJ4He53jVknu1iKtkuzURMxlk1l9VjIS92_jVFgdb2lnTxBLXgn6apvjTi0_whK4o",""
"petrol group|prodajalec na prodajnem mestu bled seliška (m/ž)|slovenia","Prodajalec na prodajnem mestu Bled Seliška (m/ž)","Petrol Group","Slovenia","Tue, 19 May 2026 05:09:40 GMT","https://jobviewtrack.com/v2/hbanmyZxBv2wfgd83z5rGoAsCiVcKjbqSAs7E2hPAj6HglEgEXp5iliAnN4Ayi9JAe2XZLI_woSS26CwHlwjfO2OL7sdGVsnSVZQFSbvKGBS58W9E4WfvReBN1SdoiJz0xzMpHAC08qJbbXTcDLtxF5jGLGptfL6XMbEiiPnnr4ZkLbYN09j4cgnqe1uXjApwG6GTayumH8vSK3FNsEqa4zGgwb-PkL5lu6FJE9-2fA",""
"lidl|prodajalec (m/ž) lucija (36 ur, polni delovni čas)|slovenia","Prodajalec (m/ž) Lucija (36 ur, polni delovni čas)","Lidl","Slovenia","Tue, 19 May 2026 04:28:50 GMT","https://jobviewtrack.com/v2/5Di9a1DB5jYY5szYYSfFjUazY8I6zHVP4XbVswq_jIGEpu9AFm-LMPV-LKkU8NMkhf2EnbJGjm1T9ND9cTGcO7et7aO_MmtAFHyVuwv_B_mz1tVmI8hFhOFyo1SqQ0ktBqIqKAHwo33NvMqnzkGLZj9F0gzJGw7-ks-4TkZ044j85bqW84JxDrPULOqP8JBfgLHdMr1gE3_iYWt5RCygfaGXlGC8AAxtqPeqqnQcKrQ",""
"|prodajalec - m/ž|škofja loka, upper carniola","PRODAJALEC - M/Ž","","Škofja Loka, Upper Carniola","Fri, 15 May 2026 23:45:28 GMT","https://jobviewtrack.com/v2/JD6o_oD-36C5QS7RbzzTEdviTkOcyOOqNIommbNr9hopJGGpIW3baB9P4x87nA5oqLeQIgZovoW7Y-wJXz-WNcyohaF8q7OFknZyRyuAr-sZ82wE0ljwITaiJZuEkqL0gfeKn11YjZU9QgNLdjpiFv_IwEWkxhZ6OXZTZp78s3zvC788djaHawLravqKbqK7zpaQf3vaypW_OjwfNLWWC8Z6duL746qLKZUtkOrElT0",""
"|prodajalec/zastopnik - m/ž|radovljica, upper carniola","PRODAJALEC/ZASTOPNIK - M/Ž","","Radovljica, Upper Carniola","Tue, 12 May 2026 03:45:16 GMT","https://jobviewtrack.com/v2/hS_px1PGcaatDAqVpYt7OcClZbsrpTaUwENAhrfhyP9WKIZkXHsjV2XgnY92bH8KYYZ-IIIwjwZiUesgEhvNvMjBFCe-NawAb7QUExzBgCXNRgHACdj238k7FDDuDssFUzIFmfbHJBDdlhEjnpQ-kR0mQPnJIhUvX9sn8YshvhGgQRQ7TnxoXJeRK47uFyjMLoCDfSFvm518eoCl5yq-QpswAKm3zcTjyQ45ZqEktFM",""
"|prodajalec-skladiščnik v sam ormož - m/ž|ormož, drava","PRODAJALEC-SKLADIŠČNIK V SAM ORMOŽ - M/Ž","","Ormož, Drava","Fri, 15 May 2026 22:45:23 GMT","https://jobviewtrack.com/v2/WZVtjoFu6zpiDqZWRwPxUSIULLAc_8VQCsZOO1mxKSSg2SNRFZjYJXsQg6ocZnRGd_jXRS0ePO_4jpg0Z6EnCUUp1WhhZgGHcW3CvOjf1YS-i9MoEsuzFcPtTtXTWyYLM3Jn_Fp8jxWmITbLvZY-vYSxE37nngndS1nm0LOQgG-a2LYWtW7fer0QNOn57G0th916uXdfVUYmgWf--YnwWNw90GR-JbktVveTuL-iVq8",""
"|prodajalec v sam nazarje - m/ž|mozirje, savinja","PRODAJALEC V SAM NAZARJE - M/Ž","","Mozirje, Savinja","Sat, 16 May 2026 06:25:10 GMT","https://jobviewtrack.com/v2/jknO1yCjcIkPLjdthQgaKwyYOr7gaMD1qypy4R9PeITsAYqXJAtCKn-SOM2dGE0htP_NUC49-h_Xclcu0MmcAsxZEehJeryjwouMmbe0V03T6sqNM_xaO21_ILDW0Z_lqpPho6HumHhOWM5RucGqnHqkIBpXKVj8eSBXZ7BTiUfKEfTqj-_ccxgCzFAs4krX8szBFqpbGAJofmSyxc6qY4amlzJ8yNIYVvbM2zNVs00",""
"|prodajalec - m/ž|žalec, savinja","PRODAJALEC - M/Ž","","Žalec, Savinja","Wed, 13 May 2026 04:52:52 GMT","https://jobviewtrack.com/v2/6sa6-RAJUnHMrcNwQcKUXQLW6VmhubaM5hVDpK1KcL5HNeyQ4kwGavh2XVApvA53RzrJ39veet-o2n6qF8WuY4UXnRkOmXDe50LsOAgZNrY3cWhfAVzmpI0lMohIFjlEskaePD-6RmeUNTV7YPMnYLOy9d1m0W3xGx6O1Kg1vURZ8HtutZyQOuzxAIdsXwUhEs8z8pv7pBj-R8cAGicH6nO4OnuhJElLVXnPHgI9ZFU",""
"|prodajalec - m/ž|ribnica, southeast slovenia","PRODAJALEC - M/Ž","","Ribnica, Southeast Slovenia","Fri, 15 May 2026 23:54:01 GMT","https://jobviewtrack.com/v2/nt0DK2zLhPTga9kG-m9LekaUdNOBnQfoJR9HZ9nCofS_BWd3bOZ86OLXaFxt9TEv-sSfaGHWdIDTlu4fl0kHmV4QO8l50FhzlsiUBagTijdIhdL2Hu8PCN2ZehbmuwkeF7g-8HUpPLaP8de8IUQgsB7Q4qlsxjiFJHqb1-0irfLih9ZB4VgW-4ugzmoZ6Op8sIKBjMk4b3EyHXhyTf2_zDoLirRO3dp7Ra0TkHQzC5A",""
"|prodajalec - m/ž|nova gorica, gorizia","PRODAJALEC - M/Ž","","Nova Gorica, Gorizia","Thu, 14 May 2026 03:50:40 GMT","https://jobviewtrack.com/v2/cngNm9tBFmkxEQXqaL2A5Wqng0Lvf1ZVw9JUldsMuBt8jy0gvNgu0T6Gmv0qCdjLYfjnOIUa_63bPMp3RVmL1J6yBnS3CQr5NINM5xpXOzbSw601P7V7xKVJZNuGyYMDVm6Q_yIzdxPOJxhLDxlrbF7_UFJ7e__ux6ux0G-rpTqkPEfcy46vWvQcXNNwVFlED-U7f_TIhpkyN4KSQ1GLLNrfUxNcsr79swTq08U1mnU",""
"|prodajalec - m/ž|brežice, lower sava","PRODAJALEC - M/Ž","","Brežice, Lower Sava","Thu, 09 Apr 2026 04:14:33 GMT","https://jobviewtrack.com/v2/2N40EUuw2pVuGz-P1QTTtzL41_0TtrUom90wLdw0jhStoWi0wzalixLiVN04dDW9uSekEfuAfjETpR-Or7t2lbYJAE_o0kotWADgKR9vLveKs8OgCTFsFHbXg2N5CA4RwpxTP3yirM4Klt8Iz82wvnHEeIWCcXub_USQIJfrfy7v3xWqrxvHAU8FbJhx3kqed72yDdJbzcHuWyfDDnw74kR5rCbsOMw55-vHdvw_iNo",""
"|prodajalec - m/ž|cerknica, inner carniola-karst","PRODAJALEC - M/Ž","","Cerknica, Inner Carniola-Karst","Sat, 16 May 2026 03:05:54 GMT","https://jobviewtrack.com/v2/o-gFjg31n_dKHwVjsMjGoxvSXOJ7XcG3WyGdH4sJOSiBjoDC5N3WVkDZHJAutq3GLpDpgvS3J68iDqxvgxrTNLCXlaZTL3rW1k6mqbJtZrftL4L4QhHIY-6eILg6vNr5Fn99rSOD2DTt_TAHvN2pbAMH9h8pXwWDYOTaQWF-rbIfFSqGG_wqHta1HOzsv4aguTfR8OvkbzIj97z5lgCR3lOMvODcJKGTPhZRsTK6dYU",""
"|prodajalec drobne kmetijske mehanizacije - m/ž|murska sobota, mura","PRODAJALEC DROBNE KMETIJSKE MEHANIZACIJE - M/Ž","","Murska Sobota, Mura","Fri, 08 May 2026 01:19:15 GMT","https://jobviewtrack.com/v2/PRA9GnzBiR5g3gyDKuKcxzi59U4aFG046uId9Ru9NTk8BDr0eV9ml_ecGe186szvj9o1LstANWYw3N4J5lTe_W15FlUnL0vrxv0nWJuMPKft6G4kpEJM2jmlRrKpcrYxXmhc_wGR9FMxxRVRGqOxl07unXQ8RTEg9-j7jHKarv_43ofREN5FO6lEDiA-2JGkQpwGLbiQZ0xPil5t94eGRWkYNXYkG5WyeTbBTAmtMVY",""
"|prodajalec v agromarketu - m/ž|sežana, coastal-karst","PRODAJALEC V AGROMARKETU - M/Ž","","Sežana, Coastal-Karst","Wed, 13 May 2026 04:23:18 GMT","https://jobviewtrack.com/v2/yMg47aW3ngbM5gqq3ByP1XMk9YfhnPaUBWsm7tnJ2iOFMCqVtts38awyPB74SLI0C53isE9t5sE1SC3H7PWs_2y4GNroBOTp1UTP0wfn8u6jKckle4EQJrWDozG1joD8DP0Y75qcmfG6UVpPGfVuN0yIbQzA8KCplXnJG3nzdrRY9IdOxyQ1oAQ86MSnikEa8n9_VunonTcjUV_88y8lxVJyeqr4ZOLYJ47J5sxdKv0",""
"darko|voznik c in e|ljubljana, central slovenia","VOZNIK C IN E","Darko","Ljubljana, Central Slovenia","Mon, 25 May 2026 12:54:25 GMT","https://jobviewtrack.com/v2/KuJCoyJuubyIc-_rmcyCGnRzzYpxm7XVwLcnXBlrfhAD42X9v8vwvgirnMrB93JE6uukQt1fToLoLCKTP0DiSUCau-B_903xmOlPtb-m9Vc-VAwBNSsniYBrVJehxnaObvKyOZSDRGEBAF3Um0GkBqbHqi8u7mPN_MzdVT-lXJOvIiYv5cWXcltYgyLXwVyZJr95d0JABvdy-L3QzouP6lHhnO15Djts99asRLFFvTE",""
"zdravstveni dom ljubljana|e035036 srednja medicinska sestra v primarni dejavnosti - m/ž|ljubljana, central slovenia","E035036 Srednja medicinska sestra v primarni dejavnosti - m/ž","Zdravstveni dom Ljubljana","Ljubljana, Central Slovenia","Mon, 25 May 2026 07:52:58 GMT","https://jobviewtrack.com/v2/kVhpqKMddRC2ymY6D_XQ-Im2f2_XYrFO2-t3YDoR-fZZmTb_Cm-TzQgIPPsmH6NdA5l7e6VSbI39gESYEL_S_QQu-taw13wsUqdVu9Ahk5gQl8K534AI-aXPZk5nmX6M4VBmJkE4xeQaSTAA0Dv7uFQKEaI8yH1bQKywTbxCuQxfXhpgRna-_FLZZuZaYODhUKiAM64CYXZ9mwBmCR-4zWxcio5wsAu3cByoYngX5A0",""
"center za sluh in govor maribor|logoped ii (v zdravstveni dejavnosti) - m/ž|maribor, drava","LOGOPED II (V ZDRAVSTVENI DEJAVNOSTI) - M/Ž","CENTER ZA SLUH IN GOVOR MARIBOR","Maribor, Drava","Mon, 25 May 2026 07:49:41 GMT","https://jobviewtrack.com/v2/_JqAu6YH-_DY7GVswns_7ymeTfPazqroepyd4R1yDWdyLWq7sseWJ-VBvP4ZvhdPnjmbRdyXjCbMSN7I0Tk576-3gAhRjvr7C1BV-ZlmvCUq3kA7hySLMKKbAX6G0SaPWLfsasc4dvCY6qpdF2NqZKYRBgjoMT2oRE0JuczR5VtuQjIRknllhuRBDMpK--49QKg7NQrciG1zg99GsYiy8EUJy9VX1Hc3LyXhP48RF3g",""
"|učitelj - m/ž|ljubljana, central slovenia","UČITELJ - M/Ž","","Ljubljana, Central Slovenia","Mon, 25 May 2026 07:47:44 GMT","https://jobviewtrack.com/v2/1e2JMpUxqADO7A44xiXAFLCNE-L6ccj3KV4wzRyv1NquPBVA-_xE2yD6iHwbLmU-CbxsSZVUwa9BLy0_76d61q6WurmyZYexMOeNdKDMenXLWBvRENfspVvCBRmbrfKZzScZ9dU5Ps1ld4XimX-zU142Aw2p9YgOXaarmt9mw-Gn485sr-Q4djXY9K2HjL6WWiH1FzWMmTeY61PwnS6cSZJbk0i6lyt1dcttSmP3vhQ",""
"mapri proasfalt|strojnik/voznik (m/ž)|ljubljana, central slovenia","Strojnik/voznik (m/ž)","Mapri Proasfalt","Ljubljana, Central Slovenia","Mon, 25 May 2026 07:47:41 GMT","https://jobviewtrack.com/v2/2oZ0tuozRW22OLVvgjs-Cf8z6GrJwHbSxMnwD7Tz7FOYBOTMNec6sLNvN9tE6OHTZKwrQqtySBQjlec7L5cXjj7I8zpoR8SakTAOKa9jMiuwfwIQsze_4g755TJgA0C3jbrsvTRX1vf3c-9nbzzwEe1YQlmX5Mbmf-9xbr_Ms2lBEck0t2HUv4ERit-y7LhSMgxeu2xe4uvmUlPh7vKpNL8B6zTlwTUn853QyeSE35E",""
"osnovna sola mezica|učitelj glasbene umetnosti - m/ž|ravne na koroškem, carinthia","UČITELJ GLASBENE UMETNOSTI - M/Ž","OSNOVNA SOLA MEZICA","Ravne na Koroškem, Carinthia","Mon, 25 May 2026 07:47:11 GMT","https://jobviewtrack.com/v2/ZL89McQcoHQHr1esd80Di5aQ6gpV4qVf4oH-r41Y2GiuqvqujyeBm399Zz7LssoS0ogTFd6n1mE5Xa1kzbVBRn-KqAUOuD4vK5ts_m7-7GlFJrigJCxVFbbwSlHrCRRkOdKFjQeddbEJIp8TX-qLdSwbgt5-hmbHxP2-axGNeVyd_nN9plMC6-y3gzXuZFyfXEUBQ-l6kqqeMXe0Lbf10rpS1eSDO8IP-Mc2MWHvy9k",""
"grain trgovina in storitve d.o.o.|mešalec barve - m/ž|ljubljana, central slovenia","MEŠALEC BARVE - M/Ž","GRAIN trgovina in storitve d.o.o.","Ljubljana, Central Slovenia","Mon, 25 May 2026 07:38:37 GMT","https://jobviewtrack.com/v2/-bVj9taRpg43im7-s3ZDLvnZFrZwSXIcPcj3jbyr72GAog6x43_uF6MA6FY4H0uhjCwslKZybEhEXsBlIRBPuROCmLYC4GFlcEgXCem76LDBD7JTd0b5gLn1TtxPBTut9Ig-f5N4gulcmUnCHS-Rc3ErKDD_22fZCcoF9-ujWUUymecgdcxwqUgyZGB6qiShuyrOOTUtrfSe4rWBO8v9KRV7WC5JvBnQh1iDeLnTRAQ",""
"savoy, varovanje, d.o.o.|varnostnik - m/ž|maribor, drava","VARNOSTNIK - M/Ž","SAVOY, varovanje, d.o.o.","Maribor, Drava","Mon, 25 May 2026 07:02:52 GMT","https://jobviewtrack.com/v2/xuuewqG2telsKOk-Yz1UgCq7weRRkXlV0x5r1Os2QEw5E_3UFLwKmUqo6nKOOsf7b-0It7og7EjYT3PH4ek8n2AUDWdkWHFifFB6kvnm9UufyFljgpV_Qpq2Qy8XZP9EN5flH6BezK_3lYJPqzch1wrjZDiCsNtiXFQIfwlpeTDLis9Gkr8MlrlLv-Die0PNX3fGkUZH-pSJdXki1Px2JGPeYRWJckRGResbMi2BiVM",""
"zdravstveni dom celje|zdravnik specialist - pedopsihiater - m/ž|celje, savinja","ZDRAVNIK SPECIALIST - PEDOPSIHIATER - M/Ž","Zdravstveni Dom Celje","Celje, Savinja","Mon, 25 May 2026 06:56:55 GMT","https://jobviewtrack.com/v2/zF8oyIf75UAVX9iljyzNssJbCZBD_rBm-QxQp9I97RjKmPq8zHsouvjaWawY7ub0p1SrMbw0DrEOLEUkgDFFJV1wWi6ifFLn0kiQXzinRJzckN-793NE7Zrs9OCO9CivSIqxpX4xCbYryXi5vvX2a0BAN8unBXx5PeBdg9JRGn6HVUGz_miEEyWf8yDu6J1wT9pORr60SU5Vx5PuJXcUWo6h4e8H8tVHGHt1XaEgd8s",""
"psihiatricna bolnisnica vojnik|zdravstveni tehnik, srednja medicinska sestra v negovalni enoti v bolnišnični dejavnosti - pripravnik - m/ž|celje, savinja","ZDRAVSTVENI TEHNIK, SREDNJA MEDICINSKA SESTRA V NEGOVALNI ENOTI V BOLNIŠNIČNI DEJAVNOSTI - PRIPRAVNIK - M/Ž","PSIHIATRICNA BOLNISNICA VOJNIK","Celje, Savinja","Mon, 25 May 2026 06:53:04 GMT","https://jobviewtrack.com/v2/evq3BfrPOyGSWAIN4AOIlyiGz-viWfrXWvN2pxXjmrNSKvxaG0iR1bzILGj5aWG1kXbyLZo5AJlrklzfypvfb2zjtOshAZ4KATToqDVtEHfaUfv0BwjnSZat2W5m-vOrKAtenAGpUnWsTjThoVMh5DGN5WjL_Y33N3FAJkWcpIPtNXElYB68Z5Ue7TO25FJebhw-aRwR_qht4Y0qBX-j6XAKS3V5BrmiEeAnYg04o6w",""
"diagnosticni center bled d.o.o.|snažilka / snažilec (m/ž)|slovenia","Snažilka / snažilec (m/ž)","Diagnosticni center Bled d.o.o.","Slovenia","Mon, 25 May 2026 06:49:35 GMT","https://jobviewtrack.com/v2/HQXJ78FsUblWbSbKYEjq-bYupcvVVC3IdowImsSeKLEAeYoyrS-5VDVWN8kiMpXVMMgSuBH_I3_Gqxgw5Ic2tyqOo6YcewxdJs_cZJVPHIuIJUfFy6UsNgRyQNdGmsin7hDbU9irDcqG6h9OnB6Sq_EtGTfqnIcjVLCw9UasupZ1mdFnJxcVHwg4xFpzjZ1X1-QHSaWVfVb27Wv5LiOyS4JKDKbg53fXuco3mfwZW-0",""
"inzenirska zbornica slovenije|svetovalec za pravne osebe|ljubljana, central slovenia","Svetovalec za pravne osebe","Inzenirska zbornica Slovenije","Ljubljana, Central Slovenia","Mon, 25 May 2026 06:46:01 GMT","https://jobviewtrack.com/v2/TAjLh8KAo7nN1XUVMe7_wqw-kU2kfjJd8Gyvltnk7RHUSAcj7BYFw2eK852gFruxeLlszH2D2IXYiKKPJpzn6ztdindeReC_Bny-lHyZBLUl823VHGKK-xQfBjOwIKul1XCHQdhAGQRBzF5N7Vz-bdGQqVjVsP108a3siYADhm6qPwc9jUzQx8m7Qt951YIJEqvn_1nn5v73XT3D41AofYh-oBzY7nNWH8ey3RZKwMc",""
"splosna bolnisnica jesenice|zdravnik specialist z opravljeno temeljno specializacijo iz nevrologije (m/ž)|jesenice, upper carniola","Zdravnik specialist z opravljeno temeljno specializacijo iz nevrologije (m/ž)","Splosna bolnisnica Jesenice","Jesenice, Upper Carniola","Mon, 25 May 2026 06:37:45 GMT","https://jobviewtrack.com/v2/pUHdjSzi4GdaGvd8CFA4ASuB07OiR0xITzSE8nmXiFz5MKbROjtyOOSw9pS4dVu4sLf-BQg3pZg0iMYkB7Cs-4lfXZX-OH9Aul5mg0zAu42CuBGvdA0P6dbIzSVbVcK-RaCvDqyFw2Oe6k2YswZ8h2LNCrSTLeNqLD909cEK_TNVKDyDTM4L-KEJZNnGWavVtEGStOaQduzCvazaNAxkbZfT0UxTEAix-DJorSxgzik",""
"savoy, varovanje, d.o.o.|varnostnik - m/ž|kranj, upper carniola","VARNOSTNIK - M/Ž","SAVOY, varovanje, d.o.o.","Kranj, Upper Carniola","Mon, 25 May 2026 06:33:10 GMT","https://jobviewtrack.com/v2/okLTNlTT3bZDKHV-Vk2iGhKYdZuEBMkkX3UKSrq9ZQPNcuMOvrlBcO_s2X_eO7eq2QrZeRgmKEHr9cNT97JHbDEF38ujeOoJzprkkPlDJxuahxKjL_zKvXtBsR_bUD7spaiVduMWM-RTqCEHHMR49DLy0SnoQFqXG1hZvT3GCk8jHynzjdzhJY4eWxdxOWGQuhB3_Z-oydeY-BZx6wevW-mNrIjp3wKjjJ183rz0ZcM",""
"|carinski deklarant - m/ž|ljubljana, central slovenia","CARINSKI DEKLARANT - M/Ž","","Ljubljana, Central Slovenia","Mon, 25 May 2026 06:14:08 GMT","https://jobviewtrack.com/v2/hft1oQRN4kMOQycfMJFMajInf3V5uA710MYXesL1HWp_U8wCFd-yqUrnfjFxQE71kxbigBiOUoa2WTw6-biWBCBrH9DIBR87LI6AABtCsxbd5GvHKLMzyhf2q7l34A6FXbRGLl5VKMVW_9S6Pwr_QcxLCQugxQOpkA7wsKSgNI_h_is5URdmQN9d7xPxJzK8zI3w-zhU8heiAQcc9t7R4d8wi095B8ZNhHGh1aoPmBk",""
"osnovna sola koprivnica|računalnikar organizator inormacijskih dejavnosti (roid) - m/ž|krško, lower sava","RAČUNALNIKAR ORGANIZATOR INORMACIJSKIH DEJAVNOSTI (ROID) - M/Ž","OSNOVNA SOLA KOPRIVNICA","Krško, Lower Sava","Mon, 25 May 2026 06:13:57 GMT","https://jobviewtrack.com/v2/hyjLIWYPUY3el-_-a05M72eZ6wUddAs7eAMiqkPgoiN-W1gXmaNcCsrMi5ySUo0VBaQH-xefo0E4PHAEyRjte2xbzmX1GaT9w4tOHWKjlSFR9byd82pDHq6yeXsqjcnv1fhdOAcHgxWhDk1JBUNi-hfURLKUdhdFwBbYsOUMpvWznf38S5OU-OITXRslup9osqsHy1iBHqh49shGZYBGYpCfzt95eyJQjumSEO6syOM",""
"dom starejsih obcanov krsko|srednja medicinska sestra/zdravstveni tehnik - m/ž|krško, lower sava","SREDNJA MEDICINSKA SESTRA/ZDRAVSTVENI TEHNIK - M/Ž","DOM STAREJSIH OBCANOV KRSKO","Krško, Lower Sava","Mon, 25 May 2026 06:09:06 GMT","https://jobviewtrack.com/v2/-vslHTFXltGZHlBvSoOIfZxmyjWORnJ4JMsnrlsgur1fJssLnZIhBzLxYHwpTLQFH1O3wpIf-1cD9l-sQB2HJ91rUzDfdeZZ7UyWgMaYGCRu7IgejqT1cODQ0Vxo7xwxbvC1VimrR1MFDICG-fxoQX1NvdQtMLgX-YMwBnXVAeoM05ase7KWpp0e29oa3eYqAHLNZUdHfJaSlPBhaf5I38aWcJy8QCht7lrPym0JLYs",""
"kariera|računovodja m/ž/d|savinja","Računovodja m/ž/d","Kariera","Savinja","Mon, 25 May 2026 05:57:44 GMT","https://jobviewtrack.com/v2/hHo9jSgp2nDkdBSrpUxnsX7IYVbKEj0AoxWqkRNXNrYRLKN7KL5WxCGHaXHJrXpmga8Kl8ASIuItjglP-g5xDqQeCz3kow7A5sDxUDHrDO540SfLvqaph_bAi1AqYWlnzaqkv2QQdPUIJ1VYeMASNjc-iu8iru-006WzHh7tcfF8OWq7boZkmHpWF1JJv2uzWw012Zsau04ttqkCgYBYvN56vYT874bMKjIxtVE4SIk",""
"|natakar - m/ž|ljubljana, central slovenia","NATAKAR - M/Ž","","Ljubljana, Central Slovenia","Mon, 25 May 2026 05:54:04 GMT","https://jobviewtrack.com/v2/Jnx4-RohTeuK3euiz0slmH_FFxsustefdUn9BqesD4VZ3Key2JAk0ABbjvpGymzAhla227rPynjnvn_TLUzcHwLSFJJg9TBleLNPjv5_BE3P-muxn6KzI1zGRavCEIdh2e-kSbvrujWkJeD9IEOfj7l5OyhK0k9px_56ibx00z-LHebwSmzTgcy8T2ZuIISnCdB9lQZWDcCaGx223SU5ZIiIbNsmegIAX-El1RnqMvc",""
"gimnazija jurija vege idrija|učitelj geografije in zgodovine - m/ž|idrija, gorizia","UČITELJ GEOGRAFIJE IN ZGODOVINE - M/Ž","GIMNAZIJA JURIJA VEGE IDRIJA","Idrija, Gorizia","Mon, 25 May 2026 05:53:31 GMT","https://jobviewtrack.com/v2/Lc1QIrlYlBoS8Qxvw8g3iBPAmKKaNDy2r1WCY3LhHxwE_NVWjyx-Fbjiig0_z0nQZbt0OB9od4_6clLUPihwjOozdgbjyB17THaX77J_ztwIA3NSyHSR263Hdfsp3v4yavxG3GsRTrjZbyhQfixKHpsxuUKtycW2jHCzHDo-PXKVZx7Tz_xEHnxjXYehKhf_D0-lDt0gCz8AzanSsFl3RBCVeqHeBoOwA-MVgX8aOIA",""
"zdravstveni dom ljubljana|e018019 zdravnik specialist ppd1 (paradontolog) - m/ž|ljubljana, central slovenia","E018019 Zdravnik specialist PPD1 (paradontolog) - m/ž","Zdravstveni dom Ljubljana","Ljubljana, Central Slovenia","Mon, 25 May 2026 05:35:24 GMT","https://jobviewtrack.com/v2/68OI1IFV8w4tuDjnZaxJKhjnZRShq2JwMXxAJ7EGzCFVVfwwsluee8_zlpWHQI5tD6a1NPUzXM7nvhYDk9sPHYCKVXK0NWkXXrvWbdlsM1M7M9hEkNYfjo-9R-MrZHj69zdA8uxWrrj_M4q6xv9P7VZjOMJk8QW5YO_mjZgL_p2zMB9s5-NskGghMX82c3Wj-3TVv3mmyRCoRRNmKvjGm0IVigUPUR9SV2oUEMeJk-8",""
"solski center slovenske konjice - zrece|učitelj praktičnega pouka - m/ž|slovenske konjice, savinja","UČITELJ PRAKTIČNEGA POUKA - M/Ž","SOLSKI CENTER SLOVENSKE KONJICE - ZRECE","Slovenske Konjice, Savinja","Mon, 25 May 2026 05:34:45 GMT","https://jobviewtrack.com/v2/uZqX7y4yQIrSInKzgXHJpX2l3XFE_J7_8SQomAGNJpjp1zhZswxVOIzz8QOTr39CVHiB35HLio8InioI-13o8cfnuiyHl6sgaXpTVttvnAsdyLlxG2QXdFofpMwXnbmLD_3s4vBdiI-ImlqsQD7DM29M3BJ5NVdBRsG4sgkOOxoogG9gcj9oJ2c1aHOdcx9cEdetkZYajZH8WG4MNzvN8_D2UvnVRB_wgyvRdBlilF4",""
"kariera|vzdrževalec merilno regulacijske tehnike - avtomatik m/ž/d|central slovenia","Vzdrževalec merilno regulacijske tehnike - avtomatik m/ž/d","Kariera","Central Slovenia","Mon, 25 May 2026 05:30:06 GMT","https://jobviewtrack.com/v2/NSdiyObRvdLWamZ6amA-YMojBUReEM1ptLFP8G_G6HRaTZnFotvyhfJDCcjk7ictQMdHHFuWvbpNoHcYP_9B4lRtZ0XFqAzNE-5nM8u8z_C3j8_a1r_aejc7EcSwlSIuAg3ZKs_UOKB_LXSQnswhugPX0aEyezrMEm0AlYKPfoTIHu70hf0VKKUeufYZHzh53iaknz1UQqHFgPBsaRM6y3fUCPmakCW5Z11w9GNfUzo",""
"veterinarski center plevnik d.o.o.|veterinar - m/ž|logatec, central slovenia","VETERINAR - M/Ž","Veterinarski Center Plevnik d.o.o.","Logatec, Central Slovenia","Mon, 25 May 2026 05:27:26 GMT","https://jobviewtrack.com/v2/V-ROKoLZeQiDsvpaLSz3P9t8Vqnd4vN6S9gXVXNYf0sDGH7YmH-xSauZLqYr8EoD7pcSlHMWaiT25CpVe-jJqvskeG5FtW24Ua7p-R8e0BM6pdo7cEP-b7dX_ZV-uroNjd4Wdtn6-cKnXyezQr0vGYiU3hAM6Z0z000qKUG26riRB4wH-m674dH7XS_u4v1mX_whWiAb9Y6S1LwJUnVqiQY0RV4V2nI-qJMwDnuPsb8",""
"telemach|sistemski administrator video storitev (ž/m/d)|ljubljana, central slovenia","Sistemski administrator video storitev (ž/m/d)","Telemach","Ljubljana, Central Slovenia","Mon, 25 May 2026 05:26:57 GMT","https://jobviewtrack.com/v2/h0M9ZliwfiOF-wytBWL1GuarsVrurvu_Ub1jYJJd_4nl3VngPnz32oVZ85eTijIK8TucqDRvSa2uuQ3nV5A8EX9f_cydO3CwBaQfI6AGvfpKPzfyb3rI028gcN1H3dkdirqFRPziSkX6QlO92JgmeROk5iMkVIsa3ZMZnF4SpM2ZUUA5vKvqEtxJm3evzFrDS619Ns3Ttqwv5vzhmiK_xlvM_lnMPlzzAmbRamlrRXA",""
"dom starejsih obcanov krsko|bolničar/ka - negovalec/ka - m/ž|krško, lower sava","BOLNIČAR/KA - NEGOVALEC/KA - M/Ž","DOM STAREJSIH OBCANOV KRSKO","Krško, Lower Sava","Mon, 25 May 2026 05:22:30 GMT","https://jobviewtrack.com/v2/pd1i1MqVznWcjmS0kfg0Q-2zzMG5gJOLVNgbgEtPQRrGvZHifpapM4GDQhdoPbsldBObv-ztVBWvyjU_gKHxTSSL4sWC6qpkdiRJIK5wOgY0X3yfl9fYS4JEijk_JG0e4LDSRJSDPEaUK2zIi6AY13XgZtx1x5RJSIUTmsEaUGV6hgM6E5VgKK69IY2NFKyEsYxZ3p0Cp4I9zIyWAwIua0Fs4l94Ahgsq7qRh92tDQc",""
"savoy, varovanje, d.o.o.|varnostnik - m/ž|domžale, central slovenia","VARNOSTNIK - M/Ž","SAVOY, varovanje, d.o.o.","Domžale, Central Slovenia","Mon, 25 May 2026 05:14:17 GMT","https://jobviewtrack.com/v2/dAEK8KtKvocHdVU1nuNmXuNQRY1CqLkoVnyW7RBD1kxxxOV8PNV-YQr1nirVbu8DTnkkYOPYpXhmhBiFuLqTexHEDs_Zs8MeP2oWbSgtnGZy6cqzGi4PwwuNH8_mc2hdMVzV9NUvj0Lzsn-LYU_e5lZuDYlGGiwLhe-zaUWDw7V5zrMKOxoi71ykNFnLkW6jhB-u5s-50In_3ONixxcUK4fMR9YGHgVxn3md1UbfrUo",""
"agencija agado|vodja odpreme v skladišču (m/ž) - ljubljana|ljubljana, central slovenia","Vodja odpreme v skladišču (m/ž) - Ljubljana","Agencija Agado","Ljubljana, Central Slovenia","Mon, 25 May 2026 05:01:38 GMT","https://jobviewtrack.com/v2/Sqn0xeLVl9lmXs8hHGTOw7aeLI2wztJT6swWguswnVnMHY80_JskREF75-43KL7EKfWv4BnLqT2K8jvTRtXyhMnj2UzANyHIuXjPtpkEfgudZ_axbkIdFqXmvBiLnFe6jRZ7w2u9okvLjE5Jm1A4_QZhbjfAewe3BqTCV0bjfqUf6ykT99ERS9qy_GzoQU45JoJ79uELdX-RmQU5pafSqWuPU1kQn0f-B6ykB0oPVds",""
"|vodja prostovoljstva - m/ž|ljubljana, central slovenia","VODJA PROSTOVOLJSTVA - M/Ž","","Ljubljana, Central Slovenia","Mon, 25 May 2026 04:44:49 GMT","https://jobviewtrack.com/v2/c6TriEADbvDSfznZq-O3bWXFkBJpy-V5fD96Vis-a5oFASJYW-OD0CDzjctHv2Cs7uq3F7Lxua83Aq_DoK-SFwstoRU9lnMJ51nORBzOFmujysJClPwUf_--cPAOVS7yglo7g0jwNJw65G7UsdUdLwOOsYm1jOBQkvSJFOddQJqdALpYIcPUcigpVBTwLqh1XjIgTPHU-xHsW5QBnAGXNy_Vtlsf-UyoetBIQqm2Ors",""
"mjob|animator_ka|novo mesto, southeast slovenia","Animator_ka","Mjob","Novo mesto, Southeast Slovenia","Mon, 25 May 2026 04:39:30 GMT","https://jobviewtrack.com/v2/wCCeAHs90ZRnrncSLWVf7V7SM0WI8GExvXajo2Zxr6hgLQj76VQjPjf3x4zZkdhoCKrRZXNOnhIFB150rHQ8i-InEqRvqpWfCFqyQwmxGti1awYI9g7gqF9vznnf4vJPBPPBKVzMgfPa_m0xd9CNBL8XfyCpRmmMmja4l44donfuZy027tG2wuYVCPy5pCU6XQoV9_CX_q_tpFrHVLbTiOy1ngR_KvlKfh0rM4C6okM",""
"aktiva čiščenje|čistilka sobarica m/ž - portorož|slovenia","Čistilka sobarica m/ž - Portorož","Aktiva Čiščenje","Slovenia","Mon, 25 May 2026 04:38:22 GMT","https://jobviewtrack.com/v2/_-HpZKDkfxxMaje0fzPeEpQBQDne_OOjOUN2RF6TxinVd8ZZd0Zd-zD8cl6VJ9YEQ-rARqDUACBYHkVejItEdR96cMAtjL3Shoro2Da5OZfPOiGY-OuPzjJxLNCLKR_tCt3yQlDwFnHpeo0vc1nWxRvNb02YsPZvDk_uzmHEyWnhPS5NPh6hLi7LWmyLPmwWVUGAXVHpCw31M4EsiB3M_-S6GFkSwLkASL0SdYSO6h0",""
"|prodajni svetovalec 30h - m/ž|ljubljana, central slovenia","PRODAJNI SVETOVALEC 30H - M/Ž","","Ljubljana, Central Slovenia","Mon, 25 May 2026 04:28:18 GMT","https://jobviewtrack.com/v2/jIbX82LsX2luLAwNTZnd3keguD3L27jZQUjwOJAUmIWNrhAdVvIgSnrIaZq9ZYdoOz7_sZg2XDCvQp6UyqDgtLhYaRi1gXaobWLd_LF1TNGh32foRdVe6GsxTciaprteUxRmp5Fr5-7m8WMqCy3j69njmO5WFfbyTaZBdpYn9xXnRzsKNUb9Pjg6nk0ZYBwTfYybk6NzZyom4gIhWoBW_UpFMpq2tk8g3An_MMjaydA",""
"metro trgovska druzba d.d.|komisionar (m/ž)|celje, savinja","Komisionar (m/ž)","Metro trgovska druzba d.d.","Celje, Savinja","Mon, 25 May 2026 04:26:38 GMT","https://jobviewtrack.com/v2/i4rA9Q0eQFqKK5KVMo5w-KXo7Y8BVK-vteqYNo6AR-R3dfQLiqaOlHtzxTbVRsPfeJTKVoSXRx33zc_iL1KCI4jshI-ZCNWti5lTn5BMp4FhiyEXh8tAK3-bi3oyl5IlgbcjQ71gw1NBbfbXc7lCajTocPbtoNw4ij5rA8EO7HJ1p4bvr5Qjnc30mfjAYM5jRO4yFXVseMidjuSAu1LRQp-Ge0meHEz_shJ-tKEDcfM",""
"erving, gradbenistvo in storitve d.o.o.|voznik (kiper) - m/ž|ljubljana, central slovenia","VOZNIK (KIPER) - M/Ž","ERVING, gradbenistvo in storitve d.o.o.","Ljubljana, Central Slovenia","Mon, 25 May 2026 04:26:36 GMT","https://jobviewtrack.com/v2/8iQL2QPplUQtHKD34zc3kaV0Bx28hDKukUIjvCT56U99cTn9wJxeUfkk59wIUcCSt9Zb5rX3NPFmyG8CWT12xEcwktLnTZFhqaMeyKl2nnO-x6A4TfMH_aizPTeQrivA-fDg-3HacUSmAnCBHRakhxhcwnqdxRpDn_NGUcjN_vpO4TyImiNUp3h27jDUefoUak64su2zBPK__p89viQ7BduXikem4lumYIaaJoW2AeE",""
"weiler abrasives|upravljalec stroja ii (m/ž)|maribor, drava","Upravljalec stroja II (m/ž)","Weiler Abrasives","Maribor, Drava","Mon, 25 May 2026 04:22:55 GMT","https://jobviewtrack.com/v2/zKRyDr8lbs14XVCbqiA_-JS16I8sjZNsGfg62fxbfvf7knQtzFy7_HYKI3X3XRHJCFzTcjN2BQY_Nhy1Px5NzbtId20KhyILx2DmJXXdMDGIDe9MybItqdpFYEnRXMZ23Ph9Q4QapMyXiyyIitY6QXQuRAwnH2lYv8vYmqvbOMmduuQ4nn9PjWZ68tr7Kw47TihtjC42rn4uGznNRMyOgUKCBFJUeCkPOFekR8Oozw4",""
"varstveno delovni center nova gorica|animator - m/ž|nova gorica, gorizia","ANIMATOR - M/Ž","VARSTVENO DELOVNI CENTER NOVA GORICA","Nova Gorica, Gorizia","Mon, 25 May 2026 04:22:18 GMT","https://jobviewtrack.com/v2/IcUAEMTLhFn1WxjtGogppJZQ7oGHxIPUNJoGS5P4-fNytWbkFQWHMJhQVtY4R4gYqWlsR2SYWSN_BI2i3KfigcX2k8Rtj14fN5wgdEBFzFki2-Z9T22EhVtEyzE0mlqiHumozLm2_uJCpMxs0f2MyOgPa62MrbALXmCJAfEZhNn7RmhcUNRPV2EOYyq2CcYe8hGA9bT_he5K5yFdel1duMIhEt6hj5HNJgv5XjlWY_w",""
"osnovna sola 8 talcev logatec|učitelj glasbene umetnosti - m/ž|logatec, central slovenia","UČITELJ GLASBENE UMETNOSTI - M/Ž","Osnovna sola 8 talcev Logatec","Logatec, Central Slovenia","Mon, 25 May 2026 04:17:33 GMT","https://jobviewtrack.com/v2/C0bzXZI7PdEvtbaswAQqjUEnAx84JyUc8raGivpfBBK6R27o0XqTN-wThCxcvFKjPFMIqovAM7Rca1nxhLKAYZnY08pMro_ysPRCJSno9XxDJvNoHk8aPParKAeos9IUQxFBifMnIH0I20Qu1zhvV8b0aWXgPuPTZisFL_Ry2czzMoiA7CXLoBYTbgoCYK1q4owqOd7zQXZuVnZBmyuXQlCL5FGh85RiSv1tbZfwmRo",""
"dom starejsih rakican|vodja iii (vodja finančno računovodske službe) - m/ž|murska sobota, mura","VODJA III (VODJA FINANČNO RAČUNOVODSKE SLUŽBE) - M/Ž","DOM STAREJSIH RAKICAN","Murska Sobota, Mura","Mon, 25 May 2026 04:08:59 GMT","https://jobviewtrack.com/v2/qDboksqRTuT8vzihGVoOU4Y2uTx9-WGRizyuQV-UeZHg-ojoxJXvKq9VQ0tfxoYcYEqPTFWaRA4x0Utp5416SCtm85sKNSUqDodQIwnXgRtBHegCIUrV4qfFEuM3-UX9cIMDUhfJ7-chSYsafybAOI1SSW8r6gPHuzTZy2g4qafPRqgB6nF7nEBQKfFbzhbB5B0gRVgYLefKNGl21QcrT-Nm_oYpg9S2eydowKIWu-U",""
"lek|vodja izmene (d/ž/m)|ljubljana, central slovenia","Vodja izmene (d/ž/m)","Lek","Ljubljana, Central Slovenia","Mon, 25 May 2026 04:00:03 GMT","https://jobviewtrack.com/v2/AjtyI5QTzaSIYZz7hcrK2A1Xro7V319eNWIG_m7HgFPRSPMMOPddsZCgNLqEpCuSAvbmIKN379QcNBqRZspk02CfOw6ZAXWqT3hOW-G8jHhQaE2Ffv-a-P1BY3t6Tu9mbY9Et38OprrNagUpa_AF2N2yk8Wxq9Bn_v0QFttGB9iG6YQ5evXqyrASqDXDwj2E0JpVFmXF4wgyapLd-CSSpiJEP3ta9zFUQq_rAk5SM1o",""
"kariera|pomočnik razrezovalca v papirni industriji m/ž/d|central slovenia","Pomočnik razrezovalca v papirni industriji m/ž/d","Kariera","Central Slovenia","Mon, 25 May 2026 03:58:22 GMT","https://jobviewtrack.com/v2/RLDqE-szgEUBAwAO2xhBeyJ5Ju1Lgp0nlgP6MtaqLNdq7YtfZgMpjIjZAR0Bmikk-V45mA2I7Y7JYHEce2Jg8p6Q96lge7YeokjUR1qxOXcgXvtQisZ5tGxZmS4YHETD5hiX8RIQwGlGnTouxeOIMHS9xA785qkqXXMHoPofbpScabmTNqmo7Q9a3H6SibJCxOImKZIlh4_so7iNIAIKWSVGnBRYHYEFWd2a_l-DlXg",""
"|trgovski potnik dostavljalec - m/ž|celje, savinja","TRGOVSKI POTNIK DOSTAVLJALEC - M/Ž","","Celje, Savinja","Mon, 25 May 2026 03:52:40 GMT","https://jobviewtrack.com/v2/fdyP-0nbG_cb4oxa_VH3TOUSoIJxWuxRFTK5hE4aoCadPw5xOzk5ywNwSj5G6gTaXpgp3082yp5FNIfU13OVbXsx_GwPlePGbpeurTTQFmOFs2h6e3Nut8KbmPx6ZlHG7zvldQOMims8EKRV7VJETohpan6YlqiwK5wbIO9rgnPyETrOIef_8NJBXi9AKQl9Q-tdvt9Q3Ys2i6AeKBfMDAPLyO-PareC1ZSWCUMNl7E",""
"|osebni/a asistent/ka - m/ž|ljubljana, central slovenia","OSEBNI/A ASISTENT/KA - M/Ž","","Ljubljana, Central Slovenia","Mon, 25 May 2026 03:45:29 GMT","https://jobviewtrack.com/v2/j3V6R-It0t9r0g5oGqYQlCsARB8qdBfOUSDuit6GM0J94s0NuiGaZprmhKpAhLFyHtFPAG2DVgtMjxYL07NzpvlCBbPrvy3hx9ZngJKlyHCW07Hosm2NXQe3Kgg1KSELSCRyKixH3yEgZcbQ7pngwFYgdJViWcR1o5F5jSp3XYh_iO1WuAPJ4TPwK59v9-B5ZxVpX9ctAZ6OKWcdimKn16oqc13MBwbbQJ2Fo0eiBmw",""
"glasbena šola grosuplje|učitelj/-ica tube - m/ž|grosuplje, central slovenia","UČITELJ/-ICA TUBE - M/Ž","Glasbena Šola Grosuplje","Grosuplje, Central Slovenia","Mon, 25 May 2026 03:40:20 GMT","https://jobviewtrack.com/v2/TVNbFSoqkAkYOkXWRr4t2ED1QSYruBt5ejbb6Flp5ssm1mg25XXKAv6b9aGzIlzv_CLsnnTyi25tt4r3E_IKjKp-JjmxaFQV57FuJ09ad3Twvo4KCPRgAbn8lOywyFlmO2mYf7AGfp4lcNWMhOMx8uyo7usJLF_TTtP_10R2ODrUKbCEzD7MgqdfM3700Wj-dpkCWiNpG0FZdBI61HMwTN3NdDHCC0-aH5sopdbpLss",""
"erving, gradbenistvo in storitve d.o.o.|strojnik tgm - m/ž|ljubljana, central slovenia","STROJNIK TGM - M/Ž","ERVING, gradbenistvo in storitve d.o.o.","Ljubljana, Central Slovenia","Mon, 25 May 2026 03:18:09 GMT","https://jobviewtrack.com/v2/MLoT8uUQyF-BU_Q6JM8CCmDqyqbqe-V1h2maIVnlKWKjGosmdSv5To_zW_0cgoieFNCJIgiPxHjg4jBj1UqpeB4udkLUAkD3Vd5rxou7XEj1FUWh0VCkp0JNnncusbUTLhWpQl_FXW8ZHZ7dk2WlHZj6Pa2_QX6aERNcGTAhvBUi1tCi8TKS_wP0rivoZBjQKA0-r7BWRALX8EdOUIOkI8aG2DpBMukOClrqCKmGSko",""
"zdravstveni dom celje|zobozdravnik brez specializacije z licenco ppd3 - m/ž|celje, savinja","ZOBOZDRAVNIK BREZ SPECIALIZACIJE Z LICENCO PPD3 - M/Ž","Zdravstveni Dom Celje","Celje, Savinja","Mon, 25 May 2026 03:17:07 GMT","https://jobviewtrack.com/v2/MZ_8A23lKzWArGIfx22szDyaprhBzYY2U4qMfnlOigzukE16DKdq6ulft9V8_YatAwbyroydr4zzTdPfqOGo1CRTgmVBIJ6ggpb3wcgcsIVXBcoKVKw2E34wN9oRN9u48zq8G43s1oEacMUe1rv_K9XrJNHrbTiEH4aM1LbEu6GxpfG4NCkbSgT0EO0gMIXzkgDNCdsQ8wOTpNM7idDgYxSqKWnr5YWXmoh1u-rAsUs",""
"center za socialno delo ljubljana|strokovni delavec na csd iv - služba zupjs - m/ž|ljubljana, central slovenia","STROKOVNI DELAVEC NA CSD IV - SLUŽBA ZUPJS - M/Ž","Center za socialno delo Ljubljana","Ljubljana, Central Slovenia","Mon, 25 May 2026 03:07:08 GMT","https://jobviewtrack.com/v2/GYOapef9MeTy5QgpRvq_F-h4gPg69G8nPp3niJHffagDS0tx2dscDNlLnPxB3T3yQZlIiX63GFJ_Q6UnkdwgEV7svt9eEMUf6yM6L-HC3asQ2bZdJUjMVSvD4tuPKD7ogNu3uSEfcrxat936XNiTwJGf72jKCRBQvd0pevNAMuMVcQPo-NGvbFrM73b3s1EcHQsMOoh1ybK8aKRlsQIWmbl86SSzN_w0tHU4NJoVBCw",""
"|vodja področja dolgotrajne oskrbe, pomoči na domu in socialnih programov - m/ž|kočevje, southeast slovenia","VODJA PODROČJA DOLGOTRAJNE OSKRBE, POMOČI NA DOMU IN SOCIALNIH PROGRAMOV - M/Ž","","Kočevje, Southeast Slovenia","Mon, 25 May 2026 03:04:16 GMT","https://jobviewtrack.com/v2/_EVWmY762Hj5Ly1nstLD9RwipySK_XhPDmxJY63T1dI1VReKt6UVg7hKJyyOSMIySeEaiVMjXk6U0SNF_Pw0dIfC8iEWpQg78JslyuiW3ncmT93X9LNPJ-Wuvb4yzRRgg4FRZJ1c6Qq-ZVBYqCl3R0nTZ12_BHmlizHBUAsVJEIP967Ok0bq2YAvdQeN7umQgxrmOn40aE07KC2JVckFvt3IKXDS40qjyXZ2iZkJsi4",""
"armas, proizvodnja in trgovina d.o.o.|strugar - m/ž|ravne na koroškem, carinthia","STRUGAR - M/Ž","ARMAS, proizvodnja in trgovina d.o.o.","Ravne na Koroškem, Carinthia","Mon, 25 May 2026 02:55:54 GMT","https://jobviewtrack.com/v2/6TCG95K2zgzFw5LUP9YHayyHAm5gp1UlWPeyEygfl8zv_-BiUxkoTfxwkFexmJ4keVZT9KPA5fP-3KxDBq2odEP7-B08g_vsuUN5htizqzGELvuqeeMJDt6TsIo2g9s8TBOSYH3cKJQrFs4t8F3XWvg7WKFod5PeEo3bpCsFYfvuAhtVKApWpj2vYGbMiXnxS444HvNepcPdkhkhmKGIDmPhJ_1-bLb9PgqvqEB02oE",""
"|varuh - negovalec v - m/ž|ljubljana, central slovenia","VARUH - NEGOVALEC V - M/Ž","","Ljubljana, Central Slovenia","Mon, 25 May 2026 02:48:15 GMT","https://jobviewtrack.com/v2/aaBKIqhRfBsrDk7gJGmSgKUWHTRRpEhNStdfyCt4FUCkrW17tXvAbbM1TQuGHVTS_TGAu5J39-CwVHNMSiKgmXoUdRmmdIvkiXP16IZo3V_w6gYRAaIgt1NhVNtqFcaJ8pFNOtrOeoGOx5qurIm08Hr-6Izn441U4XWjkIs3q5o7mU2oWg-mAWRFb5duai0hRA0KkKGMF-lkY7sIunKvLlUBJBaROi6vYAlRlTsIy2w",""
"vrtec domzale|čistilka ii - m/ž|domžale, central slovenia","ČISTILKA II - M/Ž","VRTEC DOMZALE","Domžale, Central Slovenia","Mon, 25 May 2026 02:37:48 GMT","https://jobviewtrack.com/v2/iou9guBG9hqFwVdb8Zb5yv-ewnKAG90DKoOuWOSkeUcDslaI3Jj3oq-j1lp9oz_dHoCPG1yIXuVw8KyXlzryd_S7wc1bAQwRPo2ZacdF0iz_CUbLCmfN8jmiJ7Nb9QZPu7dCURz9Cji2lt4E-ivHrQEc9jjasOJAPWf4RvsO54oM7V1RrYszT-HXWF9l8sN-Japuf_-HFOscdWo1Yl37sdwKYqPOPQwk2ZEpLwkqO50",""
"steklarstvo lovercic d.o.o.|monter - m/ž|ajdovščina, gorizia","MONTER - M/Ž","STEKLARSTVO LOVERCIC d.o.o.","Ajdovščina, Gorizia","Mon, 25 May 2026 02:29:16 GMT","https://jobviewtrack.com/v2/fGfLHSlJHgFnd8uTGVqTr1IzjSvWa2JrtRlq_ZAh1VGU1xHI_BfOEQ5Tk_vhAx_-trYPyq3Tewlx0rMGZNWeniuQPG5NaOZnFUQh6woJU5P6vquegpFQNIifzGfkh1AB3VPuamOwDX_2-SFQEryet99K3mzVsO0xpATSVO4e1um3m7CY8Jek6-H-RdPm20zV8YRaHtOJwDWz53xezjZ_TxOb_dRJt1RdrZiFV-xrbXo",""
"center za socialno delo ljubljana|strokovni delavec na csd iv -pripravnik- služba zupjs - m/ž|ljubljana, central slovenia","STROKOVNI DELAVEC NA CSD IV -PRIPRAVNIK- SLUŽBA ZUPJS - M/Ž","Center za socialno delo Ljubljana","Ljubljana, Central Slovenia","Mon, 25 May 2026 02:15:16 GMT","https://jobviewtrack.com/v2/T5L8m8qA-W8IeuGDtgvSi7KmQ8AQR5YUnlQSepQCd9IDRGllDDWoLj4ZzEoHlA6UCMMwb5QlSy98jY2lKC3D5HHnxGWBZUyWRm5b1W7PzLU-cjNjQuncRViwqHzNhi-DlYZJVWyiC_kDdNUaS3g8euoumG5PoWWPAAuF-MaefxO3ms8CxO52RRCUEchRs-vJJl3jGk_lvna7EzZnG1fxsS9Bs-6CKHsDgH2gmTrxihY",""
"osnovna sola koprivnica|učitelj kemije in naravoslovja - m/ž|krško, lower sava","UČITELJ KEMIJE IN NARAVOSLOVJA - M/Ž","OSNOVNA SOLA KOPRIVNICA","Krško, Lower Sava","Mon, 25 May 2026 02:12:19 GMT","https://jobviewtrack.com/v2/x_yLW-Z1iGceYz6wuUAUIdRyVcTF5yGQsYbHkDZdRoVm2ZXCVeE2VwCP7BXof4tF_vuA2ZarZn0fczXAAag09DA20MVz_EZuAGbFBzqFZP-PUWwP1eoo5LM5d8tmKBf7PRBEOPDJzzZgfCBDcyyRiWUaqbXYUwgNuM_ayHVH3klPk38KKnmNdPLs2FSu4gJ0JYb9e_2WYzt6yn5P912vUNu_fOQfiSJiyUxXUl2Lz5I",""
"|čistilka - m/ž|ljubljana, central slovenia","ČISTILKA - M/Ž","","Ljubljana, Central Slovenia","Mon, 25 May 2026 02:06:27 GMT","https://jobviewtrack.com/v2/BMIV5qtdumM-ocFW9any6H5oT9qXO6f_6F3fMauFLGAO1l2F_GZdd7IKInsN-T8-rrSUt3fbYHKKrLj8qqr4CuH3tT_k8qURVqD2todiKExfWo7FPRYSW2_VnuTKs9cVT-SzuWuK0ezPzVDcOmJgb8B0lLYTWuJjfiJuFo-uoR7EMuAc-Mgnyh16WEIRIX8v2hFw0L4WzaqMgU39YDpP4exoLBrgSEr-hPaKq3J3S_w",""
"savoy, varovanje, d.o.o.|varnostnik - m/ž|grosuplje, central slovenia","VARNOSTNIK - M/Ž","SAVOY, varovanje, d.o.o.","Grosuplje, Central Slovenia","Mon, 25 May 2026 01:41:21 GMT","https://jobviewtrack.com/v2/3f6ujSANWtvEpmhQzK5mv0ZhGR6ZBPS6b514WwEmEeU8rT37LklKKyC6ayGLyoSLWc0YGED-dHIlJu-syyd04evq2ZdTj6IkKBrpb7qMh6MNWW9CGQLDWUxfpFE88-qZgYDE6ZBNrQQdGMaBwG4hWMjL7sjTNo2Jd2IXg5xGnOs-MYFFbWlhI8GQeEpKNr8HFj7SFBia3x11ZY2GY1mxna7SioiOTwSPQQzDuXDEUPM",""
"tovarna olja gea|vodja rafiniranih olj - m/ž|slovenska bistrica, drava","VODJA RAFINIRANIH OLJ - M/Ž","Tovarna Olja Gea","Slovenska Bistrica, Drava","Mon, 25 May 2026 01:37:29 GMT","https://jobviewtrack.com/v2/Vk3WnQMZ8AB2q2wpiSRUkks_QqNkhHtJm10Yzbr5_1K7Gdu6CKJEDWAwDxbv4bRwtpFINJ6nUYdamf9x4KT-sOfWQpg3z4ULXjZ4YLm5NFK_YnrQwF5ZLEcXOfLm3aYcBH0mZmlR1FYQZxmIRAEoTddu6rUNS-xLLu39mVxhi7E1U2PnzAbJzPWj404DPqbtm2m_PCDj1T_hf45oyyAAfm30N7aEzT52Mrc6zX4eBF8",""
"borzen, operater trga z elektriko, d. o. o.|samostojni pravnik - m/ž|ljubljana, central slovenia","SAMOSTOJNI PRAVNIK - M/Ž","BORZEN, operater trga z elektriko, d. o. o.","Ljubljana, Central Slovenia","Mon, 25 May 2026 01:33:15 GMT","https://jobviewtrack.com/v2/o_nARQ1aAlInhvnUC5l0itoKxAC5oxOqoFDYrytECJc57TvGilSHb0sNPoWNdd5SOyu7-ZROCQDOAnSNPp_iCW8CYfnLi6jbJA7fKIcxmP2jMOC-BvzS1IfFdEqiumock9QK_PU3qKOtO_NUQBjTALmcTha-mj8Ge70zjTKK8yO5NIcB4u9g2nNSHzQnbNHCqgCMFH8VFQg6zGQddKWm0gp-MgK9c91xy-BUeX6hVbU",""
"borzen|samostojni pravnik (m/ž) v službi za pravne in kadrovske zadeve za dč|ljubljana, central slovenia","Samostojni pravnik (m/ž) v Službi za pravne in kadrovske zadeve za DČ","Borzen","Ljubljana, Central Slovenia","Mon, 25 May 2026 01:25:52 GMT","https://jobviewtrack.com/v2/SnAZO7fVJZXS0rsKeN_giIniAwpPWtBgMbQ2Goyr16dXpzLoIK7lNdslkGZtqKHCbHeYTKqFl9NzpdLSu4HLY-ATXl3NaKQyrwxQna-M7QFLpJdjqXaz9pT1j4aEg9eEKk7a-YYwLkBSFgnmn4yOBeYEelPlV0_FBwc3fFRVmTo5_lCSyHR5ySig1Zq7ybEltik6myL2A-6GRm2A_E5PaNzE8YYGqFnrrKcIrG2WIdQ",""
"smart 7 d.o.o.|sodelavec v lokalu z burgerji|slovenia","Sodelavec v lokalu z burgerji","Smart 7 d.o.o.","Slovenia","Mon, 25 May 2026 01:18:53 GMT","https://jobviewtrack.com/v2/IKHpo03FnakfKadG9BOtEvGaiIZ6NxyjCsrudHruISPHi2bjVBD8QaoFKg0hZ01KSebB619NqiSLHghhYvQ7IGl3a5b4vDjjo8rX4GFS2nPJq7OD5t-EFoPM4jX5IfujgKg4c7zRUt9zLJJ5DdFYs-EjfBwcipKel0Iq1fIHAT8XjXBdyLmiOfaRWa4bIfVe5ItnRoS7obLaFE8b7bVHlUTnX1GmcTpyR7vOVdvjv3c",""
"zdravstveni dom ljubljana|e047004 analitik v laboratorijski medicini iii - m/ž|ljubljana, central slovenia","E047004 Analitik v laboratorijski medicini III - m/ž","Zdravstveni dom Ljubljana","Ljubljana, Central Slovenia","Mon, 25 May 2026 01:16:56 GMT","https://jobviewtrack.com/v2/kYj2_SPP6Jw_eW_j6boc8K1fx8QyvFksDT4TLuXeHBkiY8gFvzJgC5_ngEu3lfi72VzoW1JLec0k-NZofWCIYS4R5Tzd5yhjuWMXHgJBgZ6HAGqdHg42jZqF69ao9WfwA6PNHSKPpi5SGvL9zCaUz8KViLvw6mGcqyPPsCOcoV68Z3vsxV2OfsDVo6yN1flrvMufi5qkmAD3unOUj6eV-Ach4YAWGXSoY_WjURvE6XQ",""
"armas, proizvodnja in trgovina d.o.o.|strugar specialist (cnc strugar) - m/ž|ravne na koroškem, carinthia","STRUGAR SPECIALIST (CNC STRUGAR) - M/Ž","ARMAS, proizvodnja in trgovina d.o.o.","Ravne na Koroškem, Carinthia","Mon, 25 May 2026 00:46:12 GMT","https://jobviewtrack.com/v2/RhkJUFriBnorgsY9ibCmyyA442Eenb9-kcJwkTTzmc6oc4-v-ZcDIjlrCbcdJCv_51AG9PuSq-arBvfG6P6kgKDmaxQc2gJP28pfvD7TAsSGuHs98NrFC0u_wmvYwAqhPPopVp_IUA2Dh2ZByk8jF8BXeB11TOmgdcO75MfCCitHvaiO3sIGL4qtOZHqXcK7_0kTi6GfsMt4A2Io5WZDMowyUsmxhu8GRh-QWzaXrXo",""
"gimnazija bezigrad|svetovalni delavec - m/ž|ljubljana, central slovenia","SVETOVALNI DELAVEC - M/Ž","GIMNAZIJA BEZIGRAD","Ljubljana, Central Slovenia","Mon, 25 May 2026 00:45:52 GMT","https://jobviewtrack.com/v2/SgDcVJkjz1UXmDBpWyFjNxnqMzvUFz0xZCj4-ekWuAo5Cqk8XTjSrXfOIkzZWb5Ao5A6C4k8wlhx_PfpD893ijrhb8lnix47qvIzteqL3R0zPWRFZlnHL8BYgkjmpxUqC0svP65jRiqeZzwJI65PAuBrO06ZtpPvZKsekJAV5rDRpCGu_HJi9eV9AqebKFPQi94UhyDNwaOOt9f79DHXBMQzp7PJO48tqs3PkwiQwWw",""
"ikea|zaposleni na oddelku ikea food (primarno za logistične naloge)|ljubljana, central slovenia","Zaposleni na oddelku IKEA Food (primarno za logistične naloge)","IKEA","Ljubljana, Central Slovenia","Mon, 25 May 2026 00:44:43 GMT","https://jobviewtrack.com/v2/jx1a--7VAvt6zi7gEUV2f5trew9L8wzIp1utrnTG2QbJgufxHLHWIDRwCtUS4-e7pFEh6lkLrZ5RFenNJ-pQJW3Yq4JISLk2dtDF2TNHAtJJOfAmuQbi7KQ3PNnR0pokz-A-q-VFGLmdSy9nuZp6LJfUmo5bBLTED46FrOoleMku0tRA8ZJ5EzKDsM_47I0Fyc_Xj4Rygh9roZWBI77jX1kLDRbruYFB472wfXmKZkg",""
"|čistilka - m/ž|kamnik, central slovenia","ČISTILKA - M/Ž","","Kamnik, Central Slovenia","Mon, 25 May 2026 00:42:24 GMT","https://jobviewtrack.com/v2/2whdBUjRxeNeOttjb56comeY3lwoMtPivyfA8B0bWsASRZzoy_Qungw6fqNVlIvoJTzIm1JmzLv52MJ1hAktOMoX86CJ39vGl8DYanJOCfOwhDKgy8S5ItWoU4LFxuL-xiRLTs5cdME3K5e5aL_NKV6HLkQVvYOjBlvXMlTWttW_9R2gm3COd8vK0J2dButNAn2si_KrNrTHMMsjaxZyT_Q4tFyN1UCLjI36GOLpLKM",""
"|administrator - m/ž|žalec, savinja","ADMINISTRATOR - M/Ž","","Žalec, Savinja","Mon, 25 May 2026 00:41:50 GMT","https://jobviewtrack.com/v2/LuVB0_Ua2qc8O5N6k8Fy5WY3gJ0ztf3F88rO6NC53vEwrCl-XTmsxpI8B7N7XieK4h2xc6zwGpVVIHkF5rX-2ZTKpEhzoaF3V5DUSGYPFSdCq_dkvY1DTchkC4FmCq4sqYZc0Smi847yDwyjnlsPcqguxRIZlpOaXAATLKJi5DkLiL1AvAT72FClRWbBSZFY_LSkIw61APfMiR24426LO1Lrx1Y3k-qjX1e4hpoKCjI",""
"e.leclerc|referent za digitalne procese, kartico zvestobe in it podporo (m/ž)|ljubljana, central slovenia","Referent za digitalne procese, kartico zvestobe in IT podporo (m/ž)","E.Leclerc","Ljubljana, Central Slovenia","Mon, 25 May 2026 00:27:01 GMT","https://jobviewtrack.com/v2/hKhbt4T1orgxtzIv0Z86nHO8LRPB4ljvPmmAdkUsL2v5v6JbuNP-MdUnsWkqZvzrI_gwXFoDG3tkBaIjzKZUSOAKmRFNei1vqDPtYkOaAIa4v7UJEvUYt38JnwkksdK45rmqAANKmGRTlOCCNBiFCbQ75uFbvdTJ8dWP7mxAhaD_7Re-wGJbMFONuc71IeQN9R0KgdMy-l-MnGUUw4rEPY9GWWsGvKSNv_3_7ud61NI",""
"dehkatrade cetin trgovina in zastopnistvo d.o.o.|vodja računovodstva - m/ž|ajdovščina, gorizia","VODJA RAČUNOVODSTVA - M/Ž","DEHKATRADE CETIN Trgovina in zastopnistvo d.o.o.","Ajdovščina, Gorizia","Mon, 25 May 2026 00:26:00 GMT","https://jobviewtrack.com/v2/kEcJpbVgAxIVzoIhyiJZe7erDt7UCVRd-z1bzDASdRVBv-GG1USBXQsZ5bFiBAgQ_FujkjNzHbAdk8i88OKtTHA-RO-Sgf85HGpLYFDcZilFPBOLs9qUaVNbbb_tMotsMAok5mIh80r7xlivjfjSo_8F0OpOFsoxaHo0lt3qaVMyXREifnmk-9uxGaoD-A-y0ZhnmEKol6Dk0d9fv-0ufgoLJ1bBQxetQQ9nZjqL_r4",""
"savoy, varovanje, d.o.o.|varnostnik - m/ž|brežice, lower sava","VARNOSTNIK - M/Ž","SAVOY, varovanje, d.o.o.","Brežice, Lower Sava","Mon, 25 May 2026 00:07:20 GMT","https://jobviewtrack.com/v2/yN3JIyXnKsJi3mrjzErAmhRbN0PWnDlDhrXQNAZjLvgHQTAJQIKNSboJPiMw9Adz7P9GDxouQx1itGX0q_M7HbRszYoO2FBvUFSz-jD6wWBplyRRKbsDzjDBFPyx3Vof07VXhyX_B4xyaeff3nJb6gCJzEiMwB_tNJRWsdIv6JaB4v7mdC593ZEidjvwYnizc2jndEIDx8TQcBKXTcQ_YtMRmQJFqHVFJFaP6lJVq7g",""
"rutar marketing|skladiščnik (m/ž), dipo kranj|kranj, upper carniola","Skladiščnik (m/ž), DIPO Kranj","Rutar Marketing","Kranj, Upper Carniola","Sun, 24 May 2026 23:57:31 GMT","https://jobviewtrack.com/v2/vI7wPZgiScqq53bTxZwuA2vmtsTs0lxweGlFp9uVgleiRfVZ79qG3Kb5ZXYR088pnhnLnWiq6MubvzdJfaP4arSv1ZPC8_EQkouH3HH5ZqPGA97dOOK6sIKCka85uDre6VAt7TjHOyCChIMwIv1vfzy7geyp29gPiESL9OJ2E9l_LiVV_c2kcCRgFEX-c_MtL0BJqIbn7S6TyzeFDt1hqhYvLjyzdP2J17NNOdcZ48c",""
"|skladiščnik dostavljalec - m/ž|ljubljana, central slovenia","SKLADIŠČNIK DOSTAVLJALEC - M/Ž","","Ljubljana, Central Slovenia","Sun, 24 May 2026 23:52:34 GMT","https://jobviewtrack.com/v2/cCjjATYhBPIuugrpVDzbwRKJMG1N-SEWwA0RCCP3AT6t7bN3MXhvI-px3G18Ug0OXmxY73Rx2CIfPO0OAoIGbskIqEl6_YXJKAG6-aduJ5f-wFWEgx11FjDx6cGo_W1w-hVNIgMG4bbT0LLaXFOLieNaUNfRrSYnOjf_xswqI1seQrQC4quH1nHSvYsBzVcnICjJnSMHarJfp4-ADGgmY6ALZ7hVMJoY5pnSeQv2QyA",""
"zdravstveni dom ljubljana|e037042 dipl. medicinska sestra v ambulanti - m/ž|ljubljana, central slovenia","E037042 Dipl. medicinska sestra v ambulanti - m/ž","Zdravstveni dom Ljubljana","Ljubljana, Central Slovenia","Sun, 24 May 2026 23:37:36 GMT","https://jobviewtrack.com/v2/_8M6x3N_Ai61y0SU_dry4gzxzvc5T4maItn9_84DobsHxhtJLHSeLLoBPu4hIcbHVaFESRj_Gu1WNwx1uqU7hq0LajHPveZBdZQX0fbLroZbhTvw5-21qIWPLC7z9dqsNlA9uuibmT7F4gY5zpq39glx3oaZEeiLZN_RNJqO_HVq8vASL6mYTeJqCDeQldHSNlHwLF0HftssDgI4fz1DKgqtqM1j31IZ-IQVqxM8SF0",""
"mont montaza, mehanska obdelava kovin, d.o.o.|poslovni sekretar / kadrovnik - m/ž|maribor, drava","POSLOVNI SEKRETAR / KADROVNIK - M/Ž","MONT MONTAZA, mehanska obdelava kovin, d.o.o.","Maribor, Drava","Sun, 24 May 2026 23:37:00 GMT","https://jobviewtrack.com/v2/7j6FcGKX8zqlnMQ250Uosj0M43b0LM32BIGRXYVuVkp_TRr6gLMz-dxS0LraOTUR8b7M-YKzUuZJRjR06OVFEQ2yYDV5cY5ic7UR8R90-rilxEqb-PM5v9sWYaKt1w7ZguBhG-1JTWjG9qkGGD3fCYqJSQlQEoVAcAgEnYZHO2rNFTEhkJ5bG5Yq0eLIjFNOnEopJrsBgAKNTxFWMR1sToorsJ0lYDevTtmBrDhqNX4",""
"aktiva čiščenje|čistilka upokojenka m/ž - sežana|sežana, coastal-karst","Čistilka upokojenka m/ž - Sežana","Aktiva Čiščenje","Sežana, Coastal-Karst","Sun, 24 May 2026 23:33:37 GMT","https://jobviewtrack.com/v2/r0OaduH-93fwRfgYCRg5bobifMqFhgq_xrwQ_uz-hrJGbLFGxtrOCA6VDnqXnl0Aih311wF8DdQJGfKWHGFk0GlHl3kIsOhYdvl84agrKfl-8Lmi-qLdIdtLDsAT0EaG6dIJS7CcatNn5SoAL2DaNX_K95coeY4kGE-2SLsl04XkuWUWTvAcBwaRqVcwkOzmvIPYXIBG1ZIBuUnWDMnu1aeQvb2u2b7OXv4zrN25a7Q",""
"strip's|produktni vodja za lastne blagovne znamke (m/ž)|litija, central sava","Produktni vodja za lastne blagovne znamke (m/ž)","Strip's","Litija, Central Sava","Sun, 24 May 2026 23:24:44 GMT","https://jobviewtrack.com/v2/1S4G4Ak5m70rK1Pak0Rh7QeiHDVNzzn0kpGFyNVGAQ2DrGV_iTw8euj-qUEj4WmecdN67Pn9Uywv0GuSJVs0ANzcwCfpge59dWlTpx4fTBdmhshLJmtNfR9oiElQeNrM1l6w-D8O5OL3LQFvVjVmIrRBjdBMhz1V3kSIGaeFyRo7W_n75yVbSEPGdmZGnu0gxf1TdfT9HEdLddUay0roLS3wbW5XEN0goeA5HV4DrNQ",""
"mjob|študentsko delo v skladišču proizvodnje zdravil|novo mesto, southeast slovenia","Študentsko delo v skladišču Proizvodnje zdravil","Mjob","Novo mesto, Southeast Slovenia","Sun, 24 May 2026 23:19:38 GMT","https://jobviewtrack.com/v2/VovFOOVeQuG7Mwmesrui2Gy4W26Aq6G8c3vPzXmkqI3Ri6m_tAKlLnb5Nb3YnVZ2yur1nmhhlmdqti3DbaqA8tH4Y-yiidZocUDvrNGMMV7PI8l4qHVNX_Bd7LbM7p4Xd24_Yp5YKn_OaepxFMkgq547bukTYZYTq22hVOv_LDENmFb84P2AroQOoLsOe5ttIBIlA5Am3MCSpvx1-SVOy96epgbPj00XT8nOVcngYv8",""
"intesa sanpaolo|specialist za kartično poslovanje (m/ž) - ljubljana ali koper|slovenia","Specialist za kartično poslovanje (m/ž) - Ljubljana ali Koper","Intesa Sanpaolo","Slovenia","Sun, 24 May 2026 23:09:57 GMT","https://jobviewtrack.com/v2/0mNEqfwLN1KXGmvUKdkoy-axn7zCKdYfDHlv6upvXem5tYtpvyfk0efs4qmom3qE3aaKM7cHRp8oDaELMwTJQwn_IyNeAzKRYloGXN8oRR055E-Xb9tGYeBhM9VSV-w3YxswasDLUC3_T518_tDp4FAd6oR3X8NtL_1-J6Aq0VKvW3V88MeVl5B8aPe4HucUF5xWkQMFwDFDjz-ANImea7nXrB4AN3ZvWOZRfKBXomU",""
"komunala sezana d.d.|delavec za pokopališko-pogrebne dejavnosti - m/ž|sežana, coastal-karst","DELAVEC ZA POKOPALIŠKO-POGREBNE DEJAVNOSTI - M/Ž","KOMUNALA SEZANA d.d.","Sežana, Coastal-Karst","Sun, 24 May 2026 23:01:59 GMT","https://jobviewtrack.com/v2/DPMbzYd834GE1JJRiZZLQnCxemjOtRikNsTwws3HwzjiYk_2IOUW6fByusIkUp11YO5m2Whk6NBR1lrtgCmOtT5dN8SXS2H7-7rMcNrIe-whLYwYLF6oBSl7HGWilmlkKvwdByg-k-CnUlANF4GPIi9hCvHsDHxhfPlADBRxx6LSp-jeLG8fe5SDMhnOq9cDFJAGnDdT-hLZU-duEaWw6EwAr6OVYq_QghOiv3e19Sg",""
"lekarna ajdovščina|farmacevt ii - m/ž|ajdovščina, gorizia","FARMACEVT II - M/Ž","Lekarna Ajdovščina","Ajdovščina, Gorizia","Sun, 24 May 2026 22:59:40 GMT","https://jobviewtrack.com/v2/Zp-xRKJMBOoGN-27a20dKeziiVa4NLaqyPBhID2NkdOmoBVlIATjKjJ7xddK0yNBB3X2Z2pjq9NBqdldjRVaR7GKcVm9O6lF97gle0yS_EHxwwEOqWnGpw1og-FsYC5KSsIM6QNZGB1BY-mfsgOwixAXyVLv3tkimg5tfNpTDxTfiBU-pHJyavBuhN9WjRe0Y-f7zp_MtXE3c_O8jsTlu0Z6_syMhW5joUVjMDP03b4",""
"osnovna sola 8 talcev logatec|učitelj slovenščine - m/ž|logatec, central slovenia","UČITELJ SLOVENŠČINE - M/Ž","Osnovna sola 8 talcev Logatec","Logatec, Central Slovenia","Sun, 24 May 2026 22:58:22 GMT","https://jobviewtrack.com/v2/mrXBaNqF_ZAta2X3T3JRJO3adLSHk382Ej8f4gl0I87NfNszz5kHFErL-cn7OQlUA61j4t7l8VHgcCKvCl3We9vk6cU3YrzU3w_lf-OsdvmcyvlAPF8ILbchMQsqNIFY2KFIIKpRf9u_gLqsoY0dKeFhZOTOphm25F1yEvCcgma0hQTT9Jpa5dJq03uUnN2nK4Zmffa3wZ9t22W2JHfdyPCOVHXOjezPRXobEyLDep0",""
"kliminstal d.o.o.|vodilni monter za prezračevanje|grosuplje, central slovenia","Vodilni monter za prezračevanje","KLIMINSTAL d.o.o.","Grosuplje, Central Slovenia","Sun, 24 May 2026 22:54:35 GMT","https://jobviewtrack.com/v2/UHBkxmgcnoMYsVoQ6H6Bns3uLqAHdC6HqrbLvOoI_XI6yN1dQZReaiJx_QB43IcI4znnaEhi23DqA4IwynZnxKDfKyEzrNkTGVY6kYi0DLHeLdWMokY56dWhQnX1wIv6clLlqVa4_a4YkVnxvR6YUlrVgzegmlwssGd_BHQfqI3WNs3evX0GQbOs0XddQdB5xHk3m8R7gSjmJvL5vEns1T5wNm7mNqnh8YM9emZyOog",""
"europapier|servisni tehnik in prodajni zastopnik m/ž|ljubljana, central slovenia","Servisni tehnik in prodajni zastopnik m/ž","Europapier","Ljubljana, Central Slovenia","Sun, 24 May 2026 22:43:17 GMT","https://jobviewtrack.com/v2/zq3jilR2INgDiXwtgpYzKPwERGPPhZIncM9qVSAF6iBox1nC9pg619Z01gnnAcECDnLu5z0xYl-fj-PdQaD-WDRyAOXPiO6fi-qsSk7_rQ78LY237nkcIRAwR5yfBxLM2Iv9nkTM7UWNrC8h6tO6F0ZPn_5O1L_1sFEpv_dRw0vIPBf6-QpDPKTPNvknaUZVsI-VXLVCx6kInj6khPplNWxFhJVi4fEujPw7R_B6Wg8",""
"varnost ip, korporativno varnostna druzba, d.o.o.|intervent/varnostnik - m/ž|kranj, upper carniola","INTERVENT/VARNOSTNIK - M/Ž","VARNOST IP, korporativno varnostna druzba, d.o.o.","Kranj, Upper Carniola","Sun, 24 May 2026 22:39:39 GMT","https://jobviewtrack.com/v2/oBDKgDFjWwlfl6H_3j155H2p-frkf_sqRR2YGy0eLx2NMrvmcNKEu1qM4OP2229QLaWCEo1qIxA3DuGXFWRCAnk7zKAigLBXVrG-Ny9G33jCcEnW416F2hS0uI1eaJHG2FvLGjqptDObxgkahNp2qp9DSaWaEwcUjHYQ3VXQ7bfwagwAGPw-g1xAQQX81uFNwL9BDYuBZNViqUYEhFIjzhPexeSUBb5CWWrn_M38bRo",""
"europapier|servisni tehnik in prodajni zastopnik - m/ž|ljubljana, central slovenia","SERVISNI TEHNIK IN PRODAJNI ZASTOPNIK - M/Ž","Europapier","Ljubljana, Central Slovenia","Sun, 24 May 2026 22:37:42 GMT","https://jobviewtrack.com/v2/R9NMDCus3mBtmWbUTGxTP6-1LF0Kn-kkhLSEnj5UfRc54oyPyQcEb1Y_ldj7iEf6o_KGlmUTbjfOa8yo45XPH-JdtA9OpITxvOv118mgzPDPTiU5Y54mHDsgifoVcB8JkBvPDfZnb2z-8PLLhWlPMBvvclHhVYWtQOs1Nf5qK78evEWPJDa95BZMIq70WP1ebzKDTTaxeY9dxVQgYfX1iMxFr5BFvkvPHQoYEtKHEkw",""
"lagardere travel retail slovenia d.o.o.|samostojni gostinski delavec - šankist, marche lom (m/ž)|logatec, central slovenia","Samostojni gostinski delavec - šankist, Marche Lom (m/ž)","Lagardere Travel Retail Slovenia d.o.o.","Logatec, Central Slovenia","Sun, 24 May 2026 22:36:37 GMT","https://jobviewtrack.com/v2/Smh4vMkrdgb73aZrpgquitzPXNlB9fZKATCnwTPAxQ9VA9R3qSGSiDfyyreAGg1RvgQUKHO3QdARmTrsMraY5wLCAMSxH1gb8JgGO30HWmPuTOOVbIpNSa5477BOHaccWeB4B3BwTpfLPYqUB3EMDWo7mpZxageE69AjxR-ChzEJ-e-nZJf9gdXN-SThAZOkhLOPxAl9L4ZHkJOvbVKXfRRMYegLHd-K6urScmLKU4A",""
"imp pumps, d.o.o.|elektro vzdrževalec (m/ž)|komenda, central slovenia","Elektro vzdrževalec (m/ž)","IMP PUMPS, d.o.o.","Komenda, Central Slovenia","Sun, 24 May 2026 22:25:10 GMT","https://jobviewtrack.com/v2/dhqmq_jTqmEl_4jVJSWi7E5Rk5b2oQlLk1BUjn1OF3Zqt_Xpx3a748kf_Fkl3XcU43pS22k0dmzI8JGVtCh5QiiNqJQz1QHdMLoKek7UazJqyHQ-e4fTnF7Zbl3XawUwgmRmufEgnrGmUpA1HvL3vZVym6muf-S8409uBlQEHTsYKtqVm-PckbHdil2mHg2VF-rgB0iQuT8VCdw5ZNPH16TOY8UTGIxTNw_10liEBso",""
"kompare|product marketing manager|ljubljana, central slovenia","Product Marketing Manager","kompare","Ljubljana, Central Slovenia","Sun, 24 May 2026 22:13:30 GMT","https://jobviewtrack.com/v2/vRn3VvANqOz41s2kViO_V_igygk5IZtsottKiXZdsUbPY31bbRF9kea1V3bbprFa04T6su90T66JXS50sV1Z7zt8Wi9_DZfa5J81WYi-n5o0aaKiEuTPgA6AW_tHMRO44vQa9_syxrJ8icx3s29RaH0sPmlL_fdn2dbVyPE5VVtGhsoMK1wB4oCA8JgAivAtQ-gGb24sd9IQhKnG_q1fEp_e6HOpbHqsGpkKOva8ti8",""
"jp voka snaga|čistilec kanalov - voznik« (m/ž)|ljubljana, central slovenia","Čistilec kanalov - voznik« (m/ž)","JP Voka Snaga","Ljubljana, Central Slovenia","Sun, 24 May 2026 22:08:46 GMT","https://jobviewtrack.com/v2/MVPvvQCua1p13pLc8C9Cy7svlL8epvXVOLWgRn34H-zRYcaes5HYwKioaLS4ZNd5QIUqyJfhJPXl6zIMYxYS6red5w84fYJ_JHTe4BXbXhuzcmeLdE7u3M7Bv08lM2-4wb7hsKTEnP8dtSsyvVeCYj4xyLim51Ow1MFozQVGw2cO3R1N53z5fDA6r3_Ext194zv_kZqHYj0IQb0Fs8F7hqpRpccpXDYJoiuB59wuvMc",""
"|področni svetovalec i v oddelku za projekte dm 9309 (m/ž)|ljubljana, central slovenia","Področni svetovalec I v Oddelku za projekte DM 9309 (m/ž)","","Ljubljana, Central Slovenia","Sun, 24 May 2026 22:08:11 GMT","https://jobviewtrack.com/v2/X03KZ32eeNeToOoAjufByrSoRxGxW4hmUNq9Gll_3DL4u9870s2h9EXZbJPQCI9D_gsVVUOgtYTr_h5ZqcGJx0xJSIv-LJrr5nPsemYwco15xO1dN2qF0sGXw2PeLMXYvTqXfPsmpY9qJuTn61ukg9XxYPYFQdT9s29CujF9NBwIJm3E6cWP4MtfanMhoNWm8qXPOlkIgfYInSuGz4SFE4OFy40hEer0nR3Dd5p06qU",""
"želva|socialni delavec (m/ž)|ljubljana, central slovenia","Socialni delavec (m/ž)","Želva","Ljubljana, Central Slovenia","Sun, 24 May 2026 22:05:01 GMT","https://jobviewtrack.com/v2/pIk4fVMQk3nLgaC5njcX2el7PbwArwLip0cfgmPquGJsOZpvXodzojdHwbZvvCWhlDkCXlVbQ7WdvseF9oequkXN-y551QTw-91pJWq9It7Ewz3WcB7ZoR7hY2fb9jeDEvrcBMJXguML8rKRVus_WmnuUpjGaeTkEFohPOkQk6Bv-4Ot6MgGKDEfURjHWb7hVu10S7Bxlo9pomVjvN_518SWvYkGnw_xHV90nc_9BCQ",""
"mjob|klicni center|ljubljana, central slovenia","Klicni center","Mjob","Ljubljana, Central Slovenia","Sun, 24 May 2026 22:01:46 GMT","https://jobviewtrack.com/v2/JOXH7Og4JnenOLNDud-jmRo6XATL-nIaiq5Kp8tCVGMw0Yu1oU7u9ODxHCM3Qt1FCxAd2pB2GQI1Uac7lP9LOr8INXgd4FHwhY5MRYQ1FtWsHRsMfRJKOu4BD5WO700Wbvru_cJ-i9DuU7zWd5IDmpAbKYXHYAMOluMEOcVvhlq6ERNfOw9sSuYUBZK7xQUDVVNiNt0ykdiv0YkkW_xeNzvEfSW37X0mnqDM8DduKnE",""
"gostilna sokol|čistilec/ka|ljubljana, central slovenia","Čistilec/ka","Gostilna Sokol","Ljubljana, Central Slovenia","Sun, 24 May 2026 04:44:05 GMT","https://jobviewtrack.com/v2/Me5SgkwEEKIEziRXtEiEX-XHP278jcBJGSLi8QRc1QAUJnOsvYM0Hb-v-HOLQjVLGEslRxOnyKGRt_Wo1XMkrJBAWVWyTGxHotMI0oniqpuW2XMb-JjE9qwN1yj2iX4rdBnOkvfDdEgO006tg2i4-WQzGJTvgnLwZ4g0Gkv5_mc3x_gCiU3Lr049cdQZ1acFYt3OF7mYkuTciYs3CJILvkOn_tmLFx-ZEdUkr8344R0",""
"gostilna sokol|slaščičar (m/ž)|vodice, central slovenia","Slaščičar (m/ž)","Gostilna Sokol","Vodice, Central Slovenia","Sun, 24 May 2026 02:12:47 GMT","https://jobviewtrack.com/v2/qeLge5wCRJ6d6aF1WQ7hpKJ2fR2ss25jL_y2hsWxdY39LeHAF2Y6oYwLAp6uiJ5DApG57W830kg7PKQMGNhNi9VNWM5l7_48E9cM8M4WLnvWIcyaynr2h98-agcs6ahkqyehOX-DmR-UyxnrVkk8NWydA0mvwfg0fS1bw_Nm7c8wwqJO1tEb6vNB6FvOKBQnZ86BJTznGCJ7FHxVwOTbWiWo9u8q32aWRpQpTVMqv0g",""
"gostilna sokol|pomočnik kuharja|ljubljana, central slovenia","Pomočnik kuharja","Gostilna Sokol","Ljubljana, Central Slovenia","Sat, 23 May 2026 23:48:05 GMT","https://jobviewtrack.com/v2/24oGTLyDQVVKgdKkyDVEysvE9pd0Dgo1nz0gfi6kR_yoi9v2xp5iF4ar38uuwCwfDT-PblxzFMHSE7trDt4pjUAnrUhxDWn2Dvpal6ttbZoJKTJmVinhBUeg23Do7nE3OE9hIRvZAq6YITS99JjCkn5OpdmOzHqbeUUjUeyj7w3r3vYrrDZiEU3-l0NrKh3OBORB1wBL5xmPNim0twmlG__pmfD2aJ-Jxn-52Y9LTc0",""
"novartis|as&t specialist (m/ž/d)|ljubljana, central slovenia","AS&T Specialist (m/ž/d)","Novartis","Ljubljana, Central Slovenia","Sat, 23 May 2026 22:24:07 GMT","https://jobviewtrack.com/v2/IY65mk1eO2h1Vo5waqERB4i4qLlmAOASj8uHUh31oz4dEXxQbxQ-vmIMTT9liiEw2nfxbtE3kJ43R5-_UEF-WKVa3iXFKI7_zJfwZvk-Hr4qCvXU15mnrLPLKVyKJ0FJ8h8RzaY8bv2qygCeEMdGmPmjSogYoI9yfLJtuwA3ySfqG5Y5H35FRg0tjwVHOo88t2cPujFuCseSO8TKnlj2mix0mWAHpgnb-WsP-vQVx5A",""
"geneplanet|skrbnik ključnih kupcev (m/ž)|ljubljana, central slovenia","Skrbnik ključnih kupcev (m/ž)","GenePlanet","Ljubljana, Central Slovenia","Sat, 23 May 2026 22:15:51 GMT","https://jobviewtrack.com/v2/u_VA2adKdsCNvmSVVvE9zo5NbJg2-TRv08vOJKOCwNJGBpAlcVmlLHqBJkLpSxOumMFPfynX2Og-TT3DWiuaZbHMPypnHXW0BfozH0VBkd3jr8sfo0aULrP-JAzAftc6ufSzQGER1d3xK-4P5sKcn0FRahb7GmEK-6HOAWsobsbDycZurbw6jL6_u18Lc2bU5oa572b_dB-cHbVpk2wZnoXg3a-7Re8oK_yJaoL7ETA",""
"trenkwalder group|pravnik na področju javnih naročil (m/ž) v ljubljani|ljubljana, central slovenia","Pravnik na področju javnih naročil (m/ž) v Ljubljani","Trenkwalder Group","Ljubljana, Central Slovenia","Sat, 23 May 2026 07:51:35 GMT","https://jobviewtrack.com/v2/gPk9KLHf3hmzmbqspDMaNPcXDvI_tB5foViwLtiBABgr9EEnHsaRUZue2PvI0BhTgLllAs4Q_A3XzJUitEy4CcrVvfylfDx35BG12KF8vdqLlBj2vYYdx2wrzDVnKe5q3AEFMvOzLbgTgkFZMzpG7rUdkp9JLEd70k_zonwBHqOIzMIZ7o467BLe5uNUjBjctJPFgNEoqiYnb4Xjpz1ynT16tgnvb-i_iAUdyKDGPWU",""
"|tehnolog - podpora gradbenim projektom (m/ž)|ljubljana, central slovenia","Tehnolog - podpora gradbenim projektom (m/ž)","","Ljubljana, Central Slovenia","Sat, 23 May 2026 07:38:17 GMT","https://jobviewtrack.com/v2/Fyjoq2B9WHaHAElVE-s52NDf0GuZsTXFNzU_Xws6O0CNoytEZBb7E-new_jrgHZJ_c_tig176O8fc9Bmh4c7-kBK-suF0Dn8mUmbxlsN4ZG0aDFOAV55amQ20AQ0IHUd4pOXaZKY_YstVYOCau3gji7-64jC_BKqSr8j5qoVuF1CbeSgok3L49gctAj36T7B_0FnWuBbH3GnA48y9-YDk_5U28xc1ylrPvtAzIOvp0s",""
"|voznik (m/ž)|slovenia","Voznik (m/ž)","","Slovenia","Sat, 23 May 2026 07:36:18 GMT","https://jobviewtrack.com/v2/Vd3FNtLv5982cjm66rGWNWL2pC87P1bRQ5VODs1t3bkUZOhWP6juB2c2v_EYqHAnbeqvIMhScwHNrlBC4urd_rk0Az_YSol_eujKR7s8XzuaybjYKTMH0LLlElOAcFXt_fUUUpY07gGf3SJfd_j3Aup4F3dJqh4Ozsdh70XXVwNPd4Qq2sbZuWjU2C6AjG7Qyg6XtlXtyfL051FsHTb5KdzW7HU_-_Lxcp3OD9n_Gko",""
"prigo|skladiščnik pnevmatik (m/ž)|slovenia","Skladiščnik pnevmatik (m/ž)","Prigo","Slovenia","Sat, 23 May 2026 07:08:34 GMT","https://jobviewtrack.com/v2/YvcVU25tT_UrDvahbU5w8h2OIwgVminWaphDyEKT6Eijm7ZS4WP8MkJti8Vfyln_NGoP2SNSpXzXT8YOPHcd4pavmFsIqpcQPLLvIxrwAVHjt014jCq9o7nRaLwMlNIp_cpqwkmhYaeWU7fmZDue6IIy6UuqtHmhEkR5MyFKQFh4IvtuVsxsr15ih4goqo4UJIoTafmmjGGcnu1upKxRdXAyIaj6ClcxhmCP-wz3Wd0",""
"kansai helios|upokojenci za pomoč v proizvodnji oziroma skladišču (m/ž)|domžale, central slovenia","Upokojenci za pomoč v proizvodnji oziroma skladišču (m/ž)","Kansai Helios","Domžale, Central Slovenia","Sat, 23 May 2026 07:01:19 GMT","https://jobviewtrack.com/v2/Lve3R5u7OGAc0Cu6JBcp4_IjFwRbGih-NeXVbkbHbUbcEOUs1tUrkxVON8bEJPYQhZdU2SumSwDRHksXehUB5UutcPoGrpsA_w3hnCA7KtGAwxi86T4ZBl5Gc81QV18RboQqr3-amfO2Cq0VwwKybOmZ2SolkgxJG292B_QQAfyV2eOoPa3bqiNzYgm3LPmWTLNNNevBjde8X7xeGBbrecLJQjMKR4JX-yljfffj364",""
"manpower|elektro vzdrževalec m/ž|komenda, central slovenia","Elektro vzdrževalec m/ž","Manpower","Komenda, Central Slovenia","Sat, 23 May 2026 06:56:00 GMT","https://jobviewtrack.com/v2/KSYV6CCTreWCSe8tpg9hdFMT7ATxbR_fJRVvC8-KEkj5hwT0rEPC6r4kCGUwhNTsRy9lautXd6JsJHdsthZ1p73v4-VnY22wjICaUaPhMt849Du7Rc8nx-qwEN3zXbHcN4RiZ4Ug4wkr5gCO7UWtmcLHcs9830rbpZaaaE_WV3eFyt9POOL08f7YzB22apLCuQA-fDnzigc7tTWXsQdsh0Yx0OA009rjFlPc4tXw-rI",""
"ak automotive|vzdrževalec - orodjar (m/ž)|slovenia","Vzdrževalec - Orodjar (m/ž)","Ak Automotive","Slovenia","Sat, 23 May 2026 06:53:28 GMT","https://jobviewtrack.com/v2/KEAOLzB0F-fJYrlQyyJi89IJKMfje2rGDI6ppPbrwgiTU4LRW44Rg9wixE-IfuaG6hpTmxY9CFcEleJFHZ3yqEHN1Z1aM-VxNHsIDkosTKYzQFvTenKyAGwTjUOeKCsIr6cbZra67pgGkTL028wofhjJ--xNTKAs1BM8PC9BpivZpWFIfTxup7iEJSEu6rd3biYGcdAEDNgw9fvBa6tg2nmwBTpa_p6ivO-d5VEDIkY",""
"whc d.o.o.|skrbnik ključnih strank (m/ž)|ljubljana, central slovenia","Skrbnik ključnih strank (m/ž)","WHC d.o.o.","Ljubljana, Central Slovenia","Sat, 23 May 2026 06:52:59 GMT","https://jobviewtrack.com/v2/K1wyRk0Id-3pAAzlkVPVQfLOxB6ZU2n_EUHuH2UWK4MYJ2f8cWHU1pEEbvSzkXSKkpsbjv0Y7Quxb2hAutH8ljMsyk-womcenSyPGJLTlYmccuoz5AfuqSrwfn1e4ysvpYDQphwRthCd7alMepXtzu8cY4RLgA_WcIOVPijvVM_j8c2qzvtQ3IxAZm_bbIZRjks11f4WbOM-vXD1Pc012RpnTRpvRSigS3LfK5v3NuY",""
"jysk|namestnik vodje trgovine (m/ž), šentvid, ljubljana|ljubljana, central slovenia","Namestnik vodje trgovine (m/ž), Šentvid, Ljubljana","Jysk","Ljubljana, Central Slovenia","Sat, 23 May 2026 06:47:18 GMT","https://jobviewtrack.com/v2/3S3NxMk7TTeiCFugZJi_S5TE5_mdFSl9kCPPvGCPOq3g8jfPvcC_km8TL6BOFtDYRAIZ6DMAw5iyd2XHTub7Maa5CCHmOtC19oYPvasa0Hq40DKxGBezvByrUnhAoiBJOFm4-eOIsS67bGWwFRvYzbZoMY5aT49HdqV2aGHBRjpRQj9hmsrR1cqFNObi7RCuOaZsWzhCarRhJgLm3VxgmR7lSz98FjeDiw6DOCrZK6M",""
"zdravstveni dom ljubljana|e037013 dipl. medicinska sestra s specialnimi znanji - m/ž|ljubljana, central slovenia","E037013 Dipl. medicinska sestra s specialnimi znanji - m/ž","Zdravstveni dom Ljubljana","Ljubljana, Central Slovenia","Sat, 23 May 2026 06:29:35 GMT","https://jobviewtrack.com/v2/JOrdLeEbsQpUjpMQUMAhZYPAjlGw06sOVsoUBTubCefW3UgsFsjUl-4JlkES-lAFd0q9lRiKfwGE0LOU_JlbP_z8MDnQEPBt3DA1DqkA5ilRyAhM-Vhi6afYOtg-dOt9ayUk1WbZhRYzdp5vkDq8EBRygYvAMnxPGIr4BrxvLq7_ImwMJ-qM_zBV6-nJ3_RN6jUICmVdxAASrzyY004XSCwnvz3MZa76dUoJlLyZeCE",""
"|avtomehanik - m/ž|kranj, upper carniola","AVTOMEHANIK - M/Ž","","Kranj, Upper Carniola","Sat, 23 May 2026 03:09:50 GMT","https://jobviewtrack.com/v2/RbLj6Buvgtgjl8rqhgW5X-F8Oj1neKF0XHCBZNTjnk8uJF64DfTskRxN15iifkyf3yXWst8gzvkQJ2HcnmcODAQbCqwPAMFdFvKnAJo5ekyZlVyLlrfjacEEYI1FmZfHf0PgpI_gyIhU9DSUukzGj9AfNv9PDaIO6VNThn1XAwC_LQ_51CYKkTynONScX2uRqH7vIKafwIS7LPKSdcQOVMIRR9XCAFOGWFgJ3RZXaf0",""
"|organizator prevozov v mednarodnem prometu / disponent - m/ž|kranj, upper carniola","ORGANIZATOR PREVOZOV V MEDNARODNEM PROMETU / DISPONENT - M/Ž","","Kranj, Upper Carniola","Sat, 23 May 2026 02:47:16 GMT","https://jobviewtrack.com/v2/hiLHUwdM5gXHTtgK4svX08es4NLvmpVIUC-wDuFQeViJf9w4fhGMS1KYxagp61U72Xd6EgHcdAxtkR2YpdI_FNoPGtXwX3v2g54GmCwzhGF1JcGL1aoMUzIiEPAcWqvEQZSiVb9BuZj5uZHhVPvj25yVEsw5qSQeCZcrFHo7kZ-TU5pjNy6tk1Knm3VbGQA1qjv_DdRMr08H6xjSrybTSknY1BZPgB20S0D-se5iqn8",""
"|radiološki inženir i - m/ž|kranj, upper carniola","RADIOLOŠKI INŽENIR I - M/Ž","","Kranj, Upper Carniola","Sat, 23 May 2026 02:36:45 GMT","https://jobviewtrack.com/v2/suUG0P9LqcSTH-qq2CzQsaXOTEdSKkyNSajlrBoGjWbeqwAgO8Gtu8PAP2CP9bDIw4v4bb-xB9dPOgoTzFt82r93xxpFw8sW97d80yDdZetK_qFzsemWxH_uaPxEgPfxAhm9hKdM8-rMBbq0I6Ka7DceS0j8mQ2S0Xv9tT9LCYKdHeVJw5XQZUmrpZNdFuf2_VCFn_keUUkMl2jCWxVWdajMuY1jTLn8C2eTLNehPwk",""
"|svetovalec direktorja - m/ž|radovljica, upper carniola","SVETOVALEC DIREKTORJA - M/Ž","","Radovljica, Upper Carniola","Thu, 21 May 2026 22:29:19 GMT","https://jobviewtrack.com/v2/5v5fuHX59MMgm4PWHplwr24V3JP0MIqPT_94OKmYO9T653wIQhpoKyR3YrfALo77cPdM_32QpBiinVvn3rLahXtn8V8jtaaPq6NcryDLBlZ4YnLfdAM_1Y2Yc9VQG736LRl-N005Tu5gP8yP2YRg53ca6eVi_qtmHIwz8UfYyEYiuv50xpLJOlc5pLsrBQwYyjvrXiHzIWUo4pZV6CZC80IFPNEXJItGM49Pv6pFzr0",""
"|knjigovodja - m/ž|kranj, upper carniola","KNJIGOVODJA - M/Ž","","Kranj, Upper Carniola","Wed, 20 May 2026 22:16:02 GMT","https://jobviewtrack.com/v2/qQ-ngmMtKsea5SWhVLa4MX_JUdptJSKKeNK-qCmjWtn4QvLm1fibWDbTLI2FeKxNl15aJXglPKnygnpcXU0T72G8Z7rmpA0lgkMwCK-dmccJrNy1DXMVv6zg2zec667GA1l8MwGfnJOyrzl54IHcb37bmaTh-F-hvRHQSgu1s9JVC0Q3o-4lnZxmFAiYiZUCelogpa5Pd3AqXKbvqTZuntGD25D9LNAP8SxlGBuMdeQ",""
"merkur|koordinator (m/ž) podporni procesi naklo|naklo, upper carniola","Koordinator (m/ž) Podporni procesi Naklo","Merkur","Naklo, Upper Carniola","Wed, 20 May 2026 07:25:17 GMT","https://jobviewtrack.com/v2/fCx8yidxL9fzzCAQc3ACwGi9KhPkW58V8_My9KqIR0cQ_PPdPz3IbjBKBlcINXaC4wATG-wHKKWyXC58usGesAjAfkrL7Ozri8r6Yk9rH2cY4gKJ-E0vIP_uTDuF32dcmsapCuICKyzFnabeveqKlG1dly8zfqPGDM07fTRFoqRg4hNi0N5e-X70usoOa05BNQAfLzZ689LSHlFPreOorOs4siFTwRSnRXqUfnz5y70",""
"zavarovalnica sava|zastopnik začetnik (m/ž)|kranj, upper carniola","Zastopnik začetnik (m/ž)","Zavarovalnica Sava","Kranj, Upper Carniola","Wed, 20 May 2026 02:49:39 GMT","https://jobviewtrack.com/v2/NlV3tOUrDnc8aEzGoGJlYMtiQDBxZUYTywQmZdasXpw3cRYNTcdG8-wS7zJhl0tznod6nO2OnqXMIGKMZmnj5boQKErZWVmFITqhDTI6EPz-Z-lVVNlZfBkj4swGhj8GawcAAQF0vYMjbARrdifc96YsowFgZSh5sAN_A1zR7mGFgOQXPLBKfE2U7fOhkoHJZ2SGX9b-vpOEoy-mthnIJW--XTsp4DuwDxhyjoglkXA",""
"|varuhinja institucionalno varstvo - m/ž|radovljica, upper carniola","VARUHINJA INSTITUCIONALNO VARSTVO - M/Ž","","Radovljica, Upper Carniola","Wed, 20 May 2026 02:24:08 GMT","https://jobviewtrack.com/v2/ckeZ5h91mN3V_n31jgdxpIC9gvMNu1L1pCWlUf8BVFg4WpgB72gUxRN3Y1gJHY2avX8ySJST1rJzHrtsfPX4DJQBpsNBMvdNs2FxxR5HfFLYlB1En38h4HHzQ4kyxIZNkih7QsVDh0RMBd0DzHci7JYxfnLvtfiFpfcYbxuDovuYGWuokLrv4HbU2Ax8V2Hh4Vv30avNxgG0I5RcMm8pP7w2KLylBEA_VyWhvHX4W1o",""
"sibo g|samostojni operativni tehnolog (m/ž/d)|škofja loka, upper carniola","Samostojni operativni tehnolog (m/ž/d)","Sibo G","Škofja Loka, Upper Carniola","Wed, 20 May 2026 02:16:52 GMT","https://jobviewtrack.com/v2/U9njxS7UndBlD5KytAvIyOyNnCYB20LJidBFHhh_z1ZIFk7Hfo6dQPSa5FYevLaEMciPvTKA4G2gvJp9j3p1yBjrv0urWIYIwmVUyszEPdO6Czc5mHRNgJLpj6lBB25scP_pjiSKhpLaieTus1VB_eS0NwrDN7czx2dnQDDdldBHX_UEwT6ZqnTUMYeGn7sgQ9M8L2THTkwnt6mizv7hTkd15Owus4-eV2o3uKsv_2k",""
"|učitelj razrednega pouka - m/ž|radovljica, upper carniola","UČITELJ RAZREDNEGA POUKA - M/Ž","","Radovljica, Upper Carniola","Wed, 20 May 2026 02:08:47 GMT","https://jobviewtrack.com/v2/CUTOFEO7bIYbcoiLs3lNG-gLI7tv7rTKMjmmtEPhv1ip5PwZoj69nN1N6U5JBSIoX0xrv2BOqnZvVwJM1psKq-eZFBoK9DDUXMB92P8Hf2mdETyZdAl-U3TX6gBg8BmxSgCTBv_Ycnph30UiR5T4oxBLKwEAMBwUSmc_OIHZSlpJTL3a5iXnxy3BF8iU_4v_0qlVC9k2myTLGW9zH_yPQpsB_AYLQd6CCRH4WBmHQYQ",""
"mjob|razvoz in pomoč v kuhinji|upper carniola","Razvoz in pomoč v kuhinji","Mjob","Upper Carniola","Wed, 20 May 2026 01:03:41 GMT","https://jobviewtrack.com/v2/v3oxOLVY6TFvXU3biJyaGvYDH2-o1LFCvsVSJk-j4i1mkt1EvoV-1yE3fFQckWquIfoJ4P5l2226AgHFdO3jvFfnYWfk2g1N00iId6ZzlES_mXKTxJCFMFs7unSiO15Aux7PDYTJwP9PXe4pkpgolawAf2N22YM8ADyhZlfeCpJBT_WPuKBCWD3aMfE8Q7kNFL93v4AWAbRxGiQHVvuI136pa7RAVqntuAxKXHg0Yhw",""
"|voznik, 4102 kranj - m/ž|kranj, upper carniola","VOZNIK, 4102 KRANJ - M/Ž","","Kranj, Upper Carniola","Wed, 20 May 2026 00:43:55 GMT","https://jobviewtrack.com/v2/oFssMd1DV3Ck4mQ71EZi-u67ZdWnt0J0QEgbQjTBJIe1eF00bKhuj4e6ckVhT0B-SDuFRrG04313v8eooTJkzNblgVNl4cu4aWOJ4UXRL6Z4_UespHV1IvIk9FfWoV35CC6ukXX23TGQu8kyJS3V3lanfq91XkIfkVoSnIaI9LwEPHOPHqf155sL0ernx59zWn86kPN5FMCeHB4vqcTCoCr3bybo48YirECh23yC7Xk",""
"knauf|elektro vzdrževalec (m/ž)|škofja loka, upper carniola","Elektro vzdrževalec (m/ž)","Knauf","Škofja Loka, Upper Carniola","Tue, 19 May 2026 23:39:26 GMT","https://jobviewtrack.com/v2/JeIz6UgD8-JrLJAZTrJixmzeS0rrUd9yNaeR6yuyY-k_ocxTcscsq1SlASi_HV7WnrXoaKPqFWb-EtUxtQI4RF3Eaa6RTRuuN1Y37Ai_wQ6X1LxDxbh6wFdYBItzaFlUjbRxDQIMFaEc32Lh2cG0gt408_C5dx1PsAXPi2ixFtF-uOTL7K0N5wQgd7wqqEF8vnS7sxE2Aum1xPoJv9_iJU0m9ErzHZ29AJfWkBba-fE",""
"merkur|strokovni delavec (m/ž) v transportu|naklo, upper carniola","Strokovni delavec (m/ž) v transportu","Merkur","Naklo, Upper Carniola","Tue, 19 May 2026 23:16:21 GMT","https://jobviewtrack.com/v2/rdwhQVhNw0MPEebtOr2oCoLGOP_byh1hW0wFX8i_3yo3VJgDyfIikSSUNr4fUj0UTZliFQxlAGvo9PKYtLLPyS9IZnPl6Dgc-BNnIv2l05tuKgQWMMJgP0VjIXU2QkCOqaxo9DE031lOcAq6qeaJFEYZg_dRL8lR9XmhuVNcNriZo6J4xQN-3yKmJBr5oOBCLe4T8tA-MHJwGqsuKqZvj4ZtTmZptyv0gC4dAW3vGMM",""
"|višji pravni svetovalec i - m/ž|kranj, upper carniola","VIŠJI PRAVNI SVETOVALEC I - M/Ž","","Kranj, Upper Carniola","Tue, 19 May 2026 23:01:36 GMT","https://jobviewtrack.com/v2/ho9Ix-8DKNwrMvGbIY6yELK6EgCneeODe--rqNyC5JMseiuRcqx7ukci07KGqVMuOzgV8BNeguFpS0gGp1N7meUBJtigMwH_NnPty7BeVcaWhSUyKfVk-prIr_e3LnqUdxsle-kPsOZiB-kR7izS8Ndv4VDNO7Az86D9gbuiTCZbdetXOzI7g1XG4JQc_oFRDgf1JA4yBDJ8Hp9hCkmgOtpz50Kk4Yq4uxwPFGOgP00",""
"mjob|sobarica|kranj, upper carniola","Sobarica","Mjob","Kranj, Upper Carniola","Tue, 19 May 2026 06:38:24 GMT","https://jobviewtrack.com/v2/AxpmIK1ostNNaEMRggUDqYdjmPhUUc73-H477sQIcR8CocnN8HS-aXJDlSF94ZyVo8fZfiLdULeK57fazWDT0mvrs8-fVbTgfrvEcfGSr3v1CcQx_5K4tVzDqDHqMkTAYLvzDDSQ_k3nenqop4gutwqcWMaMnMViK8rA0Mx-H9AQxfpD4gpyoe_1Vlvb64tRrCYS-U20Q8ZvvWPaU-8u88h_ROeU9hyjJ3A0lQJdG9M",""
"mjob|komercialna dela - podpora prodaji|kranj, upper carniola","Komercialna dela - podpora prodaji","Mjob","Kranj, Upper Carniola","Tue, 19 May 2026 06:01:40 GMT","https://jobviewtrack.com/v2/adFWvj5B2PqEJLSYrSQMXhdWlt98Gvm2FLcXi1CoCF7hsk7NKzmzEN1LEwcudzbuAZl3zCWr7YMdrFY7-lG-Ai4FKVI16M33L53F_t7Idrrj4QcGTOgW3TxKeIpmWjJR3_djd56BbRpI9RKScOBL3L_ENaubhJaXl2dXDR1t-5FJaQuAZ6oMNMoYAcIkS3wkudtmjC2zFKaj7t1Q0ejx8OG7VUUjg_sCBGCFjia_muY",""
"sij acroni|transportni delavec (m/ž)|jesenice, upper carniola","Transportni delavec (m/ž)","SIJ Acroni","Jesenice, Upper Carniola","Tue, 19 May 2026 05:59:54 GMT","https://jobviewtrack.com/v2/UV-Ss5KuZNnP0CYcliq4kT3pDwZSyEW9lroBNWGaUJ7CwxNjuNdzDvwYySInULzfyRbZ8oahwLRbsTbze5TkiZgl8DDnTdRkYRjxhLLiz6EG1v05ZswDJd48pSYtLAbSNa26rt5x2hUuLigRVKclptsWdXyo2oOafYyos71FpwpGWwWaqVBin8-2-UgOy-pAWiSnSgWYk-ATbklPAGXw3SrEWHhmnl0oVR2-msgJLOo",""
"iskra isd|orodjar (m/ž)|kranj, upper carniola","Orodjar (m/ž)","Iskra ISD","Kranj, Upper Carniola","Tue, 19 May 2026 05:57:59 GMT","https://jobviewtrack.com/v2/7fuXYif0ccaJidWz9Ij9Tko2yrKjLuHuePl1Wz8yOYoPyrTdQgwtjfWuSwDSBbBRajM36CZi_OMqDSE9X3GyL1l3WLekt7o_ON--fLfavjmtb8Z-gxsDo6VMBNqUqM7Js-T2Ww8ElbjwkZ1QyJ1FbsCIH9le1r-S_i0j4pYkdC_aCTq2LXHKckgyjXzPftyuJdoXRn56IToR4w89tvxWIHdbt6MUa-jEe44sQNMWIT4",""
"mcdonald's|iščemo sodelavce v mcdonald's kranj|kranj, upper carniola","Iščemo sodelavce v McDonald's Kranj","McDonald's","Kranj, Upper Carniola","Tue, 19 May 2026 05:49:04 GMT","https://jobviewtrack.com/v2/2Ste-KIRDIpxkKNhRbPO2z_UogxeH6lmxfuKNiYrMtzIDAMXL_f-JYerl50YN-OoOcwEPih-ybqSgQQAM0w57BKdt6ACyS-8SaPMEuzWGmi2oordy8YuKaGweKsBKM4pSnz9oNk7JWbBaJ5zEy2eJEfwmDWao9tp24JJVV0430w0VveLlVZloO6gpDSBwQ9WIVdZwMjQdL6-grXZvT8X58-ddLtY4NlkhZ4Ayp3KMRg",""
"g4s|varnostnik - intervent|kranj, upper carniola - ljubljana, central slovenia","Varnostnik - Intervent","G4S","Kranj, Upper Carniola - Ljubljana, Central Slovenia","Tue, 19 May 2026 05:37:16 GMT","https://jobviewtrack.com/v2/xsVstZA-lW2rBKqSlLvnzSxQouC0MSQRKsJWzBfi8brgSFSdNY7EUVG7F34_xSroYW7hH3eQUQbORqhEBLDGIkmEO5TJoS1H1IRpTQKZoM8-Lv7D75-F2xo6ROyBf6a2fTfkhZhaNWn2SmrdWXB6akU2HYZWJEVP2IXEyw-Ux4t1WTR1N8KXUqbt7U9JkDjGgnsC0A6UPIPOqzFm1VUrOdx4JpGaHcRNNSPWkHYIEhY",""
"rp skupina d.o.o.|posrednik poslovnih nepremičnin (m/ž)|šenčur, upper carniola","Posrednik poslovnih nepremičnin (m/ž)","RP skupina d.o.o.","Šenčur, Upper Carniola","Tue, 19 May 2026 04:42:11 GMT","https://jobviewtrack.com/v2/Ai4NLehtjzdJuVRVacROrwFsI8zOWgL2eOh41Ym6rAweGL6bVGRXbyN-8eABvqH7Y1jrI-tjfhfyoER6pbnsbYfuK8En5IoQC3C6woxdR4gMwuZqjFFUwyxNajQ62YSJWKr4c3lxT2-KGgPr4IpW1RqZqlXAS7Tbz62dkXQQL9PSzQwQXfEQ8s7Yma-4smj5GHpXzd37tumq-o1cJryl0aeqxWsuCTB8W4pHJDxZFQ8",""
"sij acroni|livar (m/ž)|jesenice, upper carniola","Livar (M/Ž)","SIJ Acroni","Jesenice, Upper Carniola","Tue, 19 May 2026 01:15:32 GMT","https://jobviewtrack.com/v2/qo86cSeucQ14nxoaJacjq5tYjYlIsoyXvvitItMLbB_9igXNjNfOuOtYuUwPR4wx0GIaHzWWfzjSIpy0IW0bhrjQiSd913pUx3hWuEc9vyLZSY7dsHKLuZatcX4xoI3D9noIbHwJi9hPafEw4FibLOrDQ-voFjkRc94bZITFCrCCSuBHH5NSIZPv-VSzTX5fij2MhGtkHSF24mtfJD_mxmZwNQk6iI2YbbIBZ3JOOZg",""
"aktiva varovanje|varnostnik m/ž - gorenjska regija|upper carniola","Varnostnik m/ž - Gorenjska regija","Aktiva Varovanje","Upper Carniola","Tue, 19 May 2026 00:11:23 GMT","https://jobviewtrack.com/v2/1dd_xEtt2yl-5Y2fqTRlhyB1f0LvVjXfQ43nljBC418QLnd3SM_QAPNYnDXownNa03ZDS2TnZKT1XQaTVBIFourqWk4z8IUfmOjwzYw8MRzvW0GcWjVJ4mx4xPluVA5qFufJvBL8PUCxeYmDOG7Y0kK0zBU4qPuPfXW7j4abJAiAxnqfwCtTKiF4Zce4vNc4HNj3Ckbvj5U8CILxmfPLUiceQZzUsC57vH78raMUfQA",""
"|pomožni gradbeni delavec - m/ž|lenart, drava","POMOŽNI GRADBENI DELAVEC - M/Ž","","Lenart, Drava","Sat, 23 May 2026 04:08:04 GMT","https://jobviewtrack.com/v2/FeTbsl4znw7M97j4Eq4I5SuRyJe1AS1PfTpYv_fB3aJgvmPQjXmp5nGW6cUrt0CYVWHXkUxNHpB1DU_hL-KWrqUNu8G2DikK_gBsMPWy-d_1Xq1mAF5aBkKeLYEWrevDPZWuixo03e9Zcnbil6BiZhfXXKQ6B14lSmMNMEy2ZNZqd4CVvgvvKl604JflaUnY9_oSAYkRJBbhbm3EewM_gio6obDY-TA5gn-ZfeYAPJQ",""
"|monter ogrevalnih naprav na lesno biomaso - m/ž|maribor, drava","MONTER OGREVALNIH NAPRAV NA LESNO BIOMASO - M/Ž","","Maribor, Drava","Sat, 23 May 2026 02:49:43 GMT","https://jobviewtrack.com/v2/D2SNs2rXShpmDWYhqFK0VWIzNmwOVPjMfw2bmsKC6WvLw6-FT9-FesDilsfOQTNjdj81ghQW34k8oliX_XSv3sxMZesXHO6O1qyhif6_JTH2vhlVUpq46CyzC5EuIvvz1LOfzGF3fpo1RmV26sCQb1JQoQKeorNdL-LpcBfM7DmED_FfD6wxOF1l362ewLIlYRdhoYUbeVKbexAqMEr6j6iTa4tyoG9NVKDXm53Z4fs",""
"|pomoč prodaji (veleprodaja na mednarodnih trgih) - m/ž|maribor, drava","POMOČ PRODAJI (VELEPRODAJA NA MEDNARODNIH TRGIH) - M/Ž","","Maribor, Drava","Sat, 23 May 2026 00:45:07 GMT","https://jobviewtrack.com/v2/0SuMo4792IyBv0nGrJBncWnRVd7-rB2aTBy4ux-FCldC78X2OQIrr7bnBpqBcMkxSMWOEpwo5PsAxT3y7TUtjACbYubsa4ydIIj2XhqT7kzCv5D904iAM_fRqqo8Ig6xE3m_ZVNM2NThEqijFxsQezmAaUETCSvKi0YO7Muzk4ihADBt_tMP7uFNuVcEpLlhxTgCSfu31NSAxr_sdKRf9FZctZfnY56a0Ja6apzmDEA",""
"|skupinski habilitator v svz - m/ž|maribor, drava","SKUPINSKI HABILITATOR V SVZ - M/Ž","","Maribor, Drava","Sat, 23 May 2026 00:32:18 GMT","https://jobviewtrack.com/v2/9RJYCgNR-YpbCPaUDugeUrICL3-vf9oyJvS-q5Y92jMDirgRGyqlSpB2J7qQ2_eAE0Q-qZ0GpogeF0Iep4LL60IGNV9BnQl1Tlcta1cIyqP5tI83LVFMUT9kNeBTruTszr61FoLuj7an3ba6l58sbv3qjXrIh_SuonkrMmspSEBO_9WxaPHE8WGYWvckj5fbgxjLSjnU0o-Xy3JoQRX33YePeOm3p4mm1bLQ9qhOqhM",""
"|višji referent - m/ž|maribor, drava","VIŠJI REFERENT - M/Ž","","Maribor, Drava","Fri, 22 May 2026 07:01:55 GMT","https://jobviewtrack.com/v2/lxdZDLQ07grEal1nDGxU2cLUHeGLBud6U-7zJqeayKeY99Y3scnzFJlFX7SKAOr0rTfL7UB2EnHHftAbsj9cd3AKeEB93x-JCNeQVmtxRQfJidfQNEmTmzIRi1UFND_ayF0uwDeLCpfc7O5g-N9WWR6S-mCpNEtOD7eUZwRxSFaxPsWdaKVItyRP6hASNQ1koE3JyLhTEhYtWXsrQM5ywf2_nFaIKBdm9DtmqIFRNVY",""
"|sestavljalec testne opreme - m/ž|maribor, drava","SESTAVLJALEC TESTNE OPREME - M/Ž","","Maribor, Drava","Fri, 22 May 2026 06:44:37 GMT","https://jobviewtrack.com/v2/Db0KUu9Mgwvh4Lu1w35s3eBquaO08aX0VOvKo4YuGeDB4G_SgQVT82m9cCmgcuScANPjtZiCG_8ybny7sA3fWH6YKsLvMOe55zfP2_Kp5-f87psAWY7YXWZuyzfATJ58WEvjnx2AXYf5QfnF0yBSRZ7A3o0eudIB0o0H90RIGXnYzFQM80Q42BI0c3LsoXbCgHQtqhNEzxLwwO70DdV9cOkiglbAbr-EcRrejX1XRmk",""
"|direktor javnega zavoda svetovalni center za otroke, mladostnike in starše istre - m/ž|starše, drava","DIREKTOR JAVNEGA ZAVODA SVETOVALNI CENTER ZA OTROKE, MLADOSTNIKE IN STARŠE ISTRE - M/Ž","","Starše, Drava","Fri, 22 May 2026 02:13:02 GMT","https://jobviewtrack.com/v2/gKok7QsSSFV60DsbcapKrYKqnRWw3MmANESaIg0D861dRQleZqBJgy-iYbxciukmWcBj0In4uiKMGz9yp5lZnOCUYQgojheYL4l6MM-nV_gSohROU9XlfjCHiZHRA3Y6ukx-x63RKrkjaugr_diduAkameQ2Vm09l0Ao36uMfm4PUWqbvLi-NmNrWIlJK4RnLsjSv_137oWyxx9nia4CCZQBBW9RJkFmMtzhA3jibUg",""
"|krovec / klepar - m/ž|ptuj, drava","KROVEC / KLEPAR - M/Ž","","Ptuj, Drava","Fri, 22 May 2026 01:32:20 GMT","https://jobviewtrack.com/v2/A2KrEWLRgYfmFl_6tuzY7FIfflRpJRpgwPFMJI_P5dfZ-uFuIgtqrT6idmeg8sbcAO2t0FBj2Qw3HVlsM4jzg2YEVPsqdryx6YoXWXxQwNAUIywTi_kmBPJN07r0lPbdc1v9FL_rxA9NDu1BWhEur9ceSvSRiYdcDhrQhV5Ao58SYpqMMbQkjOlrHIDzl_itNrKF_CNRVzpu6vBgfLvhiKaZrkCyn2tH8dB8_8_cSE8",""
"|čistilec prostorov - m/ž|maribor, drava","ČISTILEC PROSTOROV - M/Ž","","Maribor, Drava","Fri, 22 May 2026 01:21:41 GMT","https://jobviewtrack.com/v2/TnhdpiQS5qdUj0RGmPzTy86pUop3aEOKBiYk-UQ5cVmJ2SB3FiCs5tArQHd95xwLBVXfSh6CIgPub-QUsPikR9C8ad98Na9YYJZgqLOoRVDQ0Z-9aWkfjazYh0U4Q2lT8zrC6N70SibIw8sZz0Q5NKjm0PpF6bjVYUQ2mL3YD-ZCQTiVtIBFiGwKGZbbAbny2DfEeUrtBMxnAVYcHFtUYlja2-PLVlF6BjTcJODTOUE",""
"|strokovni vodja za osebno asistenco - m/ž|maribor, drava","STROKOVNI VODJA ZA OSEBNO ASISTENCO - M/Ž","","Maribor, Drava","Fri, 22 May 2026 01:09:03 GMT","https://jobviewtrack.com/v2/XFQhW1J1ZIv49qdM9uTQjLzokHC4rQgGA9LGv8xYKBG3-d6leA_Q3UobEhyog3oL1TdqoF25gut5rBo4zQfdA1CKPZ-WsmJcGFtyjjv9uNB4DepqjwYXKEjYopas6QZAyPHLFUpYSj3ySZ3nIRcJMM-fpam2Yq0NsVP6EjU61xyAPeQ5yleGsfj1RHRANt0OGajzXO5x8ZceIzNG_MGlKFVGvFRjVl8gbg7cO1jofMo",""
"|vzgojitelj predšolskih otrok - m/ž|lenart, drava","VZGOJITELJ PREDŠOLSKIH OTROK - M/Ž","","Lenart, Drava","Thu, 21 May 2026 23:58:17 GMT","https://jobviewtrack.com/v2/KwBUpRGLcq0t2V1GxwaC8cUorNKtTx9HnrnWzDbMbnijiu9fUJxY8y61-g1MLW6PHct5m5jtiSLpr5WBSml9mJ9v60E29iu41wlxY-nsbAcQhmy6K3SfBjQjaCxjRCGopg62ZbTVNzx_qfA6v_RI9b8_dZ6lJeCQZCdCq44HKxdeqNh3OArkipQGUnDrmJptSO2lRiN7o2HEXyek-y413s92l4vyL8-gnVnOI89AN7c",""
"|osebni asistent - m/ž|lenart, drava","OSEBNI ASISTENT - M/Ž","","Lenart, Drava","Thu, 21 May 2026 23:20:41 GMT","https://jobviewtrack.com/v2/KbENVEpOIP5FTCbmgRl6er7c7W1aEQO5FgJWfslpF2cFtQYcgm7mnANpgpPsx0XuKDBrcXFo3vslvVF-ICFjsL7Geaz7qEK_VUTEZWDSnBmeD7tVM1uLfGSAC1DTuPVxco3Q3H8fQpKEbHqsfeHzkX7MHxz8Q6P613HlO-8Hnmvg9s3ILr5iAZzi2GPlEBhrhqNi11JhW9DGBDYVo_xgJwgLNK9ooLB6JXhn_CNSZd8",""
"|direktor - m/ž|maribor, drava","DIREKTOR - M/Ž","","Maribor, Drava","Thu, 21 May 2026 07:58:37 GMT","https://jobviewtrack.com/v2/F7Sy6252oxSJqezIM1tjlrfv8X5hJk0-fj_XxcCNIy1gX7oHYT1WAzOLhJ0aSDEEIW75Gohskpp_muVWckAG1t6rZCQj_zs0VO9auEtrbAI_NLibsnz68bFY00tTkINPMH3OCPMEzYOz1HeiZA0fehaIRxALOVAIDA8GVvrHOp5xekuU41HkqEDNW4U_C19gkrG3RZMdxBSoj5rlELyjjldjkDDmF7b9YOdPqWhvP0w",""
"|avtomehanik/avtoserviser - m/ž|ptuj, drava","AVTOMEHANIK/AVTOSERVISER - M/Ž","","Ptuj, Drava","Thu, 21 May 2026 05:50:16 GMT","https://jobviewtrack.com/v2/B_aAWZyw29I_8Z1-eX1TbHJw1LMvnH5JedtmL1xRHDw0CsQibHc01yr_T4DjhyqjD6O8wAnvIoFE2dJ1NI4WX1sAtrt8wjw0f0JXxm2_yUD1kdnpo5DrLedYDSsyTHbbKWD8xlBGNJdpmCbUjgrw-4F9UFf1aET5bWrG8-dftoATQ7vlorD2xNbW73q9eHhMczdS9W5Iu53ztKiqQi0u2LZNdJ0nRA1uBSm5QWGKoO0",""
"|osebni asistent - m/ž|ormož, drava","OSEBNI ASISTENT - M/Ž","","Ormož, Drava","Thu, 21 May 2026 04:33:15 GMT","https://jobviewtrack.com/v2/6OPPa4a2kWbAS_XY1qlo-XoxEojNjb-PF-HwZ7gizf4t26NJTlLQ_cvd3vidnkfXg1zWlNCkebXtdtZjQj2x7Glv40wDHA3HCHh1FfFdcAc3OIl93KCb7wKEYj-IjFMdde7lslPBAUxaLvquEQ1UX63vDqmo8VpuHwQZWemZ7R7LWPeBIorUfL_P6LDyjZYEp3H16hrc4WcerlRVRCrkW_KHf9ksIlao_zbl36QX2IM",""
"|referent izterjave na terenu - m/ž|maribor, drava","REFERENT IZTERJAVE NA TERENU - M/Ž","","Maribor, Drava","Thu, 21 May 2026 02:48:22 GMT","https://jobviewtrack.com/v2/iaWbymD2yHfTqmOr5VcHtyLxGorAaFtFhnEbTXPIT1fdRrLxX53UgIw_UQI2P2beYNoRLhZIkvgBcW6ap-QXrdEp4BTbR7LzUv14qEeJ4aWjo-BrHNobvkOawttJGxmGBQ86mdNSWFAqu03g__Qm7T10uvzkrAMzUw0QpM4kpafbXQ6EKfRHsdunqNtZG8VGWin6xSzIod-eFAva8oqBVkGd7tAhZ6MYvYMiDrFN9lM",""
"|računovodja - m/ž|ptuj, drava","RAČUNOVODJA - M/Ž","","Ptuj, Drava","Thu, 21 May 2026 01:01:39 GMT","https://jobviewtrack.com/v2/Tly2rE7Yt4jeaS2oa8KAEr8lTJg7j14rGA9wp_yiSLj8MKBzkoAiEeJmdAqbHwZv24GX6ZgpQxIoFSiD-5n0BnSnDfR0Hngig5ozbkYn6mWMUMLSAH-ctTPp-e8c1w6yPOv67vSj9LzjuuVk_s8lHkeHWa9KufazgWzjwacpitnKYccnsJoIuPWvHX_fhrxmtLybzFwGzLJtL-q-QZbTIkmJaf7BfwLZBpXM2LiVlAY",""
"|obračunski referent - m/ž|maribor, drava","OBRAČUNSKI REFERENT - M/Ž","","Maribor, Drava","Wed, 20 May 2026 23:32:01 GMT","https://jobviewtrack.com/v2/SE0aSRwmAxZ9ylXCosTlzWIDj5h7GxDtKl_mJgp0pTNe94N9BH16GWDW3DT3-JzTD-c2jjWPoI_HTP2SxndBx4-b1W-AE26TgHr-NKkOoC749FqWVGaIeB13x2A3Zdc8k7yVLwNWXx3jCzaznVXvn0JungwijTg3ZyqdOmJnVmsuF_qC5IHSsmY7c7Tlytp84UqRQeIpGQiwY4IY4xkL9ozQOsXOEe6lTK3yw-NT8bc",""
"|električar - m/ž|ptuj, drava","ELEKTRIČAR - M/Ž","","Ptuj, Drava","Wed, 20 May 2026 22:56:51 GMT","https://jobviewtrack.com/v2/nGj6EB45BLVLqN3Q-nWR8fDhTmbOc9gOE1nammuAIB54qCbVj6dsIpgAIS4nQNHAmu4KS_UpslMY5KIjBXQQifgq97P8NE3UbQMf22WPfVZxDZf58FE8SBDxUDXcBXH9IOF_ztdx88CzorpyYwpo8pk1np6oYYPBLlw6MGAK9qimdmSbIS7LLo9F1wKcnbz1vQhJu3txzOCbUqneX-stgG5Q9doOe2nRblb_l5seHgE",""
"soncek - mariborsko drustvo za cerebralno paralizo|osebni asistent - m/ž|slovenska bistrica, drava","OSEBNI ASISTENT - M/Ž","SONCEK - MARIBORSKO DRUSTVO ZA CEREBRALNO PARALIZO","Slovenska Bistrica, Drava","Wed, 20 May 2026 07:47:34 GMT","https://jobviewtrack.com/v2/-DH4S2TldqnIxXRVOWbzAlSwpO0apyFFUCTAsJ35eo84uoNAONGmpIkOJS2eKOahgfpVG3pC6yR6KsoBWi-1rKsanSVWdW_Tl41zNgkXL3Q_ypVdw-skiQk_ftwLz5GZzDRZsvbHaBQOehPqKU3ABSPzg0tg48zSV6rfjCeaLIyLuKHwQRBoEP3MNLREU9SEUE3YYfNg0VpCf9sxnvjSnbw59NofFAGW65-pIVKVERA",""
"univerzitetni klinični center maribor|dms v it i,ii na kliničnem oddelku za kardiologijo in angiologijo - m/ž|maribor, drava","DMS V IT I,II NA KLINIČNEM ODDELKU ZA KARDIOLOGIJO IN ANGIOLOGIJO - M/Ž","Univerzitetni Klinični Center Maribor","Maribor, Drava","Wed, 20 May 2026 07:43:38 GMT","https://jobviewtrack.com/v2/WejlRpx35SH8UHOP4CmbR59R_1CoLJnbwbHJ0fektCobvOzC03ogcusnLjsRsA54ZXs-JBzV_qMsgFk-nDmizlefYI5zsNi6onUPsWHt6Z_5ogu5yQBwfxVtiOmhviIiWhpmO7QSpXGuaPwjcQ-oMhlJV17B075qk64foXKFpX34H3SzLoUC7y7vfSU0Zp0P0rFTWW00ep3DA5oiz34QZSK9OL626VgVvBWIyRQzWjc",""
"wienerberger|operater na liniji oblikovanja (m/ž)|ormož, drava","Operater na liniji oblikovanja (m/ž)","Wienerberger","Ormož, Drava","Wed, 20 May 2026 07:31:41 GMT","https://jobviewtrack.com/v2/46TLt0GE-U1OiKukbcaLONdT0Iq089m3aRQRuox_btDUUcOyBSzIppj4Tzg3eEjQndLcfyVwlgGaJU1fxxbsHUpENSXK6fbrK1JmHA53gt7-JoLkVIto0xCzZDeWyHrSEpUQsNmWSi3rw0tVgflBcnGNe3Vi052UDaTdzb1Mb77W8jseiQzjQJbsupuWkWWzIOCEGiSBzyZShcW3pIry9aE-0pScJAnMw2L5qn5Gx28",""
"generali|specialist za prodajo zavarovanj malim in srednjim podjetjem (m/ž)|maribor, drava - ljubljana, central slovenia","Specialist za prodajo zavarovanj malim in srednjim podjetjem (m/ž)","Generali","Maribor, Drava - Ljubljana, Central Slovenia","Wed, 20 May 2026 07:05:49 GMT","https://jobviewtrack.com/v2/bhpZOB9_b0HhQZM2feKG8zVL9j_QnGDH31FEZMGwWPF1SXuJG8_jhReta52g3deU0by1tTwCNzW6UA-9a7P-8gtD1XblNgxAoYmoWDKz2327gBNqfoMYY6gSijh1H1T15pJG4yS0-sYoPC2YEhBy-REHxfQKvwSUcDdIQPCZd7yF0on7lIyeFZ50MYtGEuCgRz6N9iaeuIOpHuHRkrYWxx3tCGxx2EqsWJpf5u-ODqQ",""
"adecco|posluževalec stroja - m/ž|ptuj, drava","POSLUŽEVALEC STROJA - M/Ž","Adecco","Ptuj, Drava","Wed, 20 May 2026 06:36:01 GMT","https://jobviewtrack.com/v2/5HanZPF3epN9gevIrYeJ4_paMlJp_JPiP_23pOF5c2YFYweaW_g-J5dR9-llM3N0HuYHWsyKN67nIm3ZvKv_df7zy1fIxPgIqw-418y9LvrujV1pn_zYXyz-cczEuheTmjhSHcmnwiZGgPeq_SfhNFCNoYFqeFsM-vYPaCOSiAUGDWz3h8bJg2vHdkQ33KAFZkA7LU2Ykx8fBDHBa_tWVF6UEM05A4WY6hnfPNte1r4",""
"masterjob|električar v industriji m/ž|maribor, drava","Električar v industriji m/ž","Masterjob","Maribor, Drava","Wed, 20 May 2026 05:59:58 GMT","https://jobviewtrack.com/v2/HchdM70jMW0LAfBmRo5hIerWY-91VygYRhSO4Nawp9l3AzuDojn110ymw5sbdpb-G72cFqEkFvUrbBQKkThpUGmRAOxnhyGRMmp-rTVCsK5srbiNx5FdoEUQUbw3_wz8nHQqXk1W-ijMeamXqeEObk9JoWlbQlOP76q94_ikfdRvvUBdM-4U-9vegAOVzM1GdPMzxDCDnIRz94nJPgRp15xM5MGAzFwl2vSgyszggp8",""
"center za sluh in govor maribor|logoped i (v zdravstveni dejavnosti) - m/ž|maribor, drava","LOGOPED I (V ZDRAVSTVENI DEJAVNOSTI) - M/Ž","CENTER ZA SLUH IN GOVOR MARIBOR","Maribor, Drava","Wed, 20 May 2026 05:38:21 GMT","https://jobviewtrack.com/v2/ERQiLcpbmIWlUxLLwBjyr-ZmDvhJC3j-Gj5isCXUAgjaf9ld8gPYlLZbOVWLn4728TFbhF-dAJx1JfZlUJWJXl-nMA2_8dTmx9F7fnsdKjbTmeRAnXw64DZhRut79GoeY5YihYEFPIjCdHjAmbMUBZukXrf_o_CIJTIjbpYnrYwx9H9w2MvV79vakW0mxDIC0xp3jD56km3-pmoA_Fw8rbJ5v3C3WG6MZToZgVfhBoM",""
"kremsmuller-slo d.o.o.|ključavničar za montažna dela|maribor, drava","Ključavničar za montažna dela","KREMSMULLER-SLO d.o.o.","Maribor, Drava","Wed, 20 May 2026 05:31:25 GMT","https://jobviewtrack.com/v2/FLtBUzhHNphnrQHpE6JEAWyTbwHqzymNQ1S9shgxspNAD4v3Kz9j6vftbzNqhMNFkwMNfgiGrpzfEXLvxGUjAuXyw0Jj0MlTS0Ei5SvYeKiHWo77KUEb2WaAui5T6pLBR76faoBbiCsIXcPEPIIzMH-D1rPX21rRPzol5-eHyC02AnqLSxTpvOnxeUxTV8Tu7V-aR7OtGfRGw1wV000XhSII6j7VafhkjNRD7fUTcoU",""
"univerzitetni klinični center maribor|sms v negovalni enoti v bolnišnični dejavnosti na oddelku za endokrinologijo in diabetologijo - m/ž|maribor, drava","SMS V NEGOVALNI ENOTI V BOLNIŠNIČNI DEJAVNOSTI NA ODDELKU ZA ENDOKRINOLOGIJO IN DIABETOLOGIJO - M/Ž","Univerzitetni Klinični Center Maribor","Maribor, Drava","Wed, 20 May 2026 05:25:42 GMT","https://jobviewtrack.com/v2/hySARdEF-eXb7CpoN9nqhz9F2k539ykMUYy2DFMURssi7tyCsM14M5mINsnheMjUGEA1OiDZit3TujRJ7eFMraVwVn7Ld_kNSgfHLVQ7njkepI5Ej78KSLRNJDNpeZ5MYE7MI8TMA238qiotcIvt62LX_drTlBSozwQF2cb9gurxp2rLE563GWouzKhIl4fPdZ01v2C5UClgmM9Rn-npi_jHQge698i7BiZE_ahXh4s",""
"|operater na liniji oblikovanja - m/ž|ormož, drava","OPERATER NA LINIJI OBLIKOVANJA - M/Ž","","Ormož, Drava","Wed, 20 May 2026 05:21:03 GMT","https://jobviewtrack.com/v2/E53FHz3xnGsLDK4rrECKzEmVogRAQcdBwouLRrsnc98U4Y27YEdy0d_U32bJtG04lqqYiSfSHZCJw9Phy_HNqcQicuHa3_0IOrAo_o9f9pdQMNCxHzwd9Q1CPb00hatHQlLBMZ_fMl3eiWEOv0Xmu0fVOilqyskg1xqWOddfgtX-19vM6ccASGX5wWi3-aqlveXYJcCk8oeknP5497eQcYtz8irNp-fOmA_OHOpj4RY",""
"|tiskar ii - m/ž|celje, savinja","TISKAR II - M/Ž","","Celje, Savinja","Fri, 22 May 2026 23:42:15 GMT","https://jobviewtrack.com/v2/QXmiWCbn-YUiwrKxU66hlKEPC7K2uzr59JyvD3HizSO2gobBdTBcXcM0pdrYyg5IHrfl2IquI9eiS2tZLGv7hhS243SwZLGLIrqdUSGXGy7T4qH88KMDvOVcYOMi2Wwkiw5LJqCvhbHlMlsDY8P9Lh7m1E-7QWQ0k6HoFYi3RJA1AEqlD6BIntpOudafKwI6LFJHWmpVlA0ZTnrcWvjxY2rKugEBTlyaFymP3z4x7E8",""
"|strojnik - žerjavist (m/ž)|velenje, savinja","Strojnik - žerjavist (m/ž)","","Velenje, Savinja","Fri, 22 May 2026 23:33:38 GMT","https://jobviewtrack.com/v2/6h8uCl92Xn0AXlW8oO_MWcUS0vrbVnjTNeprUABwN_NnwBTYfgrvfAPMkaZwbjkxeMAP1T1eARgqD-4olhI41HtxK2PBy-T9JUDFh-2NreROtp_GtqueWP-4tESFIn6yUUC7ctB1uxSW_4cUDErlQ_nqyQneT07oAZL7PK3mrMKZX1GtfJXV6mXy5Pkgr7Cmd_KNE-s3Owi6dDST59eQdYfTrZn-y9lnVRnbH9LJfzo",""
"|novinar za tisk in/ali spletni novinar (m/ž) honorarno ali študentsko delo|celje, savinja","Novinar za tisk in/ali spletni novinar (m/ž) honorarno ali študentsko delo","","Celje, Savinja","Fri, 22 May 2026 07:40:32 GMT","https://jobviewtrack.com/v2/AKKP783jAFMHrHyLCIyPEgUEghdzMRVedbsYjw43IfErm-47ICxXY3A6jXhwmYH1DLFNLCqCBHCsRKL00NweUMF94JhRdOqo-jVqb4uxjykrIFtRtbjeFoovCKdct8VB-_sLYyEEaG4H30HtXhofh1vU2r6nu_uWlGF3a90uukmOwfgLsnBRC04pnYmlMN9yc_Q-koDZZnqHBhHDuYuD4dVqmLpEv88HDQHcePGt8zQ",""
"|osebni asistent - m/ž|celje, savinja","OSEBNI ASISTENT - M/Ž","","Celje, Savinja","Fri, 22 May 2026 04:09:15 GMT","https://jobviewtrack.com/v2/FDnzj_ir4oTiN6wAVpQ4NztE4nqYT8AkCMJPiUIteriG78TknenZ-GGpsD3vw3UIwP9h8DcxoTPXpUp3VbcS1kkjmwxiBPUhV_vrXo3saSOBCAsBKJ30OMF_j5XGBF2b-pj4Hu51pI2-9rfV2CZ2gUdeqGB6IGK2dUlLBJ4WVHbGEFJ-zyhx7mCsZML_GHc1Y7F-C5arNUSXcgQYFfipei-4BSm8iBHQinX7KT5KCIU",""
"|strojevodja (dodelavni stroj) - m/ž|laško, savinja","STROJEVODJA (DODELAVNI STROJ) - M/Ž","","Laško, Savinja","Fri, 22 May 2026 01:29:14 GMT","https://jobviewtrack.com/v2/T4nklR2cZhf59GZRkf3jgZU87TTfwHFtNsDz0lHNK_K8XIktXE_NkCu-oLVRQm6abDG3LIcZPQetaxjYFCngwDGbWO08gCvWaWhytsnBMKyVeT66miOiUy6IAd7c817iZxEXVppzO-kpZb4-UwBTwAId0-f0xM2rcbWZMaOcyHGOi613druT7pzB81hp6rUnc9XA2hF8RBUnnjFNmVOZP_ObExYNDY2fMgR3X6FJ4Oo",""
"|mahanik tovornih, preklopnih vozil (m/ž) - m/ž|slovenske konjice, savinja","MAHANIK TOVORNIH, PREKLOPNIH VOZIL (M/Ž) - M/Ž","","Slovenske Konjice, Savinja","Thu, 21 May 2026 05:47:28 GMT","https://jobviewtrack.com/v2/b-oEmrIQQ_rADpoxynLznxLNDIvT04sshxJxBuXgnYE8g2NuiQ6n7bRGE1ouwaWYHHd1x2LLPFLMKtLAjXMQGCMXGu91ru-tFG9m1FBdn6rJsjy21E54OBGcT54tA-E0VcWwMrUS5zV8GdrCfvG32ROaUI427EOxR9tHPqIzNgR5QynhM12-P45wwjxPLF31SM3B8rneAajVT5jaRQfiX9dbE8dov037TnZFkbkt3_k",""
"|osebni asistent - m/ž|mozirje, savinja","OSEBNI ASISTENT - M/Ž","","Mozirje, Savinja","Thu, 21 May 2026 01:09:23 GMT","https://jobviewtrack.com/v2/pxAClTMUu0IxNAMW-P_FCLkps-8PXYUNF6_aj4st_w9tglQyKCK7KVn0juGuk660c-Wb7uL0Os9DWrwGBEEE2mPc_TgWahugcwvkuIXUGzPKjxZ5G77qJaY3k0qaYeNmS74oznKiWqSsM75yNVfElp6A2cHg0cZUHafwW9T3ATfVnviQAFGCKWcWiqzqXmZPY7XbZ7kaIJt4l5eo14e0Dx3MLA8UUeUjWWhu-rQx-oI",""
"|strokovni sodelavec vii/2 - m/ž|celje, savinja","STROKOVNI SODELAVEC VII/2 - M/Ž","","Celje, Savinja","Thu, 21 May 2026 00:33:51 GMT","https://jobviewtrack.com/v2/PVgpI8ZSjvyjFwCkbn9qpOUxdjY6A8gDziB9j0cjWPIZ0sORZp_19cAPC9DTkBILmPuTfWFaMYqkKGQKiERBeaoEHFcLTQTKqAyWzrcuo-APyjqXwdnqIoWYFX33P-M4i8WrKA_iLMObACbd9ampUS8RsP7WhX92PRtCNY8D5MK7XnbaqmPRAYecr-hirebz5UIQdPZC3kAkHvxqR0Px-KAhrGAs3dGs1QD7i-8ybCU",""
"|monter - m/ž|laško, savinja","MONTER - M/Ž","","Laško, Savinja","Wed, 20 May 2026 23:16:06 GMT","https://jobviewtrack.com/v2/mydAqGWDsBhgJAcofoTA_B0V5m5R-vvrh7oY15bLevl2PZSVsMdnksTTx8Ub1OsaG9XUirSFaQSbfwlct098Q0YvCftb74w9V0NOIt_P_rGOxG6ocwrT4uDo6fBPgnd88dKtJ5lYLaIxJKw1SjDaARrUBjZGDtQg8mqE_hufwvgGYk6XxrJ9yacvMe7oJOaIH0lfIBQ9XZaYJ_74JHGZXLxPhAVw9p-erCSB2VX84l8",""
"|docent - m/ž|celje, savinja","DOCENT - M/Ž","","Celje, Savinja","Wed, 20 May 2026 07:47:53 GMT","https://jobviewtrack.com/v2/X_1K4xWgpbJ9Dl2iCFDk1YimeDEKOzRh1CsfwmydAciPGcwyz5zZT4UgL2sJeiUhRxEi1QOHG4M8_jTtRPy5qMuADHdALQkS8Ikn5UcNBCiUzEgToUwoL7T40NidSrUaxlxQBhiai6V7_6hSQg9VzM9wu8dy6OTU3iRq7Xm_NQVlnir5k25GIj0K-KKzQ6VUTw4dL019XZK8rYS4WYsx2yUYfpDidBqwXu9T7hpjDqY",""
"|psiholog - m/ž|velenje, savinja","PSIHOLOG - M/Ž","","Velenje, Savinja","Wed, 20 May 2026 06:44:45 GMT","https://jobviewtrack.com/v2/L0eMW0DRI3dyVbSHRgkWegH04UX8Vv5Im-gCtmGXmdcVSoMK0JBxvNdSRg4TUZPy6QnwOBpPxTWjVCxg71vHTMJzzgZUGtK-v2Ckv7eeCtIp5mrPXrac4upVK8GOvJp9mP8hC1bMLUpeeb76gEKt5ncT3GmINQ0shgLsjIy-3BfxBCBHkHY41-opQ8rGG6hGh5nd4d2JVs6oRxOrWYTm3rb8s2EZraXnk5tTAsH8e14",""
"|psiholog - m/ž|mozirje, savinja","PSIHOLOG - M/Ž","","Mozirje, Savinja","Wed, 20 May 2026 06:41:34 GMT","https://jobviewtrack.com/v2/rrX3w3I94gdEsZbdHgOZku-QZxnVM-wH0B9T6lJg7BAB9Gj-9jXqk6HTQjXdpxzwr8KWB8XgHobmT_yya7bMSFM_8_nR715U7rUOX3Ep3EblZbWCNTnfnX8Sok7g5whzEAJY5g4jSEHMqvXkJwvHROEfVgEa7z0ooYzKMifMvYTrWG9e5F2r9kF23_AOKV1H4vBZFap-DpdC89hCDwyIq9AOkVd2eqK5uqqSVwz1Gyw",""
"trenkwalder group|viličarist (m/ž) v okolici celja|slovenske konjice, savinja","Viličarist (m/ž) v okolici Celja","Trenkwalder Group","Slovenske Konjice, Savinja","Wed, 20 May 2026 05:56:57 GMT","https://jobviewtrack.com/v2/35r9t3spHGeNp7vZOY7GJ66ismII2hePzjSDC7x1se4bPzCtCRMa7YSAZv4MBlSGBNp6RkBK12pXXbdbOhMMhrkRwNORgKlOWqm0_iINTRAuH0C3wCa5-LP9U_GWip_8RaIaG50yudZn3_X4ABHAVjfxS_Ym2pnS4SVTj8hkG4iiRHZjI_MSCiYvAJjF_t3I0bIGEJUUb2HTpUlh0ZIqytIT700A8C7NMLa2wnP0x48",""
"zavarovalnica sava|zastopnik začetnik (m/ž)|šoštanj, savinja","Zastopnik začetnik (m/ž)","Zavarovalnica Sava","Šoštanj, Savinja","Wed, 20 May 2026 05:05:58 GMT","https://jobviewtrack.com/v2/bHzlEwSapKLe2mJAtQUUeROWjT96OmCH4uWTR5G9ZLi2fTz2uWiHlfDcSFdSqXyIghlpqoEDZ_y1f6m0Gf0kCsLprDRsBZ27hNKo-VE6NNKdsKPvpNNGiv6qP_O-BVOufnfbtR9WH3qfhpI9Dmsg2ufwHieORwnJNHkj-17NQjbcveeYFe38H5hfiNybrqojdxcxjLaKF4gxxUg2BqALFywGfc_w-PodZx2w0N7x7kE",""
"|računovodja - m/ž|žalec, savinja","RAČUNOVODJA - M/Ž","","Žalec, Savinja","Wed, 20 May 2026 04:28:22 GMT","https://jobviewtrack.com/v2/0N0uM6YD1x3PWosF2v8ZvaacGKgj0DB8nfhS4nnMCaeAGyST4hIEkZEP4phceYpFAN5GvFSMfqdqnxgh6UUrZiloRuOHjtq8Gt-ot6C1sq6dNOw9EpSDHTzPc-anUZwyFC1pL8F8_m5czRLqc45WpUjbXK8uM0aXRwZft8fput6yjBa8wZXSQ7hHdIXFDz322qWReKqIrVa631s57Syfmv87fgjynZeiP4_g6eNcLcg",""
"|receptorka / trgovka - m/ž|šmarje pri jelšah, savinja","RECEPTORKA / TRGOVKA - M/Ž","","Šmarje pri Jelšah, Savinja","Wed, 20 May 2026 02:37:32 GMT","https://jobviewtrack.com/v2/qZpVYFIZeo3N6yrzMCPQGwKNEATab2Y_naeJd0-EbLZgf8dBYD9hyHiK18K2pjeVquatOGPElNM-N3Gn7dfhZV51_3L51JsJuxMGykeEvbistACCBODpyWYj18jT62qbQaOYE3wL42v9inURSYs4t6PXiKE6QBMddmySCN6W6zFassc-hU4GUXXsGTaI-NckiVybwdulrC9EAl_YZ0NNg9pDpeOgT0fTqYeFAlpd3Ug",""
"splošna bolnišnica celje|srednja medicinska sestra v negovalni enoti v bolnišnični dejavnosti na oddelku za splošno in abdominalno kirurgijo - m/ž|celje, savinja","Srednja medicinska sestra v negovalni enoti v bolnišnični dejavnosti na oddelku za splošno in abdominalno kirurgijo - m/ž","Splošna Bolnišnica Celje","Celje, Savinja","Wed, 20 May 2026 01:34:33 GMT","https://jobviewtrack.com/v2/9Mu8KzDRT-yPX68a397bNcV2Jo0_18Vg5pkoTX0LXyd4_FkjNH46nfPT2MjmrykJuaQNMBJ8pdtIVuz0lighk154WvPWMjE6PHcaExwEoypvBmbNvj1MvFOk8iiIGO7P0r33FveZ3TI1UHHEJP5IMouKdoONfYmOdPP74BclTYowaTdZ8vhzX97GCzOAv8bhhvJRNP4PYpPIiFADy7rXAbHeG0MMt_YYdYLnr3D2r1I",""
"pivovarna laško union|izmenski vzdrževalec (m/ž) - elektrotehnik|laško, savinja","Izmenski vzdrževalec (M/Ž) - Elektrotehnik","Pivovarna Laško Union","Laško, Savinja","Wed, 20 May 2026 00:27:35 GMT","https://jobviewtrack.com/v2/sW9LzRSv-RQt_UUUtZb8O4a3M2iOQuv-EvGMMnlKDmrmq-Robtw-DRyMUw4gEcF8pc3kaSnd0LDIadEB-m1PEaodKniC_LiwcuwIEJdoK50XfKxQ3yXU94sHhBcpJwQ49TsPpKohPemFBRjqezxFRue7dN4L--bGutyvGH45PG1plFzzdJbZwQlxXStMbQ4zx1MvlhSPn7S95g-_dZ2o1XMc3yJO5dzGHxalXa6e-_E",""
"trenkwalder group|upravljalec linije v proizvodnji (m/ž) v okolici celja|celje, savinja","Upravljalec linije v proizvodnji (m/ž) v okolici Celja","Trenkwalder Group","Celje, Savinja","Tue, 19 May 2026 23:48:10 GMT","https://jobviewtrack.com/v2/p5N49tDIeSAYzVLP8ud9jjgH9izy3rx9UKToKl8O8PUnI9IF0XY6aUpZD1_STXx-_arMd7Nl5OUk9sCecLuPwUjTA5smnpDNnJURc6EOKALj45QXYR_dH0aeOe59laIPqIJOErStZfig1I2ujoUMgWjMw6XK_I1fCrd2gsISTpg3ifReiBQjc63kKmf9B5qtStdv55Nf_qCL9uIaN0j91t5EH8ypmL41mU1nkuQTnPA",""
"biro ogis|tehnični nabavnik- koordinator m/ž|celje, savinja","Tehnični nabavnik- koordinator m/ž","Biro Ogis","Celje, Savinja","Tue, 19 May 2026 23:34:51 GMT","https://jobviewtrack.com/v2/-eXfi4M5U1hThwKb0diw-OpGlgkHgnqgLX2x6lZ0NX5NT45IRtNbrblWthUSscsYxH1zr2gfM4xw2_qZHJNoXjxUb91IL9gWrqNUYaHvAxQsYfyNFs__HNFRqHnUUf6eVKmXCwMCIYP-RtIGmKYPZNjbOyEz5ZSxq-e8_ml78arab7avPKZuKMJkmD8_AfynUzXyequ_uiLjaaNHYkyTjj_l0f211lX7WtBnARSGdqI",""
"|čistilec - m/ž|žalec, savinja","ČISTILEC - M/Ž","","Žalec, Savinja","Tue, 19 May 2026 23:26:23 GMT","https://jobviewtrack.com/v2/IsLlpk9rMFu30WovFyNq0S9zgF7SFXcHCv7zdQaqh9pdTnN0ePL2ptk9KG3PAn5BP89X3GWJm2-BwO60_fq3GxG-37g4EKZTcG094TTfhFaowOO2UZnYkjroQZUGDIfW0CsiL3JMe8oJWnJhfh1JoYRBFW9KWAVoRrnO93obeUzBgQEC-QvZakXmnJgwyNus4PfI-8VK2e6Om01BwDXMTeD9OmUsnAFcGtyDOjNjUk0",""
"atlantic grupa|pospeševalec prodaje (m/ž)|celje, savinja - slovenske konjice, savinja","Pospeševalec prodaje (m/ž)","Atlantic Grupa","Celje, Savinja - Slovenske Konjice, Savinja","Tue, 19 May 2026 22:45:05 GMT","https://jobviewtrack.com/v2/JzwB6CqSet8zcZlzFMle3D8d91JNuc57eRV78i6izPZm98ECIvO72ZWu-dKpZlnJwQzEJhuW85x-lnBu18aegUa2Mtx-6uZkJbma9gP89G8lhG3jhbWT0pplWWUlkJffoEXG6SM8Ci6aAGXxJQF0n9OIh7TERpX_txnm-HDj_nS5gwepgcY7Mu-5nTmzw7MEM0jFdoZ-HDBXEOpI_od7LNpEZFuqDByY560B6SbDBuc",""
"|dipl. medicinska sestra/dipl. zdravstvenik - m/ž|novo mesto, southeast slovenia","DIPL. MEDICINSKA SESTRA/DIPL. ZDRAVSTVENIK - M/Ž","","Novo mesto, Southeast Slovenia","Sat, 23 May 2026 06:20:18 GMT","https://jobviewtrack.com/v2/9AYhowy4iD4oCkQ9otKNrgKPj0wl3Jt49TQYKUe_yEYwOpGnr7W4FHp2EFQxgv2PwnO2vym64MrAyhT2oPS3U75VilJw7Qi-FjFSUGd2Y8z4Jcgh2L5UQJ05Sroa3CIegdNT5_4iDNDOuW4km1IQOsZH0EWWwliGO4zHvThXFxjqVOXLp63Zk6ijZEKOn4iXYjDAdl54dz8ptAk_P8mKczmuJ3yAnJqyWn005AW3saM",""
"|vodja gradbišč na področju vzdrževanja cest (m/ž)|črnomelj, southeast slovenia","Vodja gradbišč na področju vzdrževanja cest (m/ž)","","Črnomelj, Southeast Slovenia","Sat, 23 May 2026 05:25:08 GMT","https://jobviewtrack.com/v2/6zttzrXOVuw6qHdZiBLwzyHXL3SOYAzKFYlVZLPjpjchAjbYmwA9JCEB9pEFXrH1wl9ss4GW6O9DpLfgLmOR1xe2xgu0ZtKsKkF3dcNVC64c99jaM7iVkKCF8T-1JFc6Iw7qDVoeK0EX9R_vkvncEvyX9YMP5sqJq-wFI3urYKbO3mrrDBcVrEoEtEgJ6yrkUjB_KDJKke89-h0ekh2sVDHhq_JK8QctabhEBCBPFY8",""
"|delavec na prometni signalizaciji - pleskar (m/ž)|novo mesto, southeast slovenia","Delavec na prometni signalizaciji - pleskar (m/ž)","","Novo mesto, Southeast Slovenia","Sat, 23 May 2026 04:06:19 GMT","https://jobviewtrack.com/v2/6Z1lMvhwKPTnHNyvjHUYsnicMg5aGGfzWTKWozuWoaUAV-mhz8MJnA4HqVYlTt3yz0ByCXrhU6B5KxhyPEdu-p1Pv_ogYIVbGCczVfLFKhEOpRkkwbyOqTvp4PUsA3-bsJEK7QByrL95OJSnX9hAnK2O4hbYKiVkwhDr3Jdh9tka0yvSN7YuTqaKFWNvCWsxjMIZhWOB4CwfZTXGuAzw28lBzr0XzWKOvnjQYs6cb6Q",""
"|samostojni nabavnik za podizvajalce in kooperante (m/ž)|novo mesto, southeast slovenia","Samostojni nabavnik za podizvajalce in kooperante (m/ž)","","Novo mesto, Southeast Slovenia","Sat, 23 May 2026 03:51:38 GMT","https://jobviewtrack.com/v2/a4d_ExY8J4Oi9auqsjeQaLo2fACcWLs6-CamvACzfQAWmo7LyhttOBRuU2X_DPiqNCpaHWacBo4Z_2LiKwQuQBYW60AqZ3uo-_wIIe4raCyMCf55XBcBIFq-DtSCbBvBVvN99MpdIAdADXpcm3r2D2wEqZJ9gPtKfbEcpF_KGAnkSzUG90Ahrg-oDq7ylrz57KlQtIyq6KhtEfrl_qQlasGHmHht-QSjC3HHwoZmZao",""
"|asistent z doktoratom, h019001, m/ž - m/ž|novo mesto, southeast slovenia","ASISTENT Z DOKTORATOM, H019001, M/Ž - M/Ž","","Novo mesto, Southeast Slovenia","Sat, 23 May 2026 03:29:43 GMT","https://jobviewtrack.com/v2/h9NEgUn5tG4d6o3psDZWxfg3pnxrfM9Su4JUa3WwLdBDUR1kixZsl1dmr09pbr3_unmaxgbFTMiSk9xXhFkWCW4T8KDUHv-QOffRwE9qADKQvgOoLbK3_gJfO4UB57b3g3BInCjCcV0M1FnvJ6ds-jCQt4xZORP5nQ1mamU5vrrIbtF1D0YSIprDgw_-BLubyjVwJ2zq8cTdDhyxuOn1PAvZVLjRWEo7QK53w8goVwA",""
"|prodajni svetovalec, metlika - m/ž|metlika, southeast slovenia","PRODAJNI SVETOVALEC, METLIKA - M/Ž","","Metlika, Southeast Slovenia","Sat, 23 May 2026 02:48:42 GMT","https://jobviewtrack.com/v2/4BDs-tq-JOQXLSEcuZ9NMktuejiZygOwTqWWq7L86lENr2Cwb1t_HOnl5TtoaoQ49PEOiTuGvu-l7nmHJ8h5Y-dNzpB6YnFp4EYZ_bFEfEgcyEZSJ41xBYkTIh13_R5cN3c3STT9H8bi6nECX-ksDj3VXTqVPeGEbErdUt_MOi19Xwm7S2HEuJxDPf7Rn0bilY2jY-2YYU84tQUTTf9NTcgh0W3-iK2E4MG6J0mIJ-0",""
"|voznik v oddelku vgp (m/ž)|novo mesto, southeast slovenia","Voznik v oddelku VGP (m/ž)","","Novo mesto, Southeast Slovenia","Sat, 23 May 2026 01:29:51 GMT","https://jobviewtrack.com/v2/DQhxDIUvUZCfgGgdQ8cdCuJWVE5DgkqjQ0p3zxHzatZNY8QAdUMRrcu3PFg7jZZbitqjJMFIFIp1DH2GDkjBd3GuruTWnOTMQJXvNyqm7NF-A1ToaK9JnCvUWNH8HXW54EOYRiQPZeAjG15VQ8tc-25OlmKw5e6NJUu28cI01os1JibbOGWrwcYqxIlH6vEPAf1jHrIX7Beb8HXs_oE_0b76LuDdSm9yc3itKXb0a_4",""
"|vodja gradbišč na področju vzdrževanja cest (m/ž)|kočevje, southeast slovenia","Vodja gradbišč na področju vzdrževanja cest (m/ž)","","Kočevje, Southeast Slovenia","Fri, 22 May 2026 23:33:24 GMT","https://jobviewtrack.com/v2/Jl0W16ZQGGRvVEQpT3lWIHc8D-0ArumWFHLbA0c2bd5VvsJezEoqLhhkDTK1AHUBIVlfFhPgduZapQN4PkRKw7dr4fTj2upqPQhoNkXMfQaKpU0pkfye_C5kN8FNVgCw2cWM_CUlK7elOR0viD_RbhPIz7IMGED4-laeCIWY6zTw7N2FGq-lac5vHKNyI4BT6dHni3YnPzwQFQU_6fXMWgzq6Cz9y6nKBnegAy8jfAU",""
"|strojnik na področju vzdrževanja cest (m/ž)|trebnje, southeast slovenia","Strojnik na področju vzdrževanja cest (m/ž)","","Trebnje, Southeast Slovenia","Fri, 22 May 2026 22:59:18 GMT","https://jobviewtrack.com/v2/T-7me0rYE74FTHl3G3Z-gBR5FZtz2FO3NyAvVOWqNoD6em2bawXQGv_nEGzLgCu4cWY_-X_njKZPU2FQSTXmFzwvEy59ovBDLDfJINUrGUlIkS8g7oEIc71iUajBWpSJlswJo8w1-oXOOeKMqfWd46oy0lCipE025JrCwvmfjlmjhmD03U9I8ne52M4fQ57eKITV06Wi_T4ujhCFt9GDfSlFamPmhuPjf-ReTGs9y-o",""
"|pomožni gradbeni delavec - m/ž|črnomelj, southeast slovenia","POMOŽNI GRADBENI DELAVEC - M/Ž","","Črnomelj, Southeast Slovenia","Fri, 22 May 2026 22:17:50 GMT","https://jobviewtrack.com/v2/9g2il6afGC2qHnKj4H7CppDLMp80-CipNcnWfFysHUnqYLMCkb-LaKfRWRoJvfbwDrayB8DgGb5b_MLEAWkIvZZz66pZrFkuni08Jf_kXkpdN9x1OP7qtirdP_rH-aec3hNNf_aNtKPmL1ORA9lwSqy1qOaZmzqBvCND6lkDCoFwb27YdKE29hHSI-log-BYz00d4QLkHAF85CpMH7bEcLnE6EN1UUnqEkYAbVS44cE",""
"|zobna asistentka / zobni asistent - m/ž|trebnje, southeast slovenia","ZOBNA ASISTENTKA / ZOBNI ASISTENT - M/Ž","","Trebnje, Southeast Slovenia","Fri, 22 May 2026 07:25:56 GMT","https://jobviewtrack.com/v2/3Aui5KsOGHOVN8KbzDAop32yrfKFfLlcXRI30W5_GQi2GwJAPj_iCK__tYcNuPVZfElbZyszgMfDNNxEoUOkRoqxbUwPwYvxkpEpcKfZuz9uI9w2xxGSs10wh1QlBTAhhu6TJl0aTwT-CHFpeN8_ROsohgH0hUXS5DwjgEVwHhsYk0jCDdvgaUA-uS2MhkCgxMaogcRN8_vVla0OXaS4gYRcJ2EJgQ_KiWVGmzVei2U",""
"|voznik tovornega vozila v mednarodnem cestnem prometu - ponjava m/ž - m/ž|novo mesto, southeast slovenia","VOZNIK TOVORNEGA VOZILA V MEDNARODNEM CESTNEM PROMETU - PONJAVA M/Ž - M/Ž","","Novo mesto, Southeast Slovenia","Fri, 22 May 2026 01:56:00 GMT","https://jobviewtrack.com/v2/DOEmyYgkf2HI8iq5VYjSyPax38iQNySfjWxiceP9RBTE17mgvINvgdHbqgJcFoQM2SyqHOJXqii3BfiSUVBS-05r3ugz7cDfv4Bs_9I3_KUDQip1N64xh8SD7cb1RYMNTTsY-QX9_-AUy2WQiHA89RCd25yD0t-gabI9gdTuilIXR54TZLopl7kTOSbLDkfA7rIpPzTuk0kyM9CoMVPKsCotY2YLQn-87hY1Z2j4N7I",""
"|zobozdravnik brez specializacije z licenco - m/ž|trebnje, southeast slovenia","ZOBOZDRAVNIK BREZ SPECIALIZACIJE Z LICENCO - M/Ž","","Trebnje, Southeast Slovenia","Fri, 22 May 2026 01:41:17 GMT","https://jobviewtrack.com/v2/ClEm2D8TYpop5athi8zH-ICWmIfZ1aWa9tJo1t_o04IdgBWQH6xlsWWFcMOhYhDHacpEqjzdaeGsQIIh-lQqSXrcZhbaT3OBa7Btp1v3BBgH_TQXiqAeMY9vFXfPDimwk0438pQ1FDORxDpPLrPdGuD-DpudqhucP9D-uzKcLmCBaGGUX5ewujciePW0KrkVnWN6oEkZmqFt98XCOFhO8tsdLcle4zMLBKw8QD96aQk",""
"|voznik tovornega vozila v mednarodnem cestnem prometu, avtotransporter - m/ž|novo mesto, southeast slovenia","VOZNIK TOVORNEGA VOZILA V MEDNARODNEM CESTNEM PROMETU, AVTOTRANSPORTER - M/Ž","","Novo mesto, Southeast Slovenia","Fri, 22 May 2026 00:35:27 GMT","https://jobviewtrack.com/v2/g9HrFMOTIqU6Pmkj7KOlRSVlFfoknmKPDVKy0TytVHitc91B7-Lgumf_YYl2anhYBZpg71Od-uECLpAxVJJsSvSTWYAN-VZ5NH-bAIkY43O1xpvGYHwzl5zVRjPeXANowW_VSYWKUVVoy-mxioxUj0kusumNEmb96etv7QDvSVTSnVsfDojBwnKUbealgF9brkBqQ4wk84Rnv7qZEVK2lX2u0DmH_CfxrrkolqG2Qyk",""
"|pralec vozil (nm) - m/ž|novo mesto, southeast slovenia","PRALEC VOZIL (NM) - M/Ž","","Novo mesto, Southeast Slovenia","Thu, 21 May 2026 03:24:41 GMT","https://jobviewtrack.com/v2/ZWXB3pSFCQ7RVO0SFDFS8l646OUvxIMdDQrsp3a8JMN-TKHXc7mORcsO7QolEXQVINy9T-ZFGmtCq7ATGzi3lq88839Zzs0EQjVUuLJgzD805ppeV6xX9gydCdyi2NPpjhIBSqmFu5zSeP55znP_tH2rnaFGSJBH73pEOgzIKMdPWa5B0pHDKUTm8X6DPT5FQgkvn-pI9wxtvyoC2WQFtWsYOn_FVk-FFIisikHh2iM",""
"|pomočnik monterja dvigal - m/ž|trebnje, southeast slovenia","POMOČNIK MONTERJA DVIGAL - M/Ž","","Trebnje, Southeast Slovenia","Wed, 20 May 2026 06:43:35 GMT","https://jobviewtrack.com/v2/xXj0kykjSaX1zNpnKCAofsNnmHNnEtwQDTjmDq5jUHxAMkkP9ysz1rR9tM9t5VpPWZEUHFczXc1ECarUfKej6v6PcrhCo3h0y5-B2OO-gwWU4GmipVqWvtWwiwULZjvlEAhbK11LgM_WC319XglHaX24vLi7gaLjYxPVZ-kELg2G8jeJ0zRQYwUtLunbn6yc7gu1_seqnfFrsWpR3ZX-qtVVFquSQ6BQEWIrqOC3Rww",""
"splošna bolnišnica novo mesto|srednja medicinska sestra v negovalni enoti v bolnišnični dejavnosti - m/ž|novo mesto, southeast slovenia","SREDNJA MEDICINSKA SESTRA V NEGOVALNI ENOTI V BOLNIŠNIČNI DEJAVNOSTI - M/Ž","Splošna Bolnišnica Novo Mesto","Novo mesto, Southeast Slovenia","Wed, 20 May 2026 04:41:23 GMT","https://jobviewtrack.com/v2/KwIOKhF_xhEP-kP-c169L9W-R50upqn1hyqdxFEnC9mz0y-51L4IvZASrL_VBTuAO2MNE7r4xQgki9TtJ5ViA8SGRb8B0DYBFx0fEY60QbU-Jtq5sO2rIgnfux03vwb2lOnHnEGdtKdud2tdeL_3wPPZMoVcXcqFayM-qkQ5pN8CrlMRTomyEwhLSrIfiYwAPWaHEWaPcaRlqFfKOcvwkd0fwndoJvIWOgT_dyS9Io4",""
"um center, center zdravja in estetike, d.o.o.|poslovni sekretar - m/ž|novo mesto, southeast slovenia","POSLOVNI SEKRETAR - M/Ž","UM CENTER, center zdravja in estetike, d.o.o.","Novo mesto, Southeast Slovenia","Wed, 20 May 2026 03:49:18 GMT","https://jobviewtrack.com/v2/e2eZc5IrLu6vhD3mNo2R4W_RQoNUx1pMU9w1BPekt90LjXX4pjowGBrpF6TDJmvfF-9rjaNopsfn8l1UJ_dPdsCX2xXuvT9OVLZJbh6bo42K_qTVZGdxeirbRgFWocWN7KOU662rSNY1gQZy4MncnBN2kbxPUGf4hFV1AfuIaXAK55d6ddiYDkO9Xw6vcYbYiyNS4MD6hCpi07feBQBpEEE8aYYu-ffp1A0_ogxMyB8",""
"whc|delavec v tovarni zdravil (m/ž)|novo mesto, southeast slovenia","Delavec v tovarni zdravil (m/ž)","WHC","Novo mesto, Southeast Slovenia","Wed, 20 May 2026 03:48:17 GMT","https://jobviewtrack.com/v2/Rr_mXYZSaoIG4ZjgRRKBm8zP1ToatInAIFtEuHKPW_CSfcFJlVikC74vprwI3XXANMU40eOq8BgrKik1f9ujuAuZGR_3wXim7_hvX-Geb7J2F2yKgUH_khjwlxCGZYG_wg8N8rqfvqTlGy0PJeP_re6JEAXSs7LoBbKKvzGYc04IVF8qdxJM4ktx4hHB4ZnzJt5jzdA6fiVzGl3-AK-nZ0GwFT_ublqNtKs593GeWC4",""
"whc d.o.o.|vodja skupine v proizvodnji (m/ž)|novo mesto, southeast slovenia","Vodja skupine v proizvodnji (m/ž)","WHC d.o.o.","Novo mesto, Southeast Slovenia","Wed, 20 May 2026 02:31:27 GMT","https://jobviewtrack.com/v2/ysYwFnUWDUBofqhvXYOHBL2y0mXbM1OJjxxq1pFHm1q0xozo22Z4jB6RcQ5KgWDTryn5g3jCiFEFWAEex_f6uic46s-r2nhuPyJ7HcQm6gm9_zsLZLPmf25UnhbXvs8mKKeOwnKnmqiNfb7ZZ0BNYKjigBt3mZvxCRfDYCZnAjCcBVGZ_J5VWeKYAFcR8kKyElgeBetrhEh-Yd1jLEuPjnqyeiy23u5EEVTE4F5ZGoo",""
"|osebni asistent v brusnicah - m/ž|novo mesto, southeast slovenia","OSEBNI ASISTENT V BRUSNICAH - M/Ž","","Novo mesto, Southeast Slovenia","Wed, 20 May 2026 02:02:18 GMT","https://jobviewtrack.com/v2/__UKRmpzHu9wckXNFzgjrnthCtwT4OycwfQzIMKqdSZoVUkqZzJPtOf6910gyAfLCyHHjLKknJUDTHSowLqvRX2cePRpmZ1Bw6Pj29ZL6aJUn2rfAwMpZGXtCPzVFVn2rCjRVUNMBmgtwdbdYqyj79H_wSTWkgjvDmCHm4WBX9j-ZoEhURdwTpKUT09TdrOZf0a85asGpxB5cpTY6PnD5-oya8QjPni0-XX050xXLbA",""
"whc|kontrolor kakovosti (m/ž)|novo mesto, southeast slovenia","Kontrolor kakovosti (m/ž)","WHC","Novo mesto, Southeast Slovenia","Wed, 20 May 2026 01:51:21 GMT","https://jobviewtrack.com/v2/IA19m15xBwmGhn3GFMjvBiblLZM-BPK6TsZAImRtIuO7soOviPLPS9PtCp4xBgsGW9dIP6Vny89eryVnJJILZooLsyEWfzBd1RB7_mfDI4zUjjyS69OQyxhMQH7XF4bbaOxte5Nu5iGQSSl6ZuHEaymGqWFKHyJU4B0vYjqhygd1y10l_bYqZmnTZgJyXxMzoQupSWEsb667nRE25-EQBu5iHM7KnW8V2vE1jat5OvI",""
"|namestnik vodje osnovne delovne enote (ode) - m/ž|trebnje, southeast slovenia","NAMESTNIK VODJE OSNOVNE DELOVNE ENOTE (ODE) - M/Ž","","Trebnje, Southeast Slovenia","Wed, 20 May 2026 01:30:08 GMT","https://jobviewtrack.com/v2/vs1CyAsqaThvzMSzgHLVUBH1HWD5SQf_h4_2Nyy9Es9rM62omBPZj7fUN99ho9kB-eoZ9iYWllDd65GH_HHQB3CCm2Ge-jbs1_Z3TEMlRJJNvd7-nIV8Hr8UN5kzxCotvIMzTlI71nbP9qszNtonTmPQRE9gtP50DqiKvn8nLys2GcsT2uPoNR3OUeQOLP4UdJWdp2z2AeF-o5OwS3nhRHBvP9h2HA4f-q_k8-29Rtw",""
"whc|vodja skupine v proizvodnji (m/ž)|novo mesto, southeast slovenia","Vodja skupine v proizvodnji (m/ž)","WHC","Novo mesto, Southeast Slovenia","Wed, 20 May 2026 01:28:32 GMT","https://jobviewtrack.com/v2/dZ9o4Vkh2DNlz_U0yJPEDsL8gCU3QSPZ8KyjuBLirVoqXZx260DcJrDj9GuGRVt7M3f8XPlc5iUCBmcUfzsfQfC4x-mWZcITm4d-UlH3paO0TKvstSubj7MvNRpTEZNgnndJM6FvzWC6Vwzqhz5KRfnkALJpnp-dSQXpodVpDgXK_nQus2Utop4nVQvAG5MY0KyLMJHekqzhpCVXN7NsTrJ5ih5x7b1Op1g60yJWZUI",""
"|medicinska sestra/zdravstveni tehnik - m/ž|novo mesto, southeast slovenia","MEDICINSKA SESTRA/ZDRAVSTVENI TEHNIK - M/Ž","","Novo mesto, Southeast Slovenia","Wed, 20 May 2026 00:03:11 GMT","https://jobviewtrack.com/v2/A8bMAAhbf2oLbEEo2QbrOcO4Y7JXl92UApuvEZHvSaSTGWLwa8XMZlIN-72gs5OI1o4-3Kkx3nhxKhTb9jGV-12qtDDiq5HrbY_l1io7uPYH0GkREyJ2SVWQWngZGrxrGpx3Z5fbtO8evqeJkjkN_6m3FqP4Q5ag0cm_JkFzRDP_44Jsg89t3nIJvSvWcHOKKW3IqrKoH82T5_DstPydhY7UqUSEugDlvWAbnBPb7qA",""
"mjob|pomoč pri prodaji|novo mesto, southeast slovenia","Pomoč pri prodaji","Mjob","Novo mesto, Southeast Slovenia","Tue, 19 May 2026 23:07:31 GMT","https://jobviewtrack.com/v2/qu_v6SIo8_qbcsOBI5G8T44TekS8ZR9Jd35pjWol6UCYIMc9-BvnW_4oG5y8aO22qxg6b7wrZ1zSZWaJ6s77fw7UANn6Y6GkLjCrJy2zzFkIxV_OLYcCp3ID3r8NpAWnPTfL04T4OhL_UhUo4J-XoUMxa67KxqTqG_dCYyWXu8h_AtK0oE3nrHEh7mguSfbRS-c7hspntFVqRXLtFWD-fIQhINJzQLXa-k24oBlJjPs",""
"splošna bolnišnica novo mesto|odgovorna medicinska sestra oddelka za ortopedsko kirurgijo - m/ž|novo mesto, southeast slovenia","ODGOVORNA MEDICINSKA SESTRA ODDELKA ZA ORTOPEDSKO KIRURGIJO - M/Ž","Splošna Bolnišnica Novo Mesto","Novo mesto, Southeast Slovenia","Tue, 19 May 2026 22:25:55 GMT","https://jobviewtrack.com/v2/YZSrXAD_x0jEmshwOhVzV3ju-tGVP13BGC7DrGVzRBHymTxBNTsgQXyVVwSJeJhP1ByjRZk00vV-tNpF9Ve3uBAbnLO07lNMnxlcC9YGRTHQzGNi6TYTCW4ENAFWpOGZxMBKw_yEhzB8La7h6as0V2evrgrk0YZYmFxYKdZf136klyOgML7rnMx-Y6D9I-h8Irwuf9HR83LNDSY5BcCRypu0quD5rcgCZMYysKmjdi4",""
"whc d.o.o.|delavec v tovarni zdravil (m/ž)|novo mesto, southeast slovenia","Delavec v tovarni zdravil (m/ž)","WHC d.o.o.","Novo mesto, Southeast Slovenia","Tue, 19 May 2026 22:10:21 GMT","https://jobviewtrack.com/v2/B61q6mPhl70d_ntZEpHVjsTp0bHbhqVGg0taebkEEAWl9qWrpOkbD9Sxk10ykAV8czu4_KZtj_d8L5my7Fq2e84s-wnPLiR17e-amAqqSAeuOj9O05RZNIv9jo49k1lZUGP6PmbZMsiTpXmvT2yyRbJOTqqsiAz0MrIXscB18cXtG5TxKwG75ppvmlIMOf2PIWRwTxKp9s6HtHfy6EUH_G51UDVHUuoCD9aAwwJO9-s",""
"|voznik hruške (m/ž)|novo mesto, southeast slovenia","Voznik hruške (m/ž)","","Novo mesto, Southeast Slovenia","Tue, 19 May 2026 07:42:33 GMT","https://jobviewtrack.com/v2/G3ukNQBTy_tF9m0FIm0sdF_HL4LIvQHbdoSVShG3DG6E3yQhTik4xyjLem8x-8c-MaO0MLY0BifQZD0AMXWfyyM08nEkYERbfJxAFUUCt-bx-5VkKTgEsXXBd1kpTYZc6OD9p60f2AsFv8_cx6E-p3W9PfZS35OHK_VZEukOWKOXCXBADnTX9CwOM6hDDyCaz_VTRzELotym9Plu0sfHhG9jBhR4rDyTXwkgj9nWhQA",""
"|strojnik v oddelku vgp mehanizacije - (m/ž)|novo mesto, southeast slovenia","Strojnik v oddelku VGP mehanizacije - (m/ž)","","Novo mesto, Southeast Slovenia","Tue, 19 May 2026 07:11:49 GMT","https://jobviewtrack.com/v2/KY8FHJQ79cbG4cO-oj0g32CuFBAmBuoy3ukOG81pmcecA_GeerddvRawiLml-t1XY3Hf7PFvYHSiJsOjyzsXhnoFUH9ClBBoETUluMzOd892KQDHZjuoQZvNUz2c3YAPTFgqC9nwUz-ajIU-WmNeiGmrzk05KkBtjIfbqTuVQ6vlqhqk5yaMV57jYAqS-YT-g6qOPDekrgss0SfN5sM5U184QKF_WBCHnN86IptVZeU",""
"|samostojni komercialist (m/ž)|novo mesto, southeast slovenia","Samostojni komercialist (m/ž)","","Novo mesto, Southeast Slovenia","Tue, 19 May 2026 07:11:04 GMT","https://jobviewtrack.com/v2/bCJMdDPkXqChKAf6dqcjUakIx7cIBKDLuHoht9mXdZgM0elZik6n80ftYUGc18tNV9TJoYT-Q31zX_yUryBi41Xyw1jtsLw73koK-fS_7l-U-rwZxPXRiD9sLtQV44o5cow2pkYMcJXZVpeDcCf-dwez4Hyu7Kt7p11us-S4IDbaHdFGZPaJ0jgFwoHU3Zl5T4x77BkGhFLwn_GddmRdA415Vnve0HUvnsh8--EVa60",""
"|vodja logistike (m/ž)|novo mesto, southeast slovenia","Vodja logistike (m/ž)","","Novo mesto, Southeast Slovenia","Tue, 19 May 2026 05:32:51 GMT","https://jobviewtrack.com/v2/Ocnuwj4Q4eQ3FVOrD5xDh15OYLvQeB5deGlvIi8zO5DW5enM_5ju00BS_TLLamFEde_5jmZvFlWK-1hMh8xagHvzt9GZL1edlpdOItP_2Bla9jY33wrEncXCied5CcZXCrgXJnvmRpw709WBgmC8-4sDKgBrr56tJ1eyASVVtMAWUsW6aKloKRhunmmbr_puwGZgN3H2TcMEkgf8IRvmPiBVg-4MjyaeEbCMwVqinO4",""
"|preglednik na področju vzdrževanja cest (m/ž)|trebnje, southeast slovenia","Preglednik na področju vzdrževanja cest (m/ž)","","Trebnje, Southeast Slovenia","Tue, 19 May 2026 05:06:24 GMT","https://jobviewtrack.com/v2/zw1Adso8WdP5RabC1dPs2NEtIlo2-z5vqQn8W3jQBToRyg3B31c4fjLnpgij4SNwXcaOilxVTKmajy7vHMs4KgSZuQ31SP66UOu-Jl-RCJIfVO5phLM1DbXIB175LH4CNarAlrKZEfUfv__LjVwA-Obc8THZpRmOu7XaFTJsU93ZAusPrfdMGkoYPjRH3KojLAbWC0bKA8O0eb-3JmY5g4X2TDN9kLtYG64aghpPCvQ",""
"|voznik črpalke (m/ž)|novo mesto, southeast slovenia","Voznik črpalke (m/ž)","","Novo mesto, Southeast Slovenia","Tue, 19 May 2026 03:40:41 GMT","https://jobviewtrack.com/v2/J8tyhl3fmPzjj08X6mb9ArR8ir44wHQ7BPQcskG0itjZnkQFYeL12mHp3I-DLzaOXiuOexMXfSm8_Ug_d0Np1lPnq0I08zr94dPfyFbxOFykjf20x9P5wYwqJIUDng5B_zVtGIdihy_QBbs12kXjgHCocLbwYK8g7yQe7ETOD-1mkfCV80eIJiHnCZd2THbLM0c_3APVEG2-b3G72eCKHKtUOqk3JJNHYv84s2Kpl4s",""
"kariera|sestavljalec v avtomobilski proizvodnji m/ž/d|southeast slovenia","Sestavljalec v avtomobilski proizvodnji m/ž/d","Kariera","Southeast Slovenia","Tue, 19 May 2026 03:23:20 GMT","https://jobviewtrack.com/v2/pT-FjbWejKdvlrBICWdRNrzRr6gPO8e8omvJd4vt6RPc-Ua8fnQnOKAEgqUgTa7Avhv8c0wHChByGvB2nUEYi_UO3ekPyvylOWF-UVD8_ah8-t2bgydFIddJ_aW1BLYWCWQ0DCDzGmEK_KvuUqEXxV3lgAqi59-kxHX65wo1aVQvJyJwbyI2IqK2GM9yNejaN27ZAXgHPn56IUqN4t5_SF864lWEeCdBhU8w53uhwhM",""
"|cestar/gradbeni delavec (m/ž)|novo mesto, southeast slovenia","Cestar/gradbeni delavec (m/ž)","","Novo mesto, Southeast Slovenia","Tue, 19 May 2026 01:33:52 GMT","https://jobviewtrack.com/v2/uZcg-saFzbLsz-bg6yOg44zXM6v7_noOFHvDk_6defq8ojY2z0WvhvfnIHiVigKXEWTE2NKwbWFg-TVR6jfSbeCMAPn6mKvPkp7NtVc3ryBs0SuYnibLgBaIC_DnuseJSrRYy5waZddg0BztBRLxPxgHa86hA78pbp7cXwo4BzCXR1VJr2fRI8W1BsNXQ3oUljAwESL7poOuxOQ5vGzf_19lyMMexRJD5pN-zxdA6qA",""
"|gradbeni delavec - asfalter (m/ž)|trebnje, southeast slovenia","Gradbeni delavec - asfalter (m/ž)","","Trebnje, Southeast Slovenia","Tue, 19 May 2026 01:21:43 GMT","https://jobviewtrack.com/v2/2ZBIcPDQsxjIS0hUL0l3BNtzezOIibT-eocYet6NSWLctpIp3Eq8wX1lL0I-klqp3G1u-gfKJfmFU1XQgzkifm0Ax0DdMZyqcCtH4GenO5IocIOiF_KcTXuOdptfLItMmq7O0Jfc0IX9LXwqVzR5DGeAiamyXRMtP3LwpZUrhaqPUBEcZxAXwzK-zVWgvdc9XvKizxK3bNpoku3Gbc9JbqELmUMV07NgykFS_Z2s_3c",""
"|hidrotehnični delavec - vzdrževanje vodotokov (m/ž)|novo mesto, southeast slovenia","Hidrotehnični delavec - vzdrževanje vodotokov (m/ž)","","Novo mesto, Southeast Slovenia","Tue, 19 May 2026 00:25:26 GMT","https://jobviewtrack.com/v2/6olWpdMrDSrAaI0zLwZcEybdFu3wj-Tgc5nE9RiCXQO8hsJ6n5_kgSIwWS_BMh-cWmT4x1knLyE0ifank3wQRGsz08G8IQfZRJDl5d9HG-fKj8O1AA2CvVyCyfYl8R4IJz5GVu2WstHuKOuMvlljrH-yHNdRfPYVde_rxeagQDrt0jXaFZzmNa76zTn6wyl_nkSOzb-Btwggg54qyx84XQ6DIvR0DePx2iQLYeOP6dE",""
"orkoplast|nastavljalec strojev za preoblikovanje pločevin|trebnje, southeast slovenia","Nastavljalec strojev za preoblikovanje pločevin","Orkoplast","Trebnje, Southeast Slovenia","Mon, 18 May 2026 22:47:40 GMT","https://jobviewtrack.com/v2/uF5iLlegJQsA8xhLFWDDt22OijhNczHDqj7egfRKnjg3HL5N-Ci1TfQk8Zv1IWNPalumu-cNXO4e0ujPATPL6WzbfUEaFwrMvVBb5nEyrcQJp0mVYj6bhIIm8b4BRAckGzTku5qtuH7GRMROSdOvAfh6XPpnxF_qBCgz8DfV8BlGGBT0ynKh8SKkw8SxueRtTf6J7HuuTi9TM8rYRztwIoUPgNQbf_ssnehxL9B48F8",""
"krka|samostojni tehnolog v tehnični službi v proizvodnji zdravil (m/ž)|novo mesto, southeast slovenia","Samostojni tehnolog v Tehnični službi v Proizvodnji zdravil (m/ž)","Krka","Novo mesto, Southeast Slovenia","Mon, 18 May 2026 05:08:57 GMT","https://jobviewtrack.com/v2/qykHFCnchdOWqt2DgxY4V809-7_tvYm277HIiI3ACZ4QABXQjt0A_Qvgysw7yeBcXdGGYMQjzNQKHT25YdlD6dwPlcyfwCtGX724CGtqzP7bwnEPnw7ShrBaRjGhPDpqkMKSVmeMPg5mGVrewB_0JQsHZJ7WuIUoxrmnEK7I2V-0v9CNZA6hbMlYz2Bo9t5TnO4u4va6Hsd-BwB7rjP-IiFMEhsJ7hlt6EhZnJwXiOg",""
"mjob|pomoč v proizvodnji senčil|novo mesto, southeast slovenia","Pomoč v proizvodnji senčil","Mjob","Novo mesto, Southeast Slovenia","Mon, 18 May 2026 02:56:29 GMT","https://jobviewtrack.com/v2/oMjPO-ZMol9lKSPaIZBoZ-Oy6lTawMs2BCC3M_2oJd1HZldy5wyZjsHTlqfFhoIOZmbsU7TsY8DTIJC8aHm4GSOlgcvq0kIqYNZFWWTTUzR19Oybb1hoOcjEauMeZ76mIy4UbevfsjVqIY7HPOt2qF1lJ3OiTjEKc7PS7GicTSRDXfXC2MD6uk54jbuGOYFJCvCsv1KZw87tvLXsLpYSyHhO-C0OGTcCKZbw_KGNo4U",""
"orkoplast|vodja avtomatizacije|trebnje, southeast slovenia","Vodja avtomatizacije","Orkoplast","Trebnje, Southeast Slovenia","Mon, 18 May 2026 00:20:10 GMT","https://jobviewtrack.com/v2/RdUTdlLqYYZIlE3O74G8wF5vIBnjeLTT0duMDCWemf0a1fCEQrztPNiYbxIWFK5UijOUJ4aHK3ZO7oKB5ewqn2Rkbt8jCiCEdYfkasS0zvc5OY0Nmg9bV1Mi8F5X6bWQAw4gbPI9U_NjhEZZ8_TI8ZCNXM-V64_KP-cGJqHbRLeLG7nTqUE53kpB2C8VXk-47TKm4kCJP7EYdenTVNL7dM1B9RKKHR3zq1I2XL2bZHg",""
"cineplexx si, druzba za predvajanje filmov, d.o.o.|blagajnik, novo mesto|novo mesto, southeast slovenia","Blagajnik, Novo mesto","CINEPLEXX SI, druzba za predvajanje filmov, d.o.o.","Novo mesto, Southeast Slovenia","Sun, 17 May 2026 22:05:31 GMT","https://jobviewtrack.com/v2/zrHfJWUfj3ZKOBQwRDyJThupDizQNqRH8QEl2p0YKKy6AUWYUjMhCTN7RIZiGet-iFNNFDXe9LZNsh2fTl4P3FBBMEZ3LMtcJOBBLKs4SluhDzk-muuR1j95Xb7UUtIrHteRLQlRvgJl9g518OZFtL8p_GJ8-Ok3kj44hoCHRT1shFsYPczUlDx4GSl34_6iy-FCBVPcBXNz0JKqlpvS8XdEa__sQq-MLSdtpaYLfWQ",""
"trimo|poslovni kontroler|trebnje, southeast slovenia","Poslovni kontroler","Trimo","Trebnje, Southeast Slovenia","Sat, 16 May 2026 07:46:57 GMT","https://jobviewtrack.com/v2/ikLZl3q8FXF2O5JBO8ZVx28g7OsXKXQV70enY-hUDd703m413irujpHtaqAJgHjxT_l6SUzet17l5sfgC-i1ZlfLy-eqrul9JiT6RO-AhXFa5CWgm5yoCm_DJlnq8OHjXGo5Wd2D8fYtiB8IFeM0YKb6oS8IK4VOPeLtFdHzSoS4WHuRjymV1M-lLEjXfi1GVXVsmecxwuqiTHFpBYgAZEoYIqHp-PzBy865M40yzo4",""
"javni stanovanjski sklad mestne obcine novo mesto|direktor javnega stanovanjskega sklada mestne občine novo mesto - m/ž|novo mesto, southeast slovenia","DIREKTOR JAVNEGA STANOVANJSKEGA SKLADA MESTNE OBČINE NOVO MESTO - M/Ž","Javni stanovanjski sklad Mestne obcine Novo mesto","Novo mesto, Southeast Slovenia","Sat, 16 May 2026 07:40:57 GMT","https://jobviewtrack.com/v2/16lEzJU2pJFOSwTXgI25j-4SqCZE93tEFj-QrgfbFEUQPody_eoi7Fe_GALhGOxMuzBBPljRmIFQhA9RbtDGXTbkRGNY7PdVkfEUenNMAzxzIs6wd676ZKWBHAmtEmjjF4VJvSVFlh2uj2haslp1QvrICr0teAcAQ3PA4c7LIoyHFVxBDIaiJGRLVgWMkL1a17Q5IHgS7q-ETEpnB2L8qF_qPbzPz4-8vBxA-xIglcI",""
"|zdravnik specialist ppd3, zobozdravnik specialist otroškega in preventivnega zobozdravstva ppd3, e018021 - m/ž|nova gorica, gorizia","ZDRAVNIK SPECIALIST PPD3, ZOBOZDRAVNIK SPECIALIST OTROŠKEGA IN PREVENTIVNEGA ZOBOZDRAVSTVA PPD3, E018021 - M/Ž","","Nova Gorica, Gorizia","Sat, 23 May 2026 03:50:25 GMT","https://jobviewtrack.com/v2/9c72rVMAvnF-iLQfnFB08sxPD3OY_E1qSgeq7OjYuv91Uov63GMHu7FU0oNOVXW5QMf3DGzpEwEbcTS6bn311X3m2o-50lSfD6IIanEdXLuy7dRFWOPxeMeTloyasXLKOWAKxIaW9A3kVX-XKP9-CCISffig9xCFve4bGzB_FWRmmcATGy1iltfYDUhOowKQ2ZLUUObStXLbHnKb3pF0gjUc1SdJOo5WGYQPqfsVt28",""
"|pomocnik v kuhinji - m/ž|nova gorica, gorizia","POMOCNIK V KUHINJI - M/Ž","","Nova Gorica, Gorizia","Sat, 23 May 2026 01:35:15 GMT","https://jobviewtrack.com/v2/XVaYqcR7VfNYcyqF3BW0lEPn-98d7xuANV3FrlRqGGVcvHhUuru4jeqUhrqp55QUzErY0wYZ83pQJXzM0Uv3gDwOf4eg6tjcTNd7Qfe8Vjf8IABBZe5xyn1zp_MzfM8ApktUHxrxEtYc495edrbi7WsbpKd8nuWv_H3G0AWaYkiRpMfsW5dBGzMim9uwtkD5xJRxG2Gh8APuezaNsKkuArbtLzBwJlnSikInZNSqrG4",""
"|samostojni strokovni delavec - m/ž|idrija, gorizia","SAMOSTOJNI STROKOVNI DELAVEC - M/Ž","","Idrija, Gorizia","Thu, 21 May 2026 23:37:58 GMT","https://jobviewtrack.com/v2/ZXrA4QriJ5Am30BcOdzRBE99sRufvKVFBb4LE-ohFtnVev7NlPje0jusbsC_im_eT8fWt7Ke5XwJAvxiNPDs3UIuo4BlQg6Vc_IXVkI207Dm-anSzch-CVGhJD5-pDcO-F6-P5hV15cJygNc2lLQmJOW_ZzNeY_ssII_bXYNY23i3DmXWmTElEnBldtwwC7BrOcfdPY4XNIoRP4MiAHjQabvhvnR8YzbLA6yydHPCPc",""
"|kuhinjski pomočnik - m/ž|ajdovščina, gorizia","KUHINJSKI POMOČNIK - M/Ž","","Ajdovščina, Gorizia","Thu, 21 May 2026 02:44:30 GMT","https://jobviewtrack.com/v2/iQb4vk6IFFLuQhCkwsMKKHTazKLCvExvMCzQwZPznNGavgvs7TpBk-Ie_4U31pxPLR0td7Zqg8MRJm0aGWb7BBe_eMuXaNG9Vdi6uGio7eJcIJrcrGxZsvVPh_cUA2arSWu1SlxceJsAaAoO1tUO4GB17nKY0pK5t1vTnvyL79rsnD6plWShvh6aLlHnwAj79xhGT_I68oj5cqFwIPkANvTWGHdDLqPGdGsZKinv0ow",""
"|mig/mag-varilec tig-varilec - m/ž|ajdovščina, gorizia","MIG/MAG-VARILEC TIG-VARILEC - M/Ž","","Ajdovščina, Gorizia","Wed, 20 May 2026 22:29:48 GMT","https://jobviewtrack.com/v2/cxPrO-22gcnqcj2tGcTdaPgVqcvufmJb9hIfEEcAzBI4f86FWTbaUSWxCOVMBn1qc3j21sHBVKnBToBQnFdG4OlDnK4Uv1C_KyqA2pFDKtuXtGxSyhEBHTnoY6P6iB1LZycs7G4R6y6P4Mb4Whz7t0HHF_e33E47R2B-2Tpn0FTpQEiO8GV9TbgQqW05mbxyPmYrvcMoHjZY_67JPq8AqyoKt_Q1Tu00sLvGkLkdXeo",""
"|priprava zajtrkov - m/ž|nova gorica, gorizia","PRIPRAVA ZAJTRKOV - M/Ž","","Nova Gorica, Gorizia","Wed, 20 May 2026 03:34:16 GMT","https://jobviewtrack.com/v2/Oar6K2i8hisJgkWCxXYA5BL77EsDcHsGfIrdDINGa3JDIkqjqEKSn5atQHVCUj1cUKBbCgM2Z4vDBppVAdwATeQifyE68AFTbtGDQzBVHPFAIo7wk4p5OBH9juJ9PeOSw6TdlJWDkb3e74z78dANdO7tVPkNSHv9NW1MrFlLvkZHQrDp_EEV33FoFwGER_UEAotpV7MZ1UUwTA72stN3bTFYhZQcbwXRJDfJBhlQNes",""
"|operater brezpilotnih letal - m/ž|ajdovščina, gorizia","OPERATER BREZPILOTNIH LETAL - M/Ž","","Ajdovščina, Gorizia","Wed, 20 May 2026 01:17:38 GMT","https://jobviewtrack.com/v2/jOMAJWUE6JfQmAL9kpZlRsjGMxQImNhd2Gi--a4DjbmxuB7kGYFUCcxbywsHq6BT6kkMAAG7H7E40LexTuUSa37wh1BTJEneTE2qowAjQqTd7oL2--K69aQSP7HYHVqXYzfTa2VdyupiFYKazZcOyuoLCM2Z1u8Qygc7-5L07lwAxIZe5rvMwitgrU2yaWDdyWBx9eUtISZ7DgYhIfNu-2daNHO2rLz9sek8M4iU5vg",""
"|strugar - m/ž|ajdovščina, gorizia","STRUGAR - M/Ž","","Ajdovščina, Gorizia","Sat, 16 May 2026 00:53:10 GMT","https://jobviewtrack.com/v2/yln5NQGQwjiZPF97u9dMaRd-prugnrdf5L34Sc8TnMGF4iyIJx70R3IGDg4A0ChVcXIpyo6_Cm9bGCU5Mu6BN4Kzw-dVoXjpQcdegg0GjVZpemMSXJJGJATp26DPpAb3aayQkE0DUWdHS8pq3xfdcc1tXfzEkGTCJuPOvrTjQzHy8zlceYSNnLC1CtJNYfJz8pyr2RC_O1qGuBnKw1o6fdh0kJdX0Zssi_ARaYIWGD8",""
"|vodja kakovosti - m/ž|ajdovščina, gorizia","VODJA KAKOVOSTI - M/Ž","","Ajdovščina, Gorizia","Fri, 15 May 2026 00:53:11 GMT","https://jobviewtrack.com/v2/CKOcPvRgRPfnTtjjWPkgrp0RhHgbrTFkhBcfREjHq3LxGqPcNDub8nRgjbDyDSIGqe65Gdq0XStWMoDbMtmYy5lbkJmuja4VFUN1Z_LsyGqRBrKD8v9aE4-U0CYnDhULVGs25wmrbP8k3bkYyNR3oK5b7p2wmFfaWB9DLtX5Euneij5N52xyFXJeZgaTovPcq6dkKDFJGwgF1IIVTkg6zSVJfByVIzL_wtEbIi8A4gw",""
"|sodelavec za sodne zadeve v - namestnik vodje pisarne - m/ž|nova gorica, gorizia","SODELAVEC ZA SODNE ZADEVE V - NAMESTNIK VODJE PISARNE - M/Ž","","Nova Gorica, Gorizia","Fri, 15 May 2026 00:52:48 GMT","https://jobviewtrack.com/v2/1YdBzxUr0qPLLAU3nyBoPtOWwUb0Q8DiVUhp69DhjctsqB3VIo3tLQoWYpWDWDDIZX788f90KsVODCwtSgrFX8hrXNDebO80qPBLOhclzqkLoAPNbvOs3PgEbMeRWPlDUfa-PktNXdvbKBfZC6FrN05eCiylF97-0YRGSYAnJp1pikdeyL2PNxLmeMfwPuZCJTixO6q1r2NVFHeSP-upnwizMoQBlUM0wcOZCQxT9jw",""
"|kakovost in laboratorij - m/ž|ajdovščina, gorizia","KAKOVOST IN LABORATORIJ - M/Ž","","Ajdovščina, Gorizia","Thu, 14 May 2026 22:34:43 GMT","https://jobviewtrack.com/v2/1Ex-0Bh_WqHDtLuMhhGO5rpgJDNxA3jgPLpFqAsEgSjdaYkh_50l1T6n0HdAo98lEFhqEDrwUMvbLNLay0kq6wZYeSROHa1wEigPCWnQtJL-gZaw1vkZ-hSlnKcSGbOcXrD5oLeFeMYJnyk0XV2DGOmIga5-MHEKOih7cT9RbWYjfbUWlOWOezJUp_7XVhkbWaeBvDHJE4s4gmIoOmYsUAOxLNPErqlRmmmxbKaM41g",""
"brus transport|avtomehanik za tovorna vozila m/ž|godovič, gorizia","Avtomehanik za tovorna vozila m/ž","Brus Transport","Godovič, Gorizia","Tue, 12 May 2026 07:12:35 GMT","https://jobviewtrack.com/v2/eNsBuMTX5A14O2rhjh27MND27mHv6mvHIaq2VlFaboPNgclz2E2gH9RUjTD-hl6tSa9mHpd6ktSfDHz7CENHCTiSnM05WuwcrxHRMWvmqd8ekquT7Saa6V2FQCUgsmisJ49rocloJsWzuMSR31ghjiCpVsg-Qadmn2FakTBJWOHuU1a6OO-QQRpOnZWtAblOEE1rU2K4z05WusCDyz3Wg4-RJNFuCTqkWm_OwfKNce0",""
"zdravstveni dom ajdovscina|zobotehnik i - m/ž|ajdovščina, gorizia","ZOBOTEHNIK I - M/Ž","ZDRAVSTVENI DOM AJDOVSCINA","Ajdovščina, Gorizia","Tue, 12 May 2026 05:22:21 GMT","https://jobviewtrack.com/v2/bTa_NrzkwPIvUUk6E-CkYy70b760UwK9yaXf5AVBKoZ0znJCQlm2hSMhsrZRGYFdWzuQm_O2CeJ8GsJ38Dabqb-JOQSLhsa9m-eS3lYv1x9aVafdz-kYE14gCIkhxeM7F-cQeh4udv-KzCxiJO0QICdT0wX7k32YxJOh5rFRomBdcC2vIf4ZySHaykRctj0r6BZllZ5J4tEvZeXtAygMjEUd_yjq6S59EiP0fClFpG4",""
"|disponent - m/ž|nova gorica, gorizia","DISPONENT - M/Ž","","Nova Gorica, Gorizia","Tue, 12 May 2026 04:08:03 GMT","https://jobviewtrack.com/v2/wP8FI_uRz7-3oIEd6RoIJFyaNILyp52fi54NURyl3TLNC-_wrGvNgO8VEZfeGugLu11nRDXqIIWiqLxXlNGD-LyAh6H7FL3zeLZWO6H-gQX9yL1OC7ASTo3dPpLNlyngkzjBOQNGBJJENeJvwFR5YnLxwRQnpLlo9nlNiKlL1OOFWIlMSiR-5Bcg6LjK-nwdNbuVvQ8MG7I-Mq9uFwAEzfqPiOmDE0h49IbsZAikvGY",""
"adecco|prodajnik za tuje trge (m/ž)|gorizia","Prodajnik za tuje trge (m/ž)","Adecco","Gorizia","Tue, 12 May 2026 02:07:18 GMT","https://jobviewtrack.com/v2/JEIIySj-dqlxb9egV6YoNKDwFcn8bS98B302z1rdivwTGMhfCBU0ruy0fo_TxrgHsVqxMnzTDh83mU1leDQSR6JLO7OErAkCqSa-d6nhvHZ49IGuWgljUJk_GYc5le_d5bLH-xkqsJowAKTknLmxx20FfSakraSIDyDVB_g20l86EkAXt8Asheg4mKYFcoK9AHAXGKqoky1ofYCbmRO1MxhTf7WCvWjh6-n0lLKtlu0",""
"mjob|pomoč v kuhinji|gorizia","Pomoč v kuhinji","Mjob","Gorizia","Tue, 12 May 2026 01:47:07 GMT","https://jobviewtrack.com/v2/1JBy0q4CgHlO0ZXb7QsnVIFhza8XAc7mhJH-LuljQeB33pQUUVImmAsiTcjJnHpAUAxbeDHWcvoVlognBl7zfX9hJiqAaNPAj-_UuTUHpuAbPwUQcYt-Im9Ks77YYYBdI-27cNBoZOGLvSs-7epQQAkR3dOHqv9KXSTP7PuSpLBR_A0eHyJsLCP6AnoQesrdy1pd0dIfFzbjvEZcMCQ8dgYmChp45-klzfD7CJ8Bmzw",""
"eurospin|produktni vodja v nabavi (m/ž)|gorizia","Produktni vodja v nabavi (m/ž)","Eurospin","Gorizia","Mon, 11 May 2026 05:13:25 GMT","https://jobviewtrack.com/v2/MjRiA0nsqh6CgYAFeJ8T5Yqn-BhTZjDCHnc52GhEmHsYZUaNxY-FOy6cdlFUlVmYgbg-TUfgedTPBdqnG1iFOMKj2CkM4FVjH_lB6arCJVHaStQNh1WsUM7imbMGlNDfU70hVp4neflwkvNiVLH5mEGUVOsfP9JJptvk-EP2d2MIufEEBA7zkWWEjazqqT1H4l6wodWGv18-px8tkAWRphgju3fvBJ0ci5J5IYISnL4",""
"whc d.o.o.|area sales manager (m/ž)|nova gorica, gorizia","Area Sales Manager (m/ž)","WHC d.o.o.","Nova Gorica, Gorizia","Sun, 10 May 2026 23:08:32 GMT","https://jobviewtrack.com/v2/xdCci6b2mfZRVKzU-amyVD8y1m8bA5nhejUCuGk0AmP8L9iTyqIpLj9e0nt09m55UJqCAR1-6_AGRqEXSZtRrefs_UH-WKe2HqciTOmHKmHPthaW7-43qRu-l5HyeKCom7-JfTgx2jnCVmOIWitfGIwywx13Wf0g8qjb3_dviZka8BLn2QO5znXx8-5blvaspFRPAACwNgn41gysZqMMQIcsrpES6ywovKY5D2-aEWU",""
"eurospin|živilski tehnolog v nabavi (m/ž)|gorizia","Živilski tehnolog v nabavi (m/ž)","Eurospin","Gorizia","Sun, 10 May 2026 22:09:19 GMT","https://jobviewtrack.com/v2/2kmCN0FhhJHnokaATZuAY0lFr5yF2E8vknGEJxWDaV9YRsMdxmik21ruhgrOHE0rzUaB9kMuwRY8L_mlNrTeFIpu3y22D5BBxxUhzOYsydW4GSD3tWwDJRKtlPVJIY3JCo9FE6GjIPK522cNkHHTs7D7ERG5M7COYMiwXTLTrrMr9GisN7HYcu8ti3tqaaSAUT0RiYotRTl803CMerAr6OJtmJlNm1EhP-ZdYiptusc",""
"mjob|pomoč pri urejanju salona in skladišča|ajdovščina, gorizia","Pomoč pri urejanju salona in skladišča","Mjob","Ajdovščina, Gorizia","Sat, 09 May 2026 05:46:33 GMT","https://jobviewtrack.com/v2/8t9AnaI-Jolu_EMBrQAODnfYlf7hRzv6GUOneUEh47acviHyCNK4TAlbez4dRSs5s63S_4PC10GDm9U6JIXQNUo3HJHsyDLGmHlVt12_yrSvYYC-cEtt4dmmmyT199z6OiRI5Pl9UIDIJ_b3MB3EIUJ39t2aXw0P93TfdvmnJKZRuFAA-bWX_JU69axGxUT-3GVM-x1rZtb9rn_bIu--rmYrGwbXURitf8_3P8d6GPY",""
"avto aktiv slo d.o.o.|klepar bmw (m/ž) - pe nova gorica|nova gorica, gorizia","Klepar BMW (m/ž) - PE Nova Gorica","AVTO AKTIV SLO d.o.o.","Nova Gorica, Gorizia","Sat, 09 May 2026 03:54:24 GMT","https://jobviewtrack.com/v2/yr0NGFPG2KKErgcE7z9sIfpWZ-xc5jUvM5L2CNshqbhQFboXFSOxPgrgi8KbxKCJtPFM5QkIgtrepqoLjPl7m3CJZ8tViI_7ycvN20pOAvTKFw3Lb0qNBXP4-rlfgwxeooEqzy-WdBMJPilxEVdG0zO8gVM7JktqBNs12StaDIjbLTwM7pDC8J839BtvK4H66848tYUd_RoyVtXlpKR85wvKRMFcm7rAC4KxYXvMqQ0",""
"|mehanik-vzdrževalec strojev-m/ž - m/ž|nova gorica, gorizia","MEHANIK-VZDRŽEVALEC STROJEV-M/Ž - M/Ž","","Nova Gorica, Gorizia","Sat, 09 May 2026 01:31:52 GMT","https://jobviewtrack.com/v2/ru350AtAzT0q2ULWpRBZjYbmQL1byRv3S96DZLgDqHoB8Ui0wexX1RgWdng93EiK0F3ljFcn8d6XGaAjgMjEmQZZ7UuN4aWIaw88cw_r6P3PW8-k-j-KpE_uLQQYblGgOuPhmv1rJNNrbPOYNoOZ_OZo9tCiaORaDoPiKcjkCXk-bg0BMh5So2qLDTgr5Bfor7fe-KdLsXiIZI-XiEr3g-6LUYLbXA1oGARE_I6etfw",""
"|pripravnik- delavec v reciklaži materiala- - m/ž|nova gorica, gorizia","PRIPRAVNIK- DELAVEC V RECIKLAŽI MATERIALA- - M/Ž","","Nova Gorica, Gorizia","Sat, 09 May 2026 00:51:29 GMT","https://jobviewtrack.com/v2/Qjea4X_jOz56DtSQcIyXC1SqweJjFR7anHVbUIRBdrmDQVIFBo95CyGCxSdY51yy6ucuc7Wv0V_Vb-PSCfEc2aqT-2o3oE0EeGGa7RO4TiRJ9ZIy2PRh6LRos05p60pNRlSEMjv79e3Jlmo3bzYVdxPN1f_5Nu24lOrNVYhHy2cdeig08EtKfRGJ1EBPrUoK3JCWIRdlUDtP6gnLdNBpndNVL_zZrr4MHE0U5_5D3qU",""
"mjob|pomoč v skladišču|šempeter-vrtojba, gorizia","Pomoč v skladišču","Mjob","Šempeter-Vrtojba, Gorizia","Fri, 08 May 2026 07:50:05 GMT","https://jobviewtrack.com/v2/pBXrg7Egcqu6_gTPu6vEbIVT5_dUMkPl1t93CTQFlrgrHHXguJpQtgeATWUIlxRyHIH4eCSd3AYyCc6tQKRxpthmJLWVaFNVc5a6jA-dvHBrH4YuYwq6n5e7OwMdcLxs-ne7jFmAdnwXdDmBsSxzickMfb6HDt8KwxacBRMYyWSD2kvi4OKVXWawaceL_337MgQYvU1A8dll3bwKhVd5aW1dnhzfnvc02QTzBIDJsVw",""
"|organizator kulturnih programov i na oi brežice - g025028 - m/ž|brežice, lower sava","ORGANIZATOR KULTURNIH PROGRAMOV I NA OI BREŽICE - G025028 - M/Ž","","Brežice, Lower Sava","Sat, 23 May 2026 02:32:28 GMT","https://jobviewtrack.com/v2/01vsCoh5EiQR7iivLzEejmZTN26abxhXQxZpC5Jxrn_afJUidezoz1YCoTS7tWP9TLD4QzPX3XbBeoTssJJYvNmJnj5C7LVnhPrbKHhMj3t3imigJFwjJEC9C_Au-SZ-433W_Tk1l5rbMOk6tQx9T1NEJPwvbG_mI2N6SIadjsNdnl3cy_r4pLQMzA_y1L_bSK3M5bVxNkSE_suwidYb00mWCamEwY1QXnj_HhAz8b4",""
"|organizator kulturnih programov iii na oi brežice - g027009 - m/ž|brežice, lower sava","ORGANIZATOR KULTURNIH PROGRAMOV III NA OI BREŽICE - G027009 - M/Ž","","Brežice, Lower Sava","Sat, 23 May 2026 02:23:14 GMT","https://jobviewtrack.com/v2/8M-FcWCeN3wLu-sICE3Pxl5MdjUwkPDP2MwBw1JbRun68Za6GIZMHvZDPxGGfBlLmSkRqfowpqYOfck97py0AuKgn0j5Jg9Eqtir8fSr_9GUvifsWdShypUUlZ6Xaq_bLU_9cAjliLJa3utoQ-l5M8k1ba6f0M9uOR-Q04-QJvoXmm5BdXGZxuZAY4LAk9ONkIoZWvQH_nmslSH9Oa-cjizT6GhlSXBZ2l6jLFHgOJY",""
"|elektrovzdrževalec na farmi prašičjereje - m/ž|krško, lower sava","ELEKTROVZDRŽEVALEC NA FARMI PRAŠIČJEREJE - M/Ž","","Krško, Lower Sava","Sat, 23 May 2026 01:38:24 GMT","https://jobviewtrack.com/v2/XKctdecSSjmMOdBYcMrXuLE-2TvKAH4Mgvwo036Vaek9SVMWQprmauMubLrudpkaiFsSO0n8477dJCazlYi4i0Y8tMkdfgT36ep-ssOpIFIRIozt0AOOXnX7YJ9TAvPwbth5axZ1ZxXcJOjySzEFr-HL5v_K5UNZAN34-cadkwhUmsJn9yqw1ngKsvlS5vJZgUuEjwpd3lA_JcNWtksuE02aMNPXSiSDcNdf6dNacik",""
"|kurir-ka v krškem|krško, lower sava","Kurir-ka v Krškem","","Krško, Lower Sava","Sat, 23 May 2026 01:28:57 GMT","https://jobviewtrack.com/v2/RAyzyhT8zq0CfFdgBcJ0ZcR7RpSg5HmqlN9kMUyC-W1Gfsm8jtQh6JrwvGgWGkYjcBftdmzuwcO6JHaL_ZAVACv8t4yeQgvz3YBZD_u5aRTKAI2oDEdBL3iiEidBzSSCpmIyGRal0ZzjA3EZ86QIAe2rA5A51oorSGcU3UeBdcqJpaL2C1dWIqQae58IFB4FtzYanu4WdfZOyzYK6S7PwnJQ9IJ2zYSiN5I3aGq3IcA",""
"|organizator kulturnih programov ii na oi brežice - g026009 - m/ž|brežice, lower sava","ORGANIZATOR KULTURNIH PROGRAMOV II NA OI BREŽICE - G026009 - M/Ž","","Brežice, Lower Sava","Fri, 22 May 2026 23:31:30 GMT","https://jobviewtrack.com/v2/2VVWyV9lMMUk5Y6UV-RYYjLE6N67XMJcOgqTur-YuzwmRkoDo_nD4DhtUFAcUbZBf0YlUKuMgnE4l5bs-BotXyE4lN_lIRt6c2yTI0bUu7GOXJKHLSrIxW2yogdyg1FPLi9qr4Xrd8IxFwwN9yuzPxSnAvTuJY5HVj96NBPxXAZsNHtBavclK8WXjNM0d8j8BdYz80nIWxb-8ibzFOkMWJSqFt629mR21XHnrbauCzI",""
"|prodajni predstavnik, komercialist na terenu - m/ž|brežice, lower sava","PRODAJNI PREDSTAVNIK, KOMERCIALIST NA TERENU - M/Ž","","Brežice, Lower Sava","Fri, 22 May 2026 05:44:16 GMT","https://jobviewtrack.com/v2/nxuZFlLxdLl4g2AvQ0ys2e-UN79Cl7gO0T9-qF25GfY0xbSlSZM6EPIhbeEIl1eBUQmdHke0ZUmbvbPI6Abt8O4PJJF8Ti6SGzZzueWrWv_FIhp3l67noX115GqBDiFW40QXyGinXbAKK5TzvtWgoUaZb9WkO-QgeNwQ7bXjW1pC_CKghkKTGlXksvWlNzVJpp4dIoZ1tgHsxClciQm0c5ETChLjWrKQOHRbDRpRyF0",""
"|delovodja - področje proizvodnje (m/ž)|krško, lower sava","Delovodja - področje proizvodnje (m/ž)","","Krško, Lower Sava","Tue, 19 May 2026 01:02:34 GMT","https://jobviewtrack.com/v2/im_9hr9rCk-uTQc6bEmMgIMG-k9ZD3NRIsNH5XtLLTH3ivhJZCx2u0MUxIZ5IKZDdAoc3gp3NoJ9CajwWW4aib9cMz9E_NxZouzh9jF4XnGPsNWcw4bAI7sehqEeRsNqcwZ_nSWxaUSODaMQrNea0aMrVUZbStVPP3aM7zaGEIOBEXvfEGlRhT3g4LYdOIElvgeQGQxhX-e6Kxs_eKBmbKY2znwQFsWNBM7eWBGSw0s",""
"|sezonski vodja kampa - m/ž|brežice, lower sava","SEZONSKI VODJA KAMPA - M/Ž","","Brežice, Lower Sava","Thu, 14 May 2026 06:18:38 GMT","https://jobviewtrack.com/v2/exXFl9iYsXMGvIE40iX8ZAPGqPftUZ7kl3nfyTtH3U5QGXhP_O_uPlhpT3d3ViArb4M1MLq9KFXlvr4xQWcTt-BMF8koXGcMONUiXYxE-6dZZnJP86v-hhKEbtGJubOYkaA61iZ8giKUoRV51fHmoIF578ViZtr9aqD5n8xj3rES-r77YYvpn-zbFpouC-UUPpyNcpdBMmRbcBBJ0Mn_zqQT-KMWoEBDUJmWpKyUDxA",""
"|delo v strežbi - m/ž|brežice, lower sava","DELO V STREŽBI - M/Ž","","Brežice, Lower Sava","Thu, 14 May 2026 05:47:55 GMT","https://jobviewtrack.com/v2/Lan6jt1LSNDtS52BSyd9VceA3-ISmzhBvXVutByjha9XAPlvd_BN9dB-syIEdvw0r2XC6c13j5e8Zt5h4d8Y7nBwRIRgbjI0NkbIEHFMtxoDsziU4ZnbGbZQOzuGgE49dlI2IqrWcFg6YARkrfwP9gXTlOslacbdVjrK2IUk8ig8wtnvSXjrl4gSZVNVtCEwwola4VW80NiQfLEWvytxL-ejeKXkt3uKoCRhpc-2wuA",""
"|psiholog - m/ž|brežice, lower sava","PSIHOLOG - M/Ž","","Brežice, Lower Sava","Thu, 14 May 2026 00:08:39 GMT","https://jobviewtrack.com/v2/s9Lsr-pNWWYvZstNaRyRcvKJsaR-AiMd_9xY5c8WmfffOzyEXf0ZdyzMKE4iXYW5JLvbz3nv4JzFgn9WLKnw_XyfKV5x5op5nJJvLIMpHfCI5c4xnKf0M6BMmgmNtxb1pHFv2Zp_YtpdUjKxkrtzkVYbP1dM1MYGwD4kXQN2iYnMw6XNm8ZXP8MvelACHwfvj6KsA2OrjV9s32cGbx0V0JP0qIqypgyKB6KHjHBz2Y8",""
"|kontrolor kakovosti - proizvodnja betona (m/ž)|krško, lower sava","Kontrolor kakovosti - proizvodnja betona (m/ž)","","Krško, Lower Sava","Tue, 05 May 2026 02:37:28 GMT","https://jobviewtrack.com/v2/XIA-CTknahGdyfZ9z6vLd39QFkuBRuE3YippIT-MNSyXr017ggkyUONTekjHNV7edCnQdEnwiHD009w1sLPXAUMts23R32StMnd37pUEl6apv2qLJmKX4gz3CWdZSntUyDGKcQretwXe5Y-t2O7NqYCNcZMee96MJ1RGynklEmG3h9VZQtgyVXCKAEk9CoE2u_UPaoFxJpYD-P4QkLy5fHj6YZnFfIh4T9-3wLZFnyI",""
"|viličarist (m/ž)|krško, lower sava","Viličarist (m/ž)","","Krško, Lower Sava","Tue, 05 May 2026 01:14:15 GMT","https://jobviewtrack.com/v2/srqRuIvxUrFnuXvUZUPy9Ba0oGyzNGYxurJu-c5wtfCYv1pPrIrfHM1iBCcQmN4U3LI8nEyZ-vQd1gDps-xckLQi27A-CEmfI_iydMeBwWLlxjEVYMYYMOXLwoMjB6MMjJmcy4d1-YooGPCzWHMKIE_u_Q2Ok6s4biCNQStk_m7j2gfRrc064tLpI7HQ0pkwr7Ur_UXAJJUbJNnSehzfUUTt2a_J21VCqGdwvIWDjyc",""
"|strojnik - žerjavist (m/ž)|krško, lower sava","Strojnik - žerjavist (m/ž)","","Krško, Lower Sava","Mon, 04 May 2026 23:32:50 GMT","https://jobviewtrack.com/v2/AUm4Izhn_QlLUDKVo0lJNp_DlYdKJJPk7655NlPT7NbX6kGGceiGM0JukTUI1gy_VB9FC7vZIWQL3m5yKWIfsVjmDZFvuUGBqaptQBlMdHqRPkHMs5rwiM5GIji6Vdiz-LKFZgdk_5X3nri7bEr5Vl7ZMDxJV6e3Bek2xhdoj695nI35xbB8R_m8u95N8iHRKnuP2Q21caa0cS3bSwKvE-3-aJSPCY8G09anoEY5HIY",""
"|voznik avtodvigala (m/ž)|krško, lower sava","Voznik avtodvigala (m/ž)","","Krško, Lower Sava","Mon, 04 May 2026 22:23:37 GMT","https://jobviewtrack.com/v2/NxRIWVOCHqyizShTEJE4GJlq-ED6-fxd4IHGKLmyppgibRZVERTMadwaR2Lee_TeLiIjyggBhro6dW9nYXzZmFM5PUkpyklqLBGTDMRaA0sTam0ttHQy-4D8VsxCpJOOgvacKydD-OK6AYt3KyoMElMGw1O9viVwoUGV-3g9kYeLl5kspYksrq-t0MPrpmPdGpGnDpbNHiOi3fvvtucC0zXy6HxBLlTr1uaZrIRn8rI",""
"n2j d.o.o., trgovina in storitve|referent za kredite / administracija - m/ž|krško, lower sava","REFERENT ZA KREDITE / ADMINISTRACIJA - M/Ž","N2J d.o.o., trgovina in storitve","Krško, Lower Sava","Fri, 17 Apr 2026 05:45:55 GMT","https://jobviewtrack.com/v2/QHzlb4YQ-37-VTCR9lXi7ldCePtoe5NAj1n4f62xtFuj0O_EdgoPue36YhbnLZ7dRvj2iLafnwPRljlXt1idTDHYKhI1hTm8efNI9zc9agPIVIBxNJliNkN8VLnCU31zOWeLCZihOyDAFaHqJo69MVIpAvTjh10l7dnBgfpjivo65IIiNnUI_lFdRk4WUN9SrzVlkA71iIT0-hLZOa05TzOx-yp0zQ_DlNZzCaKaCbU",""
"mjob|razvoz|krško, lower sava","Razvoz","Mjob","Krško, Lower Sava","Wed, 15 Apr 2026 03:20:58 GMT","https://jobviewtrack.com/v2/6D07_CietOHPjRl3KaQw4DhJe035D1FeZUTjB1URI_rhajgoSNByE8VIyZH3-0NVFhSfzqr4dFdtxaSoSlVI1xUTung2tjTvtFdRA_lPBSvpsKy2bPjxtfAt1qGyccMOkX8d4Kr1KwPEFJrIvxD8BVkbnc0lbu7CeunHoRWAIC-eym9TzfAb2DigAl4LasMEiHk2j1iaJwJbVhhbnN8boUU3y-mJNooqSKBcZlqh7b4",""
"|skladiščnik - m/ž|cerknica, inner carniola-karst","SKLADIŠČNIK - M/Ž","","Cerknica, Inner Carniola-Karst","Fri, 22 May 2026 23:32:09 GMT","https://jobviewtrack.com/v2/XGg-ZBS4fXVOvx6kMfJ6Ys6ZMGgglWI0q9x17d-0eyUYvOy4GB6syd1BvtXTAqlqSHgA-eJtvJxv7SWRwPik-CGC2SgfTtCVo0z_ZHkhpxrUDPdN4qhHTdeP1c9V0r2g22t3nq2X3fhCvExvaVvPwa2zfgJI2NWUxiFDQnfnBIIPgKPOOG_iVN1QOGsje3vuHvqV38WZqGsT8BZlLvR3tu5DJEvKGXUE8bNFQrKsRhQ",""
"|pomivalec v mlečni proizvodnji - delo v okolici postojne - m/ž|postojna, inner carniola-karst","POMIVALEC V MLEČNI PROIZVODNJI - DELO V OKOLICI POSTOJNE - M/Ž","","Postojna, Inner Carniola-Karst","Thu, 21 May 2026 22:44:38 GMT","https://jobviewtrack.com/v2/S_QzQsKavQoxemNM2m8UW7dkYU3rryhttKwIJrorTT9SKIx2X2WtbPXhh-vH9Df48n95qvubEqvsi5_Gcm7E7aG4CrTXAJkXlzn1Dr6e7fCoT0fIPgEkwsNOXRmlLOvQuEiTLMXtXgc3VQiBXdcrerDyD2PrRqXfiKZZrQjqi8HLlkil3SZCMpa3ZEqJt57IlurjHMpwWLqcHcs1DzGQQgis5IJSH4frcNgi5cP_ryU",""
"|tehnični strokovni sodelavec ii/1 - ustrezne smeri - m/ž|postojna, inner carniola-karst","TEHNIČNI STROKOVNI SODELAVEC II/1 - USTREZNE SMERI - M/Ž","","Postojna, Inner Carniola-Karst","Thu, 21 May 2026 06:10:30 GMT","https://jobviewtrack.com/v2/HqYGjPZp6QvSZfXkToI_ChFkAW71MwkogriQhzZldq_p9428pGXM-VpDNJJW92fGzYV28yU3ZpFCu-5gQJNzndaNK2YfU-nC4oOB338nYtlNSm87A9J60O7sKBBGlue21a0qqy0TWAwfMu2oFeqWVkJI_j35NzGQRX5fxKT9dY595owqprQzV7lnzK8mLS7FPPLUPdtoPUKFSdyYiCEkWOfcDrJkGxgUkVJmLbbxhpY",""
"|zobozdravstveni asistent - m/ž|ilirska bistrica, inner carniola-karst","ZOBOZDRAVSTVENI ASISTENT - M/Ž","","Ilirska Bistrica, Inner Carniola-Karst","Wed, 20 May 2026 02:10:56 GMT","https://jobviewtrack.com/v2/SjDarUzZ1h5nHEdLrjerjRFf-S_MdC_wfkLumQNRCMbDMnKouhHCGfpEAXrRQizvLT3dV5EKsAcGx2GuDm5O3-m4sI-Fr1q4J2LW3NT8q4uN1i_3HSRhf4P7rm314YJZaGNgeAlAgInli_SdH02jheUu95j3DIoep2Wd2-F8YJ4ifunf0md99rQNd-SwJ46bBK1LTKFGfwsQBts-3GGzF6nXn-Re9PiLTIswW5eJkDo",""
"|psiholog - m/ž|cerknica, inner carniola-karst","PSIHOLOG - M/Ž","","Cerknica, Inner Carniola-Karst","Wed, 20 May 2026 01:59:36 GMT","https://jobviewtrack.com/v2/qQlf5qf8f_6M8MAOZNG6QMh2gls4tOyuWPxFvgQol8hd7LPdfaSH07q--VMwK4f0xH1IaxWjdIJva-7lvCSohKOkitRepi7S1bt-CQB_4Ey4zc0IlFFPxcPZ-UA7Uznb4ydcs0fm8aeuL6NZtdsj1eY8Bj7X_pkc588pN_BPhC07SpW6uexkTifRoUaxHCFX8knOuiWMzgORUQpZHYShw7TfiI1vKFGfcyVd4fTDETc",""
"|strežnica v zdravstvu - m/ž|cerknica, inner carniola-karst","STREŽNICA V ZDRAVSTVU - M/Ž","","Cerknica, Inner Carniola-Karst","Wed, 20 May 2026 01:27:42 GMT","https://jobviewtrack.com/v2/LH0SXsztG3z6_BXyB9_pw2kOd9yyXco5Tjw7JAm00TLM6e_BC9fnk9IdnqR629cQ6hHe-sR7AluUHo9NMvtquXDuNFE5vHddZU1ifO6NMmAKjGVPiS8SdrTcHc_7MizelQpuy4o3k6-KVFhiQcQ1XgdjSpWmV5cbzv3mjHqtlAWi9hgegwZQx84VIb5QlgCC0Hxu36kXzMnxVM_6BoYn1471m3aoEqsSGaGZkgza4MA",""
"|komisionar - m/ž|pivka, inner carniola-karst","Komisionar - m/ž","","Pivka, Inner Carniola-Karst","Mon, 18 May 2026 02:42:18 GMT","https://jobviewtrack.com/v2/YgG8mMG-u80Sf8-YhVH647FOj6Uzl2VmvA__uASlBI-IRmZzJSPDm4Kyj5WJ3JEWHj-5_37cvosDJuJPm14IipRnpiXoiUBmL2Rn8h-Qc_cy-Z8xkZTrBuY-yM9rGMSO72ABJc8C3DBfa0rpNtapoom06twp9AvfgD5XVjfEdAQ71XORkJDvYPNwbVFDAO5RccZyXru3v-YcoLOlEw5dB48Dcmn8ZrLptqrWEl-y3IY",""
"|vodja gradbišča - m/ž|cerknica, inner carniola-karst","VODJA GRADBIŠČA - M/Ž","","Cerknica, Inner Carniola-Karst","Sat, 16 May 2026 07:45:54 GMT","https://jobviewtrack.com/v2/ty8jKi2t9GNTNeyGUx4MT5AcqSxxI3Qk_IjqBcDXN-ESZ_x28AkbRfFcg37ooMcSDQfh8nci9SoSHRTDEFafQ700hza0OIyKWun9im7xXBkws2oPdSB6Oi8PYoSgm03SGZgcetCQ8ADYCQ43WOPWA-__o_O4L5K592VeODJFpAdI7VeR3LkhjmN_K8yqTQaOeCK4vZMJEtfBZdMBMIstujSthD_lWrYIBkqaWGzGh1A",""
"|svetovalec za dolgotrajno oskrbo - m/ž|postojna, inner carniola-karst","SVETOVALEC ZA DOLGOTRAJNO OSKRBO - M/Ž","","Postojna, Inner Carniola-Karst","Thu, 14 May 2026 03:01:13 GMT","https://jobviewtrack.com/v2/qBAGaQK05_NYErgZ9jiUImJuEeU_FiTWqfnwjPZluqNsxApp9o_329ZmtcZO6b6uoRQZhm3O6mS0DJH1xNpH9DHbojA62vDq3eJN6H3F5y39DPSTwsv8QL8NQ2vjox9OFRMolULx0wK0cP5jVjkLrNVkfzMEmyyemrrWL3-KEuCtpZfr-aKhdE8fECHHtWBb9LoA1KSjgxo7NPTkjm3xj5OW-_bqbIv7O5KG7mKRgyE",""
"|komercialist za prodajo rol - m/ž|ilirska bistrica, inner carniola-karst","KOMERCIALIST ZA PRODAJO ROL - M/Ž","","Ilirska Bistrica, Inner Carniola-Karst","Wed, 13 May 2026 04:33:07 GMT","https://jobviewtrack.com/v2/YJq6IttkUNv285lbqqs5E4V5zxp_3LTN3yWEL2txz7oA0pT9I7fkCQ0nN8WkPESWw5D4_N5KYlVKJ6Z8TNnmNlkuytfqq_Hi5538Wri7WwHhV9ZKlgjGTDSbLreDuRV5dca9AVoq_B6Js8t41KbCodxyCK6ZqNJpgb3ghG3NDhsJ1sOxk6prLnpdh9EEvCeHlXLeS6rHNUgQZH2rzEIjqC1xq-DjZxQBNdnplrNfYmI",""
"|knjigovodja - m/ž|postojna, inner carniola-karst","KNJIGOVODJA - M/Ž","","Postojna, Inner Carniola-Karst","Tue, 12 May 2026 07:33:32 GMT","https://jobviewtrack.com/v2/1YdXhsIeNeW7CkNjVGTQrA1TblRC9MXKIAOZN8WtEzvHPn2nmvGG4obe7iWBczrGuVy0QV97Poe1OmTyiwtfgPGzVNGxifn-0WKi0Tmh79vbY7TnvtxWP-RI8k7LRc4C9u5FtG4TdiKgFxqYHpiyVp9NtH571ilqobBYX2F4Dq9hcvjjPlC2R2NN-BeovWzEBUBzViE0T9BVl7h2thAiTWuzdvHLHzo3o-37h1jhVVs",""
"|oskrbovalka v pe pivka - m/ž|postojna, inner carniola-karst","OSKRBOVALKA V PE PIVKA - M/Ž","","Postojna, Inner Carniola-Karst","Sat, 09 May 2026 06:00:05 GMT","https://jobviewtrack.com/v2/mqYTiSWlmkh0yX6idL4i0Ng6_XH1uvJADgXXpkX-_H9amaGJDgHxTzPDWtBdnJCj0f6cNNJdf06LQ1eChlH9QayUy6LDi5PMfWOLjCVb9bxLDwd2Y7GqhckCkac1rElZArIRg9w37riBIg-F_gRPjdRl3UU3GA6ji2toZ1YSc_-77iLiGfkgeclmmw5GIHaEDjGl132N9bhXXK0pcs8F0v5m3oHM8vZNlX4UlStwXdI",""
"|varnostnik - m/ž|ilirska bistrica, inner carniola-karst","VARNOSTNIK - M/Ž","","Ilirska Bistrica, Inner Carniola-Karst","Thu, 07 May 2026 01:55:05 GMT","https://jobviewtrack.com/v2/ur-XUuI8UT0GjXEWo1OCO-e1dpP7YEM99T37Gf27WOU_AkxRxR84_fgrRYoqCJe_EAsgiBIJVvL4SL5RESSkTd5Nx-JOdg8lQSuPpxRzIy_IbgNoy7Kggpuda71QbnGqbC4sPJwbf-JRHoni5kt-m0tyNa4ygY92to-Eq20OVbM_mxqc_NgatVBngcNpj5bGbWnz_u0_2tjwxWjWDQGWHGICzreSA1KD16iOOxdL88w",""
"|varnostnik - m/ž|postojna, inner carniola-karst","VARNOSTNIK - M/Ž","","Postojna, Inner Carniola-Karst","Thu, 07 May 2026 00:19:40 GMT","https://jobviewtrack.com/v2/JHH4KXxgIr-HJMaA8MVwPYfD8uf81udsUNPzoaljwMQAN7LSN2aoaac8r7pnZJQ9P1bxIPDjL0j6NR6G6yAk9fuanGhTOjgF3L6THZiLmgo2waQdIX7Z9MWY5XLWVUddf4i-bqKgurGPuWHEMv-KUPYG1DpnsyNKU72OEY3OyoS6XJdTAJda0vWYk0LyO_HFSQ-1ynMTj15UFuKlEmOIfnDnslWUjT5v-i8cvBntDZ4",""
"|diplomirani delovni terapevt - m/ž|postojna, inner carniola-karst","DIPLOMIRANI DELOVNI TERAPEVT - M/Ž","","Postojna, Inner Carniola-Karst","Wed, 06 May 2026 00:37:13 GMT","https://jobviewtrack.com/v2/jfccDQjGwSg8DwaIGJ8fw5HVHcrVFS4rZxjqROu2i0-WOONTZMUzzLArA5aSyTS6FYUjrL6K4OXWhk_ChMGY-OFsnuiHCqI7Rh4v0OjNXLViRJTrGFhtAYTmanR1zVKEu0LOCqj21y001BFtme8F2a0s2sK3zBbvUp3cOBWLwN2xQ6AtNjCegmIP3lHUZXO3b0arGAHel1ZqHEB4uRnTbOuWNQd-s9Lm8qSAMlgTEN8",""
"|oblikovalec plastike - m/ž|ilirska bistrica, inner carniola-karst","OBLIKOVALEC PLASTIKE - M/Ž","","Ilirska Bistrica, Inner Carniola-Karst","Thu, 30 Apr 2026 03:57:04 GMT","https://jobviewtrack.com/v2/f4kgWMXyO9_9ARklUCDxl_lM-HpbPDomW954ojezJW9qF6g87bCc-2sw2QAUfUZfC7_-uQby_lSjiEMxaP6Ru2_6eHqc7jbOURci6Mt1zFXR1IboSvrdkIEUAZX4ipsBlh3zx6TCgeGwqWPczwsjr96o642O6QfZWavaNTZWFGw6LTkxgV6iIQZn0MfJ6fSeXz7R9mxOUwrGzfV3VairQbANQO24AgApm8rTOAUWefU",""
"|vodja oddelka / delovodja v enoti industrija mesa|pivka, inner carniola-karst","Vodja oddelka / delovodja v enoti industrija mesa","","Pivka, Inner Carniola-Karst","Wed, 29 Apr 2026 06:47:16 GMT","https://jobviewtrack.com/v2/A0E5oF9bhTeaZoI9ecYdO2LXieWDESIffCqCQItt3Uy_jfy0mlV6kfuOtrliK2UKdagUNhU2P_cztKUK78jUyplf3Fupml0Nb3zBpFl_yQW2z4YTOX4nWyWbcIclwJlO86loGhtX2cMLvUyrhfTtSziGsSTyRIQq_g1Ywi64otd4wkBCMOutFKvtT-R2fIGHomYXPthV7ZuadS07q7zfavGzpOvHCPyP1jQAiYZlc5Q",""
"|delavec za enostavna dela (m/ž)|pivka, inner carniola-karst","Delavec za enostavna dela (m/ž)","","Pivka, Inner Carniola-Karst","Wed, 29 Apr 2026 03:46:01 GMT","https://jobviewtrack.com/v2/6FvqG6mkKqQ0DB7CQR0pTML_vgsNRu0Pzd9JcHe0ypqEUAyJSvonIWt5lO9l-I4ELyuJXb0kjzp2kNORAzR13eAVR8RKvKUL8rSwCal0DRX30Yiw3sWpNl3qJEOo0q1TMb8AGr1JVTTZKQtH2I5leEw2CdzdLcl9G8gMHu7Wgwke5s2lyS45ifE4Jh8_3A-jQq6cWfq1JTxVwyYbPCdjQVpTS9k-ziE9IuABuuhnFZ0",""
"|bolničar negovalec - pripravnik v pe pivka- m/ž - m/ž|postojna, inner carniola-karst","BOLNIČAR NEGOVALEC - PRIPRAVNIK V PE PIVKA- M/Ž - M/Ž","","Postojna, Inner Carniola-Karst","Wed, 29 Apr 2026 02:47:43 GMT","https://jobviewtrack.com/v2/ebzvmidFEjsTzlA-iktFkMEROOTJVoMkM7SYNMHGuWrlCvCvW9SrBUGvMG7Eut1VTbW0FQ2n0AceZ2CdZsyT1S5Ab8qdQ7M7Josb9Mb8YtUpmqvVMynpPk1LjWy142aJZNyOKTOvnjIelQtL_IQ-_evYX5DQ71lbOh-l9ZQq1jfaHbbC-RwZyBxv9MzvKyPsuYWDH3NW5wkWWPRt-PCNY5JOf_RXyXn490sraKv44eo",""
"|vzdrževalec|pivka, inner carniola-karst","Vzdrževalec","","Pivka, Inner Carniola-Karst","Wed, 29 Apr 2026 01:59:56 GMT","https://jobviewtrack.com/v2/2H7hU-HdwK3HgQIE4oRsxeZ6-BK47B5oBh_VJUCh5ooeDmRxRqOI3z7BsLF_8VNuRkMudikw-9TWevwG5lK7O_8qy36LbEtwmrqZvzplrpGecw4b1L6S0t6LtF_vVgCwEdT-nY8dIXk-LRAjKxipBjaORcmcoYsSLOS98fDonnqtdyDjWkDugjBB_1VwxIRGMgs9H3hY4v9XhqtDVfKh1EJEipAHMStmGgWfDim46mE",""
"|izmenovodja/skupinovodja (v enoti industrija mesa)|pivka, inner carniola-karst","Izmenovodja/skupinovodja (v enoti industrija mesa)","","Pivka, Inner Carniola-Karst","Wed, 29 Apr 2026 00:47:04 GMT","https://jobviewtrack.com/v2/AEc2FKweqpZtYjCjyvSyOo4ZRQBoDTJNoeGU80lZovfg8E5DfzERi73TWFPKQaIM4mviVpAB0G-hR1Oq-NaeOSuOwOXW-tfhwg8RQvbziBrQOstFz9-lkiDNGSSlkrqUiH4ToPStAIVcbCb0VAIwLsXweFUtN_vr-hfagPNw-2K-B0t7CH0JsTShEHbjHcDkHn6yi_CR4QzDeyH7CyaaMe5qBFfDy3DAfkL1iR9VuFY",""
"|čistilka/čistilec - m/ž|cerknica, inner carniola-karst","ČISTILKA/ČISTILEC - M/Ž","","Cerknica, Inner Carniola-Karst","Wed, 22 Apr 2026 07:18:52 GMT","https://jobviewtrack.com/v2/nDX01pk8ob1Mrvm-He31tka9BMtyzQm7KTkSkm1SZ1-l_jbddBpqnr8lRFIUGOkMlBzoefrs16KnUy-7aWjcjFq6vG2OCN4mlDd96f_CeVKSmnm1ce9wi95gquOe3CTd33HuJG3EztMEGiRN6Sj2fTctQhXMbyK6k08WB69yrtyJGSdVw4JzlsgVX7DJcTPKkNZIw93399ttFi6r28LJC1gctZP3GfzKN60K2_lRbP4",""
"|bolničar negovalec v pe pivka - m/ž|postojna, inner carniola-karst","BOLNIČAR NEGOVALEC V PE PIVKA - M/Ž","","Postojna, Inner Carniola-Karst","Thu, 16 Apr 2026 05:59:22 GMT","https://jobviewtrack.com/v2/11tqO98Nx5vC_djGenZ0mnForqKzK2B4Z1NiEzXLXEQUKZMiZXZz4X_93p3IXDyyjuLsTR0IJ9I8yVpe1eFp0SNJrjb02jtIfzj5SpQLzSBLnkPhTLUEsy1KrzCLUd1w_HoFoaOeO2dMj9MLwmxbMHl38HtzYKzKIAxYV6lcPdXoOH1xxf6AxOtDM2KtpVXQ99uZi35r6mQ7yM4By8Ar0a8vV4dUEekERmXKzLTzodE",""
"|glavni knjigovodja - m/ž|lendava, mura","GLAVNI KNJIGOVODJA - M/Ž","","Lendava, Mura","Fri, 22 May 2026 07:00:53 GMT","https://jobviewtrack.com/v2/cCsQKYUSaR_dTMcHKQd9s6vE991nW9TxW42EXYwpDDwrmkDS8M12M1dafaPhhk6AYVNILKSM69gQtT2aporeLEJSfxOh8ZsxJ8nF1TvstQvWA2KnNpV0iA9uV5Osn98nYPvgPmt-4q0uIns0V8yjMX5vDfjSSjFiyOj1O7Vmq1GgXEqxAuwn_sN0o3rsyt_KPHz-4m_7muiUp_EJqDreldbEFYqYpc5fh4PJQqgGUXw",""
"|preglednik omrežja - m/ž|lendava, mura","PREGLEDNIK OMREŽJA - M/Ž","","Lendava, Mura","Fri, 22 May 2026 06:47:52 GMT","https://jobviewtrack.com/v2/KD_St5o4aGIrX63eVlEp4MZmOj8KrBwuq54BxjeFtykoxGwOA0hVUnb6vpgZ_oxIObvIL2KcaqFdBMUpFgtj9kCw41H5Dc6dgGB_KJaPXdxZBOwXZmjoOfiv-dkPq2UEQFVxhU5jvUZGZs5Ktih5XMmUbdiljIeF6prkn3Yudf8IaBkcgKcVzcHk5zF-rEVQR6ejxHzBn7u0Lp-DYrpBSTU3KNTMD9f4svgc07pCXHM",""
"|osebni asistent - m/ž|murska sobota, mura","OSEBNI ASISTENT - M/Ž","","Murska Sobota, Mura","Fri, 22 May 2026 02:42:16 GMT","https://jobviewtrack.com/v2/pj1MSgk17yu9AnAE23i-9PvD0L1y8fSogp4GoG7-Lyat7m9FyyS9cBWa6rHdfqPV9ndHKwXhVYSHXSPFcsnm9TDEw5ybrPBNz7Jn3TkeEGTBN-8nPR04Vpborwl5X1uy1FuauPmiUuUEwHKKIQ3HTqbOlUv_sDbCOZpyAqMPXJnQDfmCTFKeM_FV2D0eyC-XALJJLivjqcNBrvuB8pGCif24YvPqrD87aKUiUP9Yag0",""
"|prodajni referent - m/ž|lendava, mura","PRODAJNI REFERENT - M/Ž","","Lendava, Mura","Thu, 21 May 2026 06:55:10 GMT","https://jobviewtrack.com/v2/pJR9MaZJUtIbwqDR2efy_-dktGqxNvYGH9T92xJO98K07vsRHIiALLtF6gfHCP7t4ymMK19mqRxfUyjf4cB7om5QYroN0jIGw7ti_vC-XAvgWAY97nlrPehRZrChR-MZ3BJzjkVbdRq0pIfXlBsSDCm-uXosnUtptGSyN9AqlJtrFevyOzk03tABudt4UIw3Ql2PzmgiVRf229MdgE3gIDGc7CZxhMUVUotCk3J7r-M",""
"|izdelovalec pvc in alu oken in vrat - m/ž|gornja radgona, mura","IZDELOVALEC PVC IN ALU OKEN IN VRAT - M/Ž","","Gornja Radgona, Mura","Thu, 21 May 2026 06:06:30 GMT","https://jobviewtrack.com/v2/P7fVVLvWU3N0lXFQ65_WdsNygnvKklzYYwng-JSQUNIsx6nYdZOryOkZM_mvJq7amfWGR9KBcBNaMzg8Mb3ratoZ_PtwUJMwQn5123JUiKKWtOR7CxyPagAaDm2rjKwF9j5GFO0H6-LZmBU-JgI-89-9LgMTsVlv07He8_FgNrOZ6wyg4295Dfv36xS4qrVtx5n09Q1DdZ_DIhLhfxlHl7g_lAvejbPdeaMP-quiXcs",""
"|osebni asistent/osebna asistentka - m/ž|murska sobota, mura","OSEBNI ASISTENT/OSEBNA ASISTENTKA - M/Ž","","Murska Sobota, Mura","Thu, 21 May 2026 04:34:56 GMT","https://jobviewtrack.com/v2/xduEdq81ZEUp5XXUf8JBKYVIq84P8Y8jcH1LPwBBUFETtrYrSeaayR3roySc7aZqeCqF-j8jaB86B_K7WdUasDaS7HiEHNlyK_CNejc6VurWvSNxa89Zk3jPo9DPo3du5NUL0gvmEf8i8Vx2cjJ2EahzFARpt3bpyjGhPVRhlCjlKgCNuS9ziox9BtIhV_GotILZxlzwWmsZU4vlEBY5edM0xJKgNmbDSd2Chg5lSho",""
"|delavec poliester - m/ž|ljutomer, mura","DELAVEC POLIESTER - M/Ž","","Ljutomer, Mura","Thu, 21 May 2026 02:25:22 GMT","https://jobviewtrack.com/v2/Gc127I96z2nP9HYQyaBZQLTKXTxPshazuHFDK1I8QHrVegcKfHRFmCNBZQ96ri9kKX6kUmLDFvoLBIOKb69qeKTfNdmsjR_FtvHVKQ1ePuyxMgowftlovL_kT8VJqAXRrL_s8bjpwnnHDKYhDe58r_9rmVX5u9nGI2Tj20p3dqRVsWod9LXb1qoazvSQElqHv2ClwuqtCe57T5956hqzgpIPP-7OjhNbPuWLgaKI2CE",""
"|tehnični sodelavec v proizvodnji in skladišču - m/ž|murska sobota, mura","TEHNIČNI SODELAVEC V PROIZVODNJI IN SKLADIŠČU - M/Ž","","Murska Sobota, Mura","Wed, 20 May 2026 05:47:08 GMT","https://jobviewtrack.com/v2/KXpGorttdybLvP-gICeqczL_m1LVHcAHdpfv-gmOIVgJwc1uu4qkRly7VrI07eltDXLie039tLYlH_zr2Ef8wC-dxlQ_Xf48fXJlSRWacEAA76X2N4KmWVYbaeueUkhwd_VhVyxc4waq2ktyKfFC1_H-4RUAbHh829AMMUMMaGlkMpKNgbNGLCp821j_RxRwqvKTYBtni5BRknuOUlRIRCb8q2E2a4uKvFOJyGqxUtI",""
"|vodja prodaje in trženja - m/ž|ljutomer, mura","VODJA PRODAJE IN TRŽENJA - M/Ž","","Ljutomer, Mura","Wed, 20 May 2026 05:28:16 GMT","https://jobviewtrack.com/v2/ROItw-fnFXgXPlj35K74TTIEgJIUnxWTL26FWYRBwxpP-JYBeyZtdw-HeULNcsJ-OarJjo7GdIRsv83tcsbHiQuRsBXhzMKFGszGYaVtkqkc0miwpIVCGGF2TJxSeZ6cVvnrP_86HWDv3tSPwQTk1OGmOpyEi8laqYN9uHLIS9I0JPKf0HIUPYoKmIPWTFO9Tb9DBVne2imhxCXClqToVLK8B-Qq9XXLpi8TzOt4n_Y",""
"|osebni asistent - m/ž|ljutomer, mura","OSEBNI ASISTENT - M/Ž","","Ljutomer, Mura","Wed, 20 May 2026 01:12:09 GMT","https://jobviewtrack.com/v2/f34-9Ds1ul8m74y1tDw0qL6jj7E9oXzUqhTUjutzKPrwpmEY1XsYmo_HCYdFDw_b-prK5MzREb3H54kerBTZsaFIMSLLp9Hz8AdIaxADXaYmeR-3Wnp4Cadxig2ZoXqv9VHAS_e1iExEc3tI87RtZsWZnnWr-yD3jkkkzHMbqxtQqzDNMPD-obBesP8rMMLp4yzBLb3AiW0jlBmMAjmu1QOBo3prbciKWM4LWbr3PbY",""
"|inšpektor za energijo (263), inšpekcija za energijo|murska sobota, mura - celje, savinja","Inšpektor za energijo (263), Inšpekcija za energijo","","Murska Sobota, Mura - Celje, Savinja","Fri, 15 May 2026 05:51:30 GMT","https://jobviewtrack.com/v2/2cIt80tqGZh105gjEEYRrQY2dssgoXKBtzN5e9w9tREkTKyxNbJGu_1v8fi42caRSGveTOa4DV6zi7M3m0NCiLHhALvzhZI8Whs9q7ZQW69JUs3qJ4EB1-FB7Q5c_sL7nieOUCje4FP9yrL8htMp8asmLGeJUKiNVVg8xGek3FRCw3jonYAbrpj6363jOjywZTCsZo81Cs_qecRs3D5UFsd6mgHJiI8xZJ7xRmK4tw4",""
"|skladiščnik - m/ž|murska sobota, mura","SKLADIŠČNIK - M/Ž","","Murska Sobota, Mura","Fri, 15 May 2026 03:14:18 GMT","https://jobviewtrack.com/v2/HlDbD82JL7BVcjJo1690pB7Y9aaZDEVwBn3i2fkRNmauhZosllVyGX8eYfeIzGxrpOLr1OE7S5FIzLIpBXaAvjiMLoAsb2nIi81sOIoiJXDbXDFVx8I-qbHRS-K2Vu0lCdigKu-oCCKcjKQRPLWiiBD_wXVshZg39-X_UuEQBxe1uw7NyjL8kUx0Hv1rt31_K1eaUD8gClKKN85_K7g-8HpmzLw4byzzC39mmFZoU-0",""
"|operater strojev v proizvodnji - m/ž|gornja radgona, mura","OPERATER STROJEV V PROIZVODNJI - M/Ž","","Gornja Radgona, Mura","Thu, 14 May 2026 06:40:49 GMT","https://jobviewtrack.com/v2/fz8IstQ79hanoiTiRUtt9vnRvUzLapKGGEoCva5KQicUVqvDcF77zlGV-5lcEGCYRfRa3I0b8p_y53XYiOgcFbX4SmLiCGgeEYLlUE6YFkAYPrwJTMUvayw3YMhE6iC9JV0z4aUrxyJ-nOqLOTqQgR10tb8uIMrebVFdXOtA-84E5Qf6AFUZ7D_yEF0E-i1adUb5no8NZ4KiiC6NX6D2o2yOPYlCCCSdeG5oacHn9nY",""
"|skladiščnik - m/ž|gornja radgona, mura","SKLADIŠČNIK - M/Ž","","Gornja Radgona, Mura","Thu, 14 May 2026 06:16:28 GMT","https://jobviewtrack.com/v2/dSwmdDP9kO0pW2ferp05Q4CkuRALu4OgXE2mjIwqgVk4miPCQGlKP9WAF9jitr8_noqM3XrAf1jeQDLjQ_hfCkoC6ni0u5BdxHIWVfykdrd1mPSsObsiylYpalridscdIVo-Xn6jdObOpD1w544bvn3tKBnvUPHc8A6hFLlf5AJ3D4X-HQ39A8Tk9tIeRyZU_xEL5qn3o6E2zc3WQL6jRRB6OA265DjkFET1Dr1Asc4",""
"|pomožni delavec ii - udeleženec projekta poni - m/ž|murska sobota, mura","POMOŽNI DELAVEC II - UDELEŽENEC PROJEKTA PONI - M/Ž","","Murska Sobota, Mura","Wed, 06 May 2026 07:34:53 GMT","https://jobviewtrack.com/v2/cEEkYDrywRpNrl7oinMG6lAe4xBXlsmfe05AL-v_cuashlWwG7c2QS0gB3Lj1jTyuNYk-C7pOI2f1376tXTXBxjKB1nhAym1LDr1zqg2Kfn8-q8-1OqcftmBA5ZLev97eWc5fex88y5g2xgHVcDZ2T0DXsxNMcXxYdtAgTP2y60RkfbQtPBjJkhwmJlGh53mCJPTx_xyS_fHUzte6cnbtM1uaI5kwUfWCAGybxkiCC0",""
"|natakar/ica, delo v gostinskem lokalu v kramarovcih - m/ž|murska sobota, mura","NATAKAR/ICA, DELO V GOSTINSKEM LOKALU V KRAMAROVCIH - M/Ž","","Murska Sobota, Mura","Wed, 06 May 2026 05:48:07 GMT","https://jobviewtrack.com/v2/kW0dJW835FID4Ou1Aj3kHm8fOFKSiUhMX4S--I831LfWEg77SAcyZ4DRs4brZrxybQCiX8LdYsgmRTn7u7IXuYO1eBLNzueqXnMmjZjxYb586agsHTd59a7epSVeu90MghufXAPTFfhANEiJI_8BX-9xlbUChaEbWQbKO8nZf3AH8C4V3isOCB0Rrk4dQTOUVpQyHwW0uPWT4O9-PpsiJvAZVqfFzxn6nVi_KpkgNWw",""
"|osebni asistent - ž - m/ž|murska sobota, mura","OSEBNI ASISTENT - Ž - M/Ž","","Murska Sobota, Mura","Tue, 05 May 2026 23:24:04 GMT","https://jobviewtrack.com/v2/EDHXVm2t-yk0_XikBV0fzDpG3-tmDU4rZ3lzpK0vKF34Ub_gr3q9q3TTsKTfh-0-B6jpyQsjdaDrAqouo6IYEEQHxISweNQDq-E-5z6ddjQBWVARica2zNmfSwKwyti_LIOjiFI1DlL_FHwg-Q-OEv0jrsjmUL9vw9RGxZK_1zf5aKXNGSpAFnK4EwLmlrilooAluoG20iiQXiP6jaJzwmlh3Lt61qIEBC-MEJAncrM",""
"|delo v hlevu - m/ž|murska sobota, mura","DELO V HLEVU - M/Ž","","Murska Sobota, Mura","Fri, 01 May 2026 03:08:31 GMT","https://jobviewtrack.com/v2/ZZH60gXFm3JrLAWhd2fadThibtuEdN1-5exMGYXdsbu9lR93JCkvpN4nVHM_uKLRKk0H1uDop7sjrJwug_TJ6juR5R9Fb7pYnPXqlpXf3WZmFuL0TFDsPhTBB9NJBbyPgUlUeD0eHTtlEYDJBjjZ7un5cdyKXHCA_FWr2ZGHWs0yfxViI_NLtJaIMtA6cqsnwhaduDStvEtPCO8uOEdNxCNh4000cqTQZvghabtlSeo",""
"|direktor - m/ž|ljutomer, mura","DIREKTOR - M/Ž","","Ljutomer, Mura","Thu, 09 Apr 2026 01:10:39 GMT","https://jobviewtrack.com/v2/26X_yCwOFOoQ0HKxwNm7f8z4t7dRTimfXZui88-v0l3T8Zm20i95s6T5Rst-JjDDSAkOCV8_rw_3pPqpx8lXjzDgdLit-7vfDDl4EsPfH0pFbH6Ue8BtpO-Wytg0woCPyS64bpbPP-PcQnkjM815Qo_rGfWU_j31HtA-Gr-eCwWsM2HYyKkojz-FpI9XwMCo2ScJTa-RiilwVj6yqDDdvffqUNVcClIiH0FG7iSm6N0",""
"mjob|reševalec iz vode|radenci, mura","Reševalec iz vode","Mjob","Radenci, Mura","Sat, 28 Mar 2026 01:46:45 GMT","https://jobviewtrack.com/v2/XNiBiCD4WnJiUkKLY8K1Vh8HkQdomv-xHleJ_z7Oix8c8TjkYT0V_1n8mU9fy34jM6FYij2tuRSMwPXZXC3WoIls6xPVuVBpJ9Z_qVOczr8ABeLUjCy4OG6OTVbNwCg37-yYIorqs4Scfr7xi0UGxhUUrGaAJ7zbl1EQUxk5weCHjJH_9n5tSDTIi3Uz2fhYg0KbTMMFvbghyz5hmNiCIPmSyw-3vE4JFI5wXzMYwsWDM2igEScfhfDhxM0NuBdn",""
"mjob|osebna asistenca|črenšovci, mura","Osebna asistenca","Mjob","Črenšovci, Mura","Sat, 07 Mar 2026 02:15:22 GMT","https://jobviewtrack.com/v2/TTdT6rteY80LigeOTHaNHDCO7Ndb1JYGhEB29u8NGP8yZe6kv_RfMj1H3zKB4xGNyoqcCVXWF3t1YLQRtRGZrkj_qf7ZzyAKuXQKc3ZWRk6L3Bk4ZHIeOs0_z7SWmERqJCNmdtjc6QAO73BtE9Qrp7PrDsMJtsOJrWusuI1ghSq00FBZN_AGgsprl21OZrSHrW3T1vzqIeHSFRyFHyoF96cL2lOJcb4oPjv-uxADni9zahAlLq3tp0srnpkiR_89",""
"mjob|pomoč v trgovini|ljutomer, mura","Pomoč v trgovini","Mjob","Ljutomer, Mura","Thu, 05 Mar 2026 03:39:21 GMT","https://jobviewtrack.com/v2/lyWEuRS1FlrUU4G-vltrb-ahbzbQQPdmFLxUt_PwZUrvgHha9N5ukzM3Offb3iwiDTF5-qOtXRXKy4Z3h2j2lmFCSuNC5agHYheBPKT8kEwzs7VU8Eh45o_Jiq52ZafCy3vYMjOup5qQXGGRlyLwyn6nSgCNqfC-IH5-qARJ6pK2J_6_cScVydQj8ujueTKmdIyJIqBeoYCuWeppnEItebHgAKt-YdMmnz_3V6oo9C3Cbhc7MS8r0izYToZnXFkW",""
"|varnostnik - koroška regija - m/ž|slovenj gradec, carinthia","VARNOSTNIK - KOROŠKA REGIJA - M/Ž","","Slovenj Gradec, Carinthia","Fri, 22 May 2026 07:22:42 GMT","https://jobviewtrack.com/v2/tj5T7LEjj1MY1JocKqnAg1bxsqwabo01auNLJhh4NsLTXTYKTferfOvSrdHH3kU0sFGR0XIJJ2E8-9Fq7esrOyEdjTvDc1SNrzfJ5fVoG1saVOhrIjuHcu9F0c6kwaYqAkrvRZbr0HpjIFCKpSZNx9VmRCroAi_9LmDw3AEo1EQXG6rai5zsx8pHDz9Ukw1rIbK0GppEdX9qBbxX8RMZNK-kZ4sTFzCuyMWx3PZ3jkM",""
"|delo v proizvodnji - m/ž|ravne na koroškem, carinthia","DELO V PROIZVODNJI - M/Ž","","Ravne na Koroškem, Carinthia","Fri, 22 May 2026 07:01:11 GMT","https://jobviewtrack.com/v2/dVPGhGEN6oaYBwi3ExYJpWf32KPBvVK63hBbQaN35b-d2KeIb4tiv92t0ymLkoBrA_beGrOp00Yy_ASlqvUPFIL97EjguWqxdE4FP5wu5grjxPNdr6Ndrfk2-my1GOPFAGrH2D5d1E8ygpGgbl1GduhwN7a41wCEWXmxBqOk5SFivkEBkVP-2_-y4xxvC1GE76GiWs9mbdKpVUayhXU97VLrxIURLx2sdPnBliFzTvw",""
"|varuhinja institucionalno varstvo - m/ž|ravne na koroškem, carinthia","VARUHINJA INSTITUCIONALNO VARSTVO - M/Ž","","Ravne na Koroškem, Carinthia","Fri, 22 May 2026 05:36:39 GMT","https://jobviewtrack.com/v2/I5HwrlFcpTGV0NwLOr09yqQYjy7a9iyp9Ds3Sh54yz7wOTknaDDPqA0sqZwl1jaBub1HcU-4OmZa2YZRzlfSTbYXnnRBcZLwKb3Fh2tEde9PJy_wg3XK9F45zSTBRPFinSOoF1ezf9qjwlFdZj0we7rezRNWxU6AYajB48T0CrNIrRAIMMK16V9dY6CCIYAjPuKzXvUhvrhOvEe4vUxTM5fc7SdxRJwFIDY18lYydcA",""
"|varuhinja ii - m/ž|ravne na koroškem, carinthia","VARUHINJA II - M/Ž","","Ravne na Koroškem, Carinthia","Fri, 22 May 2026 02:28:52 GMT","https://jobviewtrack.com/v2/JJe5ouCVfxUzF5g3_FiRrXXdvnILlbY-E1Pe27lyKSwsZp5BIQivyOP2JincRredqotiutqVqG6yDX5RQS0gTEA6VXlSpXpbFkaZC-onfsWNd631WC2vohYnweu2RYqQyeVSL8kBPK-ReLOB8SKlglcb8BgqTafZqays0UqziCEjvavd1otVs4QRg4o7ljA8HqoD-JYBiT-rV5KvT-GcwM4XP8d3awKPplKMbFRdg50",""
"|tehnolog - m/ž|ravne na koroškem, carinthia","TEHNOLOG - M/Ž","","Ravne na Koroškem, Carinthia","Fri, 22 May 2026 01:45:08 GMT","https://jobviewtrack.com/v2/VEp-FGuT1ylarA4pY3h8f8nsTIQQH19YmMGR0Ee3sczdvpmpubch8NSu6MiS_fNud8zAFKwcLFmCSpEK4l4OMTzeRJB-qR6dz54TeNEJHy143RLtPc0yKbZCLJ7DERu1RlRi0YF0kfqGBtX6oeziA7OZ1gWvQ1-cIeXue84MAkM52N9yZOkcIIrJhrRiQDV9z-N4DDx2BhtLya_IAGvu5AixkVVyHkOXWVyF-tIKJls",""
"|fizioterapevt - m/ž|ravne na koroškem, carinthia","FIZIOTERAPEVT - M/Ž","","Ravne na Koroškem, Carinthia","Fri, 22 May 2026 00:34:48 GMT","https://jobviewtrack.com/v2/zYlQKr0J4SkdROg8JjmTWf6XUwepgGOuIgHJ88d2ZDP5WleSfvysRlqnh6p6qCMghgGWinUUZ1qYX-nCXGaJYFOR4sOaGv_A-G9pMtQufEDb7YlburJxSGYG_mlKxCOtir1OieNHau_b3Qm8-VgbFQhMb6qRoLWsd3edOHVbGXF4ypscCrOTYLVQO8YF5qb2NE9StMSTbb0Zza-AmtNF_zYAfIAkmy8ufvFzuWl6ybc",""
"|strugar - m/ž|ravne na koroškem, carinthia","STRUGAR - M/Ž","","Ravne na Koroškem, Carinthia","Thu, 21 May 2026 06:15:21 GMT","https://jobviewtrack.com/v2/qV0ctx-3AOz4bFs4DX0ZfQBk2jaCNvGdQ57bNPThnERFZ8XJjvxM2b6mlRbzksfiasVlhmR-niDtrQXUsa7i63fmM1oWlNdnpmBZHrb2bWgSO88x6s4w9AfcdPSwyI9KIQjr0DkFSx8UxfSntCOghY5xtpUWdAmtLX_haVl9-4B6sLqSTtpKPRqXJZ1YwJL4RIHnXbafNcNSADafKgIgeb1xw9_5A2JQl6LBp-DdHq0",""
"|operater cnc stroja 3d cevni later/laser za razrez pločevine - m/ž|slovenj gradec, carinthia","OPERATER CNC STROJA 3D CEVNI LATER/LASER ZA RAZREZ PLOČEVINE - M/Ž","","Slovenj Gradec, Carinthia","Wed, 20 May 2026 04:33:51 GMT","https://jobviewtrack.com/v2/rG08u1sZLAHt4MOVIstTTMUTKPmNBdNIgYpiaUnIXtxoblwgCaCGTHQLdFCuMak_XHRus3Rjavs72dBzsDl8wHwUo3uUFw7ImFVrjFA93w7TRZ31RH4Z0qBz7JeWjL2YrceHCBi80sCd7go6Un6NGg0Xk4haUHCrKKpF6sPNpqF9wQba4V22bCMOVnejxJjnIhaN1-ZFZF9tc8B8LUelTkR05H2Irpj2yQ_H-C2l-5E",""
"|srednja medicinska sestra i - m/ž|radlje ob dravi, carinthia","SREDNJA MEDICINSKA SESTRA I - M/Ž","","Radlje ob Dravi, Carinthia","Wed, 20 May 2026 02:23:47 GMT","https://jobviewtrack.com/v2/g_-oDH7dU3bfTlwhFyU_EGfD2tdSr5HoE4i1FksoF7fh9tesT3Lh52ICba_2J5vhZwAGQMgMoL0aOdY2f5dRaehyYrsmJkrtx-9FhIuvIyaZFX9FNm05g-r09Ul-qK_ACS7WVzfAFkmj876UZ5RCEC5ANhERqezFCx0w898PmGjEhvLl1hwuOTxW0B_T3ETA6vSAXcwjaBx0mbWJ2qvxO1a6lTN_MpYFfESerA5azNg",""
"|montažer - m/ž|slovenj gradec, carinthia","MONTAŽER - M/Ž","","Slovenj Gradec, Carinthia","Tue, 19 May 2026 22:38:36 GMT","https://jobviewtrack.com/v2/zXSyijYYWcPkMbJQve9lc0HnSlJUNP66w6upeFF4EQz0y0Tj3HxbHzdkZrVpDxjOa0ImI54y7QXKy9s5RJfuitMuT7frv_SxQUgOG7pbaWhWi1YA7Db7kzCS0AUPkPegtlEw5HqHbOWCENQ1rcy4sUFePLyRvJ6Yehaju27ElWaNpneXaJnZbrr8AXTAB1b_RnKPJdYVEsm33cbfs7FAokqCV9--y36y2eaHJkD76AE",""
"|gls kurir-ka v slovenj gradcu in okolici|slovenj gradec, carinthia","GLS kurir-ka v Slovenj Gradcu in okolici","","Slovenj Gradec, Carinthia","Mon, 18 May 2026 06:24:47 GMT","https://jobviewtrack.com/v2/yDTOK1Fdq703vmwo8qEmkK_sLj3Ir-gjLiPFLrFUzohyEsOV5XHdaT7OiSyKE4tqrx8nAEbeY0C1lmKkB2mQU0m0nIvvmal3r7KyXbteN0aEZfzHCwcSNdWffi7g9ZIqWT4YxgdZWZ0KfJPXCC2EKRn4iVnDWOAhYaOALUw9qy1xTiRLYub0kqsi5Ml3-hf9OL9YDpLNNYTOhLX9IVYFrYlc_vpY_OPLJ-vXi4qmsFU",""
"|operater strojnega oblikovanja kovin - m/ž|ravne na koroškem, carinthia","OPERATER STROJNEGA OBLIKOVANJA KOVIN - M/Ž","","Ravne na Koroškem, Carinthia","Fri, 15 May 2026 02:32:57 GMT","https://jobviewtrack.com/v2/Xhqvq3_p5sQ-CA7jpUtuZ2YtBNSSooUS79ml6_p8NbR8xs6wBLpZYVmVObdSfL_ONhF9MJcQmQmWc15D6PZ6YOjXTwOEWbiKl3_9xDXpWOd0IaLLqYRxvWuG1a-5MAwk6Y4_YRNuznYQwE3u4sszOgt3C2qyIlREAX9sFiJZjmJaquGkQUuN8QRXYi34PMfYLgty3LQnme2AJtbynVgoscTOuUe-jMPKPPF8ZA4R_ZM",""
"|delo v proizvodnji konfekcioniranja ponjav - m/ž|radlje ob dravi, carinthia","DELO V PROIZVODNJI KONFEKCIONIRANJA PONJAV - M/Ž","","Radlje ob Dravi, Carinthia","Fri, 15 May 2026 00:34:49 GMT","https://jobviewtrack.com/v2/tnYij1XHZlkYdhDySuaU5VhWEWUomrW1diF7U93jetI79xufU3aUARZVrvM6Kd9Lz616ND9YIIZlDfYd_ySUcZU1Ii6aW08DOj2RsFdewLuBK6SCad9Llhh1vAGkh_X686MltSJFA4cArBzrovomQMhMDsZgXqlaUyewCH19OKwzgoUmhveGOjBmfQpVU-XR5NHuKwUj0pb2wazrDX4BeAQONLIysDJXQ0WfUK67Rbk",""
"center za socialno delo koroska|strokovni delavec na csd - krizne namestitve - m/ž|slovenj gradec, carinthia","STROKOVNI DELAVEC NA CSD - KRIZNE NAMESTITVE - M/Ž","Center za socialno delo Koroska","Slovenj Gradec, Carinthia","Tue, 12 May 2026 05:15:03 GMT","https://jobviewtrack.com/v2/Kg4MHz3plDw1eVqnYsyNorYq2VLeHak6Z_alb3CYY086U0zJVe1yWYJ_LHjyIe6TGGojoDxCmMacKHvEZDxNGIA1mNj39V6xeL6G-f4_Tbl6UK9grO5Vwet0xEKouU9FmFgvDRdsWgTH2nv94i2EoOrJhaffQK6jqjcKcI9lL28WwFUQ3MhEw9LY-C5g652C8v916_88n49gANc6zRHo33xt7vTe0A4ajFmiqEHJAxE",""
"|skladiščnik - m/ž|radlje ob dravi, carinthia","SKLADIŠČNIK - M/Ž","","Radlje ob Dravi, Carinthia","Sat, 09 May 2026 02:05:21 GMT","https://jobviewtrack.com/v2/dGZlKSCk9Eh9Zzt44qDqtPLwPS5lg50xK461MK0GSDTPT4Wrm8EBQkjsTQr3mm2F971pb2SML6N7ovM8u6PEzhHk493XTfpU2LHlEL_uEgkrhEBX-MpzGZUXB2HIjk7ynzFmW3_KYZjHgSQtiW7TaotQtGO-Fp7wIuUAFcte2frODZLdF0GKlSmYt4tgBVtqX3-wgLbbh978dq8SQBX1sXdrYAp9Gr-OzzoYtCfQaow",""
"|cnc operater za delo na horizontalno/vertikalnem, vrtalno-rezkalnem stroju - m/ž|radlje ob dravi, carinthia","CNC OPERATER ZA DELO NA HORIZONTALNO/VERTIKALNEM, VRTALNO-REZKALNEM STROJU - M/Ž","","Radlje ob Dravi, Carinthia","Wed, 06 May 2026 05:27:07 GMT","https://jobviewtrack.com/v2/mnfnqv3UWfbHonEJEaeAeUL7PBviYRItIjsF7UMOwHRYAZdaQie2qjnWHrwo5NcE16yjR9BbzDGZut5lgQOhTFPL7pWCJWEAQbWx8DwbgHIYbVaz5g3x3pwXj4gmKU-VMy14JDO9DluDbu0Gas4e8DYe6mwNMXr2Ci8V03g-7nZxN__IkWFt8JVAloAewv2Jsz8ghV1GotFynqvqvvLHhKVY2e74NMyFrRgERBnE0YU",""
"|serviser za delo v mehanični delavnici v ravnah na koroškem in na terenu - m/ž|ravne na koroškem, carinthia","SERVISER ZA DELO V MEHANIČNI DELAVNICI V RAVNAH NA KOROŠKEM IN NA TERENU - M/Ž","","Ravne na Koroškem, Carinthia","Wed, 06 May 2026 02:32:12 GMT","https://jobviewtrack.com/v2/cLPlAgEgQQL2BN_3oEckWx1BcGOmwMfS7Y5l8uRd9NzjWfHINX0Icwn5D9DT9RcIkuTsy2LK6-HSACmgNlTch2-hOq2KMWl75fABBUXPbOvTNOJQHJlNTdPr5bcUeMqv5IWHpZwYIY0K5gMqMVwy5hYqtC_vCfIMILRlqhh_Aqsiofd5Tf4wVzUN8F4VfS0Fvcr-I8lV6uVIMiErES9u1VOQOJUKa9eLBSuKpnUDBQE",""
"|elektrovzdrževalec - m/ž|ravne na koroškem, carinthia","ELEKTROVZDRŽEVALEC - M/Ž","","Ravne na Koroškem, Carinthia","Wed, 29 Apr 2026 01:03:11 GMT","https://jobviewtrack.com/v2/cUJ3rFtCg3JY4taqIRbpigjSdyuM5nQEnDPTTTcp5xZOkOO2-kqHgm5LfklEr0X2hjjQNJICsy4Sz8GGZPZ26vlg6KaeGBDwe_h0GQLGYILR2dzg2Z-3U7Zkyw4rUEtuXbk7NoiyRYi-ZsVW3b3NAQMgPm4EHm2SuejBmo_0OfJZJtbuEt4Dxru0SYxrUMZvn20YZ6662DmQb_dZkd_ccjUADmMdw1r-0Mo4p6ngFNI",""
"|osebni asistent - m/ž|radlje ob dravi, carinthia","OSEBNI ASISTENT - M/Ž","","Radlje ob Dravi, Carinthia","Tue, 28 Apr 2026 23:12:25 GMT","https://jobviewtrack.com/v2/dqt0kdKN8DXa4u4FleBDiXVPupjhTMV_Wb9-4WrxPI_1S38CuTgU0VQKoOJgODoGICGVDAEIsjx_XssaHHsa-PQRXysj3k8PUqIYasgEa1hOFihAKq_MOG7j_MHN6coAjcb8ghtH0IW8BVIxeiZBAXtW1jJFM6A3ldY_nAe68RBRL1edh1mpll8e9y2YmIz0MdriyKx2uwiOtTpKsmiyUcS1HU3jyH7He-e2ohS9xH0",""
"|plastičar - m/ž|ravne na koroškem, carinthia","PLASTIČAR - M/Ž","","Ravne na Koroškem, Carinthia","Tue, 28 Apr 2026 22:01:56 GMT","https://jobviewtrack.com/v2/uxcLaARgj5sPNSAICiHsNxuVghmKOf03GeG7tIHDqOI1LMRu2sZFJwYXjrikujWNDIzgBocUGWQPgl48w0Zy6DOK5QfoxCgaVgGGlwnwQPDshoXpiJYr2SzGs8gj7BH2L_-_m0evn7C-NP66FFyuNjbQW16HtAL5wNPwqwDQjA3YGhH9p3Bv_Y0DKiUV3ylLRrywNPcmqJiNZCHcz2_Q_jLYukavC1EgFNIViejun0s",""
"|električar - delo v nemčiji - m/ž|ravne na koroškem, carinthia","ELEKTRIČAR - DELO V NEMČIJI - M/Ž","","Ravne na Koroškem, Carinthia","Tue, 21 Apr 2026 03:41:07 GMT","https://jobviewtrack.com/v2/xwSJHHl9vU1x33wCZ3q-OPqDZEPfSYPkI0aHL7URXF341KddgXSv-AgcDCqIGpbtmwiKTNqHsdp9ZKN7Brl4HIrVevL3fJNL46SwnJx45-m_usuvh5Y0DNYrh-lMqYM9DHLDNaS0O3qkJ0zAmMrRoy4sxbhy92YoZoZj8JXKyg1aGRudFSsDm0xkpJjvn1uZnrPv2NakFrXozcrZRRF1WZZsDH8RrtU0tK9UOgTS3Jw",""
"|vzgojitelj predšolskih otrok - pomočnik vzgojitelja - m/ž|izola, coastal-karst","VZGOJITELJ PREDŠOLSKIH OTROK - POMOČNIK VZGOJITELJA - M/Ž","","Izola, Coastal-Karst","Thu, 21 May 2026 07:37:54 GMT","https://jobviewtrack.com/v2/Ua1YCi-9ITTyQ-D7CnvE0_vCNCkF7cp5US0Fcc0dDTVZ75qJ4ttXJoNZoe_MquLGGWDjHNqOTZ5N7aYdbivxBu_hame5WbfYI3Y39mM_RoucJrKUNJpzK7wCfB86R2G9LHc3hblIQ_qYRkJUJiUx8FUzvbSpupDKiCigLM-XDhb1aP6AcD81i73y1BKP7JYoN7gifk-fZk16CzVuitQ-fONQgzS7akOCb2G0K2mKqEk",""
"|ličar/brusilec - m/ž|sežana, coastal-karst","LIČAR/BRUSILEC - M/Ž","","Sežana, Coastal-Karst","Thu, 21 May 2026 02:19:50 GMT","https://jobviewtrack.com/v2/n6gOkZCFSkhaKhZAsQl6cXlxPOYV1husyvilDdsDkv-00qlrtcDMUT-riI8odBAcRBDFhW4JjsyVnkxBCdoDOqErrpK5jIIhm-lspxrIg87SCetJhZStbnOionPCfZJ0bSJg6FgyLRhKriOJv3JzLG3JRSWq3eIp4iOpkQDecIgqxo4P0H4REED60cin0rjlCyCL25XVs1LC5Kp8V_71oMWvXP2KQgAPolLdera6arE",""
"|drugi učitelj v prvem razredu - m/ž|izola, coastal-karst","DRUGI UČITELJ V PRVEM RAZREDU - M/Ž","","Izola, Coastal-Karst","Thu, 21 May 2026 00:58:05 GMT","https://jobviewtrack.com/v2/PTXRHRpb3nJbybxp1Lrk4LTVqpRvEpBpr02HpXVZO2U_BXmTKKAKNZLr5OVlN6YNH7IzeJcFDlnHiQan4m0T-mZONc6ELPHLAaVH1OBpVdLA8ZyKPBqlilv7ATDpcvpfzV6YmcOtewshZOZMA-0uQku-a9MAMWSf17EMTnzbDJ4KOfTsagpDpnAJVVm0bufjhwdbRyVhLI_qZZmX_CCPJL534Ri-D8-lExuMwjaqp8k",""
"|knjigovodja - m/ž|sežana, coastal-karst","KNJIGOVODJA - M/Ž","","Sežana, Coastal-Karst","Thu, 21 May 2026 00:08:49 GMT","https://jobviewtrack.com/v2/SPBr0JApp-OB7wCerQn7W1Q6tEbBHm9q-hD2uwHWfbvmYDgcz5Q592xveLwdBwkovmzfyuU9rC7yaOWccoZdT_Ze4w54lJxE6jeDqqKLgP3Fg8oco9qsfCoNK_kYVno52DzPRYzQpKUGyS0pdQvR8F_Wd6Zgo2E76yt345QLIJf6uW0T1T39TU5Bkes8IY4PDEtcAYd8Ig2gJsUCZP1syMJWSaZbHiaNZNCkIbT0TSk",""
"|tehnik zdravstvene nege ali diplomirani zdravstvenik 1 oseba (m/ž)|koper, coastal-karst","TEHNIK ZDRAVSTVENE NEGE ali DIPLOMIRANI ZDRAVSTVENIK 1 oseba (m/ž)","","Koper, Coastal-Karst","Wed, 20 May 2026 03:38:21 GMT","https://jobviewtrack.com/v2/eNZX1kxgBnif_LfEDGV9s7fki6T9qVHE_sG-8CsdLv0kVasn_ypUNz2wuq3W-62k90NQojJf2ST-XYONHdkHXAJ8YrIhcLSG8k9_1knw5d7cxpdSoWiREerEu8tr0uBQDG06bMctyg-r9oJD2lbwpAp4b9k9NlbwXJd_pPu9X-9qsSsmLLV_gxKGUK_3-Peo0CvHNsRzg3mucZX1aFNg2E9aa7VK8UmKFsbs7LbtobI",""
"|predmetni učitelj - m/ž|izola, coastal-karst","PREDMETNI UČITELJ - M/Ž","","Izola, Coastal-Karst","Thu, 14 May 2026 22:04:21 GMT","https://jobviewtrack.com/v2/nFa4FKGAmkoFm80_O0V1Ht7osAEdX9EH_zHPlZTQu8AmTMsvxJxBJ_gh2ugycIZKKUL5dKKm3YU_RJnOsV7IJx1u328qRofcueJzeXdgP0FHhGBYrIaOVqSmOlvxOH3HnGiKfd85ea1qfZjxo1mISJJwmgcw-demWTnRqgkhttRQrYQG5yOLSkaWf-OrlnKz1MCGAEsM392YMyemQk_hcBKU7dh01zTYWH_Y2GnhLeE",""
"|osebni asistent - m/ž|piran, coastal-karst","OSEBNI ASISTENT - M/Ž","","Piran, Coastal-Karst","Thu, 14 May 2026 01:34:26 GMT","https://jobviewtrack.com/v2/eh6y61CuIeO2IjA0FniOIAPUfMFF-C_NgJWwiPQgpeWVRCxHE5olg8cB4Q7upD_KpwXNT2GimAvCMC-3MldSIyhVzSUKtoO62PbM1dViJOYMA2tuk97lrzuSRLbNvvw3KhCb3T03DFNLTkpZtSuV8T-BxQHdvj3Oy4Aj4jVHpWfRaBGv_qiK_7hdr1lL5vZn4-SeBblNuX4nGY5JDssw9Nz9TSlt4wbFfEsUtoEAgAY",""
"|orodjar - m/ž|izola, coastal-karst","ORODJAR - M/Ž","","Izola, Coastal-Karst","Fri, 08 May 2026 03:16:36 GMT","https://jobviewtrack.com/v2/ZvHrvu3oun-5ccxXrpyAo-RUHkCDL5MhmeD-b8YffJaymPcmYldLxxCtrt34JSzAU3UXBvkiYtExAZEICRU53LiSKl521fTKrvCmKdEWjY8Ur03uyq9Oa4vrLpwU1Vw3NUkTrXtVuzEWNdMIE6NC_PA4RELRhQlCX9Wa4vKXJj9kgOqXkncn6DIKvSCF3aY3uhgJ7hKQdiP8hiVJZoMWG4w0vtppkMKnMnADftHPjO8",""
"|osebni asistent / osebna asistentka - m/ž|sežana, coastal-karst","OSEBNI ASISTENT / OSEBNA ASISTENTKA - M/Ž","","Sežana, Coastal-Karst","Thu, 07 May 2026 22:42:23 GMT","https://jobviewtrack.com/v2/lV0cv1ymH2kq3dvnYzfZpvuRugh8Z6ZSQBysqajoO5ganm3JxJA9KIO7XQqtqvL86MAn9JL4cobYO0D1KfGGc7qsjOtNrXdPwCO5M_kbVHrFtvtqEVq7Uu-9b3fsFiXsTGkM37pxlrZnOO66V_SQddGwvb1p87cGCQx2WJZNeTCuN3Xv8Xh0cAeMZLsrsuS1bOynbXlq1bTufUg1TJmxAg_pZQJxfU6zO2_4cAzKxPw",""
"|varnostnik - m/ž|sežana, coastal-karst","VARNOSTNIK - M/Ž","","Sežana, Coastal-Karst","Thu, 07 May 2026 05:02:54 GMT","https://jobviewtrack.com/v2/VuwlJTHln7M6YxSQJnaC24QlMM7PdgHi5_sfcXiN9Y8WxrMgU-DJHtbHkyrBErRrN8u1inpiN33bDYfNxvzwUWexc6HKaEBkkSS7_-vgggs202pLmze-wFEaA2Pre-7KJdCc1SFhXv-zclQj4FtpCze6UWQp_GjYzKQqZl4m-XQCRR8Ke87oININJZbYGphxUFhocRFQ6qIvwmbGDrp28WALjL3Elm_GRBvC2tCeRdY",""
"|varnostnik/varnostnica - m/ž|izola, coastal-karst","VARNOSTNIK/VARNOSTNICA - M/Ž","","Izola, Coastal-Karst","Thu, 30 Apr 2026 07:10:35 GMT","https://jobviewtrack.com/v2/NV1WcHuxnfPAbkFkwLgbQyFu4ssVgTrH0UBqqUKECX0vLpU5iWIKllONqefmFPIL_wOT-VuEHdpFW3JBrMX0pM6-IFBouyYrFQmJaR6PvlSVwjDjekwo5M77MzKzOZB-7i1fU19pBjhM1E1hjNY1qm2aYNHHGUjtRQB7N2Wcl87qqGgWh0lLPomszwQwX83yTG1vTXeFTHJaHHPkLUL3m8o4D6O4ftV390pySwk3o7E",""
"mjob|osebna asistenca|sežana, coastal-karst","Osebna asistenca","Mjob","Sežana, Coastal-Karst","Sat, 07 Mar 2026 06:45:22 GMT","https://jobviewtrack.com/v2/o42cdHaQGc3fEh9jCrcBGtSoa4quHm1g8TVk4rhRjN9W-UInQh3a4OFhypoeGalIkV5syYoVndIePH79821IpCFBQnQ2li76BjWKtZhe2x4covsOHXxn8JdO6XlQLhuJSMTQ-USM2TDZQ_4yFxJyztoSNy7VmjjrgKo2Vhxm28ptXYDWO5T9iV2ZmqtCXY5SQmHSWpp6yLDikwGVw-IRcniUesY_GJVNw9ziGqlVjFKrMlkKwhcmVNppY0GFQt4u",""
"splošna bolnišnica izola|e035012 - srednja medicinska sestra v intenzivni negi (oddelek za interno medicino) - m/ž|izola, coastal-karst","E035012 - SREDNJA MEDICINSKA SESTRA V INTENZIVNI NEGI (ODDELEK ZA INTERNO MEDICINO) - M/Ž","Splošna Bolnišnica Izola","Izola, Coastal-Karst","Mon, 02 Mar 2026 04:35:08 GMT","https://jobviewtrack.com/v2/92Uv0Y5SumjBF7xUMmonChbRuxae-EhirOaMSBR85c0B2sUWxyJBvVTPESVo4cz33BVg2RG3XGaksybo8KftzQiF1mluaMf_fKloXbeo-QPw_bNM3Kr9koRvegiyrBNX2Vx-COs7nwr9HIEdVb3aq6DZAwjbc7Dksi0rK2oocokn4sgwu_ZvxE1-vk83D1fSHGdzjVtZawdUb4bCyvjkuHhzhOzCafauAy2nusr9D72_r2g2lg73-M43VhXsk8A7tzEs9QpTPEdsrHk4vG_Lmg",""
"prunk, nepremicnine in finance, d.o.o.|pomočnik kuharja - m/ž|sežana, coastal-karst","POMOČNIK KUHARJA - M/Ž","PRUNK, nepremicnine in finance, d.o.o.","Sežana, Coastal-Karst","Mon, 02 Mar 2026 04:18:30 GMT","https://jobviewtrack.com/v2/WS06v8ZKbLm5xcdNDOQMMB8Nn8xP2csBneT69ejRJr_3TjNFGOvZcvsYDR6CoJB1CUD6UESPhxtIpnvpHjMlzNs1wnuP_WPr06VbcTLGoMDryOhH8u5fa3CXwtkhpqLd2mPIVq9oj__9L5W1HFhttCm7CWM-BbR7AoICWnKa_4No-Z5Ni2_XRD3OQPveay5us3zl0biGD6UDaSWh55g1fWk9-cAwLgehYpGZsauHFC5Gh_kVh3gFu9upYHNTGGc1",""
"splošna bolnišnica izola|e037018 - dipl. medicinska sestra v intenzivni negi (oddelek za interno medicino) - m/ž|izola, coastal-karst","E037018 - DIPL. MEDICINSKA SESTRA V INTENZIVNI NEGI (ODDELEK ZA INTERNO MEDICINO) - M/Ž","Splošna Bolnišnica Izola","Izola, Coastal-Karst","Mon, 02 Mar 2026 03:21:26 GMT","https://jobviewtrack.com/v2/nQNYcHE3Gf3jZHGRklqv8w5Nc-btgbD40OsNrXvowcVC1rq5OKQWGCg_lU-_VPsQrQc2ZnvtopC9G_TYD5_HGBoY1X8SmGLt1VMAB5swvdWD0PYNM-qMzk9iyPyxY_rd15THaXynGqWS933EiHiqOrSijtp9Ij7HVqbl481sTvTpWWGpKOzJ64xX2_YKVb1QoEnL3KG1sI1Q7Je27Sn2YL23JPPIUpZ6ufolzuk5jQ9dpOObK5BTtCQwurztIEKz",""
"|operater na cnc stroju - m/ž|litija, central sava","OPERATER NA CNC STROJU - M/Ž","","Litija, Central Sava","Fri, 22 May 2026 22:15:11 GMT","https://jobviewtrack.com/v2/aFXW6-rkjMtg14udkMVO8qHuawKjg51CjNTj03d-wV1FqcM4T7mYLFuld7iEgLDEAU2qT4uTppFJ9kM3BTyzGU-DiwWMz-MpSEinr3Cs2dA-PCwnJSYwAb7uVgHLsFEAJv1omQ7czFTRmalS8nnpUtZUkPqyBdY1X8CPuMwnvee03cJiFa6lYwS1EazqQSaBFOqE4YSB20PEgDE1REPx4ySor8hLRWFpzpL8A1WGlas",""
"|skladiščnik - m/ž|zagorje ob savi, central sava","SKLADIŠČNIK - M/Ž","","Zagorje ob Savi, Central Sava","Thu, 21 May 2026 06:06:20 GMT","https://jobviewtrack.com/v2/wQrDmg_clDgvp3pycS5D9FU_jvQXNJOWDQeN7kzBNUugyR2Ykqbb-fFSTW-Dh9amlLRmzU7o5-zYysFmuXJTLpbtvkwXUuJM5fmSw9CL8X1L0bXqyHt4GQAoDDojdS4-NvKKHiXiuRjtjGypROynmlxZSc-0e6g7DlwMgGjRipr6kyQgsIZ4h_dZgW7ZJUKZI2lKGzC6EWj9H_qIhfeGiN70McBrsCA7FHjV19ASt6s",""
"|tehnični sodelavec - m/ž|trbovlje, central sava","TEHNIČNI SODELAVEC - M/Ž","","Trbovlje, Central Sava","Thu, 14 May 2026 06:20:25 GMT","https://jobviewtrack.com/v2/v-fbfVaRydjjrpDNstnhvMBUrD2ZwuDlHGborHVMcQMx4rWnWq7Vs66aEA-nYlBB2D13aeC2m6pDJJGHbYqJ9BaZ6WVOb2NMJKyyIhI0nVdQ7jD9t0Zy2JnYcHoj2by7yS4EZ8pRG5YohwrzFDt7jWkw7RyZXVPWnOOYewxJcTuR-mC68Rc26PWTOC-rpD2KEmff5e_vbcbeTxw6rDxN1X-ljXf-gzeM6Kgsa3MN3_E",""
"|sodelavec na pošti i, litija z okoliškimi poštami - m/ž|litija, central sava","SODELAVEC NA POŠTI I, LITIJA Z OKOLIŠKIMI POŠTAMI - M/Ž","","Litija, Central Sava","Thu, 14 May 2026 01:48:16 GMT","https://jobviewtrack.com/v2/ReBaCf0NQ3cD9Dj2D70Idur1wjay2YslBfI17AuxRiQp2frv4oSJOpPPCgsygZ4hKWEqFvWd7_kZ9XDWRSSTO91fFnlSjGqTM5bpoWFWSYtOmGv2XVyUn-sffpkWQDF3fpCHhRjc81TOP5hgKr6sUKyJV480luR7fvaOpjFcht5ZnEuCgbTKQNXLjivNLcnQXTUceIBr_uQybanSsFUOyRf4YQpsC2LI1enzYHhigzE",""
"|dimnikar - m/ž|zagorje ob savi, central sava","DIMNIKAR - M/Ž","","Zagorje ob Savi, Central Sava","Thu, 30 Apr 2026 04:59:05 GMT","https://jobviewtrack.com/v2/lzI2cmO9odT7xV3nnrmpgCijhDm8tRImHLdvftn-puFb4gs37fuOSywCzMEXcL2Ty9vKax1EAaSfGhY8TNDGIaceryXVD5uiL3LMe_DvfRGg_37cc8Ws8UsTCyAtItEeHZk6k6gnjMOfWGPJOT8zWRmWyPR-MXYZIhKf8c8W4rFj3mSSnDRyLSX5n8sVOR4Dn3EsIWl7_SHfLDqgwBK_Z0GLJaYuoUsP0HZITQ2Yan8",""
"|osebni asistent - m/ž|hrastnik, central sava","OSEBNI ASISTENT - M/Ž","","Hrastnik, Central Sava","Thu, 16 Apr 2026 22:14:11 GMT","https://jobviewtrack.com/v2/KRET6n39N5409uijiT3gKrFbtVz-v78U917BDTlyIV7EAvIaA7DS-O1IksLwCxEIzFIJ04tNi5HZDhTmAg3EjvK3IL0bwClq4ZwKUGmhNuO8aRF1EDjocn0tsFFX_40pb8z1DwKsLL-98lYFIhEezV5BvQRM_aip9mAJMsfAOAk7Huss1-zneGg9-8fNiWisxSmmKz3czeveWQkxIc9C6Tq8eef8S6yXPc7CeaiEK-Q",""
"|zdravnik specialist družinske medicine ppd1 - m/ž|ljubljana, central slovenia","ZDRAVNIK SPECIALIST DRUŽINSKE MEDICINE PPD1 - M/Ž","","Ljubljana, Central Slovenia","Wed, 13 May 2026 01:17:38 GMT","https://jobviewtrack.com/v2/AodqeI2IiFdZp2oFj_-nyyoW-xljVSGCq3YGrBILewfhlxHXbWLba7lxbTjuSG9pGIVmhWXeV4vCKkRN_2X95qxHz0RY37hrdJNc83roJ0USPmlhwoX4QICaDmdL0THoTFtvuooFHycjZLwTrTQDkUre-LskhKfKqBXlGQpk9owfwNJ_KXztRL0HO7TUNFzwGfj6yXKM42lCSa15v7G-SpRAF67TQb7IIhBB1VXMP74",""
"|zdravnik specialist fizikalne in rehabilitacijske medicine - m/ž|slovenske konjice, savinja","ZDRAVNIK SPECIALIST FIZIKALNE IN REHABILITACIJSKE MEDICINE - M/Ž","","Slovenske Konjice, Savinja","Tue, 21 Apr 2026 01:12:06 GMT","https://jobviewtrack.com/v2/eP3vMMLZlJ3hYhdGy0EU-Ld6IIYPweYvuPp5cPqV-z1bDTijxdvgZFgQPr7YlVuofC18_gV3pu5jpxebdvYEh3dKh5E875aEea5-UYhimX2cLY-OqRgndeHEfiikTZ3bzS3s_ulCl7WZ4cLlxyOpzzo5TZHT6kJAu6laCZMuo2I-YqhvHhVLy4qhah0YYa9tLIPAe9UhS7nc7-sQWU8mbBV4Yul8Ai9kIoKzl25HPu4",""
"|zdravnik specialist abdominalne kirurgije - m/ž|ljubljana, central slovenia","ZDRAVNIK SPECIALIST ABDOMINALNE KIRURGIJE - M/Ž","","Ljubljana, Central Slovenia","Thu, 09 Apr 2026 07:32:32 GMT","https://jobviewtrack.com/v2/G9rnYe8j9s03cNT-N4dreHcNFR7XMmtKEOySLpnoAztKv3-1WKT07WxgDu0HEYCwNZpojYfO7x-9jAMzzE8D3Qi9Y_W-lBefJpDUTEEtuhuS1_VFdfPvUdpr2hWo2CcLQ_UiT27AHlmLmXs4MkZDYx2KILFpo_eVAVAN2cEB55vTEEghotYXJRFySN0kgEHU4E3IVyPGpy1npO5EZz7FL_9EgM3a9uqIqW0Q3yK9fv8",""
"|zdravnik specialist družinske medicine - m/ž|maribor, drava","ZDRAVNIK SPECIALIST DRUŽINSKE MEDICINE - M/Ž","","Maribor, Drava","Wed, 08 Apr 2026 02:10:50 GMT","https://jobviewtrack.com/v2/454lOi8czd1srImu3yrR1yo2RT-StOK1NuF6IMj_m0V-fFsiC8aXmseMQF44kcayaPxQ9pLqijtdZMdGVUotKYF4P-ylMuAdD_9zr_LQBw1Fq-BEp8Xcr8THOdI-mui79DGT966y5zWD11yPz1am7t2aqce3tJYzcD-HpyDioS2AfJP5xkmioFdABnOCXvDXAmZ1IWAoajPvDm5KUpaDHeFtBereYzyOdzvlFUC4ETA",""
"|zdravnik specialist ppd1 - m/ž|kranj, upper carniola","ZDRAVNIK SPECIALIST PPD1 - M/Ž","","Kranj, Upper Carniola","Mon, 02 Mar 2026 05:16:06 GMT","https://jobviewtrack.com/v2/5iqVNIZ_-mPE4EoZfsgDA8tiYz-dzg-VRh7-fR38v-IOhbJnNellVAjM6kNyPhQgdz7blt4LTzwKGnMCVIMqL5zczLLcfkrGM2u0kfpHcBma9OcCEaogQDVBcmvpiGxzL3bYvMk9jcCd6PKewgEjIv2wbNLVWv7oc1_19MIWLaZ4wvBnI-mQxtjaX9P432tqCgCyTsE_a-1eLjHLUq5iXMTxqpdfuzAOdOCFs6Arcq_m5paSa-Dan6ycnoQWjTXj",""
"|zdravnik specialist ppd3 - m/ž|kranj, upper carniola","ZDRAVNIK SPECIALIST PPD3 - M/Ž","","Kranj, Upper Carniola","Mon, 02 Mar 2026 05:15:10 GMT","https://jobviewtrack.com/v2/hr_M7h9jQ7T14e1168jfThB0nh31i35W17n7Pz6hwSOxFA82y3xQ7e0c_emiPzeOLRcWn1dBw76O7_z-WTkk3PuzlrzRY0Lf0JX11uIf-d0wOe7xWQD-4UDHPgX9v9pH9lcu78tobTygCRZBy__zcjxI_rCrlR_6nQq7xKKxXzZUhmPFmPHzgLH0Ow_ywOtrr4aYyjANiTvMX2dqMri4Ucw7wmj8G4lUlh2dG7R8rGJPgh7ht_D8n-BIN7t1Sei0",""
"|zdravnik specialist - m/ž|kranj, upper carniola","ZDRAVNIK SPECIALIST - M/Ž","","Kranj, Upper Carniola","Mon, 02 Mar 2026 05:10:52 GMT","https://jobviewtrack.com/v2/7wLZ1-6q4KN8fzl1Xgb6vRjnV6Q5Qd9z_4ugVanhTCNCiHRLIOYdtVzolpxdHLj4_G6eD7YdgrCncWIhJrqG5QNZDWB0_wUkDWXwBNAt48lGPArGUT2yisWycXcWVuytMeEDanffduhwVVVd41QXsPhY-7oLPVwq-BKSXgt8ZutMzrwGKY_as8iXxRj88eoA9Zc6zpgMTGtPy4VJqPM_QVnvBFBrX1TrbRAcxd0SsnyyWvdviDbu9m6a7IWXezF2",""
"movitech d.o.o.|vzdrževalec proizvodnih sistemov (m/ž)|slovenia","Vzdrževalec proizvodnih sistemov (m/ž)","MOVItech d.o.o.","Slovenia","Sat, 23 May 2026 04:48:38 GMT","https://jobviewtrack.com/v2/bqbiLvtQG0FCIIlBgw5W4TGKwMBemwISDlRsYWnskm3EAStySZfsGq0xL9m8RYILSqW-vX_c19c4kWVC0_dTSKGu7GGi_KRDssoayJnVVEQJZG77yaYjodzBDqYVptOV_5nHkLazAcEPih0gXVoLgyFwa5q1Q05fErKn8pTTJ8OD5-bphlbe7ZxkFih-mfD_C8nJBMuU2zkGTSskSKK1byh1tDcNFNEI4eKGLq_3uBs",""
"|full stack razvijalec/programer (intermediate)|vrhnika, central slovenia","Full Stack Razvijalec/Programer (intermediate)","","Vrhnika, Central Slovenia","Thu, 21 May 2026 05:35:48 GMT","https://jobviewtrack.com/v2/Do3BTaVr5o0PBvvQbYUPHmZSlDP85QsZ7HlTAdtR9EW17G7-wmUGHlItemi9idf_WnKLE-_oChO7VZjBMEkHMm8qdHMyqQydpKEW6F-0LGrWF-LUgVzxjHnDvYsKTBu2kAUdWuWyN-xORVYm198g0PdBIAONidfWMlVdZCGJ-aD6ZzqiVRK9No_kGbJDqsikEcKLH6F4zklR0zSsVXrhCcm3k8s9IXNQJ6YsLhsnruU",""
"|programer cnc strojev - m/ž|metlika, southeast slovenia","PROGRAMER CNC STROJEV - M/Ž","","Metlika, Southeast Slovenia","Sat, 16 May 2026 06:52:36 GMT","https://jobviewtrack.com/v2/hs3XDVO9CpIg7-cfo387skXr4L-Btz1QkndXQOFCbDdjqwMVAGUaKk09loL2MkXDsw3mEHzVPj9CEYQbD3CSLGRenNyN2L0H2aIa_miHH5T8caktnZHAMaEpQsNYy415cfd-8blK-w75smofCCJTw38BvhhkakGacLxTeNS1f-l89FZC5KpCfKI2n6QEyUcuEzVfOOflhxyeQWfXYAFytGRTSrKLxvGNAIEvjFmMBFg",""
"manpower|programer m/ž|slovenia","Programer m/ž","Manpower","Slovenia","Wed, 13 May 2026 03:06:23 GMT","https://jobviewtrack.com/v2/fxkxpbv9iy4ZBychCJA_v5NbAJ9K8B7vFpgyJi_YMlAnkrLNYmT4Z0Q1r89WyQ_CR3pzDAwYxfPLeEdI3t3JcCIeqtLz3-j3E435caPtJaXcg4GR3lsdkDTTt_FbgwJVfGnt8A02Nwrd3f-kH3N9vYlOO5yCVoa6KKC4WQpr97BXDjEFadUS-FYQbxyorK6jFqTjVRAlhnb_7qDBxPE9PUK_13TpsrkMJqTNVYECnJw",""
"ingame recruitment|experienced unreal programmer|slovenia","Experienced Unreal Programmer","InGame Recruitment","Slovenia","Sat, 09 May 2026 03:56:48 GMT","https://jobviewtrack.com/v2/E5PBUbIxOmeGtFUDKfkjzQar2fYQzbf-obNErEzuuJPB7-4FClgAWN-ZdAnFdecs0eY__SdJOfldXpx9YqNkzqcuCxq5dFEsTBQeWmqW0DfRBCzYuFYJGfE0c1tPzxBuGkbU3_UWgzjsn9ajOcIMiUZhl-EITKQyflsIZxS926gU_VZJaYFCF0hzB-0Caqdp4vkYDHbegdaHPSZux9nM9RhCQ2NURc4bLndoFkAnuks",""
"lth castings|orodjar (m/ž)|slovenia","Orodjar (m/ž)","LTH Castings","Slovenia","Wed, 06 May 2026 04:02:55 GMT","https://jobviewtrack.com/v2/HTx0dpmCUurUZuKGda8XqRyQLfyc5I46qt74T_3CRnClzwlc9OK7m5IDHFo4z0k4nZ-x6cuChBf8SpHiSDgf5fU1IywbwOFL3_IpegFXMzYMby5i901B3rehnEfiBGvs7PfN3ig1hWQfymzgGJThgISZoYGccoIoNeID2cCEiXx8Fpd95KisNfpqFvexjOrR8nCDUCnNKzE1pgE700hxU7OBmqCXVMn8AhMimdq3dB8",""
"iskra mehanizmi|programer cnc stroja žične erozije (m/ž)|slovenia","Programer CNC stroja žične erozije (m/ž)","Iskra Mehanizmi","Slovenia","Fri, 01 May 2026 03:33:54 GMT","https://jobviewtrack.com/v2/PerrOUQ7hYsStsPusqHA6-3VdCj-nNtKbKqbxoYwYw4V14h-K-SupurZslKSl3CJ8f3WccS3HH467QVK3imUGX0rPtybF4WMWClLkxMyF0AHqbBHJhx8EtvUj2lvbFmEW5Q86qtejeuhBYNBarqEpvwQDjWjFSnJrnJQytTcyUtefdjeYFbNGKK9LwLgkTUVMJmJGzgymVgtupzrBY9kAylaWpvPbzzddsIjeW6EMU8",""
"iskra mehanizmi|programer in operater cnc rezkalnega stroja (m/ž)|slovenia","Programer in operater CNC rezkalnega stroja (m/ž)","Iskra Mehanizmi","Slovenia","Fri, 01 May 2026 02:27:08 GMT","https://jobviewtrack.com/v2/meUNKcXSoRj5NJWstIseVHZMOqFiwvqvF9cTiZQQ6ANvXWUGP5IpO6OR6rAyr8TZvogDqBBzfjZ9-uV-5bwbz4qh6sHZFO4REzsmE61p7iJr6wWNGyVERuF0Oy8Zn-lSEkv5Mf8D5-EI3JfzLgcu-hX_zT4xeJ1so1Gk54CnlnSpYP83XerZ3aZ9LJsn-awadUy6W4nHVzPwfOsTZnaQGPi1rnI3ZY4j5rfpUGV09Do",""
"katalea consulting|plc/scada programer|slovenia","PLC/SCADA programer","Katalea Consulting","Slovenia","Thu, 30 Apr 2026 23:27:51 GMT","https://jobviewtrack.com/v2/66IwHzunS-AI8wAwylnp6Ww2dh38FZwavf3E2ZGM8VG3Vdu3U_OclaX3pgJXGchFSXroemRPJpUYJuQmHhjnunNqdKJbFz7v2v_NbVIrgDMmUyEJNBo5CwO8MZhNijOlkz8_EeikLPGmg5I0seju1Ctj_ri7gLbPhk4eLDgOx1lAWdhhiMQUHAv0l_OJ4MoHkZTLGFJ7Xm5XvsZbL-xhVFZGLhDb4tEXueCKkOEeop4",""
"|skladiščnik (m/ž) - m/ž|ravne na koroškem, carinthia","SKLADIŠČNIK (M/Ž) - M/Ž","","Ravne na Koroškem, Carinthia","Fri, 22 May 2026 23:02:13 GMT","https://jobviewtrack.com/v2/C5cy65r-O_OUptkdwD4tlWuYsblrFVw8BLvstrbXWgtR97CBEgRG-zGSwKsbwi8eSd47mVCz3n-CXdTbnw35LZUioUlKpy2RKtcz03_k80u3ect0ugD0Wf7rimv1oWLhnugHMJvORnaOilJYDhj08R9r2kMT6yFMszI9k_VrLfZNnyrqyIDT-L9WGJ1IqvkEJuPQFNj8IAFjGMbycXkZs123bBDby2i_Oyng2j6kGU0",""
"kuehne+nagel|skladiščnik v pretočnem skladišču|slovenia","Skladiščnik v pretočnem skladišču","Kuehne+Nagel","Slovenia","Fri, 22 May 2026 22:57:34 GMT","https://jobviewtrack.com/v2/fieNEptBB8i3f0fXimxBXCKY81ajGw8zoX9AT9w7D3ieSrhcDBxQAyJnYJx6prMGcvrllNXdVOuoHiKiZkaiwQnb92Ar7VdpGbvGNh-X4oIh9ee85f3sI4a2o-PMDWUhGVVozPd2NsncVUCuZumxQ30t6vaHAUqRtHTStiLKdJzyVEqh1DuBFmx04kCNxmS4aTIaTEfZKmey3LqNHgQycTE37LpZY1WiOCwttcCgsLg",""
"kansai helios|skladiščnik / komisioner viličarist skladišče izdelkov količevo (m/ž)|slovenia","Skladiščnik / Komisioner viličarist skladišče izdelkov Količevo (m/ž)","Kansai Helios","Slovenia","Fri, 22 May 2026 22:03:04 GMT","https://jobviewtrack.com/v2/tKv8XV7dU9rJkOlN6aTr7wnO-4bgwBqP_CUPQmGKwsxm5szCi8dFx5ix6UW7fwHtPQ-vMyxw-vWZHmfM26q4hMa1Mh5HE-9JVf7EW3qBFIY6Gp2GlhvNdyQWVpd4TxA8ARV3xnGImTjXCY_ivNqZg4t2EY1lvNyB5cNtkyplZa5yxzh_RNFsV8eWisKPV-enyxJy73PaI37g8hXWVUI4c1nXuJe-6xc2JMft_AM20t4",""
"|skladiščnik ii. - m/ž|litija, central sava","SKLADIŠČNIK II. - M/Ž","","Litija, Central Sava","Thu, 21 May 2026 22:23:10 GMT","https://jobviewtrack.com/v2/qnx4rZWe73xGjo-7ZKBHHpURDuUP_LyIOv7SA8UMskkNQjTwE_6G8dMv6KjUfLsgYd1ZhjPu0CaIMhOd7kcYVjld2sc5dcvVh9jIO87VigKeBIDEyPTSCgeZnqb6rHyJalQrGsqn5zzHVfB7FHcgkhHw_PB9nkc3k40mCEM3PD8qaUOMpSQS-7UiPiqW_m3X9YqboUiUDOfKeROy743Ag89jJjDwuYWEc_hMxJKNYr0",""
"|skladiščnik - m/ž|kamnik, central slovenia","SKLADIŠČNIK - M/Ž","","Kamnik, Central Slovenia","Thu, 21 May 2026 22:06:43 GMT","https://jobviewtrack.com/v2/LbCad2EQEZR95y8m0hMuvDItxZxifVZlyws7ECy1472ZR5RIIgfCaZqeWF5Hm-77EoFv_p1A6PGu9xwp5lPwLOlh2PH0lNYs3Tnm3EdVNJ9Jknolm3ZNa31RoQWb2fVSYBT4u3o4UJ2KmDkX8jt0PuWQdMWLW77JwUp25_y57Q5J98WCsb8EdMfZs8wrXrDOTB_63WV9ueCUR237HlUznArBsXarrLljABZyDOaAL6w",""
"adecco|skladiščnik v svetovno znanem podjetju (m/ž)|slovenia","Skladiščnik v svetovno znanem podjetju (m/ž)","Adecco","Slovenia","Thu, 21 May 2026 04:10:37 GMT","https://jobviewtrack.com/v2/KzgOjZ8ILXqEbn690REKjUXmKLz-4FZHP_CcQ9DWZfgaP2IVgKNpBYwpXUXxXEY8D4hIWXxpOulhTAeDH5Fs7s2eJpP8__jFp_SzqmQRqBmT5-TDd6hApXedI9DZSHZ-3BYAffdkNReHViO41_GRiaZpd8laWadt3jlFuJ9PuiueBHerkjuEQmttBy0QZQbey-T7bsed67h6eZocMc-FZFciJBg8JCfsGlCsYCMKaHU",""
"|monter - skladiščnik - m/ž|ljubljana, central slovenia","MONTER - SKLADIŠČNIK - M/Ž","","Ljubljana, Central Slovenia","Thu, 21 May 2026 01:16:41 GMT","https://jobviewtrack.com/v2/xzbjlvjBMTvvIltfS7JFRVoPggOPRjrFmCr8O0n63yEEAF8374K8ThcEcW_IAWLicqPotHbLQU6WvrZtptRbos57BzB6WrIuBcxYwzqhSleuNkNPhODA0ceGeI2j72CMARYASIYhG7-HOZ4hCks1Qf4_u1LfjR8LpH0oh6b7zHhIj20-ehv3VOzJn7IiGpQC3CwA7VZBmoKBAbwVqYG3z822V9imIdb89ivBkvqdFDg",""
"adecco|skladiščnik - 1.izmena (m/ž)|slovenia","Skladiščnik - 1.izmena (m/ž)","Adecco","Slovenia","Thu, 21 May 2026 00:44:41 GMT","https://jobviewtrack.com/v2/UAed-YsOyy6Au1mllhM4NsvXRFef5kNowPF86DwsPwTtHKyKXj9cQOthjK2kT0NlW-VrnMI8b839eZetNcFidDZa-6mbHNoYtphtET6Lmqkq5W1AYJjdEsGeSc17lLWKvfzbHOpaHCI76EEBphCq3iYTZc6-fAQOFApw_HJavwokx-GH5BAxAdjKC8aDjYVpu82vPgr8WHTYdioo9GQlL2BBMvcRaWbERZJr-BkzgiY",""
"|skladiščnik - m/ž|ljubljana, central slovenia","SKLADIŠČNIK - M/Ž","","Ljubljana, Central Slovenia","Wed, 20 May 2026 07:57:53 GMT","https://jobviewtrack.com/v2/ioa7KbgkVLHRoa5AaHSTo0TGMNcTCC9C3g9IzOUh4Bumb7wPRHsFPRVzJzGvvWmQbYmLrasRTD1mV2GR3GTBzyQCGKYga0hJE_P6sAgt1oz-mylhoL7yRO7s2r_75KzFx_Hm8r-gA5JQyUcRyU-JcFKjTocnDcnF7pJ1DRDqPf9wougrgJDnjus21QksuhFq2KUyoiLWZyRj6Jf2equ2X-VVQs8R7oG1vl_pbQQIJAg",""
"meltal is|skladiščnik administrator (m/ž)|slovenia","Skladiščnik administrator (m/ž)","Meltal IS","Slovenia","Wed, 20 May 2026 01:44:15 GMT","https://jobviewtrack.com/v2/OOiP7pVgiR9Ipco_aTyISn_lcy-KDYWl3CYeO_9ziPNVT4CvZMq1zD3lxalKAY53qitDs1PDlZIbpKbScXsWtQSSapxtxbBayQlZLQrjjFFoKm6qya7ariszsfagl5G5978IpVRB2kGSJcB9xjJghnWVG3UROoV62_6OiC0nP3Jlt_Y9XTQx5NCT1OfPRijNFiVrlpjnjRac7GuXjErWILWswUTNsbIjYJ2-w88ws9Q",""
"kea|skladiščnik / komisionar (m/ž), šentjur|slovenia","Skladiščnik / komisionar (m/ž), Šentjur","Kea","Slovenia","Tue, 19 May 2026 02:49:57 GMT","https://jobviewtrack.com/v2/dhzcNlwQYtsnT_KAh_Fy4I1NqQIsLTArg10ZQg69T1agmgXewR9JZnVkljqrNHFyQ4UYIKc_n1TimFsv39efcELSWd1yJuSjP-i3VXzEZe1AG-MfSO-F_nxSZkR4UEwxjkK1tCwPaR2xAdlDGkzfId29AOqrxsO887f1snu3yNiI6AXFJ-3x7p2v-vBXU3ssMIDpNa8jOnWHm4IZphb-wgpTaBHXMIlvDP5Nyc70hXU",""
"cargo-partner|skladiščnik-viličarist (brnik)|slovenia","Skladiščnik-Viličarist (Brnik)","Cargo-Partner","Slovenia","Tue, 19 May 2026 02:33:17 GMT","https://jobviewtrack.com/v2/fMyRdPsRz4g21VF4hLoPt8wv7vPaJSVjfGZ4Mg4nPZKKw-cdV_tyP0jlllx_criL7bczjr1zTf0w0V7md_-VyRS-NBj9K-qlhmgcddQfVCIjR3jVmvlKiVKqa7od8mvy-lRWEE0r1AxxtrUMad3SINqSa3weDzIkfoEksmKr2-NOWpjOzCty1icw7wYg9YtNUKv0QJvlhEA9wr4u5mywpi-IVn5B0-woP5kpzAz9SEk",""
"adecco|skladiščnik - 1. izmena (m/ž)|slovenia","Skladiščnik - 1. izmena (m/ž)","Adecco","Slovenia","Tue, 19 May 2026 00:11:03 GMT","https://jobviewtrack.com/v2/2KAMLrOXJi2bkX3-BivJqTsMiR4XN9_KhNZZj3biINPw_ABLrd7_xjajz2mL1xdQeCZEsjFOHJjkxM7-nb3chwXbqZdyOOOvuJDuS9dr9nbdd-L3kWFKtuSaiB-CDefmb-O9Rc3jtWnFwDf8B6H04PvKtTTlgso52ZP_kT9Qme-Qg_AAq51xchskoQjplZAO3OHTUumV_wWEE5B39upJ0G0fDPmyYzvdmMjUqr2px68",""
"|skladiščnik v sam latkova vas - m/ž|žalec, savinja","SKLADIŠČNIK V SAM LATKOVA VAS - M/Ž","","Žalec, Savinja","Sat, 16 May 2026 05:19:06 GMT","https://jobviewtrack.com/v2/UiNoqgJnMw_Ql00XDkIxp07Xse_o4hatZo5bZf5A1-XJU3u4SYuX24srCEf_rgrouj9ieS_0Od1bKrZUDupMJvSwVUkPeUMuMdIslJvBFm76HV_3QmxLq9LeTf15TU8N4ndFIclJ73W-vrr_jQonn1MVBTOLGMbHcqzNnA0OutkytHNw4y51IbmLoLfQa4b1yBpEp2hYSPVVQ9F67k8ErsbWJaWs1xX1gzk9qB9Hu1M",""
"|skladiščnik v sam kamnik - m/ž|domžale, central slovenia","SKLADIŠČNIK V SAM KAMNIK - M/Ž","","Domžale, Central Slovenia","Fri, 15 May 2026 23:05:37 GMT","https://jobviewtrack.com/v2/j3tWkMQu9ouf-cSVuPCw4Vio7Tpls0ssaL81mxpw70BATAtAfdSf-FBKqwOh-WYSj9_5pIuETn1-PgvnjiJh68a__NDHtqxCMs-K5IoL1jphNYyxZ4ljcPSRvuJUBSqWfceJhgA98MNMHdGdEyFeyDU7jREnzc5Q4U1xZOh744fPU1wDsQRdSBDwCAeIV2jaOS99MfGLgy-AZKOGI9uZAJJ_pJqnR57_WDaXBDRZCtM",""
"kea|skladiščnik/komisionar, šentjur|slovenia","Skladiščnik/komisionar, Šentjur","Kea","Slovenia","Fri, 15 May 2026 22:07:29 GMT","https://jobviewtrack.com/v2/SKPzl_kRzalC7FaIgl_kK0-FtXdRJZ0C--0N38wYoDX2EM36dQzLQRPQmbfh2-pRDoV4NTqPevIuPbOz0Ri5ZLzAJ_zahZ3mDR7Xj8CnnvlUz3GlMGP47yjciV0ckF9GEM7vy6qkfFUYVeVRVky4bDvUOzWWNB7p7w0ub6_OrKyVIX2q9jZgU03av6Yektz32LT4Lq4CGG1iB-OcvHEhs10hIJz4YmOMBb5_LsKrW4A",""
"|skladiščnik (m/ž)|škofja loka, upper carniola","Skladiščnik (m/ž)","","Škofja Loka, Upper Carniola","Fri, 15 May 2026 06:54:16 GMT","https://jobviewtrack.com/v2/4OUcPdDDkGcEcCe6cyHBNiVwgztb0jhioN_thzNcMec_rfnPoHBqISDISU6PrLWY3Qwc73Mj-dzMpB3vprzJU6ubj5dOkXACDtfRNTO15T1Xbv2BnbUMMl7oZqVYotOGTP3qyKhE5-XBJw-q4o04ySMV0Ms6cOKFqaT0zNa_t6DxNzImciQ11uwNMuAWyHf8J_Uh8Rtvi03lD9cZV3HXNsClAhK_3kmQgYImKdU66K0",""
"|skladiščnik - voznik - m/ž|ljubljana, central slovenia","SKLADIŠČNIK - VOZNIK - M/Ž","","Ljubljana, Central Slovenia","Fri, 15 May 2026 01:55:24 GMT","https://jobviewtrack.com/v2/Pqckp8HnwIIUU55ZdP_6fxa3IEX3IGJJjT75G_OrtkJsyuAjNiWoIDCnkozaxFiWIBPy8_5hAeEab2xigQwDQytSrMcswVcsqJC1Bb5K6VQdpK3i9fA8objQptHZLiKgXqktBf5GGF3Bvx6D_-MZNpbVrFj0U_rtcvL9ECMsMqElG-F7O9sMZHytToL0aUY_7-uITJAN-8lo5dUMjMLxM0DXdJK1FbKpx0YqkMgTBfI",""
"|skladiščnik - m/ž|žalec, savinja","SKLADIŠČNIK - M/Ž","","Žalec, Savinja","Wed, 13 May 2026 06:47:31 GMT","https://jobviewtrack.com/v2/r7MOjLu7csTL5mOsZeAom3KPPbcsmBUoUHvW2ubyhrYSXn_lzZ1UmUTQJQJBUP5JGTCnDPhYiqSiAe7z1EvuD1jpQzni0cztNdkRAqzKClMPJe0kN8unCWJQsWjnzmMTdSKkZZW4OCpDEwnUxtqmchNZpMuZTn5MXZqmKXy4i6L1YgmC1_APdxesdtvy-9yE9bm2Gu-TV3oH7uvxPeMXMc5GGSuuX5IPAs_Hnd2Yi3Y",""
"lira, d.o.o.|skladiščnik (m/ž)|slovenia","Skladiščnik (m/ž)","LIRA, d.o.o.","Slovenia","Wed, 13 May 2026 05:28:47 GMT","https://jobviewtrack.com/v2/1tk4cjr6Wx7rox1VASojko9WRypkStz5stdvAqXwK_7N_n4_7mnZzsvdoDruO-vtTYdxdTZIsdSAsyef1tlWk1E2E4F6r5Je-ujgL-cQM1aKv91YOsLofGrO2ToQfU_p2745Znf7YeZ9EqGxHLiTk_1o-DNt0GS1_UGGYjuBiVF-YlAWTW4X3a4JKVpV4xlqRUAjXvntpdJLnbGlxWFEQNI3UNLDDkLtHwNkNTli5CU",""
"geaprodukt|komisionar/skladiščnik v pc koper|slovenia","Komisionar/skladiščnik v PC Koper","Geaprodukt","Slovenia","Tue, 12 May 2026 22:11:28 GMT","https://jobviewtrack.com/v2/LfKWEvt7CExuPUrm7b9O09a17pVP0-155VJp9038I51swJ8CwD2h9XaPEZzVKCPvB_UZhGdJeA-pHYesYQHz1M_PPS9d_Yzx5sqjjKKWJLT3zUmDd4dgu22hx9ZWyWYxtXWJ1Riz8tSnYiOvUHc5qx82c6lT901L0RzpXwLyRyK1dlHO39S_59r9JfzNCDR1WjrNq13TgKhrOe7GQfscSxzL0yXRfiBDbBXt25RI-X0",""
"biostile|skladiščnik|slovenia","Skladiščnik","Biostile","Slovenia","Tue, 12 May 2026 02:29:40 GMT","https://jobviewtrack.com/v2/gtqkH2ehzPKd6f25dOCAkRoEp3hSN2NZL8lQ49tM2jPun5Ykz-5qC_ggydDFhprefPwHdAYGFfDTsGs2O6-upbGhfJ01K6p31JVMG-5XWZSHpKZJotdBuBB7PjHR-phq3zK7_kHa3y8L5J2afXuTfrc6tG8-ZNRnUUgZ2otmh0AlDApjEH4Gf9r8ko8zU-1Fxu_kCtuzqtBHrMvZzXHeP0zqoWloSc2hONOC1h-67B0",""
"|skladiščnik viličarist - m/ž|dravograd, carinthia","SKLADIŠČNIK VILIČARIST - M/Ž","","Dravograd, Carinthia","Tue, 12 May 2026 02:05:30 GMT","https://jobviewtrack.com/v2/jQgfLgKUSxAxJ8FjlRBYZSQkjjGe30fjrFO8suwYhUHEqGtqOJGcZ7vyfEfi2OdnUXxrt7rtjGjcGqLilmOt8dIwnXRiYU9E0QVZBLpfyvbyMvmo6ed71EEwd84x3nlRj_T2sIA6hI-p-cPaPQbZHy3ghkeODOwTFlhEHWl1MNF2QVYEE8dpCwzb3a22UjO3B2d_C4pnyrSgv1PMTanf-tOutdwJ0SV_JP2QiGIBmug",""
"kuehne+nagel|skladiščnik v farmacevtskem skladišču (m/ž)|slovenia","Skladiščnik v farmacevtskem skladišču (m/ž)","Kuehne+Nagel","Slovenia","Tue, 12 May 2026 01:51:02 GMT","https://jobviewtrack.com/v2/SYRKU9wRY7e4d-kcuXyB_P4kykEb-teSI06rP0suKdhcudwZ8cGisXWLdd-fP0LZ8AELbPFwAW4GavO5l_AfXYoZ3ylfT8J8jgj_Ft8yvmzuJJANd7bjh8xQqs5G01nPFaNusvknKdFs7wBFfY18O_l5G-Cx4Lq0QfwcNKD4FbVARGv64MS6kgj7ZyVbVGwzmfrBIntzhRMxUqcJapi0qwl5wYp7nUwpqsPMjQpe1aI",""
"|viličarist - skladiščnik (m/ž) - m/ž|celje, savinja","VILIČARIST - SKLADIŠČNIK (M/Ž) - M/Ž","","Celje, Savinja","Mon, 11 May 2026 03:58:41 GMT","https://jobviewtrack.com/v2/z1oiJgN4EcfL7EbiRWlbA_MeZZtYgzwLSebCzFoV-fTciDKFGx46aDiWsUg-89f-jieyS-W-S__tYdY6vZl5QXdr2b1MiTvsq2_T1ZjEeN3Tup127jOywBfnV_dOjpLi5GXybY6b5NT2qGifKCFh741OEBZ9FHtE3Zims8N6BXF4t3Ec1pL6ktiDok8wFoD2aHKE_-xgwAFOVMZSIwJPNgjQuXp2BDIV2hp7eWaDOqY",""
"sbs trgovina|skladiščnik-viličarist, lavrica|slovenia","Skladiščnik-viličarist, Lavrica","SBS Trgovina","Slovenia","Sat, 09 May 2026 07:18:56 GMT","https://jobviewtrack.com/v2/UroMgpulrU2ELipf-vOEDSXmldUzCSAGeAAt4dj8-1TjVaoe7OwyKd78cxe0n-I4CRIQdi-6aV6m6w0ZkBg8WmPlu1Jj1QebZvKP38hUWzIqc7-gDA6awbvfCb1ju5uQlfEPiS_3ua0EZK-YZ48Yf_lkj3HBdS9wmkjEKH9jzDQAyS7qPk9QJZezgAqWDKypv9QIv198uKCcf6siqmF1H3eL0reXgeJ7G7rm3qIvE94",""
"ebm-papst slovenija d.o.o.|skladiščnik (m/ž)|slovenia","Skladiščnik (m/ž)","ebm-papst Slovenija d.o.o.","Slovenia","Sat, 09 May 2026 07:17:48 GMT","https://jobviewtrack.com/v2/jHuW_X55scxsSSHurWnFQ--6EOzXcj0tCjECycxMVLEiX2GvX9oMWuL8kXZekC1LjQHuQDPUkmc_mBHfzS53shBJwf97TOZCjJwrrAKtXb96fgPFDy4Fq06KpC8EUsH_yWamZww_ePwz9qqQ5aFqHLJ1HFWEsgZ1-oWwfdM_kJRli_6-AcGtt7tUPo28Tu3qjMGi6gfotIxvHPrFVSSpIRg2ZWqOG5oLldJ-kgNd210",""
"trenkwalder group|skladiščnik - enoizmensko (m/ž) v dekanih|slovenia","Skladiščnik - enoizmensko (m/ž) v Dekanih","Trenkwalder Group","Slovenia","Fri, 08 May 2026 05:17:23 GMT","https://jobviewtrack.com/v2/0Zx556bTP5PltxHcCvp4ise7g6qobVJmQd_Km7ab7hIWwdGMoimQUHWNCIaGdMWWQdFU2-aYRjT2vvfsmZgcsq8Pcu7G1ZeWA5-IsW8uv0xHsGLFZayLfTTHtvAOpl-fW3CBcgx12BnsNQptEvvRIaqMBi4PQJzU-CuwlUGpVCw7hdxAkWaKBsXj4lSwHsb0NHki_JvumCvYzGO_zil_3X9XAg1pYR9UNWHfTBYiEA4",""
"hs plus d.o.o.|skladiščnik|slovenia","Skladiščnik","HS Plus d.o.o.","Slovenia","Fri, 08 May 2026 00:54:20 GMT","https://jobviewtrack.com/v2/t1dz6VnO9CmuQactcuea8wrDUrcgFzsTkNjFjGonhgsCzg_XlDPOeTDRR42xlzylVc8gTwi2qvXwhnOiCefGB0CoOW8kvXW-x2mkubh2X-K-Usaprpanoy9EdiLLLaEkJHnZ0TnOxyRkTL1LCt9Qx5zveB5GrRWH1TM61wuWY_wgl3NeJuDIpxGCcKQ9OW1c4ZrqbXYgGyacGQsdiZ0RjU0lhiWVkd-04gv3Bsmbs1g",""
"iskra mehanizmi|skladiščnik (m/ž)|slovenia","Skladiščnik (m/ž)","Iskra Mehanizmi","Slovenia","Tue, 05 May 2026 06:36:29 GMT","https://jobviewtrack.com/v2/uAliNTW4-YlvMM9B9FbEuMdDjzYUs_b67pyprXpbl3qHXP0YMsoZjrOicbl-Jvbwvm4jgPKmDFa5SXWIvJyPXjeg3Bg68m6ZnQQKlGyR-XvQF7GLukBqFhM9SIld7xiwEGb14tMOAariHj13wS9-UOrFfONGN9ti9KRi3VZByO4gYIGeEYtvAhoAgiBaeSJ802xID1GkG0ETMGlZEYNA3K7aTB4oUG4nOR_2xBZ-igI",""
"fragmat tim|skladiščnik - komisionar (podskrajnik)|slovenia","Skladiščnik - komisionar (Podskrajnik)","Fragmat TIM","Slovenia","Tue, 05 May 2026 03:54:46 GMT","https://jobviewtrack.com/v2/yfbwxKj-qhUUwBqYZFIJYtxRQ0TDd3Lm-RO3rUzYP-cqkIsXP6WF3dy1T4BJibe2DH073-WFKg_DwVHF8Mxcva76S_MsNye0NTM_2CcnXXXVt5gfKkKinydnNZyZSEFkMb0K58cY3otJYBxKPWYP5ixXp0CFnQbieLl9MfAORbNJVn7iW3cAurfjyiibNyBscXg52wqhFvhTPcI_3UV9dXDvSfPTcHlga1Qzn2GsvSA",""
"jagros|skladiščnik tehnike za pe latkova vas|slovenia","Skladiščnik tehnike za PE Latkova vas","Jagros","Slovenia","Thu, 30 Apr 2026 03:01:28 GMT","https://jobviewtrack.com/v2/u9aphcJuZpHgS647DIBSNjCg6iKVgCtG3lFUQdNZhSAkg3MD9ANCP8LW15uuOiBzSvKhuakvSCv_QpmbMkuqWICrZpUnFkrkXOE6PuMEuYmwVM4bWll0szKhIp7c4fCI8r_tBVZY-Ngo4IK8TfYOIvOJn2l-zQEFIeZhH6VFBdpsteEinIEoaOZaZ_Zd80A8NmiOZ50INKYQMYPC2Y-ZaUXchJtvOwihUAs20R7WQsc",""
"blažič|skladiščnik|slovenia","SKLADIŠČNIK","Blažič","Slovenia","Wed, 29 Apr 2026 22:44:29 GMT","https://jobviewtrack.com/v2/70srWvympgnqFEHEYgP100k8UEPONg8JhzctL-5wx1HVVXtpw-R-zA87grKGCKtPDLIAiez6G06Idm9R8OktI_jXhVQ3boh8qDZUK-pIjn1CkELLdwrKOsPmmQxNfNqW2sUFC5uT5Dn8WB4cEgjfOa_zJ6x6Q9a8iTzqJXSAdna8FuwLk7P75LmlziEsK2H42fhGT8m_u659xgCAzegZlU9FvP-WuYY3ij5VHL4tz98",""
"|natakar - m/ž|mozirje, savinja","NATAKAR - M/Ž","","Mozirje, Savinja","Wed, 20 May 2026 04:54:59 GMT","https://jobviewtrack.com/v2/xUxV9uzvNtWRqZqDiBeln90AW8GJsn_XvDWxQqllkY4JVE9on2zfL4O9iH-TdT00Q6FGyfoDCtJ5-YA3nAtB_dnVEACPKr3jQgzrQ35sFEvauOxivJ1glZQnyBujAr3067pLvq2taTOvDkHfmdbH5oKENFr9eVk-9cM9NagvDHpeUILYctItVwUfHHhrHoKgFq3ib16QqiR1wrar5Ij-wkJo-Et9XKFgEdEUvLBEwfA",""
"oaza krasa d.o.o.|natakar / natakarica|slovenia","Natakar / Natakarica","Oaza Krasa d.o.o.","Slovenia","Tue, 19 May 2026 23:43:54 GMT","https://jobviewtrack.com/v2/b57k-1zqMH5jR7g03syriFZ71sD97jigpjnHRrdQW1QJfZd1ZeIq6WPIsQ8_zC7729j-m_0A7AF0PwGvYCVNauMGG-01kRaf7OMJJ2YbiovDEmST0eADhuqqX541Rxxug0sMUFamQ1RG2wGd94bTeNmuK5FiMu3dEChwkPbnirvr8Gctv9aNBajmr9l1xbM2LO5i6JbahKVYfTSBm2FUQ5ODU1Q--NQCNtpqL2thF8Q",""
"aena|natakar (m/ž)|slovenia","Natakar (m/ž)","AENA","Slovenia","Fri, 15 May 2026 00:03:31 GMT","https://jobviewtrack.com/v2/be_9Zn-U8tp0Y5RshcMw5HMZac2AYEqNGIUb8wFzVXLM72q0dP_mPtyBcpN94FT1vmgObZ9Zx4Clc6a19Ew4209UelbtI5dVdRdID7kM3HXAPkSlvmqMT52Myim7xfoJJpA5W9D1XOUnHtqVeQJDf1UjWgPvBNQ2omxiJCG-LkclR9dOwtTBDbBn6oRFyoZLOTep731XfWZ6b8J1DYdSWaBGyxdaP_COsoMtl_6UCFE",""
"hoteli metropol|natakar (m/ž)|slovenia","Natakar (m/ž)","Hoteli Metropol","Slovenia","Fri, 01 May 2026 04:13:39 GMT","https://jobviewtrack.com/v2/wHQeq504rWqtB0D8sVwbaNyx5epV8KSxNevn2CSewaYGvfze3yGgy7LAnC-4RZcQGy3ZZ0Pf_WqvD0k75Z2swUXePfSlzA-SjiTO_X42pShVHaPos-vqZOYrB-E0Nh_RtK3Mt7YFwwVM0MIyiI31EDCuNNYV6BUvokTq6c9hbWNCU4Zr6TNMBiSzod_tOh_jXK7AMoSoVvc1DP33mwhgwuT8QUAJyZxe-2839YiDDrY",""
"mjob|natakar_ica|slovenia","Natakar_ica","Mjob","Slovenia","Sat, 18 Apr 2026 06:28:39 GMT","https://jobviewtrack.com/v2/d7CGDaDx3aWMfBOQThHcshCa5MsjFuRfCzY55kvpp7RI2CMTVK5TcMPlQ00uXYNG8MVFIob2d6huyhNffF6sAWqmW6ytwXl7NwZLuO4NBMPyN9FBYexJF0twZCmX9NQ5iRO8PLlvMvo7EDvzYVrGAvO_mCZbPRd0CEJXLFPQCnj2wujzAAM39qGCad7NMhosoepiRWw-UmX1o_zEjgr2E7ZlpbFrQsQ94VHOjEVngHE",""
"|voznik - m/ž|murska sobota, mura","VOZNIK - M/Ž","","Murska Sobota, Mura","Fri, 22 May 2026 04:02:11 GMT","https://jobviewtrack.com/v2/awLTYinLG92W2w1GShctCu9yVKRnJyCYY5oSFBDAC8YeSShKLUKo__XJ5fg0y1yR32THKlIRaiWFcYmqKD2AcqUnCMzlINNrDn2TmJJqgDckcx_L18uCF9KGA88327KybDBCwcQhEVIw17aRWPO1JcbEMfRUJLxcbXeEvTFbtzyU4oEIVH8OPLJA134NeZgnKjXCjBqyKZF_Gl-HWppJ9BtgUlq69IP8Q385nfLJ-zs",""
"|voznik dostavnega vozila - m/ž|ljubljana, central slovenia","VOZNIK DOSTAVNEGA VOZILA - M/Ž","","Ljubljana, Central Slovenia","Fri, 22 May 2026 01:55:22 GMT","https://jobviewtrack.com/v2/ch_Q4alndEyGT2f1CJ_4A1yzCMObhOvPWNtRKi5CIe_waZ0vheijMi0Lzgd9nlL62uNKKqFGMw0ZgvGyjXzNGvWq4wmEnsQdB5HIj8gw8MBbi1awhpvhSvtrjAIHCLzSfeC9i1jRkJP2lcHs8jxeuhxlbuamWmEOzxTgKF_ttXrW9gIuaFApRnSj8q7MrkE7680tMvqFamZw35Qu_byY3m8ypQmQT5eIDK5OMIhqo8g",""
"kobal transporti|voznik tovornega vozila ce kategorija (m/ž) - program pošta, območje koper z okolico|slovenia","Voznik tovornega vozila CE kategorija (m/ž) - program Pošta, območje Koper z okolico","Kobal Transporti","Slovenia","Fri, 22 May 2026 01:14:48 GMT","https://jobviewtrack.com/v2/TEUm8BVbAnvmn0kWBqQu8es88EqSJ-dp3PHWUhSCozRLU6UrA7u8LLG0ttZM9Fa4fkyzNwifZBGMdx_L_vOXsz7KpK3PFYD1knCbKxUNyUtxXljioyIZHyBZrEDCPzoMPb_-wwUzrvq_uSMrs9v3avfg42l2MBwOX5QuT62r6oLYJNLKRdd5lEW_LZ5FrSXSnMUthGgHE-pwN7kzXHV9JhCJB6Uy3E7YDjVev9CTcD0",""
"|voznk kamiona v gradbeništvu - m/ž|vrhnika, central slovenia","VOZNK KAMIONA V GRADBENIŠTVU - M/Ž","","Vrhnika, Central Slovenia","Fri, 22 May 2026 00:42:17 GMT","https://jobviewtrack.com/v2/_SyC9hibD0QGCyEQ61WHjGeWH9eg9Pn9efpvw8elB9UTpD4fIafA-LTnud_GAqqljD_UnKL_jDloSUSfpbZr95D126Aby7-dDT75BA2jIcNyVlyXbmjEdeU1eql81CrM3fV3KtvbpvHWm-Rff_KGoD5WKRHcGKm5cuyZj6BVi0hcdvk_7EbPC4CZrOrWid9LRjKq2sGJ4uOtTN3XUFXSb4mChg9cPVRq7ALhQRcWuYE",""
"|voznik tovornega vozila & upravljalec betonske črpalke - m/ž|vrhnika, central slovenia","VOZNIK TOVORNEGA VOZILA & UPRAVLJALEC BETONSKE ČRPALKE - M/Ž","","Vrhnika, Central Slovenia","Fri, 22 May 2026 00:00:48 GMT","https://jobviewtrack.com/v2/2KeK5zjqPp9OSGSrSn8q4NXiL066iySeoHv2auV4mzZbkHGNJ2ykJcKm37Qj-TKFidNudOtjrpAjWgWQQFCRNAUc-DwJYMt0w7w7fPDOW1U9jPQcyOF1n98K1Mgmgl6ybIJAJO1iVweTtCTWqk6HL-3nYnn1QSSHOICjv0ZcX56ZLAgkyqaXqmxVdr92-0QtMVsXMdhtpGGegEezRZ0ap_rw3qTqUGfOWhs8kdi1GBs",""
"|voznik tovornega vozila - m/ž|vrhnika, central slovenia","VOZNIK TOVORNEGA VOZILA - M/Ž","","Vrhnika, Central Slovenia","Thu, 21 May 2026 23:26:49 GMT","https://jobviewtrack.com/v2/AogesGjKmcj4Yo_zpgvKZbofC4N3D3KgZsWz4Su-W3cUBGvny7he0gapbsYEYDB6MgOrIoEkKcV0PSWo2wHGxmN-Ko0pN8w12xHYISykVk5RsKXJySZNsr-ZvQ3RE3VkXvZXt2yekqlQC5PqHoqOHlAOCOjgaWBL0ak7rHR-Gn3PpxPZYxSz6SJYiKjtL1Z_6gXH-FWOQELux7Nrk7gSEeCX1OyNCz5VNNhocgajPd0",""
"impuls, domzale, d.o.o.|voznik m/ž|slovenia","Voznik m/ž","Impuls, Domzale, d.o.o.","Slovenia","Thu, 21 May 2026 22:08:18 GMT","https://jobviewtrack.com/v2/T2qB9_xekO7S0dBgdS2YJ2LFi8jLvhmustlzbhgiEVplMduZxZZqr2UXJCauvh6NxcI3ph64ZphuelA20MDAICu9-w9B36tddNASMB7g2ni0ZFzl1LtqhKJmneJ0h0A_Gp3-_5Vzk1xzLaVqC1kYZxxePZ0L_mNGYiaiNgEOmVc3lf1q3z4KS6j-q0gZ3GZgCf-g_pKWdqj9NlY9_ln2IXcRiZ7IVJGvV_pR6K-SrpA",""
"|voznik - m/ž|maribor, drava","VOZNIK - M/Ž","","Maribor, Drava","Thu, 21 May 2026 04:49:43 GMT","https://jobviewtrack.com/v2/h0iDjeIWKgE-uKgp3kfTMhXyHhzhBx63HqPC-lDVe2PrNwyZ1eK4QMmOqKL5YTVcuP-j7oGtN5oncpaukWxToB12gfOmwkwQNfs2OUSm5YS3n-0A6r2tW917KBN8aRyBi3ZakbdHux1f93IY5JJKr3X3qHQN2EqUaYxg6xwSYp9XvtgZ9O1Y7qNm7Hi_PrGh8EbkilWjUoZFn3qpujNNGXSTyJ8Bxk29mxxlNW5GpiY",""
"|voznik kombija - m/ž|ljutomer, mura","VOZNIK KOMBIJA - M/Ž","","Ljutomer, Mura","Thu, 21 May 2026 04:02:49 GMT","https://jobviewtrack.com/v2/IvomXFdQ43aBimPBqLzVCGG6alnvgbhbcaLx5l2hQnw477L9Yr7lRMhTc0cC9w6jzBghUV31AzQH3dySlLykZntI7tSU2JCMcY4WPd-54GoLkZhUrZ7DMaq5LFHMWwmoeTpvxnmdLZhb7kMG9oXdhnhy-5oONn0zE0IfQwGmn3zRS8z6yImLBXrIaKcjDGGTdBgEaJKMw63qcWO_jHbEIkqjblzTUXaQkgebFanKlbE",""
"|voznik snage - m/ž|radovljica, upper carniola","VOZNIK SNAGE - M/Ž","","Radovljica, Upper Carniola","Thu, 21 May 2026 03:24:59 GMT","https://jobviewtrack.com/v2/dLukdf7M_XgDeWtMSPEdnoT7o_m6NyC7fXSDoNfsLUd_0Fk9ztgCP0WM2mK11cnBG5QAWB-etEGHdVHyIBi_GJiSu8bd-rPu6aoRBuVZdI0UsKFu1fx6mXztR8EZTMp64nT6vC3_1WS4vQRL2AEz8l0UyJT3PjdQ3dziejGSj4cKBGi5uEVH-672wQBHPNH08wCUp1qfv3Byey_vLcqFN4InlPLBgW3vhSgB0pbF7b8",""
"|voznik tovornega vozila v mednarodnem prometu - m/ž|tolmin, gorizia","VOZNIK TOVORNEGA VOZILA V MEDNARODNEM PROMETU - M/Ž","","Tolmin, Gorizia","Thu, 21 May 2026 03:08:48 GMT","https://jobviewtrack.com/v2/Gccj88NGhZLbO9Kyyxy6VCJCyWIKTJd2ZPa4vvS7bMk8HayPNm9PQCOWVQOFaHZTkQaPhGejw3FE0SZRDQ6KtklyesAhEiYcWudsFsA86gZ6ta2DZNM1w9thw03vg78vkDg_3Zuiv3EOZhbXk18ip4mAOQZYvdc-8gXvQaR6FKCHVXAAO4JHQ7AhdU3U7r1kOG_vtZ7S7drMjNesZzTp_5RcEwFUzWwtmQYiOvThFrI",""
"|voznik tovornega vozila v mednarodnem prometu - m/ž|šentjur pri celju, savinja","VOZNIK TOVORNEGA VOZILA V MEDNARODNEM PROMETU - M/Ž","","Šentjur pri Celju, Savinja","Thu, 21 May 2026 02:47:17 GMT","https://jobviewtrack.com/v2/6TDkb0hT0g5v9FpieLyC_UEdvSwDc4rwFbNFp-uzxs8LlUr8yjgjCH_9H94bjYbg7RUH7_LpdU1CfKr9d-LbBJm0gXVqp1l6N7zgsYTFbykOXczCyNHad_wKJzut6QbjpN3i5hB3afZc2H39xmLGcHFk57W2ZoJCFPTJyOPzgQgAfXKaJNDH6t1GBhRmjBfBf6QNXaRHR8hfErc94SS8Lci1w3qj3bYM4TY60q8P9h0",""
"grur d.o.o.|voznik tovornega vozila m/ž - mednarodni prevozi|slovenia","Voznik tovornega vozila m/ž - mednarodni prevozi","GRUR d.o.o.","Slovenia","Wed, 20 May 2026 00:57:29 GMT","https://jobviewtrack.com/v2/v8xCzj-Ot0es0lwyV1ak3OustulAk-g_UnxJtv1vgjCOtYJleZuKx9iSkVu7Zye5DOhGF7qqho54ZPH6Th6vpa4RGXKRZKQ5U-9NtGj6CzjwXqa987TqgB-dlXZTwwqeiFF23xdEKAG280td8NyjbEEcvehcJw59pae94sQwbRN9wDK4F15vhFTalpB7ObcajyAgw1cApOItuKAuNr2sTkcZ2vf3UHVYNEUxIxKPPhU",""
"kobal transporti|voznik tovornega vozila ce kategorija (m/ž) - program pošta, območje kopra z okolico|slovenia","Voznik tovornega vozila CE kategorija (m/ž) - program Pošta, območje Kopra z okolico","Kobal Transporti","Slovenia","Tue, 19 May 2026 22:54:52 GMT","https://jobviewtrack.com/v2/MyjzxmtVL4_WBOh5VOgbRiysktEbDeK4Vl-bsWRJZmCjssAGkNjQy7R5xQNHEVS7PqBjte8TpbydkE8Gt8LL8kgF0sjPH3jZL26VE84yvN7jslSf0OLsy5u0TfrP-bnN3D6tGrLz39_UmvCVFZF3NJpd-IqdIR9Q_g1x2bedl0dNZMoRxgEp8YDLAvXaolXLNcjmxgQpKR2RZ0--abQR_0PflLEsNI_ikaOnwBoQGmw",""
"kobal transporti|voznik tovornega vozila na programu dm|slovenia","Voznik tovornega vozila na programu DM","Kobal Transporti","Slovenia","Tue, 19 May 2026 22:09:08 GMT","https://jobviewtrack.com/v2/BYpTq14z8jKMmk6D-jxNtQbpAzl6xGmQqUtVnrroDirC5LBbnDPfXj0Z-P_5rClDrqz1n7kwgmGqxWyHIv5PpmyCjtNiPKXW0NgFR2hO42axJBcAIwclw16va8d6wr3927R7-ixWBk-7KG8qnndmjhhZkRy4qC2d4f5sLCgzad9WxkF7-tUYDERJ-pgWypTaZDjRafvAuLPgBZTOnuJORLsYoT8rWwkKDhVLjMeepjs",""
"|voznik hruške (m/ž)|ljubljana, central slovenia","Voznik hruške (m/ž)","","Ljubljana, Central Slovenia","Tue, 19 May 2026 05:25:29 GMT","https://jobviewtrack.com/v2/YAIN3XwX5ALMsT3RFivyldcn5e8Hg7URTVdEWviC3BOyAZjeVW-AdGj-aTPATv08eUE_SJLYRwKwDjvp99V0xm_w9X_S4DKw8oDLqlFF2V9aGv49HB20snSqw63Tw8DjS2zsw7EcoKUbjxf7vfxhZTl710lo4cd1mDqiC93cMnR9f4eMj2K4QvgpMqqeRnHM5xrGFU9bVCz2XpYfyJs0hf1dZNqlZ0EbJ7uCBl-D3IY",""
"|voznik tovornega vozila v mednarodnem prometu - m/ž|maribor, drava","VOZNIK TOVORNEGA VOZILA V MEDNARODNEM PROMETU - M/Ž","","Maribor, Drava","Mon, 18 May 2026 02:39:14 GMT","https://jobviewtrack.com/v2/TQI8yetJfUO0UOlrueUGo3-zVF7GPAPpknAtg8Vg1ZFh-P96rnSCy7RZxPuP0UjEb15S-VRA8LO0W0-bB5wn7Ca6qYFYTxIu1RII5RXNo1r9uMDGyiKrUQ-rir8dtehwZOT0cly8F090bI5Gj-ijJGWWo0vmVHGlI8iI8QFtlys0Q717jxfsjhHkDE-rKS2L1UnA9Rk1dVRtvr1tU-dErSLpF1sGk7dzlAQN0OU0LU0",""
"|voznik tovornih vozil - m/ž|cerknica, inner carniola-karst","VOZNIK TOVORNIH VOZIL - M/Ž","","Cerknica, Inner Carniola-Karst","Sat, 16 May 2026 03:36:54 GMT","https://jobviewtrack.com/v2/6GocSNiWemVP8Oginz5dgGSDH3UIaL3uCLcRqERSsKO_bkGa3RHBmFihsoClFqtTb8cg0r4uk0ZJhn9_AL60-bTBR2Yxh9oaHyseObLDVo2JXY5DiIaYg9XR35JXSqqsNjGG5N-8ZVxNGAAeG7dIooDzK2XbIoC3RTKZNQ1Vmogc2sfw09JnGc3Zo-DY_yQ1oxolQC91-s2yUfkb-M_c_rY2YPXQQu8Ui3pS3vSB66I",""
"|voznik tovornjaka - m/ž|kranj, upper carniola","VOZNIK TOVORNJAKA - M/Ž","","Kranj, Upper Carniola","Fri, 15 May 2026 07:00:10 GMT","https://jobviewtrack.com/v2/BFoRXilygfTrd0OzoybXG6K562V4Z6VdDR3pX-QM84P-_eVzER61yvWAjhRr-cJG42dUM5odpKSKm8bwqdUC5DQpMy1z4egMD11AMKUIaHJDgLxotFjgcNYCFanZBn73IQpbISnXj9W8ytYy7fLh7Al0bBKGyQ-ZEbm0C99CZVioqTcWRA2kJkHtTxzrzZWNNIprIorCdl6N3vLQ_Xi4yAIKIjX6nWZqv07eFo9_4Ig",""
"milsped|voznik kamiona za dostavo po sloveniji|slovenia","Voznik kamiona za dostavo po Sloveniji","Milsped","Slovenia","Fri, 15 May 2026 02:06:31 GMT","https://jobviewtrack.com/v2/_dDFGCaakWgWQ0JXRle0VM-QZTTMpH18g6Qda_1QuBJPgt5waYES932BsDxbDEukH0UjvenagxOuUNy-5GdQg-iL5jKFFl0II0jedcluLJWDrNgCXcnYMzI-zqnaVhYQ_tYpD7PFQamtoSRVmJ82w1MDq4w76PQPF5ZW7PO9SoQlBHx2Mmuq7DCjPWfVycGKpCHd2raFJ06vY6FE1uKRtvGS81L9zXnerqYeg-t9YBs",""
"|voznik - manipulant - m/ž|ljubljana, central slovenia","VOZNIK - MANIPULANT - M/Ž","","Ljubljana, Central Slovenia","Thu, 14 May 2026 03:39:32 GMT","https://jobviewtrack.com/v2/le14AzO3N4L8KFhraeOOoFmiwmUrLPdH-D3feAU8eQE1KtwtWYXmjUdOSdCtznZxDOTdVnLApo1le6XGT07qPRs6BNKk7HnNclV1LlFnGnJ8F1jl2LJw-KuRblEkVxm2MbjK1stmgazvF_Rr6DbzXjGFh1C_6F_I80SRY63XhiJLGs_cvYfcMVZpE6dK6mte_lFzFxKGAK0zxfxOc2kbFKK4AAAkRs-6dBHbmCOw5FU",""
"|voznik tovornjaka - m/ž|krško, lower sava","VOZNIK TOVORNJAKA - M/Ž","","Krško, Lower Sava","Thu, 14 May 2026 01:43:17 GMT","https://jobviewtrack.com/v2/adEGqAevnd59dMN7SFOlLeWtpzPgz3yJyYBMcOM1MLRWr8FAz3mKJW63lorol9eob3vZ41-JrwjWehuVdEloxpwwrLMMyapa0Mov6JqIj0bm68s84tLC3krCy0KxMTBZvqw7FaRqd6otIHPwr6XppERxx0BTWMWph0nITXzkRGieZsAxQyriGoSTZdJqA1ta1UpwzXV8RBpaqWVDK5oURrTq_iycuRp8wruVmLeuNwU",""
"adecco|strojnik/voznik tgm (m/ž)|slovenia","Strojnik/voznik TGM (m/ž)","Adecco","Slovenia","Wed, 13 May 2026 07:26:02 GMT","https://jobviewtrack.com/v2/5kCOdrjv7Qamf9wQ8j1Cf4WDKngIQShoX8maE9VjQasMK_I5LQerZi48XaE1vRhzrNFJcYb8qIi5IncaGOxwWPx785vlES2Qj0WorxxYQBGMdUMlegittZ_MF6JNdZ2-UU85iliWqbuVNvVZc5uz-3CwL9R6-_c4ERH0Vjl5QcVzdzYHSUdOnE7YanSzFLrisWHfxe49NGF9cvDri8nCZ033MLMk3YcyTsvtXDvRYAo",""
"|voznik kamiona - m/ž|ljubljana, central slovenia","VOZNIK KAMIONA - M/Ž","","Ljubljana, Central Slovenia","Tue, 12 May 2026 06:12:14 GMT","https://jobviewtrack.com/v2/VKmF_HRXh8WtBCPRe4I9Aog7j1CP3mzxo_19K9hKutH0TGQ6wbTVtho8RxAdrsSNIEAVo_LgwFNtB0OBGcOsRKvKORfKLxHF6sUfuUlGvtyh07mpl0IMqJKN1WA14MASkDhz-5O0kPZc8X2bcTvTo3GUhM52fGfa73XS62CWds3xDVd1tihHcvVLi_bykXwiYCxuFECfI2it4CtEpNfE3XdpX3E7o6bxxFk2qlY1UTk",""
"|voznik tovornega vozila - mixer - m/ž|murska sobota, mura","VOZNIK TOVORNEGA VOZILA - MIXER - M/Ž","","Murska Sobota, Mura","Tue, 12 May 2026 05:29:11 GMT","https://jobviewtrack.com/v2/_w2hS1OHOb5MOWoDRH-NvkuKH2qrq-CtXqVxYDQNmX0kKdfP5oyuomRMv5EyNu7vZgSn1veM0MAQIOLoatud1kDxQci3aUL5KNsdz_DQpXDnXM1J7ruZ-igV32hllJ7JFnOHY6-TmAn50FdMngW5MMpsl5BhFEfoi3P67d8LTFZIcTVsPpmgToOBP-GBmAYEsFJOmAm6PQCVSX_v2BoH52kzF1KMBlxStKa6DsDrdWA",""
"|voznik tovornega vozila - m/ž|nova gorica, gorizia","VOZNIK TOVORNEGA VOZILA - M/Ž","","Nova Gorica, Gorizia","Tue, 12 May 2026 03:18:01 GMT","https://jobviewtrack.com/v2/Qz0hGbuBS2C3NJdaoYWJm52re0uAZ2MPXFwy6P27ODx8mFqd-BYO8oahq1xBLKqZXHZju2eiB4dbtqtzqXm0pWAAK8oOVNYXfwvkSEh6No30zbyXh4HgiSTeDlDnGjbqWV4CpLBUud88SRtSbEFmiEzX8hpq1UCtg8foL8eNWhdbaH8MuequqUuvRrQJ9d02BQQDujiZOB1VvxqLVqQD3cQ2vfxxndw71fb_Gs6X4Hk",""
"|voznik tovornega vozila - kiper - m/ž|laško, savinja","VOZNIK TOVORNEGA VOZILA - KIPER - M/Ž","","Laško, Savinja","Tue, 12 May 2026 02:35:12 GMT","https://jobviewtrack.com/v2/ZZVueDHvfD0gXiLftio8EvYIfCa8WOItfTMeuOGoouPPm4m2NA2qXSZu874W6qttW_oo_-RciwwB7yrvB5kEdg8W8Xc7XlfJELPK0jr5ZIF6uz4jYeaUpTYkKQfZ_WxUx6xBqLCYOwggS9ZT9XUeQVfmY1o3hivOdM147imHYffKX5Y5VfcxJinzz3sYYEzNs6J9lpZLvb75HO0C6B5Wl_YZ8pDnWgPeKKqUbxCSIr8",""
"|voznik hiab dvigala / šoferja tovornega vozila - m/ž|maribor, drava","VOZNIK HIAB DVIGALA / ŠOFERJA TOVORNEGA VOZILA - M/Ž","","Maribor, Drava","Mon, 11 May 2026 23:59:38 GMT","https://jobviewtrack.com/v2/5ICmrcHiuD-bPfHZm5ngwtsa2dWwMOP-Nr4Mnkg7DPgAtt4LQlYR-zkZCURD74lFIECJ1hmE3iht9sTiIrxMmScN2QmKYbOa2TPGi_zdfoKJjF14s5zm469UIKJ_oRnQ_rCmDqb8jp0Vi90SEVm7KTuCt4C7-mkYVcYjVRyHDa3D7wnrWvkxdKpfOdwAow1-EVb0saA-XluD11c73E5sr5u9KbxXgAwtL8_uCMP7Ovg",""
"|voznik tovornega vozila - m/ž|žalec, savinja","VOZNIK TOVORNEGA VOZILA - M/Ž","","Žalec, Savinja","Mon, 11 May 2026 22:49:45 GMT","https://jobviewtrack.com/v2/hGnBMBvLBgNLV37kMnxbHOwNXkHvU-E77KN6Vzxc1pUvID8LqgrLrpr4eyXW1zFvyoVM7F7LHSX3tZEtAE1QKOAGXZgiNzRtWHHwazjukgzRq5TWtmKW6raE7FVG96T0FCtCRbkp7fOdSKGZUJ4s4g7e_NT7Az11RfKTX_CXAhc2OS9KyaImtsVlvq6HQYGT3vYzOSlrDxug80DYHsWe8LxRTp8W4Y6-w90YPyWTXq4",""
"|voznik tovornega vozila z dvigalom - m/ž|ljubljana, central slovenia","VOZNIK TOVORNEGA VOZILA Z DVIGALOM - M/Ž","","Ljubljana, Central Slovenia","Fri, 08 May 2026 04:09:28 GMT","https://jobviewtrack.com/v2/TBHyFaJVmjZJIy6cFlHGnqRjIsVqxdumfDPtlNWE2qjCC2k9Ie251gtqGithLFwz5VufKDpeG-xmUpSfxRbwUtW-fXThBhoRoU82XBs5BsQta3p6RLrR4APuZF8KWnGLBMRQnn0W8J1406q3Lq3krfXIydaYC-EFmO1wo5EVjVCcW9lhk61_V2YTRVi1JMoByzx5saG5GQKTz0fusdMi078pTkrGLTRCqyXI6XwTSDo",""
"|voznik vlečnega vozila - m/ž|celje, savinja","VOZNIK VLEČNEGA VOZILA - M/Ž","","Celje, Savinja","Thu, 07 May 2026 07:29:36 GMT","https://jobviewtrack.com/v2/9Af_013CbJwwpa0I8T1sU2-YtPN0s3z4ejAFBuOcXCKMaHU34g_53KdeRPRB4VJL6wHaTqQi1WD1959ufg7iktsW5a4NEilDJocT_-HT2WWZfL9Uyjr2Tpein4Bhu15nELKr_8yeUzaMseDRgngs6skOf8pQah74Lthgyx62lirDQQMvuV2VNTJNY-wIAbVNZhcbGVtqel8IvmcRphtOHkOi8IfK7tIkXyF1RmYLHGY",""
"|voznik kombija - dostavljalec - m/ž|maribor, drava","VOZNIK KOMBIJA - DOSTAVLJALEC - M/Ž","","Maribor, Drava","Thu, 07 May 2026 03:39:28 GMT","https://jobviewtrack.com/v2/K1Hs1IaggTIL9fU46t6KABt4jiIIN2lrV0aXgR0fnZw6SPR1yw8fCqFMuInMIwSEBrss19gM-2x05Sfw44ZN78elw0_iKTmhFEi3XFicQhjiaglI85AyasDTzRBvzhPDEdJRSVw2PRpO2qgTz4Wpi2UiAF9kUmhhrjcYCbbmVVmrywYk9Bqo3K8FGFWtKyg_9D4tuZHXMw3L1NHxvmZmqX-3dxg5W8OjkePKIVIIPQA",""
"|voznik kombija, avtomobila, kurir, vzdrževalec vozil in garaže - m/ž|nova gorica, gorizia","VOZNIK KOMBIJA, AVTOMOBILA, KURIR, VZDRŽEVALEC VOZIL IN GARAŽE - M/Ž","","Nova Gorica, Gorizia","Thu, 07 May 2026 00:02:21 GMT","https://jobviewtrack.com/v2/0itlXqojl-TXV3diACZHqniSRDGXjVYI3W4Ja-cR3XTa3SdQsqkZVedrW79uQBR-v6MBN8gk6-zVwhyBeKsMsZKY3kZ2BdpuStG-mvOcA49xYnQ2Z-YEdlb5Y2bciLDcYIS_Sfnphlnl-6slowcfL55CGCXfYGH5IPYuZiq8PJ-AvimNRDs8YtESi83kgW7_geR5xMPUbJZsP1jorLAYnxPDa-sT9oRBV_ceYnPTw3M",""
"transport starin|voznik c kategorije  / domači promet|central slovenia","Voznik C kategorije  / domači promet","Transport Starin","Central Slovenia","Wed, 06 May 2026 14:45:52 GMT","https://jobviewtrack.com/v2/kQ1ZHdPgwzWwUHaeHIA7anEbjcaLbO0JNnGWvwz31gV8LGk4X6qDWqA10asfpgu2qflf6iAUlUah6xO1RALvPs1muB5LL1Zopt7nJUMPbz233Sxz95gRBdWCktfyi0ga8u-ETDt97wTvaEbMz0nC1aXvyp6oTJpNyZf0Hdkc_qTexecQmMDjoTvqccpo1iVzmX2ybhhZKIH-0Q3EUIFwMG1Rg4E0pMhYgJ06ziAwHKM",""
"|voznik tovornjaka - m/ž|cerknica, inner carniola-karst","VOZNIK TOVORNJAKA - M/Ž","","Cerknica, Inner Carniola-Karst","Tue, 05 May 2026 05:53:33 GMT","https://jobviewtrack.com/v2/wJ1fypLPv48Rhdkm6ouVGEe_d1auwEcHnMdIAHrEHz2fdtnKKcXOIBWAWwhwTKyauVQbkB5Kt8G0ntUGpzl6Nxl7-PJETpN73nBHmfWVRTW8zkWJLBgMrxBc4zB1RX-cRRtZCC3oPh_b9Vl-Bm7IiNmLUc7P9pdDj9Jl24tTMG3G-lnexN42pIb_YYw2UV3CU6_ONYFiXAO22lizmDoLEsTtGkWFkBP7P2w66rSGdLg",""
"|voznik tovornega vozila, prekucnika, vlačilca - m/ž|trbovlje, central sava","VOZNIK TOVORNEGA VOZILA, PREKUCNIKA, VLAČILCA - M/Ž","","Trbovlje, Central Sava","Tue, 05 May 2026 04:47:15 GMT","https://jobviewtrack.com/v2/dOCCfz22J5-Q43Tlpwe9tVvtqJRr78DDM6jVVu6UW5v3hCvsNlkWpzT1KjD2_9YVRyZyrLDglf9AFoJfbvXKEPWCY-g7n3OVEPpmWHmzr2cmrPA-ffFwEeK0VvjYSoqPedAEPYV0PwdJwrc-W95RxV-Gor05nkNFlHD-jwM889tDrC-_LyX0-EGC-fTtgmvyAbSDZrE2rRg7DMewdXku2v9-rWF5BAY555heWdcsARk",""
"|cgp talent akademija|novo mesto, southeast slovenia - ljubljana, central slovenia","CGP talent akademija","","Novo mesto, Southeast Slovenia - Ljubljana, Central Slovenia","Tue, 05 May 2026 02:31:00 GMT","https://jobviewtrack.com/v2/ioZcsTf0vz0Y5bQs0Qbp-2Wo9js81GMpGzEyX7JaZheY2Lti0bL7O7sMHxboJBaIt0CZ0G83XWPxULW54Bb1IvkM624FkiC8PLKxBB5ggpPoko_H4KwaTi0dQ7cgsas6ERTno2VQ760iUdlRE75CGmU_bQCV3WenpkLWCGuZQySE8vKx7z7dodhPRFvVy60UNfO3MY4Eep452bgUrvvfaPTbe-0ic-5O9Tf9qYN5TXc",""
"|voznik - selilec (m/ž)|slovenia","Voznik - selilec (m/ž)","","Slovenia","Mon, 04 May 2026 22:54:59 GMT","https://jobviewtrack.com/v2/eeiFGbugFyOwF9ljtggQmcENNsmqTJ0Eg4f5T4ws7IR6TV1ExsafvR1IBwozAyoVvOLUgMV4GGY02mXYqqCEtqLRmPxwqf9oavTCAC8uRVLAN6bZc0cabGdRCxVJ00VoJt1NajIsi9nFTdDmIT0-hbpzZa4Vk2psi9QF6lLjH1YVuoU8jDY-fOnm2bMq3kJoYhVF_LiyDE4sYTBGMurc2yPX7TkXAgmtn1r8zbdguwA",""
"|voznik tovornega vozila v domačem in tujem prometu - m/ž|cerknica, inner carniola-karst","VOZNIK TOVORNEGA VOZILA V DOMAČEM IN TUJEM PROMETU - M/Ž","","Cerknica, Inner Carniola-Karst","Thu, 30 Apr 2026 05:06:12 GMT","https://jobviewtrack.com/v2/8pXM8XigZk2qj73g-uA2nN4LA4_7zRT_5JBFJUdWjiHxieEwy4Zsm7jum6H1uz4xK-36X3VHPO4sYWmfrVwCmIb-zY6thChottsRRpKz5RvoDXULyavA1QXAMlKoU5rKd9sp_TtA5DRxJeEv9p_OxyUU7jzYmAZrdVnuKwUsgk7pBYO5nqDvQRBwAD-cYQ1Q3oh_0rZDh8HoDgsELMuR7oWTl8pIq7SqEEXc-aRo4oI",""
"|voznik tovornega vozila - m/ž|ljubljana, central slovenia","VOZNIK TOVORNEGA VOZILA - M/Ž","","Ljubljana, Central Slovenia","Wed, 29 Apr 2026 04:13:19 GMT","https://jobviewtrack.com/v2/RHqa9xHokGj1IMJuDNQP8FY-pHCMCLhy7oqZDendbsLl47hkNfk-xelq0QIBxNRZaG-tYRdtz4L_buzWpLuLuoKqKzm39Sz09UueHUes1XZBQPGoGgYRtq-5tY3W-J2WLd42t-YuEVY6kYDh1NRoRkmaftSE7xFlBuyXFUw2fVq9UMXm-CEE94nkz9cOvcxaT4PqP8iuGA6iE8Hdb75fZQCPDSDjbNvpXw0j_UNBBGc",""
"|reševalec/spremljevalec - voznik reševalnega vozila - zdravstveni tehnik - m/ž|ljubljana, central slovenia","REŠEVALEC/SPREMLJEVALEC - VOZNIK REŠEVALNEGA VOZILA - ZDRAVSTVENI TEHNIK - M/Ž","","Ljubljana, Central Slovenia","Tue, 28 Apr 2026 05:53:56 GMT","https://jobviewtrack.com/v2/tB-_OEW4If6XcsP5UPAZsaefLfeg5fMwzES0sS5YfgDvL05c6P6KNJDBmce_SySRyt-jV98rSirdLerv4NgFpvYCizwQyZsjbKB4Fpc-0Ibzqj1bTjDMcMJ6NkF9Mbr5DYRQWNmgc8HldDvldmVoCn5bwV-AUMTGgBE5Z_kHG3Khb2eTMxFyUcmJsGPv0u7tjdajawd-eTqmvYJRqwBxKwtOxTgyf-OUfS_Jm1BKMuE",""
"|e097167 računovodja vii/2 (i) - m/ž|ljubljana, central slovenia","E097167 RAČUNOVODJA VII/2 (I) - M/Ž","","Ljubljana, Central Slovenia","Fri, 22 May 2026 02:52:27 GMT","https://jobviewtrack.com/v2/fyb5aC8I_7zA0GDq6E_z-ItcHblZ3t5ebo3BS1p-ZSHIj0hfg0OTI7e2aVzLIyIrkrgzaByHyiKDslaPQohrOeyKhwUAKcozqdz-c6VryYWFJ_hyImRGRXqZX8QBMF96CXTa07_mXm9_t11mBNVP0GzZjVZIhFgWkY4zCFw5Bb5iIODruYOSVCj1CmQ7YzOEmRg94XoxFN12EuD9iV1y0ha7UyYCSE3tLKPz7BZD19E",""
"rekruter|samostojni in izkušen glavni računovodja (m/ž)|slovenia","Samostojni in izkušen glavni računovodja (m/ž)","Rekruter","Slovenia","Thu, 14 May 2026 01:56:29 GMT","https://jobviewtrack.com/v2/zcIa0cCjm1PkJL23NmIAOeS3mDfXns2b1tpoMQlR6QdifsvDi-SqujbJ-mO7hiz_X2Nkxt-yCC-SG7kXFGyolbrzW9kzDdVe1gkWFo_H-hJV3LFcs-HbTmjAb6bBRuAxFnw1NjhNwP5JNOBHBpm-acjHSmmb6V95BqcJ9JssxVnKFxUB34icK56WT0kUVjWU1vqwpn-LAz3jSv-Y8RD00X1iqyLOi5OY596iord0VbM",""
"|samostojni računovodja - m/ž|domžale, central slovenia","SAMOSTOJNI RAČUNOVODJA - M/Ž","","Domžale, Central Slovenia","Tue, 12 May 2026 06:05:00 GMT","https://jobviewtrack.com/v2/mxov9NbsnxSlKis5Ia4QHQMbapaDsHTsXvq8DzNAROe67T0O2cR_lFyzpmhh3BDfgy8vMdcc5rb1Sa_G_QBXHiCUsTtXG9s1bFHGO-0zG2XDAwTkuHlR5bp1q5WfwSASjDPPoalACcgTBP5tBtrGA4B-AhSt0uMnOYy7kUuqtIfiBpOgKP0MgwmlEq6WKaMRSPAdSs2Qku449aucD47X5FcKM3wrKsBjsRIDq-PB1mw",""
"|računovodja - m/ž|celje, savinja","RAČUNOVODJA - M/Ž","","Celje, Savinja","Mon, 11 May 2026 23:00:03 GMT","https://jobviewtrack.com/v2/u37nhdoRgpIxahUkvg_VP_pk1PmGbqgzPtR6lRRTXnQN8kfDoTCXSWq2swbZVdB_o9z81aHsOL6Luy9PxWGeGr-Sxm4edwL0uQ7Sd7tzHyyk2qBJG73DfhvL4VtHyUuJS2zq5XMGtpULYLUTK9RvNnpEImLqJbvX5NRxXmJyS0C3YHO2nHBdlDI-xwGg5x3TzxzJC1LrSS_vP2gCV9cSbsjnO8nRjyzLOVKtCvIkCoE",""
"strip's|samostojni računovodja m/ž|slovenia","Samostojni računovodja m/ž","Strip's","Slovenia","Fri, 08 May 2026 00:30:17 GMT","https://jobviewtrack.com/v2/E2lLxg8Wf4k1LRbasVbv80HfkVWLdJhx_3a4Km2Uh8q8m8z-fKA1h01ucySjBdTfVIIIv9YLb8B9px2QA0gkyt3CqImjBILDPLFnJvnj_wMtBQPPiri57VzIsj6R29MFgy6LzN4g5efhJ8kHwUp8baDz7r_u5dlRsVzCwDBtE1Dl0B-nTwnCrGMjADfsagxtw52SczQsPNqSXGT7EgjTQq7DYvTGje57SA2zqLWaj-U",""
"adecco|izkušeni računovodja (m/ž)|slovenia","Izkušeni računovodja (m/ž)","Adecco","Slovenia","Wed, 06 May 2026 04:45:38 GMT","https://jobviewtrack.com/v2/H--6BDhYHK-19OXY9rz7SFBXJnWtRP5itqx_xZw5QT8sZAWVk_H_XWntAL-8HPD64Npi0Nj-RtWHwPMapFU-gCKAXSFZEdUMcZrnkbYyFsf2eZhZuVALk6J2z3_AoQKMf9MJq-X-5wFTDK-TRVmxZw-mgq5nXx-1XQDNDtnK_ZKqlqoZgvn8uLc7qnFnVi3Jvr3k7eXedaGeOvcypsB_8VOC326Ea9_ltbqjWHefayA",""
"|računovodja - m/ž|kranj, upper carniola","RAČUNOVODJA - M/Ž","","Kranj, Upper Carniola","Fri, 24 Apr 2026 05:45:53 GMT","https://jobviewtrack.com/v2/YGAPPpHuFXN6zIDXHiNwQe-emkQtLwkRWPLs_q1IwWZhdhvmxO1SuUYUUQKzija_vITdd7WxUunQuCy2FtJZyi1TNKYeNPB101YEq7JJcN52LJ04WSn7u1BAWnjS2FgD-RQB3CUn5QwY2V65wg5zGRLV9YVBbRH3wT28Btpa45HCW6Tkx6IQZ_koWpGrNbxc6pka9fCkVM4bWBn2c90EN5tCg3Pjns8JXK6qkM3sKC4",""
"|računovodja - m/ž|črnomelj, southeast slovenia","RAČUNOVODJA - M/Ž","","Črnomelj, Southeast Slovenia","Sat, 18 Apr 2026 00:41:58 GMT","https://jobviewtrack.com/v2/GhyMFMRV2d5l0a8rNP71TfmzutxrRwFszXQEmbv9pWxDK2USX7NS4mnqEMra1y8NoNlRK6-3tuuXac5Rq_7aus2KYG4yUzPHxGM3Hv-hNpQxVW01NGr_wm2AQq27toGLXhij3lyTv0nxUPneajr-0RnDfiujhvLnHNUnrT_h639bhcKvrNFz7IN5Q6RfDRDoDnbM3YUVkblsgogXka-yNlL1DOrnBj51xZDv5aNXk9M",""
"hrm rešitve|računovodja (m/ž)|slovenia","RAČUNOVODJA (M/Ž)","HRM rešitve","Slovenia","Wed, 15 Apr 2026 05:18:51 GMT","https://jobviewtrack.com/v2/Nyi4IcULPLrXizVh71dR3r9IeNqW0iIV4eD_kRbeVNYPWM7SPAQmrVWReTzY3HlnHjjjz0qluYrzpYhwUgBEA6tw1nCMobqMND8G1pXK17XmuYaEJ-AGjYPf4NZhyjMIywpL46Mt6AzyhEgd7ErvwF7TBU_KG7c3GZH8ODLVcucBi3H6CBl9lkK084k_R7KIsclsWfeR4VV_3qHsXsWoBEqz_EFC1fHaIjzomRooAQA",""
"|knjigovodja in administrator - m/ž|kranj, upper carniola","KNJIGOVODJA IN ADMINISTRATOR - M/Ž","","Kranj, Upper Carniola","Sat, 23 May 2026 05:21:54 GMT","https://jobviewtrack.com/v2/6ZZEUbczwue1LG2UEpA_UT5EpByo2h5pwfCMCPH5mPcK4iuEFZChRIq6R0Fp2UV04fDwUT2-awqc2Kv-Kpcb4UND2rew94VIKm0t9igFH9oa7EOAo-F6SRRfO6DH-p8rVN5wXlisBEg0JMrr_xuJBB4YJtOy9iSNTSPpyq_HEOFgNGMfUmz3ClGw1Zsd1eW4EP38_6Xz9c5h5plH_Hc6XkyzJ6RWyGM8ZUCk_vkXXOM",""
"manpower|it administrator za programsko paketiranje / sccm (m/ž/d)|slovenia","IT Administrator za programsko paketiranje / SCCM (m/ž/d)","Manpower","Slovenia","Wed, 20 May 2026 07:33:14 GMT","https://jobviewtrack.com/v2/67fg_L1wtsOMRIwJjUyWdcISm-hGXAaV2_l4WHQwCeXLaRK_Emh5iWFVdvBzeJeIxiMy_Je13EHEuIq8NAqoJj5mTnC_5JlKskKCiGfFBu_aUwUV_m5O4x-2bpY7c0rmgniS01oy7TWcU8S8uGpwfM6MtejbavqkPJMXpfrBycAWcWz4mv9M8VBs5cklkOM8gk_q3XjfQyU-9cI3Wes1ihtFhMbg-XIiwg7OJHUz3IA",""
"manpower|administrator sccm / microsoft endpoint management (m/ž/d)|slovenia","Administrator SCCM / Microsoft Endpoint Management (m/ž/d)","Manpower","Slovenia","Wed, 20 May 2026 04:45:56 GMT","https://jobviewtrack.com/v2/dH3RNFCBqCo8M2B2UEPAOvBvOcvYzA-BaZDAWf-dWZVtTjw0b4ZLXDs8HHm0AsANFSHIHS3KVRrCWfqS0zB4UlcP7i-K9HR5VrW0-NTlIwgZp9aoJrTe7ayZ9DWHJ0nq8eRoAcv8X62vpPtU-HCgQ_FsYNDGcKq8WvZQzDfWYSdXrIZjd5k0O4dpX0E2JWtf8lxf2S7QiSD_Nwxs31xs3tQPfGvD2eEL_3JHB0Qy-Pc",""
"|administrator v knjigovodstvu - m/ž|maribor, drava","ADMINISTRATOR V KNJIGOVODSTVU - M/Ž","","Maribor, Drava","Sat, 16 May 2026 04:26:06 GMT","https://jobviewtrack.com/v2/8QuDtnCQPOIYunDtXDrl-86O_6TaAI9uGSOaZ--D8g4zqz8lxVbgoiemLI5-_perPlRoLQ_fkhDr2RQq6OpT1nCbOQcH8wMvaq2hKpRb_X30H_H2gLAIJIaNEkQzfLXQhZGRpDxD0gDioxkznyLsFNVloCn9bNRGZGGfieHEmSnhndmGYHsRFOCvoN-YjcjQduaELP6DWfXcaGHPhQMMNRf22B-9wmm9H7BoVRFlSBY",""
"dars|administrator v cestninskem sistemu (m/ž), v področju cestninjenja, cestninske uporabniške točke, v cestninski uporabniški točki hrušica|slovenia","Administrator v cestninskem sistemu (m/ž), v Področju cestninjenja, Cestninske uporabniške točke, v Cestninski uporabniški točki Hrušica","DARS","Slovenia","Sat, 16 May 2026 00:14:19 GMT","https://jobviewtrack.com/v2/gLVDj-zU0y4aU8APzAaGtfr3g-2GYVrOIVCs9O3FPeIC6Kg2FWUfrXMVFVrqiXkEhkh61jvorR0lkGanJd53JrNFpESIgK07RJW_EHlvQgRCwrz50SnQVPSVnLp_rEkfsLg9XlGvSuq6IpE1At7iE7Ustz1SnQ_Memv2MizzKXTi70uIuRuNP-NfLDQ04CXdI5n6krt5hSbXOtrlSwL7ByKl7uWUabmNyot3MayWkMo",""
"|administrator - m/ž|tržič, upper carniola","ADMINISTRATOR - M/Ž","","Tržič, Upper Carniola","Mon, 11 May 2026 23:16:48 GMT","https://jobviewtrack.com/v2/b1L1TAmiCZGaZTswXj_AFuy8IywkMxzBmf5C0hgezM62kzXC7B1Irs0H0doYc9MR-p1SuK-hOXhm_Wm2XMOFJ5r2NzIwMawU9WA_IyMykFCz6m7SzwCPBrMAp7w_DXK55D0J2-TwHXfSb4xrpvyVhgjjjy9zvA23OnMQa6lC71Iodl996STVWEqyaGDgxu7pFUUzHZAMVjDEDnGkQugNwOGsgqa-qCEiddRuNLfk6ig",""
"manpower|sistemski administrator m/ž|slovenia","Sistemski administrator m/ž","Manpower","Slovenia","Mon, 11 May 2026 02:05:42 GMT","https://jobviewtrack.com/v2/0evgMB3KKEoM2UWd-AQktyc94tcfrHgUf9pYMVx2SxSt0iw6T3po19FFZhx1o3gVADJD0jgrtb7n-NObhwfkTuM8az9lEZ2ztkFVZBhhDRkmJ5s30SJTObnySuEF8xAZL9VuqldgIGmWpJA6YMqKNTV8uuE2dtZlOTbIiq1_2qrPAHylMCpUd-KLEKplw-sgz2w632fNkILFUIOBLzUYh_1gqNsTJKzfng6tVGoARI0",""
"|administrator - m/ž|celje, savinja","ADMINISTRATOR - M/Ž","","Celje, Savinja","Wed, 06 May 2026 22:17:20 GMT","https://jobviewtrack.com/v2/ROaS-wtp1kDc4WAoniiHBr4YvK2oFzI85EHiWR85PB5BTdwehFSg5uiMc6lM6seGstHbJWd5fPpjsVCDqsOlig6f-JkpPdyntw3ffmwztRwBEO7foysACS5Tc-YHHiH8kr8LtjvHuITQNPAkFGV15uOxTixCIv9_h2CEwQlSYSCGX2a025kdDxp-zEiyL1fvvOVtLyp3gQO5Q2cE-SQZ8xGH5ExrrJC2vjy5L8N1i0c",""
"|srednja medicinska sestra i - m/ž|jesenice, upper carniola","SREDNJA MEDICINSKA SESTRA I - M/Ž","","Jesenice, Upper Carniola","Tue, 05 May 2026 07:00:18 GMT","https://jobviewtrack.com/v2/3KW3Xvwj00aYx2vF4RoeBjkVlxWa2hdzULEZbdfZodYMRXuXD88STiP7GNiFBIT33fJcLZobmZqJo9xOi1_UEb9yTAVtJeLwOJNctnI9ycREZCOzvVDLGhefqftCRuii0DtzC0vQzI3VA_AA-hQBps2yjNIAreH6jPXqrv-HchRgq-4jGWuY4itDeKoByxWUkcSCPVcGXsO7YCfzK9V7amobYE0ccgyr-JLs5dNtEkU",""
"|gospodinja oskrbovalka - m/ž|jesenice, upper carniola","GOSPODINJA OSKRBOVALKA - M/Ž","","Jesenice, Upper Carniola","Wed, 11 Mar 2026 01:41:11 GMT","https://jobviewtrack.com/v2/ljsWPuyCekQ7oLJgM5SGvQh6lABnY3-dxi_OrAseV_WYXdTCktIovzMzYDHy9BplnBw8On13Y6FXap9LtPZYNVTfFI-rb0iRSOal_7PgYuOzP7Mk6CCEGNkYKwjhCu5qV48LAXAMct9Dy8jLpQegahd_TnE6cwtigu1qPh_NOU9L_4JAGMihe5DmXLhs597fAhcVaF8UglWVmFbFrRG9m6xMBddw-mJACoDKTNZl71pTxqsvtiM_W9drszu0__uo",""
"|bolničar negovalec ii - m/ž|jesenice, upper carniola","BOLNIČAR NEGOVALEC II - M/Ž","","Jesenice, Upper Carniola","Mon, 02 Mar 2026 05:08:37 GMT","https://jobviewtrack.com/v2/rBXpi8QAMVu_QcAlIQfa8vQuZL36fneJj_I8HIIvj-xdQ9AOa3NWPH_NULjpItOUj_E9tnY2HJkgMqfK2-Jjv6sSn20QgzKNmesVyUpEvaLqAc0135BWgyQ8wEfrMg3EUbCF3LbqGVbM66dYMmQe0NPj7zAucoUDYAif-xcsdaOc3GjloZhI_2CiAGnrwUYx0GacJUljVppVVsgKPwyC_bhWcIYoen5LNjU8_qNljfBu77qndnf5xmcLTSFTH8qY",""
"|srednja medicinska sestra i - m/ž|kranj, upper carniola","SREDNJA MEDICINSKA SESTRA I - M/Ž","","Kranj, Upper Carniola","Mon, 02 Mar 2026 00:39:46 GMT","https://jobviewtrack.com/v2/QR0me1X8U0Bi26_Ilc3xR1JhWb-GQ0G2f8m2x8UatAg382pwZle0sa5jiRMYODwEvwT8aSsy6AlrHMjLJnIcs_90bGP5tRR3fsq7xIuGe1JOpxkoEpkLoftGv5bEwBCGEZxVt5CN1Kx8L-isVUdIQ9CAvypaGG-Ld8evox0cRjp_vUERsLJppJtT4wbYXdSl8yCnkOF46eLJd7PLms9sSCRni7aEOvSsMaB1Kx02sZRHBfT63QJMeNIE_CW9E7Ffxg8iXgFs5NcR_md5VovSmQ",""
"|delovni terapevt v svz - m/ž|jesenice, upper carniola","DELOVNI TERAPEVT V SVZ - M/Ž","","Jesenice, Upper Carniola","Sun, 01 Mar 2026 23:23:58 GMT","https://jobviewtrack.com/v2/RPMkWJcOMXl3fDsjzQwAJGD9lnWUsVBzbOVNfyqQRHrAdSNadK1kxbxMfABAnQZG4E6AOHB7oDt3XeP-81OgT7ui0RGu6SInUAbi_a_RX15GSaZ4YvAo5pPlqOlrWxRPqkeakrLBpzVz_ker_KgGcA3hI8g5z3YiDIkLZ3nxEOygU3_RTDCSlCRs_VMd8RtGSdJWIUMeifKZkG-nGIa5lFMjXbrr1mtLam1pq_SP-tbiGBCn1i6NWI8DopZDuxz3",""
"telemach|prodajni svetovalec v poslovalnici (m/ž/d) - ljubljana|ljubljana, central slovenia","Prodajni svetovalec v poslovalnici (m/ž/d) - Ljubljana","Telemach","Ljubljana, Central Slovenia","Mon, 25 May 2026 01:42:04 GMT","https://jobviewtrack.com/v2/Afia-dwr7Z-1smVec5Oxq-uxlsZuUpoJzi9IDaLvyQD6nZZW7F3DaonNLpyZ0cLACqt3LA6e6FvJpOV1djdbc6oqyl6HPujOmG7QrFxDsALe0xJa4Smf2OcKiYml0LML_EwlZ3St50xMbrB_NWbHmClI_MfKQli3jYM5gGcHBr4n--Ws6i0k3QX_6FxM5f5cVguwJIHhrkbrz23Qut9hV86USC8-qMGcJR9DXsFCpq0",""
"|operater proizvodnega obrata - betonarne (m/ž)|slovenia","Operater proizvodnega obrata - betonarne (m/ž)","","Slovenia","Sat, 23 May 2026 04:12:23 GMT","https://jobviewtrack.com/v2/dmgu4hXmG-J0wrPDkr2Wo6tMDKrlB_t8TuGlDJeao73b96X6wK3P1T6hMKhnYkDfd_kPCaFwKCLNXXxxSA_Qam2R89Hc7pt4RwKoGylVxlSHKPAS1UgdXO8LbpkIBwBEHYw56khCZhd4kiAP18reWMskgk0YePHvr0HbIySjMq_Pelfz0PNjskX4C_6OXm9RoYN6kVTnON8ls7edXz7BJKHVol8KK3_Qsf-Htvw6MLM",""
"iskra mehanizmi|vodja izmenovodij / vodja izmene (m/ž)|slovenia","Vodja izmenovodij / Vodja izmene (m/ž)","Iskra Mehanizmi","Slovenia","Sat, 23 May 2026 01:27:00 GMT","https://jobviewtrack.com/v2/xLrj3SDZ7McEHoIiBYIacSVLpGZlTGZKWx1jrHmbBWlzG0zMV5RBp9MSGFMfECN5O9GSVk-xtIEd0KLEKPJp95AZZ2TRMgC_i90uqeEuJ1DY0-UG2s1GGUxcyKh85ZwO7Z-zTUoiuZnIPdhFYNiLpRv2WVnybf4npPlzVwv_G-elzn9SRrQvg2Ep_3MZw8NwmOXl_nBL0UoNcZxcp1f4pwYvR6ZnpBSlH_ENkdp7mlg",""
"|operater v proizvodnji asfalta (m/ž)|slovenia","Operater v proizvodnji asfalta (m/ž)","","Slovenia","Fri, 22 May 2026 23:33:29 GMT","https://jobviewtrack.com/v2/wio9SmKC3FCjT9e4frc8YToCngxe7z13nTGveTeJNlKBvqLoDecLEq5-Rm9hvnsIpZmX8Z10SrURnxPxu988FejN7CgF5emFHzuZRdNhw3vMsplPLLWsz9uiNvQXAS3ycokmmFbowjecODXTMxFqfXtWwsjw-PLd1PpoC7CsL8jQe1A16GVsHrQf2jgsT2rmPqDKolRT6KQ90dmS2iW16UEQn86DzTbgMdgehflllGU",""
"sip strojna industrija|operater/ka specialist/ka|slovenia","Operater/ka specialist/ka","SIP Strojna Industrija","Slovenia","Fri, 22 May 2026 23:16:45 GMT","https://jobviewtrack.com/v2/Yp95av9qOV2pGBsXhDQLsvZ4svcsxLY9h2uU9IW2So2Oy07iaxL5FXcAb_jJXu26afBzNDsPXEVqPYIka81gBM1nhhYPas-lxKPm2SBorVl6omq7gtqYDUxphHVfQLo15WF4zCHWE2pew1goOa8HRBwwDme6-UibpKUcx7o1UQHvKTTVD8wFBiBLHixfb85SFeXKv4Zo52l1gy9NKkc747QrvG9WR2jxT1TrTwzJ_xs",""
"baron international|operater strojev m/ž|slovenia","Operater strojev m/ž","Baron International","Slovenia","Fri, 22 May 2026 07:36:56 GMT","https://jobviewtrack.com/v2/HcKU5KluJKON7bPwLVx5Giv0wkDET1KuemGlRQkaxMYP2zrLga6KHVp4AZjZ-OgIS7g_71YRwA8_ujlm4hNHGSoQNOo8ylOWnk8QK6sO8VDDsfj8HqX_G7oJiGZADCTvkwGCZBDb4nX0m4Ytc8lj7iOotZO3i32A72kekCy_oxXtbI7UMcqozU1ufbXtgOuOX-Cntq6jamwdZY5bxhSQIYZapxaGKzrLw00Rp6XttIw",""
"|operater na razrezu pločevin - m/ž|ravne na koroškem, carinthia","OPERATER NA RAZREZU PLOČEVIN - M/Ž","","Ravne na Koroškem, Carinthia","Fri, 22 May 2026 06:52:57 GMT","https://jobviewtrack.com/v2/4HsP4ihO_rNVJ6DGJ2EKs--RcBcZA84kQ-TtIKgsWEGwc-iPt5KpRAjp9ETypUmfsY_AgwwEZuqgv01M4CW8V7gK4PSlGRgudPkT23dYeLdEoY8dR9VFSYfAEIutk6Dw2aqIrur0S4hcGFgC8OGanqYyoTEefUcNYSiJLYK4irXot9IWO9KXvuUHDu8cS1p6ILZiQ7glPL1mBbOQhSs0Bsdg5fQ9MirKuII254S6d0E",""
"|operater na cnc stroju - m/ž|ravne na koroškem, carinthia","OPERATER NA CNC STROJU - M/Ž","","Ravne na Koroškem, Carinthia","Fri, 22 May 2026 03:15:24 GMT","https://jobviewtrack.com/v2/N8RFytJH5HdQtYd6TAlWnFebcZupIJnB6YS3A150LPbThp73uj7D1-JaKMwEGJcDIBhbOyAk9igSIb6VnmfO9BBqr-1YHqDrwhSvpDhPLZ3qpBWXxiTI4WRuF6vOlFTL2LLNuaE6XIRo1YimPt3wE5--RJ1kaWe22x7mQaDf7PY-CZYgQD2PeskvLodLQM8yDFD2LrZsv02S7kyQEdpNC4gPZM4_Q_kiy2gZH0oiF_s",""
"|operater na varilnem robotu - m/ž|ravne na koroškem, carinthia","OPERATER NA VARILNEM ROBOTU - M/Ž","","Ravne na Koroškem, Carinthia","Fri, 22 May 2026 03:14:23 GMT","https://jobviewtrack.com/v2/vIGFgs7VxM8rlcL-x8YOi4gj82Dqf5V4x2SPuQhJxYQTsOvGBJTnmJhysHvyrSqnNnCt4gH0Jr_mXh_yalBr5g6sStudn8sFoj3MBHOgWSl8A08cQJIJfY2yMfrlWGbBgE17ge7h-iIeo03Vi8MMq7h1iK03nd9fh0XoT3WyVaKqkdsnS6xDL6Qadn46Q6KZliyqiNtuT0YdgL1s5-rXRkB93fhKIgx9yjMLJOCeXPo",""
"|operater na upogibnem stroju - m/ž|ravne na koroškem, carinthia","OPERATER NA UPOGIBNEM STROJU - M/Ž","","Ravne na Koroškem, Carinthia","Fri, 22 May 2026 00:03:38 GMT","https://jobviewtrack.com/v2/F6-YUfP921Z6EvSB8IjgUcrNxTmD3eCuF7tBcijZyHzfiAiTGTjTPkba8oL5AgjqTKVffZPMDlmIOTAvclfj8EyHAYSgzTdSI5fp1WAQbTZy2z-uxoDMvtH6BlAC_oqIB4POWGojCbR4LyhkXyaM4xTXVRdhjv3opXzlLVtEjn0fuJK_Y0Net6r3zNzgjyE8xvPfbcnFIAU5_5zoMrr-2kjg1NFEvw54FsJj6186IN8",""
"steklarna hrastnik|operater viličarist (m/ž)|slovenia","Operater viličarist (m/ž)","Steklarna Hrastnik","Slovenia","Thu, 21 May 2026 22:31:04 GMT","https://jobviewtrack.com/v2/YnPwwP8LzWA8YcGfEkME6hYP_aZlFnu2CRVrOG4F2fznqvp6QjVb8UK-ulQw2fTSkcKYKgV3I5560pH3uZAjjloUKuYGA1WIBge98hXrfniUtBuy83eBqQLjaQofGmlTBjisF3OOGv3Vpk1hUmmB1XOPjEvKTmBYes7eJYBxrv0_u1-cU0CvjCAF96AlVy8TiVYz_OOGJERShgQQowQvrU56vI-dgLThC8Tcg9m2PUY",""
"valji|operater cnc obdelovalnega centra m/ž|slovenia","Operater CNC obdelovalnega centra m/ž","Valji","Slovenia","Thu, 21 May 2026 22:05:28 GMT","https://jobviewtrack.com/v2/gnb_pQZ6mKlUhEt-BzRJyjnW8uVe4rO0md3Th5OX8kptOcuPvHgvcRhX0s1nd7-3vpTkZsTBiooFF8pmq6VehWwaHOVA-oUgo4wHLVcPo9zuhLLBb6-PJpYvnCeqq5NTzRP_7v8_RE5Qj3oJqAFQWbHw0jXR1ymXit44R4LqJZfSrqEipdPyU3WAzKJi-jlXQpQ7iA8H0LWJz7rLEomtE8g0IkX5IseLfV4UyJegx_s",""
"|operater / operaterka cnc laserskega razreza pločevine - m/ž|slovenska bistrica, drava","OPERATER / OPERATERKA CNC LASERSKEGA RAZREZA PLOČEVINE - M/Ž","","Slovenska Bistrica, Drava","Thu, 21 May 2026 00:56:10 GMT","https://jobviewtrack.com/v2/gCsOmAFEhS7razN_iy8Q-KCG0NYRhuQblMCwb_2IIunwib4tJztoyWhz8gV-K6SafMhaPQpmAWV6Jg4qMBEoe16s_SYPuB1qI_bU-TYVr4B5c55qQW2IdzOfRvJSYNBZQjku-19zEqb5jkr-4AAIrOABXHHf5_uvYDB4B6HZYNzhuln1PgEHxTehNgD-AyYSFjjXRkMroDH-cmEtFF4WujfWFvtnTp4EgOElbuxGwoA",""
"novartis|operater iii v proizvodnji bioloških učinkovin (m/ž/d)|mengeš, central slovenia","Operater III v proizvodnji Bioloških učinkovin (m/ž/d)","Novartis","Mengeš, Central Slovenia","Thu, 21 May 2026 00:54:26 GMT","https://jobviewtrack.com/v2/t9f4PzcP57zk_m5jOZioxUnjASx1uizzRDC9D8BpJrcnwqKZPL753n3y1gT9w2JNkSEkr91IDlR-_VuCWi8HesrJcWU1N4Ii6DIRiuNNpQUdn3Isb2LhlUxKDsy8Gwp9TahfcZ9tsin-hsDUs4_wJkqEHqsW_ymWQww5pHszbw442ov9Qyn1XOMfSnFp0TWcnd1Ji3mXuZtEsHlFEPjKsWVNHRiioElJkpxP_2-SPTA",""
"pošta slovenije|pismonoša, notranje gorice z okoliškimi poštami (m/ž)|slovenia","Pismonoša, Notranje Gorice z okoliškimi poštami (m/ž)","Pošta Slovenije","Slovenia","Thu, 21 May 2026 00:45:06 GMT","https://jobviewtrack.com/v2/KHq-ItT0rWnNOBQ4NiOVQf9lyu3viBXRIP2dRyUXs1jbYa9NxZkMiGjcPHdKWEU_e_DXRRxvE0AfOBOjwXH6eCaV9lUd7iey75Ap7zgIltrc97_A3El9tv7Cr29L9nVbpMj9DRYSoWl18qT0mNUMKkht8_3rbTSLipwAjSX30MfdzeJp_yBcnPe57dMZGxGS1-VfFiHFIDlrkmNBN_QHoqf7LhjWbkHL5eIgRxTviMc",""
"alpacem beton d.o.o.|operater - strojnik betonarne (m/ž)|slovenia","Operater - strojnik betonarne (m/ž)","Alpacem Beton d.o.o.","Slovenia","Wed, 20 May 2026 04:28:28 GMT","https://jobviewtrack.com/v2/u0Rv2IN9AH7_Lp8rEqPAiU1qq8OQuAJJ_6wA4fGdlMghsnXtj8JL1aKZng_D53MV63z_NlrgL5KB7MOW-45LijjDhDHNQlFnqMusXSwjLEqWqm2TNqRlQd9NgTCikMos0UzUMakZ6BsVioWv2aKwOUX9mL24C717irWmUk5XWE8xUub052fwaloTqeCGA5cgq8bktAq1eO8vksNzsUspqJxEl1Cbtdhvu06PWyvGBMc",""
"|operater v proizvodnji tehtanja - m/ž|maribor, drava","OPERATER V PROIZVODNJI TEHTANJA - M/Ž","","Maribor, Drava","Wed, 20 May 2026 04:16:28 GMT","https://jobviewtrack.com/v2/qc0PpmwB6bKdCgnVcx8gsOqJiGOHwAzI90mYOjUPB9j1sfOcAyxA4DxsumxvsJe0tWsfHXUo53PIJJsNMo6DDvyzqlQGHuPybw0JC-spuhl7wnEiHiEq2RU3QhttfAcSF--fDLWK2Uzy0ljCdRJQ1Zd_oEzBxE0HKOUTkLxrFztoFK5VV3RKmgvtkUqQBjfXsVRYJeTKd5KMSxcOSedBAnaueMEKw2ktRY28oiCpjyE",""
"trenkwalder group|linijski operater (m/ž) v podjetju isokon, d.o.o|slovenia","Linijski operater (m/ž) v podjetju Isokon, d.o.o","Trenkwalder Group","Slovenia","Wed, 20 May 2026 04:13:52 GMT","https://jobviewtrack.com/v2/5fWeEafD6hSsW8rFYVM0LtgQ5tcLeSTcZ46py0pnAKDmzGwlaMexkO98L78_ZwVfRuxCLI9dQAKIXynHnscdP5WeAyi7eV9e6wU-sGGD9uDKleeSig6lXkkchnwa41hcgVmHeGChnG7dEEvA1_pyZgXxFLM1dw1uddoFnmDm46VLBkz7_O2qWu2Soeei1a9aOdrBd7DkDqsQNb9PVW9-KV1NHo7bzY8E9XYMBWD6wh4",""
"trenkwalder group|operater stroja (m/ž) v okolici maribora|maribor, drava","Operater stroja (m/ž) v okolici Maribora","Trenkwalder Group","Maribor, Drava","Wed, 20 May 2026 02:27:52 GMT","https://jobviewtrack.com/v2/W7Fjh9rniktZBivxN8o6NDnisqcw9izOMZKiYU-Y4OG2BxFIqhCaSqPId4RTjf1Bxry3Ks1WURqcM4bmNnP-ErwBT4fSktq5LlqSIAWlo-JhARRs8icLSIQY02eMjodVHLfJn8EIVAt-AphRpgGbgFFaDJT8HPRUApDys-tmA3ceHqUYtlII47vcUFZt4iTiLRFZZV1DNx75L0uRydXAmaT3itXdhHE_IpXIaLBaPE0",""
"novartis|operater (m/ž/d) v proizvodnji trdnih izdelkov|ljubljana, central slovenia","Operater (m/ž/d) v proizvodnji Trdnih izdelkov","Novartis","Ljubljana, Central Slovenia","Tue, 19 May 2026 22:23:16 GMT","https://jobviewtrack.com/v2/aJYo6lUKRq0B9T8EK2QEgNok7pLdPVwH99TKAgO_RhZFbbDOZmY3UaKtWnVPfn5LSOK1FJyDE0cUCmuQKwUM7DSYDK5OaXFTnYdwBwQbbvO6jpZb2ZFZDenS1CuP1nvl6edcx2I-s5G3DNzVmASg8jPHseV-FFSl10przvnrNJzfxeVksECpRnz3-6hFI5vw_KjktiIAVuX31gOsdChSQEH6Igk536_OuLMGzbgM4o0",""
"manpower|operater v farmacevtski proizvodnji m/ž|slovenia","Operater v farmacevtski proizvodnji m/ž","Manpower","Slovenia","Tue, 19 May 2026 22:12:22 GMT","https://jobviewtrack.com/v2/Quxa0w_30rjdR4qBlL9e9uhKv25eKAzqqpZT1UI9w0NTaElTd76zt_0h2IE_7xA4O5R3MMIglm6QJSzF47hPjrf0uJh3BYycyLWmqQaQ-0O3ILMSWOoGloAx9osaiiKBH9ag3Yx81o41zznQsWOmFZzYWbCHDl7escJpJuuqVieA7eLZulB45YBkTaTDxjqDSrbfCpFgJLB6XwbEgDZX0LHnbhcNx9SFIby9eERBSok",""
"ak automotive|skladiščni operater (m/ž)|slovenia","Skladiščni operater (m/ž)","Ak Automotive","Slovenia","Tue, 19 May 2026 06:52:15 GMT","https://jobviewtrack.com/v2/JcHqYGvhHL8KwvlRcTUpVtMnHQVxhCCkgEERmpgotUZFcDYPssgoC9OhP4Bj2pktJexP0tNuNlmbu2bw4ZIjZ1QGs1pDnIH1Az7TxmXAx82BEnA6-ry-d9XBAM1YxbGO0qU12hotGvWFJ8gXtmh4D0Z0DaUL8p5J-Xkx9xkGPdv8xIoRQj-8zPIO-ztv2tt7UR6Tal2vh19IMDwc5U7uHe3dWM8r3j1_3EhYXMMlqc0",""
"komunala odtok, komunalne storitve, d.o.o.|operater odtokov - m/ž|maribor, drava","OPERATER ODTOKOV - M/Ž","Komunala Odtok, komunalne storitve, d.o.o.","Maribor, Drava","Sun, 17 May 2026 23:45:11 GMT","https://jobviewtrack.com/v2/An05dNcF8bK5c0daimvujg84k8-XIEMrkdSwv2yKgrLPoCkOnBhzrpvC5VKKzhw0jwwLgeMlKkBB9Ujcmvw_xaTTRoexLpYmYd-tx8RUN3qh7izzgzyU0M0KCuaz2smmXRodhz_l3ero4Htvc1lULXeJ3U3OHU9eXP6s2T7ybQJc6bPE-TfX6iVVxMAua-x32cVvB5sX_XHrPb7Sg194vCMYctvayuUkdsggPeiWl8s",""
"henkel|operater v logistiki surovin (m/ž)|maribor, drava","Operater v logistiki surovin (m/ž)","Henkel","Maribor, Drava","Sun, 17 May 2026 22:18:19 GMT","https://jobviewtrack.com/v2/u_ZXLr863FOyvzm7jTaTMnzsGC25qJUlLjSISXJQ00eKmZbok-j14azEQw2F7wfPVdV9qbFHmp86HyiKVIbrXaQgRhfoWw8HIfOM9XFpK5GwQXUYFQ3lGY0CRrVgTwvs4A-9ITINSBOUEPYvgA9JmmqbiJ0PU4sx0wE1caV6PXG21KcgYGncWwfLEzfFKQJt9-cVGyRb2Jzyq4OM3-ChpoL21BMFDkRTWEfhy_HzkYE",""
"novartis|operater v enoti pakiranja (m/ž/d)|ljubljana, central slovenia","Operater v enoti pakiranja (m/ž/d)","Novartis","Ljubljana, Central Slovenia","Sun, 17 May 2026 07:22:46 GMT","https://jobviewtrack.com/v2/lzrZTvfidg78bU8s-A1PyKrQy4BRve0SFNVALcJSgU4TCWvZImeHxlzy33Am4cXoIXNbhifUDHJRqC2YVWOzGW1C78zYro94NHMOMf-FQrcnRTPDGLFbx79lckj7ELhwzIsIi0LhZQJftR5uwvVyrB59RY7vbIdR7qZCjlaYmTtNufPPGK8c21q2KBlFhXofX9qP5vYku0qLANNuJ9kDgLVL6WsZ5ZjJkAJJQtg9ip0",""
"|operater cnc strojev - m/ž|metlika, southeast slovenia","OPERATER CNC STROJEV - M/Ž","","Metlika, Southeast Slovenia","Sat, 16 May 2026 05:03:15 GMT","https://jobviewtrack.com/v2/T6Hh07kktr9zl4et67VkK0n7ygekzy9rcL839aadmLnxUZfIKOK4cuk3g7FWe1yaPD9GdsFOrb_UrxTrPqi5_waofA5Ct3OzuVdPxU4u2TfWShYpVmILapf11g1mhfrRCTR8hUhozb9Xgvi4lbr4Ch-AImWRwk18jg37FHytg5yuTv1xkQ40iMHF2NavboHBBovc0RHO8KaukbvMFTp4Ud3JkpM0_t5NFXjGh86eKAQ",""
"|operater na cnc stroju in vzdrževalec v proizvodnji - m/ž|cerknica, inner carniola-karst","OPERATER NA CNC STROJU IN VZDRŽEVALEC V PROIZVODNJI - M/Ž","","Cerknica, Inner Carniola-Karst","Sat, 16 May 2026 04:03:17 GMT","https://jobviewtrack.com/v2/4zwAfBRqlJ7y4FlVHY77KbuFC2hxL7x3QfeB9jmSLh6QsdErNCoo0Y98qfr8rfoDWi6KnYQT2SxamJvZsPWdpc0oAh2YOBErVlNAPja8L9H-T3isOt41AGw_OTyCp0axXvc1qBi0LKAmSXlzvtxp-rnCXf9gcPGmIQ3iBUztZVkFvGXp71U34efTj37tIpqsWUIpUhiYiwecqpmX2TpAvnJrrMhRT7x2SYgyBeqXjE8",""
"gimas druzba za trgovino in storitve d.o.o.|cnc operater na stroju za razrez pločevine - m/ž|maribor, drava","CNC OPERATER NA STROJU ZA RAZREZ PLOČEVINE - M/Ž","GIMAS DRUZBA ZA TRGOVINO IN STORITVE D.O.O.","Maribor, Drava","Fri, 15 May 2026 00:49:58 GMT","https://jobviewtrack.com/v2/8hfffOPzb7zR040pzBAGPfACjmAzIwItbvUFcD6FOYr6RNffo1Pdmb3kF99IMfhTP3zUcB-mz9TRIb6KCNEM-bymzhck_xBmgOXmdQRRJndKubLSxm_Jq78tooQx6dO9rWrxS9bh-1A1EAwjt9a5EC0jQO65U1NYj8qCyiTcRKUK7Ijb1jEuUMTiWt6KS3Ribalt-IQ81lSdj1hfsN1GyRKiq-jsmlAkrIHGmk2xlhE",""
"b-c|cnc operater (m/ž)|maribor, drava","CNC operater (m/ž)","B-C","Maribor, Drava","Thu, 14 May 2026 06:31:20 GMT","https://jobviewtrack.com/v2/nC6JF_ieAl8ieEWsMa3v-Z1_GxS6bl-QGUwbV75fSMrxXe7rWzko-5WqWhbDhe3ZtfRSJjSq0uXAw5QwZ8NQQ4dWQLLIyHsxeh4gOG_O6byi-oF1SXRx-gT88Utsd5m06IRfPNXWcsBBhbo0-_qgXPBjRg5e7D2-bJH7lk_sEBkA0p8hHzeP-O4jR_JdRsDT8So2GLgQfIYO2C7eowtF4TNwvZA0N-iibMqohDCFIBw",""
"perutnina ptuj group|operater tehnološkega procesa v logistiki (m/ž)|ptuj, drava","Operater tehnološkega procesa v logistiki (m/ž)","Perutnina Ptuj Group","Ptuj, Drava","Thu, 14 May 2026 01:24:41 GMT","https://jobviewtrack.com/v2/MvM29oDztYof4rwLO-7JKdvR3t4xIJI2JDF2g9Q9x53c2ZBc9Rg5YdgadzC55v2urPh23MsAiuBVYJX2uxYHVNYUbeVVL5g1NlgE6BHt3Qo6X-uE7gtVCDld_YItHSYmOxl3AaCN4aDWk7_vMNmCCSdMbw30fguqEF7eK81tJs_j8eqNAHdiQ_60j7yCkCLu0mRDdMMmc8sHSFIBBX3Mo6sflnQV8O1PWHTf7DwTIIo",""
"perutnina ptuj group|operater proizvodnega procesa v krmilih (m/ž)|ptuj, drava","Operater proizvodnega procesa v krmilih (m/ž)","Perutnina Ptuj Group","Ptuj, Drava","Wed, 13 May 2026 23:24:43 GMT","https://jobviewtrack.com/v2/CJHSfzu3-sP08jGyLIwhUk7a8F7i4yBu_y0twOGdpEbSZVLVvIKy2L8KV89XXYtX6Rd0ZNoQ_WJ3MawbVLzz3fpSL2X2PLXl8iwONe0u0HHuvoFmUMd1jCHYc-EvhyUhPEZQd2cqi1KrkWLfZI_iANvnS_d88jdlFBikKc4GntKdmNmW2q5-QcPoO1zN6lj4NSBrEPS2hOf7hsRLDhwg8ZdGp-QvZyBexAZE-plyQW8",""
"adecco|operater stroja (m/ž)|ptuj, drava","Operater stroja (m/ž)","Adecco","Ptuj, Drava","Wed, 13 May 2026 06:00:20 GMT","https://jobviewtrack.com/v2/7nvzFSDnR03TswPQ7Klgx7GUgsd38aqWdLwdmR7C5zArc9O98HOICJL4GtnCC6UcjNE0-b-UcxkJW-bAS79L-EBUKaw--fdS72vKpo2Nah3tUY6JYD82nXIswoa5wW7J2cWhD_P6w2g1TVI6wc0nyxZqYLBzpS5VeVl8TSwNhJnk2HEVSaZEG8l_qqp37FcZvzhDONnsk9ihTM4MHOZYMbBGfdolLsOc6TU1t9i-uqU",""
"palfinger|cnc operater (m/ž/d)|maribor, drava","CNC operater (m/ž/d)","Palfinger","Maribor, Drava","Wed, 13 May 2026 02:20:04 GMT","https://jobviewtrack.com/v2/UvjScQrqq9lj_EGT8xqCKYkLkehjTmG-F1Nkg64cvoifo0IAHfytvpcYkffsq9PnDrf0fWv2aSIIuiMGRRy9ga0x5tVzLLW7hUJb8t4h_s0-5YHuMnEZKgd7nwU4WnoflCR2BvK2drtdgR3ASIYN6Z5lSCvxZhkzFFVn2eM1L-RV0VYOUpbZ6VnXxe2sjmmW5JV8GmgX-R7rcuQu5TuENICSBwV0hgrIiphV2-LIdrU",""
"|operater na galvanski liniji - m/ž|kranj, upper carniola","OPERATER NA GALVANSKI LINIJI - M/Ž","","Kranj, Upper Carniola","Thu, 07 May 2026 23:22:57 GMT","https://jobviewtrack.com/v2/eiytnI4oXrbVb0ImDO_1k4anUWwFyQGmY4Z4wWAQYStGWFAzbkFLJ8Dvn-lpK5VLQPkI74gOI33VU6bMq1UvF1fNW2NeGC7b4xJ05utqAq2BB1kpdn2ZcJL7SjcOq-QBDyQfLbv-1BQqrHcbTLgQnRRaejjnt_WjzLJTgTyKEuY5MQWTBcNniYPTTN8umdARzavlDCJZ7x06ugnCJAxib4IT3l7YxTMwd1Z6RPFs_hs",""
"|operater tgm - m/ž|žalec, savinja","OPERATER TGM - M/Ž","","Žalec, Savinja","Mon, 11 May 2026 23:01:00 GMT","https://jobviewtrack.com/v2/iKqFr38TMNNwwxGUdCmeXQPlCxh7eFcRalLwi2KoxOpe2wleKToKwQ5jn4aR1TuQyPxsG4bK_zuaaVPAMS2DymdeFYrTbdvpttDgKetDJWwoCp0urNJIE8yiA9-6TguYUEIo9e4BkU-2wQLWJdJnMlQvLdWXiD0OV8sqZBqbJi3-C_9k-HTHnICsg4yffJcqDl-3FgdB99uTMumTNBcOFz_Mx_31ArFuWeq9nAr1Kcc",""
"|cnc in waterjet operater za obdelavo stekla - m/ž|žalec, savinja","CNC IN WATERJET OPERATER ZA OBDELAVO STEKLA - M/Ž","","Žalec, Savinja","Mon, 11 May 2026 04:00:26 GMT","https://jobviewtrack.com/v2/Lz2TuvyTzq8CiZHhi2a7wrtjPPjXMUDErZFCcAZ7eB6lGryBeSgT8aOD8d5zLZDSP_WiWWDkpJwZEMRsoTeqsWPO4drcNaRYgJ00adCbEPnH0Hu2O8Giwdn5Yl0irJPdr7HcOGJD585Uc5aZxfracs__JVxxPNde9koWz5QQV8o5e6vnp6wjx9ndis7D3VxcguUFYqkQx_8z7DC6bX36hdeXOiBt0cRUHkH9_pOJYBY",""
"|cnc operater na rezkalnem stroju in cnc stružnici -m/ž - m/ž|novo mesto, southeast slovenia","CNC OPERATER NA REZKALNEM STROJU IN CNC STRUŽNICI -M/Ž - M/Ž","","Novo mesto, Southeast Slovenia","Sat, 09 May 2026 00:45:52 GMT","https://jobviewtrack.com/v2/hZipHJfH5Bw2MS7YiVUXlOSK70BaY0yorQjZCRzuWChGZBbDSfWmkR10FdmOna0oZWncEAn1I05R-F8jNelbegYQeSzbhNcFd4j-v__4fuwzhnWXL_qRP9o2Hflc-rQRIzjC_fI0ULme45Mf-RyRX_BQYxJ5orWDhB0N6nqFIJLen8VGVHZEFbfVH_dzz4_pJ0SVJ6LTPpMSWPDJ9RMaNyZY4za_BlJWEomLyxZ7alg",""
"|operater na stroju - m/ž|cerknica, inner carniola-karst","OPERATER NA STROJU - M/Ž","","Cerknica, Inner Carniola-Karst","Mon, 02 Mar 2026 08:58:38 GMT","https://jobviewtrack.com/v2/T9wwqB8Jb6epSdSpc6TkL05ps1dVsRHYHfJbRmLcpd2iiydyJA9q9nQBS2F1L5S0jGn3P_VS3biKmLSyLvm-bO_DOKDM1SMmrV9JUs79aeXTtsiw11P_s-Su02KWN8Wihp346JfyhAa6_qJzm2Zf5ZDRbk_RaDthISN-t_X1cUNPwTinXfXYTteYrOruT8MYbt94mDyClcU0Au1oKVuFNGYeYXheTq7mi9f9i4tscqED05yeZ_o9Tm3JOi-LYx7T",""
"lekarna kocevje|farmacevtski tehnik - pripravnik - m/ž|kočevje, southeast slovenia","FARMACEVTSKI TEHNIK - PRIPRAVNIK - M/Ž","LEKARNA KOCEVJE","Kočevje, Southeast Slovenia","Sun, 24 May 2026 23:18:25 GMT","https://jobviewtrack.com/v2/mnlpW57UM3XNlYS_uoKxGQIAaBXqm2Tv-l9-jhEqURATof_OL83LwZZYd-0syQweOINMI7GiW4sHSRXD_bSif40VhZ1NoWZ5dlBLnEBZJgrNqHHLmoktYxphdsddRw8it5ROSv9Eg_J3WvtM8N97p0YcYgxIOLI4qRox6De2VjTSpgzjH0DoOLswvWIUvOGbV2NuNN_EkSObRU9yJBPLFzq5G_1Sc68ZTY-FM0fR5Ss",""
"soča oprema|servisni tehnik za medicinsko tehnične pripomočke in opremo (m/ž)|slovenia","Servisni tehnik za medicinsko tehnične pripomočke in opremo (m/ž)","Soča Oprema","Slovenia","Fri, 22 May 2026 06:48:45 GMT","https://jobviewtrack.com/v2/473OIlILD-UxQpxeYB3L6lwxxJgmgzzKkev2kJyHxPhvjOOKypgJc3XIlOWZmRWPhgUpZXWQPhfCfUiYtz3X7wlQ0tTwaUcV0sK6y9w7D2RY0D8KwJ4Rd68840MuMVdAGHdDkdeupRmynrS5uhXfXTgG7nFcCjgM4xDbBTzS4oss39uT2JEo0UHxAaYTj880LBXxd7Yu6orOBPoh5-2ZXtnhHTlWx61lpw1CwyXtEMY",""
"varnost vič|operativni vodja na področju varovanja (m/ž) v primorski regiji|slovenia","Operativni vodja na področju varovanja (m/ž) v Primorski regiji","Varnost Vič","Slovenia","Fri, 22 May 2026 06:11:33 GMT","https://jobviewtrack.com/v2/HGrEO3zSRK1P6a0EdXMrgZarY8ysHCnx5Jni4g9lqz8Gq5UbAa5nfb0759K2vzOFVamiIcSs0rwI1jyPpaWbdt6AeKCmTZmBr_XjR9vuc60sjFXY_tfAu0m0YwKZXf_bdBYJw_bI0Co-MctbnTQXRDRmpQlsQIB2FHdwGPbn3sk9m8Wj1bZYXolxTt66wtEIppTSLPeEMgKvxk9OMONkcqX7VPjoe2lxCf0rNqGZ_-U",""
"|varnostni tehnik - m/ž|maribor, drava","VARNOSTNI TEHNIK - M/Ž","","Maribor, Drava","Fri, 22 May 2026 00:49:43 GMT","https://jobviewtrack.com/v2/OXhJ6rGQPojlznS0b3_aodrkImY3QZ2l4MDqnFaqIOyfLTttPTJkcHr8ZP0eT-XgHJKhRi6y1s_tEjTIO-yCcrA-xYYyLRSYj5PrWwkAr1IbYemfx31Dqx91FMfr98rIma3gSoudm3UModAY4XwcUTqcMsq5Z20GPZGFZOlhqMQhpBICqTc5p8CAM116qJ9IjUvgkVgtyeBEBQN8tGfFoMDqeuWGmZm2Tw58zVDWmUk",""
"|vzdrževalec tehnik - m/ž|ljubljana, central slovenia","Vzdrževalec tehnik - m/ž","","Ljubljana, Central Slovenia","Thu, 21 May 2026 22:43:33 GMT","https://jobviewtrack.com/v2/Kk3yT4A3Q6ynjPqTl6EhcWVnT0W7l4WWvcPaitScJmdhHAMnfFOlXvK_DxftOXsEp4q8yjMadmQ7bxyZ2nRB5OY32hc0LjBVjBULM2QUOIf9X0ESdJLZ3c-Ss9QztT9FSQ8e0ljneBWLTN3M_y-gTsYJ8dz0GHKxkMMsz99QpsWk4Ch368QB5U9oFkbf2fSzS_JeHk0OuDBYcmv3jrkiHMcntr-nmUpAY7RYXIpPxE8",""
"|vzdrževalec tehnik v sektorju prometne opreme in signalizacije - m/ž|ljubljana, central slovenia","VZDRŽEVALEC TEHNIK V SEKTORJU PROMETNE OPREME IN SIGNALIZACIJE - M/Ž","","Ljubljana, Central Slovenia","Thu, 21 May 2026 00:00:24 GMT","https://jobviewtrack.com/v2/raXo78QMrE2rqwqpdh8aBox2hT1pELjEAstvO-n6BBNX7rM1xgI_8IW-E2UIm_VR0oLpoEegZTRR3SPMxcKs4JMbUKYFMs89Fsf05z4drF49sE7P_z3kTQSZw_aCBJjvi1dJbdg64rJc1VFT9IjMaxyhe2822hNaBOeUFhe7aC309gyoHpo5wk3D2x0FfQ4G5U3qVu9bFqy4VxSM63rRZKpnDM_zit1oFKqL8h-J8qw",""
"|tehnik pralnih sistemov - m/ž|maribor, drava","TEHNIK PRALNIH SISTEMOV - M/Ž","","Maribor, Drava","Wed, 20 May 2026 05:57:41 GMT","https://jobviewtrack.com/v2/Wid65KYr9CBmG4td_kGUG4aWg8kSq59KQMeUe8aalTHGoTVvHVPewdRFTSWIx79WYbTVqSa8ADNat0e8rzvtatd6v36okyxLGVuwxnQ96Wvh6QPc_Pi7Zthpcjs5lhveyWK9xm8m11v-iW7sYX-MrHKiBSlj4YB9nWKVRsXIWHyy0lR8LzD-WJD4WNJPkuSZCJuBIXZY8NntnzCreN0u4E-WaVaYer_XfIh-Pt2xTwA",""
"novartis|laboratorijski analitik (m/ž/d)|mengeš, central slovenia","Laboratorijski analitik (m/ž/d)","Novartis","Mengeš, Central Slovenia","Wed, 20 May 2026 04:04:50 GMT","https://jobviewtrack.com/v2/S5j6shb-gF3UhqfPlRuE5Vn-LXhXMdZzY5tBEoPjRkW_qYEjBa1lS9DkGIXFq7rHt3oRR8iiYGxjrCRYnnP1Q9eZ4enxS4mjMV1QOjuxaOknU0L0CXNZBdelOdozes-xcwa7tvY9HYYNwzEJcdYwWzvWEi_LUdQJP1xfuG4RhRsJdPP0U1uD7gmhHxUdWFmiY-ySMfIo08ExxKXs7Y6ZyhyIackHpLz_qecgnzyCJJ8",""
"fraport slovenija|vzdrževalec tehnik (m/ž) na področju varilsko - ključavničarskih del|slovenia","Vzdrževalec tehnik (m/ž) na področju varilsko - ključavničarskih del","Fraport Slovenija","Slovenia","Wed, 20 May 2026 01:43:01 GMT","https://jobviewtrack.com/v2/EvEz4rVfNT0wmUgZIp3XyoVLgnrF6RJgwT-6jFv-jo-ViwwPw7S_TxCQW99YEa0z_gwJ8_PaF3mKnbm0TbCzD0GVoUczv_nyVPD1EISshexjKQJZiM6-c7RMlGSwdhQgQPkTgGyBTOM9wayrTxK8ifmEiSZhzAVbo9lMk8ts9Db0FkQ8pWf0bCV6oZZjXdaEJkI6kgDW8n3UO577loNRIh6dmPpCUb7mXaeXiqoa8dE",""
"novartis|tehnik vzdrževanja v proizvodnem inženiringu (m/f/d) / maintenance technician – manufacturing engineering (m/f/d)|mengeš, central slovenia","Tehnik vzdrževanja v proizvodnem inženiringu (m/f/d) / Maintenance Technician – Manufacturing Engineering (m/f/d)","Novartis","Mengeš, Central Slovenia","Mon, 18 May 2026 06:15:42 GMT","https://jobviewtrack.com/v2/uXuZKDPIVTQZpHDCtdaSMVonx6aGdmuRICppiLpVtKLBmYsM-qMjOVXU13Lj7JSPd2BqFKXZeZ7nC7RpwEAV27-5niT7HfRIETQ6XuPdbmi9DXXyDmGGpKQqR60o5IxomgICJ2Cml0Q3X6_E7rlTWHe_dOFdm8gfg0D5s7Ajgl8eQVqXmS_i0DWMnCk-xHTAtDmVgay0uuoooHwTAMNq9Y2L-fWhogFdeKN2s4CzKZw",""
"|it servisni tehnik - m/ž|ljubljana, central slovenia","IT SERVISNI TEHNIK - M/Ž","","Ljubljana, Central Slovenia","Sat, 16 May 2026 04:37:46 GMT","https://jobviewtrack.com/v2/ff-QXXc2mGZlP2odbY5QY4mjttfSGfa4Y8QQ7uzUaxBchG2pz77n_drE7vfWL-aivE5D0VNz9yswx1zVRQAJeehpxO6n1ISOXzaD7_YheY4a_SxOQ4EaDpBBgpIa33NEbIXB9d01htkaFSsyTQikiBac7v4e2na-TC-_zk3gi1o_a9J2sh5foY5z8ZsyEKKLWdiF_enRavKb2AP-GMRr6_C97OrzoJVXXQLfmBUrDVs",""
"|uvajanje v delo v. stopnja - teoretični del (m/ž) - za opravljanje dela na delovnem mestu tehnik vzdrževanja v železniški operativi sv (signalna varnost; elektronski in relejni krmilni sistemi) - m/ž|laško, savinja","UVAJANJE V DELO V. STOPNJA - TEORETIČNI DEL (M/Ž) - ZA OPRAVLJANJE DELA NA DELOVNEM MESTU TEHNIK VZDRŽEVANJA V ŽELEZNIŠKI OPERATIVI SV (SIGNALNA VARNOST; ELEKTRONSKI IN RELEJNI KRMILNI SISTEMI) - M/Ž","","Laško, Savinja","Fri, 15 May 2026 05:35:32 GMT","https://jobviewtrack.com/v2/-1DV1FaqVeSjRbMbBWbg6dv1jUwfM8w3MPF2VdZv-5NMuDjZogWaDxmgjCmPV9f8ubdPCP_qDvwO0upTwRCm2GbAKAJKFnGO-APtPR-pH5AZ1tqe6j1CecsqCZW8nBSu0NuxR7KLuzm6snvl1jvHX8MGZRGvk-zdZ6S7kXKyFgACvXHcHRuu8EmWv7ND4yhhs_RJq4_fiktySoSYtUl9B7_6Ge0ESo9nmjDOnehMJ5E",""
"|uvajanje v delo v.stopnja - teoretični del (m/ž) - za opravljanje dela na delovnem mestu tehnik vzdrževanja v železniški operativi tk (7 izvajalcev) - m/ž|novo mesto, southeast slovenia","UVAJANJE V DELO V.STOPNJA - TEORETIČNI DEL (M/Ž) - ZA OPRAVLJANJE DELA NA DELOVNEM MESTU TEHNIK VZDRŽEVANJA V ŽELEZNIŠKI OPERATIVI TK (7 IZVAJALCEV) - M/Ž","","Novo mesto, Southeast Slovenia","Fri, 15 May 2026 05:10:38 GMT","https://jobviewtrack.com/v2/eLbqm7c8kE7orO0YE9SM8az0CHOSthzHAL4CG-GlyPX21WRYa8tF1J4Vo9-xbXdnVEQKfN-gFgFYGGXngVOPcRVKBMiA0It-KNfBYkTcUFwpdRK67CGx0R4zHfhCnxY6lAhajj4xLqgeqVqI8d-5XYwfW004v68LC3XHX23-nm6WKfcw40aq2LuXOaLheTZw7g7AuMOhgQnXnvgnuR7j3pp9tCZEuNy4z5pzPMQfCBE",""
"terme krka|srednja medicinska sestra/ zdravstveni tehnik v strunjanu (m/ž)|slovenia","Srednja medicinska sestra/ zdravstveni tehnik v Strunjanu (m/ž)","Terme Krka","Slovenia","Fri, 15 May 2026 04:17:35 GMT","https://jobviewtrack.com/v2/ictDK7Pi-P_yeN5XH-bUC_fK936Bh_X6xF7Fdm_eq_cbG6OygMS_kdYhRnxyjqAX32zLMxtZT_JpFhLkk4utj78VfZ4QwQpeaWKeH1MWeIa2DX12Xs1tbtfkUfy3DbMR_eNTNk0Si-X5pOo7jcI9xhSYGAlimy_ZALjoj0d6-9Mz7NlqIh8PjBvJtcnAcbTi1Hwv9BkqKHTpKDVCXXjHi_woi23__WvJWrx7KRG0ISQ",""
"|uvajanje v delo v. stopnja - teoretični del - za opravljanje dela na delovnem mestu tehnik vzdrževanja v železniški operativi tk - m/ž|ljubljana, central slovenia","UVAJANJE V DELO V. STOPNJA - TEORETIČNI DEL - ZA OPRAVLJANJE DELA NA DELOVNEM MESTU TEHNIK VZDRŽEVANJA V ŽELEZNIŠKI OPERATIVI TK - M/Ž","","Ljubljana, Central Slovenia","Fri, 15 May 2026 03:03:30 GMT","https://jobviewtrack.com/v2/HGEPvhMDF8PxPDHUhGuMsr6hgyR-BrJ78pg10gNnQl1jckmwOpjf_zllp3K102yXGpKsVAM0cUCnsEHoF9IgZG1MmpM_P_PjHYrSX5rh36MO58drb7ZK7rvka42BH08nBtlAbDgwkOhU1MItufhrvl18yT27VM2O021xTFSKyk2RUWEYhxDN4ItAjD2ugK24eaboXslj8Np3K9ownmK4eF7BqaPFPFRC9oJb3rhN4II",""
"|uvajanje v delo v.stopnja - teoretični del (m/ž) - za opravljanje dela na delovnem mestu tehnik vzdrževanja v železniški operativi tk - m/ž|laško, savinja","UVAJANJE V DELO V.STOPNJA - TEORETIČNI DEL (M/Ž) - ZA OPRAVLJANJE DELA NA DELOVNEM MESTU TEHNIK VZDRŽEVANJA V ŽELEZNIŠKI OPERATIVI TK - M/Ž","","Laško, Savinja","Thu, 14 May 2026 22:41:12 GMT","https://jobviewtrack.com/v2/3nsorY4teTyvD_zXvCGWJDtgvNx0j_CmLcKgzweJ-EILxBiskAd5GnNmFDcjKdyExeZgUyQXSGNCisq1RdohfuRrFhyRm0svcxGoBNkHLZO2sgKtjxugGNoKezl5LESdAFXBeffHKPPgVZUmnBovXy1BXz0RGPiHxqqeGrUPwcc6Hi2s5dN8-npcx1-6z-nGqLA8gwvkvmwfNRIMqHj-qqh8-rdRtYRtE4WOGQFJswo",""
"|uvajanje v delo v. stopnja - teoretični del (m/ž) - za opravljanje dela na delovnem mestu tehnik vzdrževanja v železniški operativi sv (signalna varnost; elektronski in relejni krmilni sistemi) - m/ž|ljubljana, central slovenia","UVAJANJE V DELO V. STOPNJA - TEORETIČNI DEL (M/Ž) - ZA OPRAVLJANJE DELA NA DELOVNEM MESTU TEHNIK VZDRŽEVANJA V ŽELEZNIŠKI OPERATIVI SV (SIGNALNA VARNOST; ELEKTRONSKI IN RELEJNI KRMILNI SISTEMI) - M/Ž","","Ljubljana, Central Slovenia","Thu, 14 May 2026 22:22:00 GMT","https://jobviewtrack.com/v2/Qe9ip64UGz7vSshIaD8qVR7kH3-AiXYzCovEazWAwkixWJOOLUazFhNB1COyIdR5fDIp0ME7mE8dFDzLBMDJbHDt3wtGIwnvUqgw3T_0O2iRl0Abr8R8FZGSB54vmGNW7ElugMS86eCgP5ILU8eDY9Y9d5XT0OQkqTG9rIkgvCn3fE0bYBoWeF5JzgKIsqSYSQGuv-hqRrJ-9sEV496Y9rlJIjm3efxmUIQpBh3jKUI",""
"|sodelavec na pošti i, grosuplje z okoliškimi poštami - m/ž|grosuplje, central slovenia","SODELAVEC NA POŠTI I, GROSUPLJE Z OKOLIŠKIMI POŠTAMI - M/Ž","","Grosuplje, Central Slovenia","Thu, 14 May 2026 07:01:34 GMT","https://jobviewtrack.com/v2/_nLUp76Z_taBd_RfCRFPMfMfHYybwjH0atm5-706Q9R9ePi_Um6Wundtz1X1WEdxId4q2KLOAmjX8UB0DZiUs9T8R2vPB8UbeT1Ye-iXPn1YI4tEM23Y0YBjzYHwjS5D0v_ducx6VHml1xS8zlwZKItVlmpBiWyOKNwpox1lLfFbhTTN2FEFRc_I1CKBVnNtqGkeI6biy_99Q6xQn94calpYP8-OydynR8aR9sarT3o",""
"|sodelavec na pošti i, domžale z okoliškimi poštami - m/ž|domžale, central slovenia","SODELAVEC NA POŠTI I, DOMŽALE Z OKOLIŠKIMI POŠTAMI - M/Ž","","Domžale, Central Slovenia","Thu, 14 May 2026 06:05:25 GMT","https://jobviewtrack.com/v2/ojFQiKHyAZNUSYWHVEt-OjfwHEJj5FSV6-4qsKTz7YJlXI6LibwItq1q-YtuqSIY4-wglAiFXa1wPc0tHznlbcqEAiCq4A_0JbJneoTzCtyrR19n2wFpD0rd6n7nfP_6jFuUhlc7tEZhw_MlhBQRpDwelOKq7LM9iQGkzEAx56qX3RWY6zrNCTdjyWAYVDPf0xBAQQl2e9vuuNG1uvQaIPvJ4CqGHD1lFwXN_YLCrq0",""
"|sodelavec na pošti i, 1102 ljubljana - m/ž|ljubljana, central slovenia","SODELAVEC NA POŠTI I, 1102 LJUBLJANA - M/Ž","","Ljubljana, Central Slovenia","Thu, 14 May 2026 04:48:56 GMT","https://jobviewtrack.com/v2/nvAnMWCHOSsH0B-WJEyBjpcfSalg8SQ6U92mUpOOXLSSIONIeSFiU44MOFhcywA8gTUlOk-HYtMxICzNlq1MbTk7xNGXU1GLjpKYksww44klwceGQxJDjHMv9E8s_wG0h9hJZ3-Fp0gjqFIqcmxY7n1YU3W5i8XbDwHBbr84zgRIymUZCYNvtFllO6oqZODKHyV5IYuRGsokQ3HmPqA8NGlqnNnMa6b14saIVpu9xGg",""
"|farmacevtski tehnik - delo v posebnih pogojih dela - m/ž|kranj, upper carniola","FARMACEVTSKI TEHNIK - DELO V POSEBNIH POGOJIH DELA - M/Ž","","Kranj, Upper Carniola","Wed, 06 May 2026 05:30:43 GMT","https://jobviewtrack.com/v2/VHf0dgTA-3_ybuaqTX7TQt5ODB2XEo8wutfuHn6i7uAGDYH8kBQ6JI3afXZ674dh5UQM3_YHINScvfOVCqF3jjIHxcBymQKdouO4iueVrglK8YqLtgDNeeSnnPRDTTECNbY-DRyZfy6AWQcaq4DSxouQohqO45QnXZL-eA9lwGO8-g-q3lV-u2efgtbtHsXnV5dyj23sNkbIlmdCGtmWUyx7j9rHQYD4DAhPCsD7EsI",""
"|proizvodni tehnik na cnc avtomatih (m/ž)|železniki, upper carniola","Proizvodni tehnik na CNC avtomatih (m/ž)","","Železniki, Upper Carniola","Tue, 05 May 2026 23:09:45 GMT","https://jobviewtrack.com/v2/jNpzjBQobhrNPv5VVVVkRDOfviWR0vm3SZeHbmvNQ3okwhhCrF6VzPYVxHaLWUctLl4TvLDXb7iuilJkFOWxLI6WwYGvzydTPsbHyS97pQLUJbD206bxjcLAi7icgPWjL52RZr2x2JQ7jb4ikoezUzguoo3CpwAp3vAUJ6lM91hr0-qa0-T0hPh00p3FYBVosQYiXZkrcv66XW4yJthF89Np94PSW6CLkUmEIfHNSNs",""
"|srednja medicinska sestra v negovalni enoti v bolnišnični dejavnosti - pripravnik - m/ž|kranj, upper carniola","SREDNJA MEDICINSKA SESTRA V NEGOVALNI ENOTI V BOLNIŠNIČNI DEJAVNOSTI - PRIPRAVNIK - M/Ž","","Kranj, Upper Carniola","Tue, 07 Apr 2026 23:12:57 GMT","https://jobviewtrack.com/v2/L7U3ylxKrAjh-JU0iZZ23chzDSVqUm4BIpc5lzkBzOaghYFBl5tkY4E6NJdQXEB0LCDHKxBvHM6mz6STeP4Mqgoi9z7vfhw4SrxV7hYpHWlK5flGN4S1Kow6NtfJclvz1_AXncSg3S1MuVAGMHZ6ZatghyE8r4PP-G-4kQ9SQp8itpBya3GIP5HBOoROnnYYV_ZwKnZ0d58TilPVsxtEG6ItjVdZ23d7zqjIb0SM-Oo",""
"|sr. med. sestra/zdr. tehnik - m/ž|radovljica, upper carniola","SR. MED. SESTRA/ZDR. TEHNIK - M/Ž","","Radovljica, Upper Carniola","Mon, 02 Mar 2026 07:54:43 GMT","https://jobviewtrack.com/v2/M0AnNc0xN_L0ZC0Nel2fUJDz2cq8P6nvBaKh1xjM-UiZKPHj2dj272D9-9Tbp0iPRbuSmFsY1VSzKHaOoX3HSQfi39PY2q1vxebOFx9w7ZNhRRbIWyqTbvcOEOmvZHykWQB55atVqbAabyPplFbabhSJ1O3929cZoU8lprn7PsHa0OTf48yPVxi-UjO4GevPr8UzrXHL11X27S3GhN6fsg_ESjcDLmYxk3WQHR0DIO6h-xOH-bYZ-geUmjDPj1gQ",""
"|sr. med. sestra / zdr. tehnik pripravnik - m/ž|radovljica, upper carniola","SR. MED. SESTRA / ZDR. TEHNIK PRIPRAVNIK - M/Ž","","Radovljica, Upper Carniola","Mon, 02 Mar 2026 00:30:00 GMT","https://jobviewtrack.com/v2/nwZIEwwu39YWGLwiwxiTc-zBdgIn8P7sdlUV9ey-iy2rfmPp4gsq59yVlCuD_6jn4MP-CSwgwstKlZujaBdLITXtyqf74DYZ9_yAdglWUbk-TvBYa57RS0pW1InWTyWa3uVj5trqbK6bBScNdYvm_QIeO-ULVfSrcpuKSE7WrzySfoeEvkXzQCtiDgtr8Rf_b3moef3VXKqfWQBbO-faFoCRSK8hxZ9SF8_EPuiqRu_tIs_spnkEzH_c4QwgpmBr",""
"|varnostni tehnik / serviser - m/ž|maribor, drava","VARNOSTNI TEHNIK / SERVISER - M/Ž","","Maribor, Drava","Wed, 13 May 2026 02:47:55 GMT","https://jobviewtrack.com/v2/Zv-KY3cy5Qysx4XSDOhCEHxVRHyL24F8XcB6a7IObG8J8sSkE847NNkeT8lObfWsYcWPPvv-Wufo-d4OBgCNtyM3rnLDAIgOxxOHhjy3-PGYL9d_yHTT7UHhC-lLj2hS9iX47UXBHibEjk7BFBnjB6TyRY7CL4bGoJqRTf7Wk1wEU1es07lAZXw4J9h5NEnoDWkELc3O4G6lstpsb_rBRnBRph25dvERKZDuKX-uo2k",""
"|tehnik zdravstvene nege - m/ž|maribor, drava","TEHNIK ZDRAVSTVENE NEGE - M/Ž","","Maribor, Drava","Fri, 08 May 2026 04:46:18 GMT","https://jobviewtrack.com/v2/-4O2Uc4TBCV3JKjs1Uia2UpKkD8Wsve3NRO-1LoK5YXAhE5d8ToST7XuaNslp8pKbQ0u2gYvjleI_GN237ydmESppn9O8QbjhUGu3IevN178lpbFN2IhldAOgdo_6ICLfrcqR4mk0-T2DKiKCJ9JODiXAKlzO5an3jnI6E5KromNYxCZPxFSKnUa11r28rxUIxNzY7xZo_1Yx7OoUH47Jh7lL7BG5dFa2WAjghPOh7U",""
"|monter - m/ž|maribor, drava","MONTER - M/Ž","","Maribor, Drava","Fri, 08 May 2026 02:55:04 GMT","https://jobviewtrack.com/v2/zYaZYlNc-TX01ubxmfZG6B-ZSD-eCL0OdGOcnmHEm46V5f4mkSK_WknfYzwKDyilR_WWXpLjkctlm2s-ateGprlxiLF8cwZ7tRjrSfXbL9mLxdpAnUPkD6KVy3XXMP9URkhWNM3g4wwnahZxUnbSDxZ0SyYZcZKz6vu1mjSiuForwLs7IZ2qI4jBdYnVZMj665MA3uJe0wiAYMM3-yfWB69CLwvKYLzRaoJamlMBkXo",""
"|elektromonter - m/ž|ptuj, drava","ELEKTROMONTER - M/Ž","","Ptuj, Drava","Wed, 06 May 2026 00:55:25 GMT","https://jobviewtrack.com/v2/TMlkY4blLC9TNyC20IxqN3CUlEjF7JDzrlRzP0FqeIIqyuYJ2dAnC55xlixqTeOpGRQ4ko9T9jIgPKDzkEE-LfZesCbEVdq4inIv7Zhe512QNyTH36hAR0VExTYMlVCHM_DxhM8BENDmyKqlBwsG39E0h3AvRk6RjemRZ3a_Qv2-TmHh0D21FhXAqrydApa8bd0yE2bzhFVqLLIWIoXSV7Xk8tqXfiLo_a_U77knpCA",""
"|veterinarski tehnik (št. dm 391) v oddelku za veterinarstvo, območnem uradu celje, inšpekciji za varno hrano, veterinarstvo in varstvo rastlin, za nedoločen čas, s polnim delovnim časom, s trimesečnim poskusnim delom - m/ž|celje, savinja","VETERINARSKI TEHNIK (ŠT. DM 391) V ODDELKU ZA VETERINARSTVO, OBMOČNEM URADU CELJE, INŠPEKCIJI ZA VARNO HRANO, VETERINARSTVO IN VARSTVO RASTLIN, ZA NEDOLOČEN ČAS, S POLNIM DELOVNIM ČASOM, S TRIMESEČNIM POSKUSNIM DELOM - M/Ž","","Celje, Savinja","Thu, 14 May 2026 02:54:33 GMT","https://jobviewtrack.com/v2/teNymk6IRBUYJv6LaRyUv-xJXf-RVx2LYeU0cdIb5mkQIyay-jELoC-DI1q8YsWknqJ2YcotonuEVZdFth09cx4y5_RkpMG11zUTYcfKNga3R-_Z0hiielrOYCmnyafhiPwayCyfcxO5UKQaNVTfPPgODiiD-7oFpEd8Ku3yUgN53-NqrDlhaMBcpQT2m2xRwCSPShF2GbiR2dlOyEtO4vkZ1YGWSgJ0LvQSLx3Ei5c",""
"|veterinarski tehnik (št. dm 391) v oddelku za veterinarstvo, območnem uradu celje, inšpekciji za varno hrano, veterinarstvo in varstvo rastlin|celje, savinja","Veterinarski tehnik (št. DM 391) v Oddelku za veterinarstvo, Območnem uradu Celje, Inšpekciji za varno hrano, veterinarstvo in varstvo rastlin","","Celje, Savinja","Thu, 14 May 2026 02:11:21 GMT","https://jobviewtrack.com/v2/Ouc9G07DQYmopY8IwOLRFi9RlOeZfqf1dEXASbWEF-KeMnrvcKmdP3UVTg2Bld1hUtAFCTmvAW8nMMRsNEuAlq_m6mEwMdW-EUy7OOrEX2yiXnYlh-P5oA0JFtn_CB8rNpvRwaqf3BOXhH2x2vBxJHu8CpZZ-2KHJUjjxwaRmptB98jI0ca1ubtdH32Unid4KvI1Fs_C6-3QrVP4DxvkxUFVMJURSacAJZr1d6sU1wM",""
"|uvajanje v delo v. stopnja - teoretični del - za opravljanje dela na delovnem mestu tehnik vzdrževanja v železniški operativi svp - m/ž|novo mesto, southeast slovenia","UVAJANJE V DELO V. STOPNJA - TEORETIČNI DEL - ZA OPRAVLJANJE DELA NA DELOVNEM MESTU TEHNIK VZDRŽEVANJA V ŽELEZNIŠKI OPERATIVI SVP - M/Ž","","Novo mesto, Southeast Slovenia","Wed, 13 May 2026 02:15:05 GMT","https://jobviewtrack.com/v2/hyAPWrRRS7AQOPEUU4Ch_9sh3tIbO8ROLSKKWMbcHmYjrUH7q5l4wO5zTbnfcbXocKjx8JnmpLIIcyOLTcqjyqBZVCc1mdrPNGPpdSVsBr1YNzydSh2IBBD6s6jijTTExmzfQ1ACG-7u2VLwF5HHGu8Eq8vFlwN-Pbou1-6g9HJfyvX0-gurFbnKUrO52C0ruWIXEMy23zMKRgcC_rx2LRZ11YiURHFaO6WyYYqfOmw",""
"|tehnik zdravstvene nege - m/ž|novo mesto, southeast slovenia","TEHNIK ZDRAVSTVENE NEGE - M/Ž","","Novo mesto, Southeast Slovenia","Tue, 31 Mar 2026 03:56:59 GMT","https://jobviewtrack.com/v2/deXPnHMnVc16dZrAtN9KLWlHE79K9JS7179kDN-i8PtB8xQCEvUpj4zfcdV-aPnXB8ccpjwBBk_Inb73Q0wKjXZhDwO6DxvU1dYfI5HOD92sJqucCk4yn4a47zMv3f-nYyTmxH9dgBQ2t-idz3L7vr8Kfk9ges7JmgpuUyiS86Drg6tioFDVjas03D1RVXjoNvdjlTQUSCDBkSHT5nTSkSt43xpaXbCObrCd_n5Ll7-TlsZBHzWwSXXjEckiG8rs",""
"|zdravstveni tehnik - m/ž|idrija, gorizia","ZDRAVSTVENI TEHNIK - M/Ž","","Idrija, Gorizia","Mon, 02 Mar 2026 05:54:01 GMT","https://jobviewtrack.com/v2/aimFhDklvSX8pJny-7URAjL81E1VsZiKvbw-P3zmDRzb7heuJY5XGIhw96T25b_g8jBW1IHY7Wybd0A171GIe6RtGAxX4YEwenO0bTAVYNofgGcdtULPLhYU3N5r32xXffMnBXl1tnkRV3Mo84CEDW6jEYMb1AzAkhiE8NUosgE7__M1tlAzApCXJCs00YgBRsqfz3a_bLkGetcAMDdg5mBcIFMxiHIk1XQHxikDjCl5UHvIQ56GJVCDoJZKZs_R",""
"iskra mehanizmi|testni inženir m/ž|slovenia","Testni inženir m/ž","Iskra Mehanizmi","Slovenia","Fri, 22 May 2026 04:27:53 GMT","https://jobviewtrack.com/v2/THSNmRBT4XxPV9U_Pzlu5sUDEHEmIE5AhJoKAHwoQSjAgiVLjgpT40F3zR-CUycUkQ9KGajSyhls3_gjxPJh2R3Tou1bnpr_bG-Ncn3tpRTm7v1d5NzLpJlgozcEMSQegHfDfyhZzsDg-9S8csrc8qf21gEgVaoT_4UfhEgX3JRRMtKWLHoBQy3xaOF0jQ5GXTm7sIIcKjiS0LGAs1OPpsP742SQ61q2WMX7v9WJWk4",""
"iskra mehanizmi|produktni inženir v razvoju (m/ž)|slovenia","Produktni Inženir v razvoju (m/ž)","Iskra Mehanizmi","Slovenia","Fri, 22 May 2026 02:28:42 GMT","https://jobviewtrack.com/v2/iw1MJP53NK6ge_8GGUAMaTzk0wVXIV7Em4odmfQcnt6RztkoO2dieWn2h0MQO0FmJrdj8v0PhORz7RgqkjncQK7yPKcVOLPRhTXUdYwdwEDfx2an4eGwZ2IL9Um_XpwrToavfVbBcVOtRB42GvXPV6WeQFBo-hSReh5VHPaKsw2KbI3H1K9anHXhrkYpV-VxaiANw91dCeS412-gn_xXrIbDih490iLFFcaf1KXhg50",""
"elproing d.o.o.|inženir avtomatizacije-začetnik (m/ž)|slovenia","Inženir avtomatizacije-začetnik (m/ž)","Elproing d.o.o.","Slovenia","Wed, 20 May 2026 07:04:23 GMT","https://jobviewtrack.com/v2/oXEUatsQWNy4RvK7DK80cTajD5pIsXB3UAawQWvu_0aVYyj5esKR9QEIzYFdSK4KZCEsO8E2Ok-PCD5RwEUIozr8iEh78clGmkkVjotBq9_JFAcK5p1lQr_xwHqgENQ-1pXBy3sECPK7yXy_bDtMk5aG73rqff-gCOmmpvmmxBmyNiB_B66c76EFueAI6zOeqEwPLqLie5uOXXmZiyuVyyO6dsIkrmAgIgtQ_iIlfkU",""
"|tehnolog (m/ž)|vrhnika, central slovenia","Tehnolog (m/ž)","","Vrhnika, Central Slovenia","Wed, 20 May 2026 04:56:15 GMT","https://jobviewtrack.com/v2/njATIT6oqkSh9mlrRPYxSk1xyO-H52nEede0urZQuOysnw8ePtQFVOj62VhCOrplqwH5E0-i1YTnlkefWxkVM7zqNgIneQe_-pwfl5d4ty2O3LHBVld5YL_cQXhi_wJnIGMwt_Q67RE7YewrGWiSYfAwZ0qRPgRkeY529fP2IxiY9rWh87X43_b9g0gZZ8TuTLDtJ67N2g7f6KIHsVyp1oMn2t5nRVrahWMFP4qWKD4",""
"|inženir cnc programiranja in konstruiranja - m/ž|žalec, savinja","INŽENIR CNC PROGRAMIRANJA IN KONSTRUIRANJA - M/Ž","","Žalec, Savinja","Wed, 20 May 2026 03:05:11 GMT","https://jobviewtrack.com/v2/lBDM1aiNecTjSko-emxFVyqOG4HlBj_1dXZZNHBRpPzKZ9Jz2JejeW5cGS459ewxWWX1DbnkSlLrfBbt2Mvt61huRZ7a0AVwW_uqBPzAvIfm7-Iy-3ijNww2VNzIUBJD_zCXV880I_JBGVbX8aw5uJ3w8rQoMvqvpNV1Y2rKmlqMh8MXPYjFWjyGpZYWQ04Jod_Ba7A3elA2yxwQ-NaC_94T04J_PM0pFSaWKUveraQ",""
"manpower|it inženir za omrežja (m/ž/d)|slovenia","IT Inženir za omrežja (m/ž/d)","Manpower","Slovenia","Wed, 20 May 2026 02:22:37 GMT","https://jobviewtrack.com/v2/20xE9pay8XSccAA3KB0eAFuGaTFdCihNvt3ETtv374Pf5J0I-oLlqRZG4n9YXf_vMb_fCmeWdYpHdLN-SFR758DOjfIZqemXthF_ZEDbVFTkrt6wr7ZiqRT-9i2kE9AHiZcrlFoa8_RKVQxftJwC7D134C8lfIHUKdNEJbgrtOpCA8Qk7OUzK1jjE2jkORt4KZLhzeWCA9FVE9hsWGabAwOQiIKp2q2hYuRI68IKEWA",""
"manpower|inženir za omrežno varnost (m/ž/d)|slovenia","Inženir za omrežno varnost (m/ž/d)","Manpower","Slovenia","Tue, 19 May 2026 22:54:41 GMT","https://jobviewtrack.com/v2/SX7gAECtXV9Ul92hKJfRKX3pS7OM5eWiWf43JIaBL1ODYFe8xkDo0bNXRJgXlCsJUbpYZsdaLLfjJtz3biZK00JfMoLVhNXgJ4Ebcgtz7SFovw907WSFWMTpt6kvv_jErrE5RxBItiT-3AjX8niJzgHOnpvGKtRqHEDLdbNo42nPxWw-BnTK3kl46E6XU2KvTRv3sSUju1km80srDgPiQlubsi-vyp2PD37lRjNNZ5o",""
"iskra mehanizmi|proizvodni inženir kakovosti (m/ž)|slovenia","Proizvodni inženir kakovosti (m/ž)","Iskra Mehanizmi","Slovenia","Tue, 19 May 2026 02:21:45 GMT","https://jobviewtrack.com/v2/uwEaZdoZQoZuC9UQKASmCMVcjyT95GePikbNWIgfAOtJlK8I017Fcx_yj0t7WMdkFZDjQJ1X0NimciyrIYZaS6V7D9SXRs0cjs2WBXPRJVv_aOidAhz22qYOIrQx6UIibnbbOd2gbyzgKozAuKvPV72_E9lseJEeKGu6jlSs84dt0eJ0x87IfV1kLfAVk6hwwegv_5b86Y78Hb4u3V-k_EYWBQVulKjdN-ud1CzsUF4",""
"novartis|inženir tehničnih storitev (m/f/d)|ljubljana, central slovenia","Inženir tehničnih storitev (m/f/d)","Novartis","Ljubljana, Central Slovenia","Fri, 15 May 2026 00:11:32 GMT","https://jobviewtrack.com/v2/R1sCOyUlsiNM6G6FV-f_naOEli2B2wMe6Bq0S2yK6Kmd_raQwNyy3mLHjikmcpJCi8dxh9hwxPmzSmWjBD7wp-uiPvUN6KmonBwkJ-3k4pSwZ9BkfWGJPT87FFMnZiVvI4PFd8Z-qvCr0Fg8F67f1ky5tiYV2ewLB6dsRWyC92JlZLqqrjfOgj_5rIY-Bo3qPERR4P_nMHZb2SnSZE3I9VRg_OhCD40reGw5b2e6-Rg",""
"iskra mehanizmi|inženir kakovosti za dobavitelje sqe m/ž|slovenia","Inženir kakovosti za dobavitelje SQE m/ž","Iskra Mehanizmi","Slovenia","Thu, 14 May 2026 03:06:44 GMT","https://jobviewtrack.com/v2/TvBokxuVLHq8hLTndqpxWM3aiDGLq-5PfqGkpbf7e9lZdnzYJPVeYga0l-JUU6vA_3Kw67tZ6P6cerkrV3WVt4WgKQnKFAtdXkTUqZm7AvqivlNdtEqPWHZrEo3MeKwkDK9cM0o8egT1Glok8KXlCfRNSCU5jodXCT8CFAU_e5h3dmE-zoPaYLoFQBTgwFC8vddVpmsIUmD1kP8Lt-olfwOB-zhQMUBsOiwdCTOcQUI",""
"kontron si, d.o.o.|sistemski inženir za področje implementacije in vzdrževanja shranjevalnih sistemov|slovenia","Sistemski inženir za področje implementacije in vzdrževanja shranjevalnih sistemov","Kontron SI, d.o.o.","Slovenia","Thu, 14 May 2026 02:32:15 GMT","https://jobviewtrack.com/v2/AleLLlLeHYwbL2eKfsjTN2LCnNPLM3D9vHXRtmX0wQ9v2Si4OsPtMEHMkMvoe5ius6iZanmt1nWb7jW1-cXZ8HBo8KwRXuV3znrCZtH9m_Xu696WNFehHDdjeh2xbF6rGHRzqA3DCPV5yGjj82ZB6ACjnqjV_5eCNK2Nq9cjNfvDUc7sX4KtYF1FWd2TuubQ8GFmDWTBbdf-g8fS_nsqPtltMVIffOYnoWtD0Ek0wmY",""
"novartis|expert engineering (automation engineer)/inženir avtomatizacije|mengeš, central slovenia","Expert Engineering (Automation Engineer)/Inženir avtomatizacije","Novartis","Mengeš, Central Slovenia","Wed, 13 May 2026 07:11:16 GMT","https://jobviewtrack.com/v2/7Id4hqwSAabTuxDhzcCUvUoZOlRCy73-vauXicPr0Xadr_vgrSfoManh8cehTepZZfncoyh3uhIGLdPi2Cff0LLzLIrFITicakAvX9B2_RH8E1HbSreXPxo2cnoLUAaYcBjTOY1dxfDcGBu9F0GY8VXz4x4OgpjUMKPpmP301XtXCNdXxzfgFKFaWD1E0vpJ0872fcjD037Na9h9_9OYQGjrvclLZF0WuVrE658xfDA",""
"|bdt kontrolor / inženir varilstva - m/ž|grosuplje, central slovenia","BDT KONTROLOR / INŽENIR VARILSTVA - M/Ž","","Grosuplje, Central Slovenia","Tue, 12 May 2026 22:50:46 GMT","https://jobviewtrack.com/v2/0sMmtMwCr-Y9XhFJ2OAYv-KVmGXNFvMZJTTUB3BOntAjvHOq74-zhGdKrI52o_PvRnVx2XHU0bJE7bqMUxAcHY0kSAkdeZ3FrSARjvw65rxvCiA22s7RFqXO6SOSXCr8HLxueoOJN6oueSMXy_mB4wEniA1l73racClgjTCbPSsm5ouNIzHx1GR1uFm17Zu6RJJtNoYRwTm59CJLNBzCW3WIqHFhlqbnJ0NicEbWcTY",""
"|e097163 inženir tehničnih strok vii/2 (i) področje dela aplikativna oprema in produkcija - m/ž|ljubljana, central slovenia","E097163 INŽENIR TEHNIČNIH STROK VII/2 (I) PODROČJE DELA APLIKATIVNA OPREMA IN PRODUKCIJA - M/Ž","","Ljubljana, Central Slovenia","Tue, 12 May 2026 22:21:37 GMT","https://jobviewtrack.com/v2/LOEKXRc4Qwvw0yxB_Ksqr2bXsrp122i1PDi-0k7QdIR4irRJMdz90kDGrXONNeHmol2Ow979sWCM7Nst1880yKaYCGVC5Bfd-DJgP7wyOp8JjxVgZs1v7AZdBa3F3DiEKWreFAiul3_gg-8uTk0PuzK9rPlMcF26sgz8kAcFl-XfDU4qpMLheptZ74mAySJ__CGFgJ1GvgjvmrserZf1BmxtjzvCDCBBlSj8reuK18c",""
"|kontrolor tehničnih pregledov - m/ž|ljubljana, central slovenia","KONTROLOR TEHNIČNIH PREGLEDOV - M/Ž","","Ljubljana, Central Slovenia","Tue, 12 May 2026 06:49:37 GMT","https://jobviewtrack.com/v2/IaYeFDkebMGhS0q2sipxH6qPHh1kGMArucSVvWh3vFBjSy-caTs8W_59fih04PB6bep1T1R-PdXYNKo9iwe8G9Zle6Evcuhf-A9MADZOILWfw1y8WijozddlyggxiA9wniYdoYt3Ax7d-3DxRbdC7vROAGAsMb468K6nz9huKFuGeJ-pN7VqqxVJTzpv-vsSkXynZh9wLtCKmrlAJfmVYvOnvw6wUlKGAZh7EsDiJJ8",""
"|strokovni sodelavec za varnost in zdravje pri delu - m/ž|kamnik, central slovenia","STROKOVNI SODELAVEC ZA VARNOST IN ZDRAVJE PRI DELU - M/Ž","","Kamnik, Central Slovenia","Tue, 12 May 2026 04:58:42 GMT","https://jobviewtrack.com/v2/39hWw_W3M-dRQfk0aGPM65tv7yYdRmkUMHqq14Mrkoib47Th6l35a1AW8hGme0xYwobTOh-thxPnTBjDALpbIT_aIzB9IlMQ8xyO5Fd9pa1nOh7nN7-NZ4bGk-GMK7occvwTsBKHkqsbdGC7uhfLIuO1jiyamNrxph6W2Sqij4Q6e49by-nnSgg7ziXsRB2CQ_NlrETWtRNyv7_-z6l7C83g_bnaNxAYg89crheX1iY",""
"hager|prodajni inženir (sales engineer) (m/ž)|slovenia","Prodajni inženir (Sales Engineer) (m/ž)","Hager","Slovenia","Fri, 08 May 2026 22:46:00 GMT","https://jobviewtrack.com/v2/KcKyrLwoM3iJvB5j6pCZorvF65rPxVjASSBbtUEUiSnapVxQshxzOE_oRUi2zckkTbq97--ACwqC896fFRu8016QxH_fotZRdkXHGxVybKoaU91XG9Fo6JX_IyxLnvISl_4BUtYkfGdrAtvXXqXcR9wU7BQ2EeV9ZQYWwz_FQjI46kO5rsB5-WmbLMt8tj2FxnXycWGQIXasg21ShPsSoPDF53csol1YttsRArnQ_7c",""
"rekruter|koordinator montaž - slovenija in tujina|slovenia","Koordinator montaž - Slovenija in tujina","Rekruter","Slovenia","Wed, 06 May 2026 05:36:52 GMT","https://jobviewtrack.com/v2/TbfYDTblIrf05LgUtqn_E76g55tKsVu_Zorc_myzmo_O_JQFL4ZWKGgOo1M6ixNiUlc7mPd0027cJGySk5UPuSiLVnKg8pYyKLQVNgZjlxI_gBiKLIcbrjm46ieGsnhe9uEVY69V1FQIwiruKJ-aDC48FCK5-kxnidHGoeCoVqeZt1PYlC6UtIlEpdXjmZX0Sbxer7C8N_rCJh8Q03IOs8_g60eV-1THTOATVC3Movo",""
"|prodajni svetovalec - inženir - m/ž|novo mesto, southeast slovenia","PRODAJNI SVETOVALEC - INŽENIR - M/Ž","","Novo mesto, Southeast Slovenia","Mon, 04 May 2026 01:45:36 GMT","https://jobviewtrack.com/v2/gygXg7gv-7USI6a77v0wajpZltBobJpIR5qwq_Og5P_-qRz79RcyzEA976kCNivP9ayuh5wrWQ5MfI-tQsrWc3qBPVZxt5Q8VzfbMzMu11hT_Wv5OEBP7-Qd_Qh51U46FYOiwp6vzfSY_W7JR9slRJmifrKY_fH2ay9QOb-MyW0Z2-IUsmA9Fw5BplIbw2ffREEuTohdytYK9sxbq_wJQA-RUQxFPBYV4mTO_gmgkEg",""
"katalea consulting|prodajni inženir za avtomatizacijo stavb|slovenia","Prodajni inženir za avtomatizacijo stavb","Katalea Consulting","Slovenia","Fri, 01 May 2026 03:08:06 GMT","https://jobviewtrack.com/v2/OYtqXN9trZ8VVe19bGxCWVD67YTVYno02tPmkLGhtRAUbNmfCvGyyf4JrpMFMBfN-X9TMzkE9VMcNri3nMJjBi5qtsY0w7q_4C72dch6phIMFmVUtl3YRXgmho4pVV4tjkV6LArQraotoNdpbzgnLU05RXpIfZyAYscK5RCDocdBjnEiRRpQkngDxr70ZKHIA5NkEz0fmuKT_PBA3n1ww_HUAxnoeKtMzvWml82-qNg",""
"|prodajni inženir - m/ž|žalec, savinja","PRODAJNI INŽENIR - M/Ž","","Žalec, Savinja","Mon, 27 Apr 2026 22:41:58 GMT","https://jobviewtrack.com/v2/3w4_D5fFH7fz8WibraHsotqn-MQvMq4D-MKKrB8u_ug_IwBuhTGEfrfMaCMqqfCia-XqZkS4oP38Lah_6BuAqGiiNlBme1UqAR2O_W7WYSKBSKBW6Aj_bdl3blbTXGXyvY3C0UJEcOHsVU_9yR3dytPnRVEug4nX0sfYwEejAEJYScGbm6QlOcnBUGL1jI33SJV8OhAC3TtnkP928ZZFGM2I9ATzfmThRw09RuXiTaY",""
"bosch|višji strojni inženir (m/ž)|slovenia","Višji strojni inženir (m/ž)","Bosch","Slovenia","Thu, 16 Apr 2026 22:35:35 GMT","https://jobviewtrack.com/v2/af78B1310aN4qEDMO2MfZJUOA9rrim5wQc9kSo9YluGA41W2Gg5_20k4LeAtWc_E2vbahNUxcHwb21cQ4JZwZ3nQ1emGsUeMFHCyfnJb6y42e6hWeSYDuhxe4T--wv6MVvK5OwjrjklOxXjZmmU7bEn-m7n3NAkSzQoWUTTiumCzFOYoiDZz8rOYjpchnze_0JGCiGd3HF8lUMC86fUMs24oHGNBtgWxKyl0Ki8l9JQ",""
"|diplomirani varnostni inženir - m/ž|ljubljana, central slovenia","DIPLOMIRANI VARNOSTNI INŽENIR - M/Ž","","Ljubljana, Central Slovenia","Tue, 31 Mar 2026 01:02:05 GMT","https://jobviewtrack.com/v2/976Ul3-DLrhT5XNH4SLsBJoWPS47elhBKq4voKhbWYkcLj5b2Q1aFMSWrHcFGD2Ze9nX4-A-jDTwKF_OIiomuELp_AxcQ-KeX9f8yugmdY1Goy-vPF8UrRoJQkdT_w2PVkOqIeGjQ_NqIaoU-J4z4c2g3iKbodY2roQEUqlR9Kahsx3xwLzt_MNt9jROuWUTnBB6SHjZs7wWBuZXQonMB8mpYR0yMN0TLfXngsL-23NiYt01hEqtm89mATeWsFXq",""
"ekosistem plus|regionalni komercialist|slovenia","Regionalni komercialist","Ekosistem Plus","Slovenia","Sat, 23 May 2026 00:34:57 GMT","https://jobviewtrack.com/v2/Yt8cknJNE8jrL68TFTXp5TIqVtEPTke-AnE-jXLYxAUMNkjqeLpFClXIeJKHFGR4TDYirmZq9wHbMHPNLNwTegnKb28jRACjUUSgg9_CFyDFWVL2eR7MV36KOCdd2aSWQcyngQ1W9j7vzsQx3nWH1ur_JYWFMUaM_G1zI7mqIFWsInB8ze4AYsp60-P9-BtLuWzavEHbUhf6PXcegw8hwUiUi1W_Hgi_Z8c6VjCNVSs",""
"optimus plus|komercialist na terenu - vsa slovenija|slovenia","Komercialist na terenu - vsa Slovenija","Optimus Plus","Slovenia","Fri, 22 May 2026 01:47:57 GMT","https://jobviewtrack.com/v2/uUxszkQ4o4rAIQuRDbQCnoBxCxBPKFLeOQDsEM4r__2PAQpR_jrM_MqVQcmVs0oJX4acpiVIGK8NCBjKXbk-_xbTubZyvgUXoK9QBLMm2tuipeB43cmMLDH3vT1F_rkZa9rffB8nNHOcuN_uzp4AU-LCgoACTGMd1QGN6L5O9_rNoi0dziN77HInns0BVsE8QosAek6cmNT4FxRK90k2ee6xN4fqMngxj_w9HpWE4fg",""
"plan-net solar|komercialist za sončne elektrarne m/ž|slovenia","Komercialist za sončne elektrarne m/ž","Plan-net solar","Slovenia","Thu, 21 May 2026 02:37:50 GMT","https://jobviewtrack.com/v2/qQBBcdbd-9-fO1XE7pmoOeZbmzWRaNMGe2Hr9qMM8itL56V8EzIs90peLVHGdrRUSqXiwyFc9zmxPHbILM0RiGoHoAzos_TX1uVn88VNl-FdUaUfkfIxeVFs8zvvsWvEKFomHs6aD2sh-ijykdFZ1ssr0Ok6-BWEv9gOl-it56TuvOjnGLlRGLK87vFJsR0R15gFdjo5kuD0d0gVLqChaVSQfOIG9wRaokUFx8YH7o0",""
"|nabavni referent - komercialist - m/ž|maribor, drava","NABAVNI REFERENT - KOMERCIALIST - M/Ž","","Maribor, Drava","Thu, 21 May 2026 01:48:57 GMT","https://jobviewtrack.com/v2/w6Bi8wjA78T-l9y48NMqP6grjWh6BF6aHSCKK1skvXGe9fb1fnFnjC5Ig-HoSO1gdqpXmbfd-dMF3Fo6AcgLs0BGnoYBzr3tm6JrNjE3arDomw1GDtrBSaSnurXjCMMePXnjq9HjbNR2GRAEK9XA4Bynw7dltWVT9hWGez5ScyK-dcNmoVI7v70izNIEiIjRVtIiLojaCUKLmY4wTCeaLhzJI5jL16xzvJYdQHN1NEc",""
"|komercialist - m/ž|ljubljana, central slovenia","KOMERCIALIST - M/Ž","","Ljubljana, Central Slovenia","Wed, 20 May 2026 06:39:12 GMT","https://jobviewtrack.com/v2/TvufWJ1FGf-YHXOOYyBnbVzlZ7zQEjXnDbTnXw_1cna75P9WEzL67veJEr2VwFHAjQxa2r9MxN-813yyBscuUDGSXrPk7bCglmrgb-wHMaUYf9_3NuII3CFQN_gLmLPDuTagPoDB2UReJ5tuCwgNqHULX8y0JJ1CjMsJ8J9W7EmfNtnN8rfXei9GEC3WsrsG3o5m8GTkNSXAttgH21UByax8KUN1n4ZdZDvi6kz5amM",""
"|komercialist - m/ž|ribnica, southeast slovenia","KOMERCIALIST - M/Ž","","Ribnica, Southeast Slovenia","Fri, 15 May 2026 03:13:22 GMT","https://jobviewtrack.com/v2/yOUrOM-DzhmrOy-BwXINq68mvQr-1-V_7iQ4XFLGU--Z2h_jDOXbhI1w77nqgy2whyhU4b-g8X9HwsV3iHkKgcqWd12K9XUaDZ4XpPbIQzBbE5zB-DKCmWNUXBvZET4LKuQVlftqW2-OLqsbawv1T1NUAJxYM88wTdn8cNmHxZJ6YrYYNmfa8421rH2wctlaRb9dSntHdrefAFbUrbjvyDsXun8PCAugUb1-Kfo9Rro",""
"|komercialist (gradbeni kalkulant) - m/ž|ljubljana, central slovenia","KOMERCIALIST (GRADBENI KALKULANT) - M/Ž","","Ljubljana, Central Slovenia","Thu, 14 May 2026 04:38:16 GMT","https://jobviewtrack.com/v2/Sc--uS3PLLIypwTrEEU9b5rq706tV0EoOzVXT2RK4su_y_xsXX1XAWM9BOrgwkt7ObWx675UNnBvQFVhjl0pz6HrXStv_pVzF6IxbeUs3i3aRAYA0-u8oZ5ORLJ0Kjfv9_YKOn7t0plOKEE2inzmjWuU2kCwVZjOI-fwRZQZtgsE3BR2RIZThrAjJioRKatL36LbMUJyBcu20NN9j_LPrSZLqtCf8N-id415UAiSpI0",""
"geaprodukt|komercialist za delo na območju italije|slovenia","Komercialist za delo na območju Italije","Geaprodukt","Slovenia","Tue, 12 May 2026 23:32:10 GMT","https://jobviewtrack.com/v2/5jLClVDWDff5XndhI5InIMaIcvO-w77BQPiOh1IBVpOa7fERNdqBd_k6SN_vILzYJbbCdrl0803DAWkmLOJcqQ0Y6vrav4mdsu0sO4daJZ_nw_QRntgQBEU9K5Pf-tPv2iE96Lh_Ok1wD-tnHS1xclkH8xt2sWywra62llLYnW7AkZzdpjiFVSCea7S1RbvQGX9_OVpV6Q8WGHPx2jOXJfTIjMwrept_b4uqYRjdquY",""
"|komercialist za prodajo elektroagregatov - m/ž|novo mesto, southeast slovenia","KOMERCIALIST ZA PRODAJO ELEKTROAGREGATOV - M/Ž","","Novo mesto, Southeast Slovenia","Tue, 12 May 2026 23:29:36 GMT","https://jobviewtrack.com/v2/eDMsI51lwS_O_98M1eFWyAooSWyMcoQWohbTx6TIIjWvX_9-UP7TI2dFRL-6Giv3Wd0u3zV1Yi0sDDdRdlo1NdqOxLLvNBaT2NOZoUV6lSIxxOnVSrNWcOTMqcrcDePP6QG5CJqPK9nbL6EbxrAZdAHjRF8ALsY6GSc4U68UcsSWaE5y8kShd5A2sgB4sdB4qn4YhN5-vTRIP16T1NKwrVx1gIgGLNzNjOWWsEjcteE",""
"|komercialist elektroenergetike - m/ž|maribor, drava","KOMERCIALIST ELEKTROENERGETIKE - M/Ž","","Maribor, Drava","Tue, 05 May 2026 22:21:14 GMT","https://jobviewtrack.com/v2/nzT5O5d85bFuQg4kHyX25VF7PadCGxglll3kcDj_WpQ6RJpgDC5g5n9mrX_04dPl68vaoCd90At5yO24S00KarqXXi3K5_qPep4r6OivZkUclw6j-nidYeKYYbVmBV0ucaXjSYZol1TIjI8JEozD30JPO9X2wlwLrDWEa5dMbIL4pXuE9J2UomTdqaGbnNq6HQryJbEj0xXz-0qvBcr5qeiMcy_ujILErds0UxmoQbg",""
"mibra|komercialist v prodaji|slovenia","Komercialist v prodaji","Mibra","Slovenia","Tue, 05 May 2026 05:08:45 GMT","https://jobviewtrack.com/v2/Xx3Zo7LVURFLmTJlHHFdZDwDeHFbBvMThgZ0o5XlaHKX9BpuFziRIMXiv12ZLbbeudFmlNBMjI_fznRWltXjTF3BU_TVwc2UPunqzADHaNHK24XvDMoE1sA0qPjtIEXqCgVzFgi8LKTUfv4k0TbMliDB7CUaFz5ddIuxK49b-6l16pHNzIRvDQZZ6xpgyBliw1uxOtHN4Rh-XqzqapkleYPEMY5Z-KNPmHjG9DyEaqg",""
"coca-cola hbc|specialist za izvedbo/komercialist (m/ž)|slovenia","Specialist za izvedbo/Komercialist (m/ž)","Coca-Cola HBC","Slovenia","Fri, 24 Apr 2026 23:41:13 GMT","https://jobviewtrack.com/v2/IdsZlkk9kAy3npALvDuU89tzwVyhgPFnzZt29tN59a2qCbhn-gRqFjp2nSgjoaK00RXHT30QcNJC1J8_n2dFmcR22qeDNcm_j9YOot1xCtLcmCncOx1eH8LO30PRuW9YWlblHu-5VObt031Gw7ZH1fH7mXa43QH0QdAsHjoQxyrpfHNYgRvUtrxb7TOMH-EFXP6nEfnVIvH0GfTf5y0uv6tIpFZits63vgQ37GpQNbw",""
"|električar - m/ž|maribor, drava","ELEKTRIČAR - M/Ž","","Maribor, Drava","Thu, 21 May 2026 05:47:02 GMT","https://jobviewtrack.com/v2/XjzsRfiOjrUYwYT9fjUA_R3wUw6u2Oc8xfnvxLsLKD9Il4_ZjIjsfFx9bDISt9kmc4d6Q0bO-0ItHcwuGu9F-r_DpJlDphX0BpF6CJlcq4tS4bmsA4dtvGoYHsGZVWj9hDT1DfhHv3vBIEcZeerVAuM6ge7xbCvfZmMVW6_nIzjO2DTeOeVnJBWNJYhKno4ltMgmnxpAos6xQ6vpGq9yfsUhfX0mR1Wpt6eklKioj1g",""
"|pomožni električar - m/ž|pesnica, drava","POMOŽNI ELEKTRIČAR - M/Ž","","Pesnica, Drava","Wed, 20 May 2026 05:23:36 GMT","https://jobviewtrack.com/v2/TiY4OT1EBAYgZ7aHgA2KbsKX6WDRkKn_9OijxVbDWlzkDmVtj2S1KqD8Vo9CstjVD5tataf-JSn_0li3hP4AUkeMtZr41K4t7oPTFADVx1mQO8M_9lwshUl01Ee1MODyaIEzti3QQIPvyqHPus2nbeBj4PGRU5xCuhhrHE3Zd1CwPC63FsHNhL5_MaVaShJVeyJGF0DexWwRHStJaiMemGpHxs6bDlZSGB8xs0XKz7w",""
"d-m elektro, elektroinstalacije nusa senica s.p.|električar - m/ž|ptuj, drava","ELEKTRIČAR - M/Ž","D-M Elektro, elektroinstalacije Nusa Senica s.p.","Ptuj, Drava","Sat, 16 May 2026 05:09:21 GMT","https://jobviewtrack.com/v2/uOdOJwYI60KqjFRTYe-TR7EeJ8KynRnHJoZAzLkvy48epcOoacA0b7E-eLlAxOua8kzChjioBhHh3SD-lHo1cWEifE4IRplIXCg3XnT0EBivUmKmuA_wN_FQNDUeA3jZqWL3ESygZbMUTGWH5kejsD7ToQsnAC7sD0DBZmA3npfacWVYk8n5REAyZdi-c6v17PSniQLNW68QWhJ1AndzhTDa-8WlB61wkuObNaOnvo0",""
"palfinger|montažer električar (m/ž/d)|maribor, drava","Montažer električar (m/ž/d)","Palfinger","Maribor, Drava","Fri, 15 May 2026 07:01:56 GMT","https://jobviewtrack.com/v2/df9-BzHjvy5uC52k7oUKx5bnfEkpZhKoVGimZZd2Yz6zWs7N3KNsOKjE0iDyQ0z9Fd9KmUdBZdVPBlV8fiTYkIXydROxr4JyhIUFHrx3AZlFC8CGNOfBkBivyFEFOS3xgAUSYbt_7kXQibU2va0AQH-MiTJRIcmgqPBfv_GIZ0ZPmDA9RUmavpGvGc6S_mHwX7eTYEZsY3z99229OjztN8ZVnYz-hcV9Z3gPQA_Ztys",""
"tsn|električar|maribor, drava","Električar","TSN","Maribor, Drava","Fri, 15 May 2026 03:17:01 GMT","https://jobviewtrack.com/v2/DDOcCEPhGiDaF2gK2-wHtgY7hNl9X4sEr7rAXpv0mOCXhqO5ojXSN5BEJN4QmxNgbXfyVVxkMl42NSokdtL65vqXP6uJWYDRVm62UW_5USDXsMBunzPHA8O9-91NXWP2vKkIzuY-eDkvMMRlWIde3VmXE23GthJK2XPL2GGM9LB08wXTKq6EgKa8aTa9tD0_mJO6ITwaBfB0qLruPSOVBBEDy-7G-6NpuVMRPS4cy5c",""
"baron international|elektro vzdrževalec - električar (m/ž)|slovenia","Elektro vzdrževalec - električar (m/ž)","Baron International","Slovenia","Mon, 11 May 2026 03:37:00 GMT","https://jobviewtrack.com/v2/seZnlOUr__Ol8wpVRdN7wBfq4kOdfx73kjvgb2fb7eFnakJ6nkYOUfyAyogMlATC957cQaKtOMqbMTv_v0q6LiI8CDn8Afq4ES8uNy2EMHGoYUFyAJMtUJSKrqYvGyEeDoO9YvKS65LHHe9X-ThcxCFnAyTLzva8Dqge8AtiBjQBANgXFlESoLR8I8ROxRjONT9ofY3VdiDjMTPNhDPHXGWAa_y6PRRSk1zbf-UDmyI",""
"|vzdrževalec - električar (m/ž)|ljubljana, central slovenia","Vzdrževalec - električar (m/ž)","","Ljubljana, Central Slovenia","Mon, 11 May 2026 02:53:07 GMT","https://jobviewtrack.com/v2/X9KWqeToagyQKm9Xs6MjUIcTrCPVD-SCxPyLbZla1ExUHgl7WaD7FeKbVcAetyf2CWC3rSBZM3jzch30jQDo0rmjNGwmGPKmLp3VhOSalJ9dWmOrR84lxceMrOPH5lEDm0TuInl5LhOoSfDesOuuFPYu5w8QJ2wcKJ8MWxfXs7wGOajaeLM0lKm5x8K3-c_8lq_TVtMj9p215MV4QhRAqwP1R0nlBmqIFIm-sQ29gj8",""
"ak automotive|vzdrževalec električne opreme (m/ž)|slovenia","Vzdrževalec električne opreme (m/ž)","Ak Automotive","Slovenia","Fri, 08 May 2026 05:47:53 GMT","https://jobviewtrack.com/v2/MaC1kn3F51zRDd7F6szJIayiRnWW4x22gDhzDltkQFV3Sz-slklMsuKsU8M8KJMpuu87GAuvOig1sP1EK3x4DCqNq1f2C8qwgvt4-0-pBkQF60j1uEmHazgALAMZ9C1DV_4WlBcRTiZqDYC_XTGbAjRhYH2bqk1bG2txwsIsx603-MabZudqqjQTm7-NjvSFKjgwIaP2NsXjT_qg7c1lyeOcZWjFM9eNZV2zQ8o5LGk",""
"|procesni avtomatik električar - m/ž|kamnik, central slovenia","PROCESNI AVTOMATIK ELEKTRIČAR - M/Ž","","Kamnik, Central Slovenia","Wed, 06 May 2026 02:46:57 GMT","https://jobviewtrack.com/v2/HaAoygivel6wu46LgW4Cdd12XQGVMQQm_V6nXDXIp3EGhrIZydI1UtpXsiFbQlHeVvWbZLgkVchM60J0pNp3OlOHcw0SMYWlAtDlghN81la-oZb8BfgFvKRhX64Zgu6s71dFXn6qYNk-C2v4wMkkQtNEEHREYyGPCZ93ZGqKST-wzjq_VZQto_CXeCw7IirnnYUVGvk13MIxdWlJiMjtdtBg3Ibs2uN69SP51mv5Rmc",""
"|električar - vzdrževalec - m/ž|lenart, drava","ELEKTRIČAR - VZDRŽEVALEC - M/Ž","","Lenart, Drava","Tue, 05 May 2026 23:36:24 GMT","https://jobviewtrack.com/v2/fCFlkC-03wUmw7G0YS3-In1OyDKO9iisJm5YuPbuSZK_Rn5s7xsMdL--QTtzQC47j76hLmEQlHwQ4C1lyBL6CSYUcNgoLUUOW_dAjr0ywChTkt5bwmxKidI_tzb2V26xJo12rDhw_YhFI08CSZst0nCdo8NOGnrdvbcvoory_AJkaN6gfkjKpc8Xs6ihXUx6mX4Jz0MRuPMAuCkAyto68ahCSXTDZEF6IB0RxaJb6xk",""
"|električar|novo mesto, southeast slovenia","Električar","","Novo mesto, Southeast Slovenia","Sun, 03 May 2026 10:22:03 GMT","https://jobviewtrack.com/v2/20haHp0hWPPIsLkmNjVvut8pUmamdTVT-6IvXYtv126gGo7hBiq1YJJfXvQfNsQVoRgnl3M3jgkfFDm6VtLEFu8H-RjhRTmxBEasMvNbS-EoMDA0E2jlgpG-3yy0D5oc_Onjc6GiAQgPBiqen9Crr6M8MqXfMENVz5Q_d68ZUFNkNjqP_ocnZau2iddbUBv1UDruSUS967_-8KdZ_-mJarXo6qnY91-wQGalqcmq-oU",""
"|električar vzdrževalec - m/ž|žalec, savinja","ELEKTRIČAR VZDRŽEVALEC - M/Ž","","Žalec, Savinja","Wed, 29 Apr 2026 22:17:08 GMT","https://jobviewtrack.com/v2/KsV7opV378tunE-OVPoUBjovXL13owELQtaQ0LL2108Skc531BYUaBtT2NGmEyk2X3uq6tS7UkaQg6r-CZ1Lme2dsQr1J9581oiZlYSc4JgE8Ybea9lFElOO8YVqsAhyaqfPfRrDUQBwijYuyisZ3SauP5i4tG9hdrV9L2Kk_aK5rkGB1Dh8LhODfm5siWGzynxBe707Z7C4Sue9KB-Nqq9SdRM2t6jXsc1S8zlLXI8",""
"osnovna sola ivana tavcarja gorenja vas|čistilec ii - m/ž|škofja loka, upper carniola","ČISTILEC II - M/Ž","OSNOVNA SOLA IVANA TAVCARJA GORENJA VAS","Škofja Loka, Upper Carniola","Mon, 25 May 2026 00:09:34 GMT","https://jobviewtrack.com/v2/NehBqsWHJuql4iAVzQNEkF07GJeQ-XMqyIcTA2isiRPE1-rn8xxHc1QmaTnTmya4p3iy9WgMjKrdNPX3Y5kRo0nKnoPs_idpBwU9VnH0sIRdofqSr5FraDusuBNzeTOdgZN31qh30YK1oVf_d7o0a1hPyM3qKke3Cp0xS4Mbh0B80D6wYFdHi99LR9Agvy5x_rJOqTLFIScpa11zrcspKcjdNeVWOc_L66ZfDJhE9u0",""
"terme čatež|čistilec - m/ž|brežice, lower sava","ČISTILEC - M/Ž","Terme Čatež","Brežice, Lower Sava","Sun, 24 May 2026 23:38:34 GMT","https://jobviewtrack.com/v2/hAYvoLi0AxoQc9bNqoMCvtF_UwA5JOLxrpRyUFpl1K0OFuoccEVPdNAzGC-VMvYrcaCd6_AeSt9Enx1QWyuckcBkcDzsqbZ9mzvTHS5dkWCq_TAEnwWRfVxTg6qnIe9vomHDJ6At4GKGHmNNdh-bMDYztKSBRaG1Qq27FJ4Z9901-lpzp1Qhb7e6Y3IbXkCGzvzsuO7OMrTLr4jFQF78ojyw-WrdlmHcN3kPLNTia9g",""
"|čistilec laboratorija - m/ž|ljubljana, central slovenia","ČISTILEC LABORATORIJA - M/Ž","","Ljubljana, Central Slovenia","Fri, 22 May 2026 03:32:59 GMT","https://jobviewtrack.com/v2/5Livsr-LPsKS7TUsMxa1GvuNliVnoeahj-sGbnATC61GyREloKIYctTPSFLA1TcOYT-w39P93hNvok4WbxU0844fIwnoStp26ScjErmE3hvhiVn_DAGs5aNOuGKE2vkDOXT_7aYmVA7jTYBEVFS400ZRHXkCG8UlAHqS9uuuLyRUMpnmbs-egWYVh-W67VUpO0_xRcVe7RcexYo570iml-oY3uOr0a5OCBC6xj_Ju6A",""
"|čistilec - m/ž|šmarje pri jelšah, savinja","ČISTILEC - M/Ž","","Šmarje pri Jelšah, Savinja","Fri, 22 May 2026 02:17:50 GMT","https://jobviewtrack.com/v2/UEzrfE582wQenDEBTwb_wmvdjrFIIlhwLKO0zg4XTTmhkTMBdCFtenTuCk6XhCDMuEr_2VGQhm-lpgDA6KAtNIHS5kp6dw75JZI-ideqy0qO3bMDWYsN9rn2KCe6Xea6IjLla9OFSonQlD0www1rIme2ZOuFZpGpw9q_w1e-MzppZB6nLwXo-IRDrzaQEfI-geNOZpiIiXZss73WA7LoWuDrljP17KH1M0CDurh6erk",""
"|čistilec prostorov - m/ž|šentjur pri celju, savinja","ČISTILEC PROSTOROV - M/Ž","","Šentjur pri Celju, Savinja","Thu, 21 May 2026 07:58:15 GMT","https://jobviewtrack.com/v2/wVaUSlTxQws5GqDmgu-Ah_rwtr5d9ZbtAL_oeI8WzOStFKJBEProFU_IKE8UXesPSdHp0KdMe3GUXGYVOe9RtQxeXW6iJkmRhg2awtxmZT8MnlNvsOb0v2BIurT0mssPUWqTVQeKzcZK8-ffzvG2OGxMRy-oSuLuXmWAvuzLVPzvBesujdh8hjUnRlad3ZUd1fNMgjVtymFjVCyJsenLyrUmdLgkTvX1lhUgfUOpEC8",""
"|čistilec - novo mesto - m/ž|novo mesto, southeast slovenia","ČISTILEC - NOVO MESTO - M/Ž","","Novo mesto, Southeast Slovenia","Thu, 21 May 2026 04:52:07 GMT","https://jobviewtrack.com/v2/QoCvHlPcn8NKLXUtPeE8mNZrNNZEFCLJcl4U412fTp-jON88HTevz3bFqTw4Ej0iRgC6_c462wCrgqFkmd-7vWL1Ft7yKecEZprMeJpAwotOUp4tGGEfCF2qXFp-hnhR5qB014aFGq4y3Yu2Nj9EuJ_6KivhXs7r_1_t3N4S41Bbt2ub_N54fs2O4wxGGBYcU6UuHDRK79fxkvEQcb9xk5eIm5y26NQHcZG02wiyOK8",""
"|čistilec/čistilka - m/ž|murska sobota, mura","ČISTILEC/ČISTILKA - M/Ž","","Murska Sobota, Mura","Wed, 20 May 2026 06:59:44 GMT","https://jobviewtrack.com/v2/xCGUmwSRRU5JU6c5lgU-eKfZMFIMB4ozgi48r_3aS-eWRBUsHb0NjYs0ykJebNs2qyQ7iyBXKeEe53Bv-tTTRicyy2xWvIPDgdO5arLVTD81qx3PjHk7ScscQIWI86c2dKTyQVteQTdm8H5EmWCi_huRisVWXGZ8c3DXwlPutUMo66m2NcG0Ebb2IttRqCNjfS3lDfMpIHhAgcitQhmd0Fgb1f2tmoMYwS0AK5Ggbpk",""
"kovinoplastika loz d.o.o.|čistilka/čistilec (m/ž)|slovenia","Čistilka/čistilec (m/ž)","Kovinoplastika Loz d.o.o.","Slovenia","Wed, 20 May 2026 05:15:25 GMT","https://jobviewtrack.com/v2/XB9hHG4rUWh-sQiw_XsXnbwfQ1O9-cyjXNm08APW3wSutocNkBpqsK13WR7oRlnnSWE0RiaFkcBfNHLYsQ1c1uwgdX-sO06250e5o-dGICCg265AV2pTJCqjMtcB6sjZVfsKrajBys33PpZVxMlqmchmlrbfwZDbOBr4oEqkTlcawomef04zQbQYqYzuK2gXj70F2xQMIwTqTNcFGeRvtlGGQeSYqoPOJaBNbsP0Uqk",""
"|čistilec/čistilka poslovnih objektov, nepremičnin, premičnin - m/ž|slovenska bistrica, drava","ČISTILEC/ČISTILKA POSLOVNIH OBJEKTOV, NEPREMIČNIN, PREMIČNIN - M/Ž","","Slovenska Bistrica, Drava","Wed, 20 May 2026 01:31:41 GMT","https://jobviewtrack.com/v2/O0C5m3N0eOzFK9BKemg7sRgcm3swleFpMwy3Jeny_KFlK5gW6hfuSabcdXnr6NTkeJeTegzOxowLWZ-mOIzV-XR7HiQVLxugrZ36Hv5nwajVaGIfWo2soo44gvYEFqmOsTMa2X8vYpBslOsu1Nh-w4Mni8xGXhQctHcp51wfD6W1FAhHcjigI1l9EgmsCn-ZEbRSa_WG47w-1V6noAY-47JzksLwFg4uiN1RacpzDSo",""
"|čistilka/čistilec (m/ž) - m/ž|ptuj, drava","ČISTILKA/ČISTILEC (M/Ž) - M/Ž","","Ptuj, Drava","Wed, 20 May 2026 00:41:48 GMT","https://jobviewtrack.com/v2/kwao-TqxtP9Kn9DSBI8CWJA8K_AZeYutB1N5iIWdFhFEzMrH4KzO-uZhek8DDLmZ-7dwd2mifGDJuEaT_z_Eey6YmtXnmi3JQFDTUF5b5JgOri8tmLLnjn45NVA7mLETwoPtla0y1I4vN21pnT7cFE-f5Gf3gdzRkWTfeKxT51pYr8OwUVVoidkE_nsRSxpgCtXzNS99miK4sGiPZVgxF59RLByl_m2RomMwO6N-g44",""
"|čistilec - m/ž|škofja loka, upper carniola","ČISTILEC - M/Ž","","Škofja Loka, Upper Carniola","Sun, 17 May 2026 22:51:15 GMT","https://jobviewtrack.com/v2/rVyD-yEd4sXUJZT-UVL29_tn9B-nwdr3AKcMAAnrEJbnTbAET4nFryM50Llp7dftIv6ZgxsCXUUkm1DZQ0t6A_wq_JxydlMKdzBTw1rXjOWPPmWHpKrlkn06AT18kpBh78n8n0N_ut0HONXRjxztxJkLuJdjHM3i4udUPZPmwwU2fkeSIvWumJZRk4yL4T_80UPzcsQg_4OdLvvC6iINDHC_il-9k8St_1xXtz1WkfY",""
"|čistilec v restavraciji - m/ž|pesnica, drava","ČISTILEC V RESTAVRACIJI - M/Ž","","Pesnica, Drava","Fri, 15 May 2026 06:32:54 GMT","https://jobviewtrack.com/v2/yTZilzwq-pXIsZClB8SNUUXV1EYM2EKAHk3CZO7SQhFQPqCpiZC7u6oB6KsLuwNcBhf59UdkUo1eFNlu0xklA0Us7-3JXlfxIwD_ei59_tWJ1Fs9_-JlKw0YpEOHbMeuxtoIMkIGDYfCx-3Z6AZR3GxRywVSQJ4WCZIWqEE7lnaIBslA2lJVmG11Qtt-q1qcmPhtFT2cDStfOQyCP9viSVgHsYzrhNqBef5195vnMSs",""
"hoteli metropol|receptor - čistilec (m/ž)|slovenia","Receptor - čistilec (m/ž)","Hoteli Metropol","Slovenia","Thu, 14 May 2026 07:46:40 GMT","https://jobviewtrack.com/v2/zm1hojvjM4EXnKloSjjVtN7BOhHhxnJNtMNWlkNHHAPMhyGNWSRWJMDJtarIZIMsiPA2zk7IYh5KdUdIRhplhHMzwfOqwHgiASvXc42nL2n5nA2lWsqoHF1_alZB_X6G9QScUvHPQ3Lt6p3YPJVkwzMa_-NPf3xxj3ezxkIjHzzEjPhL2JbUDBmgdxvXmNEtVJcP7CjYwOcta-8GiTGgY0JplXSox7qt_oMcUO1sNaA",""
"|čistilec - m/ž|izola, coastal-karst","ČISTILEC - M/Ž","","Izola, Coastal-Karst","Thu, 14 May 2026 05:56:14 GMT","https://jobviewtrack.com/v2/Eh0ULN0lArN7NPDIwhEM4hWwpM-SfX73_S-KK6ctxCMjju5bDz-UdvOqenvSizHmsL3oVytqVnsXzJcjWyKkRZJBkzJctzF_7g59HxmwD5_qor8NtHAHqvhaL5evj6f28XvFbnrZpgfDpWkgVenWcSFjexKromnQSFaMOJrwdZe1Z5veWEo7D2KKIEHaveWCNVoKFnW3zrkqPC86avRqbJ8tfBE7vGeA9TAe3E9mfDk",""
"|sobar/čistilec - m/ž|kamnik, central slovenia","SOBAR/ČISTILEC - M/Ž","","Kamnik, Central Slovenia","Thu, 14 May 2026 01:32:01 GMT","https://jobviewtrack.com/v2/X47U7GMhX479ASuHw4ZVdDkfTeV-K1qTBiSgGAY1mw0XM58PrZBk-YhZUsZp1FKgn47ebzR62IhdXY6UA0nZS8j5xNEvZXq_JAnlcxcYNMKM8MKUKrgSLq-1apJzukQNR6xoQLscRQ-rVQaQSw5Xh2SCIVnhiiEdsxU3bJl1iGf2Ro-bt0Cco2Xm_Pv5Bx4fKioC-US0PbPhnyEo-PiBu-_mIbZLscnGfZr_Wyjm39w",""
"|čistilec - specialist - m/ž|ljubljana, central slovenia","ČISTILEC - SPECIALIST - M/Ž","","Ljubljana, Central Slovenia","Wed, 13 May 2026 05:44:03 GMT","https://jobviewtrack.com/v2/LyabZEHR3KspAP2gcAEsr-vTLLI3ty4h6p-4UhgSk6cnfvd6chblRT7i_3jEhb_FnJiDLgNgELGrHY9O9Ef0s6sApZBLlXzx9VBEVBHbHe6maWgc34WBZDYYyEz7yQLA_XlcNAB0O9zk67T6-QU9zFx_R3gMH8MioK9rz8kOyAWS6Gybaxug6PC9VhnFHx5imsn85sedoUMZA6vxYHJsMcVy-jLjMZ9MrTEJKnWntR0",""
"|čistilec - ukc ljubljana - m/ž|ljubljana, central slovenia","ČISTILEC - UKC LJUBLJANA - M/Ž","","Ljubljana, Central Slovenia","Mon, 11 May 2026 22:28:35 GMT","https://jobviewtrack.com/v2/Aq29Pke01WJHK6SFpp0QHpg_JUD8yKBktmziWhfcmJldl8-w-bjXuAtX70zD2NpKlShItWlt8Y1Q5YWH-XlOCv9zWey-KUBx90KSvYqq6C1yDhmzaONq_bzGbXYTQvGWIBc-K2Zq9pa8SybtIQmM-SRURSBfYsDNFQt9em_UTTTQD8qzEjBzp6p_Bu9vKqxQkum_ajy-Pi3qH7wXu4nu6HhQjckt7RRpHBf4mXZFYDQ",""
"|čistilec čistilka|kamnik, central slovenia","Čistilec Čistilka","","Kamnik, Central Slovenia","Mon, 04 May 2026 17:43:15 GMT","https://jobviewtrack.com/v2/vq1bR9Rm8bBoVyQVZI7DLbcnakol38U4jhrpJJWY6SwI8A3FIbXu6j7ewWgkKw2oVgaPdbq4puGN3OgANDRlcFI4tnZOVPcwcsYA2Y2jvTnlGgHARayheIFDc9TMqRU7RWEkkVWblmBDG6LQVUjdZZAkDPApgHN4e2JOmJCnpLaw7psOgaCPajqUFVSc8Wrw9J5_DkO6O5yMO1ooSHprepkEc72P_ikL0lv_mMdxdZ4",""
"hoteli metropol|čistilec na bazenu (m/ž)|slovenia","Čistilec na bazenu (m/ž)","Hoteli Metropol","Slovenia","Fri, 01 May 2026 07:41:36 GMT","https://jobviewtrack.com/v2/UgWwhBCpGruJkzmxnAp1tOu0LyPp00eAXoUzZNR53TvEeDLzkZ-Bmd0FDpMMnSoM8p1JFtgRddjHeeTW7StMJ2FnNont-0GaaUT8q7-DPrsq27eHu9NuUvWZCoABjN9SnfDuvjgLsl76symtHgBcgekBMzHd87YWkb2wNdEl23YqIOvu7AustXPmSqpp5c2Oi5VzfqvL9KaTFKvJP1NHX_Or2ZTGqcJDLMpOOSkqfL4",""
"|čistilec - urejevalec notranjih prostorov - m/ž|ljubljana, central slovenia","ČISTILEC - UREJEVALEC NOTRANJIH PROSTOROV - M/Ž","","Ljubljana, Central Slovenia","Thu, 30 Apr 2026 01:25:55 GMT","https://jobviewtrack.com/v2/yRvIlzHlk_UYo3YAiOAxlzYqKwJPfxHL7fybmlmRy-TLUxJCzqDI5L_dEr9Bk6GItKvN6Il6WOI5RuElF5_4aEBowUZKmvpXC-24zRmo2cDFKCDzEQ5tcnKJ6thkUGa2kSO5UXtPj1r61z3BHxRuKWlsp5MZBmrBdotFwj-k9HDezu-BoEi8HNBcjo7_RN_E_5WNoF7QmICo0L1oHkC4VaEQCCILMWoEus36CHYVKTU",""
"dobrovita|čistilec - urejevalec notranjih prostorov (m/ž), zgornji brnik|slovenia","Čistilec - urejevalec notranjih prostorov (m/ž), Zgornji Brnik","Dobrovita","Slovenia","Wed, 29 Apr 2026 02:25:28 GMT","https://jobviewtrack.com/v2/JZ-ztuXcXs7VYzLQYcs6uAJ9oX-nVJjAkZsxaf_VcYpS_qDA1UwQbseVr0w-a-6nKqNmzxR8agQs2bJrDzU0aQY9WOdLW_8qsw6gtxApBCwI6dadIjsF6N61WH6807KZUGvxrcwRf_NO3ihKcqMH6xdWqrWJmxm4ioH3QwmehVvMlNEyKHx_c7WekKEfWbhFf5r7zCQzwirpY_R9wdyPRmm6Ojaw35bHgMs4YUaH25w",""
"|čistilec - urejevalec notranjih prostorov (m/ž) - m/ž|ljubljana, central slovenia","ČISTILEC - UREJEVALEC NOTRANJIH PROSTOROV (M/Ž) - M/Ž","","Ljubljana, Central Slovenia","Wed, 29 Apr 2026 00:24:05 GMT","https://jobviewtrack.com/v2/_NYVsbiOiiqyyFNgae5xf2D2TEqCbkyuNCEL33OhiBtWMeiqec6I6fEGjHPybonSEchW2oeVT-zYrP470z8ptNZPde_3guF5mcdCCW2_7xgkw3Mv8ZoZhdpRlxHKHWeFEdGb_jt3Bwe5eBslxX5zwCTNoLbnUd2PLG2sLJp0nbPvna0pqKvre2TNWoJY7tke0pRXPFTPSL-aUWV6-kL6ZRaGnvZpwQWcKaDs2suCa34",""
"|čistilec prostorov - m/ž|ljubljana, central slovenia","ČISTILEC PROSTOROV - M/Ž","","Ljubljana, Central Slovenia","Tue, 14 Apr 2026 01:53:57 GMT","https://jobviewtrack.com/v2/gcCVKH4sSlADJi41zyey2bKlABP-vNUtv0L36daPO2gWoKXNvJIf4Qd7RD-VaWAWAJ3YTZV04K-wLosZS2VT9YTpi08bq6Dejiy7Wa0-V0sR2XrDkDphAZ6pjlM0OlUCfs7huKs1_5o9rH_j9DjUSgWuhDB01tkgMrsNwGTEkbQDed3LCX9Ziuyhf0kdMI2dJYUdDLDFncbnmFUTcjwxbkGHnpd6Ue_A5HOdnQRiRNc",""
"|čistilec - urejevalec notranjih prostorov - m/ž|kranj, upper carniola","ČISTILEC - UREJEVALEC NOTRANJIH PROSTOROV - M/Ž","","Kranj, Upper Carniola","Fri, 27 Mar 2026 08:02:27 GMT","https://jobviewtrack.com/v2/qmXM7e-3tsOhxlcm1x0po3DMrYNauUjiDIbgsLQYY1yIykTi4DPPBy2tCgx0W6XP7eKeiU2SZvRe5wlwiaBLpm4Gyw39RROSZgdLQucL1ea1f8lT8nxZ33HQK_vHWUeZ8S3TstoCU4NP_meksGlbQ1Ld1l4wAnuZyaT2Wb5U_mUfPO4M6gKPyJYrHKu5axQRir4ZArqgn7w4rldh3oJ-Httw1rEJdqLXlUmM-lK9bSuG-KzacYW4YGmN916nDehC",""
"|čistilka/čistilec - m/ž|idrija, gorizia","ČISTILKA/ČISTILEC - M/Ž","","Idrija, Gorizia","Tue, 17 Mar 2026 07:59:10 GMT","https://jobviewtrack.com/v2/2atNvogZej_v2v1xnU0jkSajYWWHHLDXeD2uX5WmAYtrDMZ6XcDFXdeO5uXppkx2IJ7LtX1aGH8pevnt3aq-zpwNBO70mCIF6EDufQteR4tG5F_VtZ8Um3q2Cb0hw5DlqEDltr4XnVruNkK52NtjnzLISoSB1kUPIx7gzPaMKygHkyJ7uIQBUD7xaB6_uiGSqQZbI9iFcaoZ2pZ9MZPx-uSkPeCMIpPmYGaLjx_5Wkrwz2V38cMDfISXYV4jym0t",""
"turen, trgovina in storitve, d.o.o.|pomočnik monter stavbnega pohištva - m/ž|ljubljana, central slovenia","POMOČNIK MONTER STAVBNEGA POHIŠTVA - M/Ž","Turen, trgovina in storitve, d.o.o.","Ljubljana, Central Slovenia","Mon, 25 May 2026 07:40:42 GMT","https://jobviewtrack.com/v2/gaXB73y7hzpZ0SlqXK9P1qJZv5mD95Ln1YprTZjNfPzBtN3KVEcMg_c63Orp3kn-aOtH7wWUmC8dXrVl4p0uWWsyLejhpqyD_JB1jDyC_2XIFOa4npYSJx_MMhcQRoDbPT7oGAi8IkSpnI9RtkltIO3gw4ue0m072V9iCWnJO-xOi5xtJjkAwcBWCTTekR2JKiruJxIIUe5h2hJj18zI_uEZIGhmV0iIhMZbqbh3ni0",""
"|monter steklenih, panelnih in aluminijastih fasad - m/ž|maribor, drava","MONTER STEKLENIH, PANELNIH IN ALUMINIJASTIH FASAD - M/Ž","","Maribor, Drava","Sat, 23 May 2026 02:58:52 GMT","https://jobviewtrack.com/v2/COtHPiq4PKbf66ArBUaas6YO0FfCiOOWIMsZj4fLeant-1TT2PM4MSKceV8bbO6jH4wFuBQ9pq236mjaBYLMTAHbso1anKNw52QK23-CvndL-HUAJqUwoP_3u3HTrOQ52Gj2tGIfNW9fyK60C5npblbb49RfQZdpFKlZvV8XvkigvVC-caXMD9yF2VKZ3CU9QXLhp4D5ndrx7o3L_5bhyHUv80siU6RGgA7pcjHFWN0",""
"montpro d.o.o.|monter (m/ž)|slovenia","Monter (m/ž)","MONTPRO d.o.o.","Slovenia","Fri, 22 May 2026 03:07:10 GMT","https://jobviewtrack.com/v2/IOkyZWoxSckOumSFdMLT6P--9K-_zlHEeSZ4Bpqqqna266dwvYw0aA0bt28fF4Xxy2onJVDbTj9je9G9SvLC0s83DNx6xQv584yI0yL2e1fvIX71lRVhgzQ0Qo8082gdvd4iq__DzOL6-lJ07r49JlKEqgX0KTapWTdFQSz1KsVjMSRveI9-FigMdtnTq-AgjO0PfELHFeaKoUqfQ5ASx-Yk771r9-oIEQnDO89L4-U",""
"|monter vrtnih ograj - m/ž|ljubljana, central slovenia","MONTER VRTNIH OGRAJ - M/Ž","","Ljubljana, Central Slovenia","Thu, 21 May 2026 07:14:47 GMT","https://jobviewtrack.com/v2/TXbqKzRT-Nf4_D87CFr85SdtTeAdfgwPBhpGAOVikzGVV2YOCmRIWm_UbZTjiyecZ43EOeD6IAXlBl6AQRk2x4fQSYo5AmfnKZnAcOQqF8MsMzY4cTmWDhkejEktF0V47rIpTfZjZd7Gfvv4zw9VWEs-yoScPV06ZHwHaNHUKeBO64ZowowplSjYAp356w8P5IL67dkYTdSUEC0ya0atW5oHSCOZqt0moT0gwxfNjRw",""
"|krovec - klepar - monter - m/ž|ljubljana, central slovenia","KROVEC - KLEPAR - MONTER - M/Ž","","Ljubljana, Central Slovenia","Thu, 21 May 2026 06:05:49 GMT","https://jobviewtrack.com/v2/6uFiJH9BMoEE81A4aTWecARaQ0I9CCg0KyQ6uaic7FYmM4y8aWZFbmkzYXTFaSHZ2r3Ag-3p-guW8r1bDO1v_ofwPMXIBraw1_wp0D_xqnTB2_9wmGvazzpVF9CnrpDvWVuoTxLTHiblE-EAlsjgUd8yw-vD4RtbsL_aiM-2Y7057e199AQcMG6sz0oPXIn1wL8D3zTkSiYzOsdOHyLcXnO2kJhoGs8L26jET8lzcGY",""
"|monter - m/ž|ljubljana, central slovenia","MONTER - M/Ž","","Ljubljana, Central Slovenia","Thu, 21 May 2026 05:21:05 GMT","https://jobviewtrack.com/v2/dmz7jRsnGxsp6Y1CQEMyh8t9nEV7-F9oSVm94dE_Oo7VX8iniNrt8DHC2KhVZnC_JqUaQ4dZmYpFfGch7ZZ4RgoKF5gl0Gj69DOSuKkh5nB67XXCrAFtt00m5RcgMoIyXYCSwQilftx_SBjSkQBoLm6-ms3qF6IP-nLzLOk3Kqui9gQWz1vW_cSyXb1ort_RRcU1bD7kA1w1Aml9T_9Vmh7A4J2gbpRSQJF2UzdRkBA",""
"|vodja, monter - m/ž|ljubljana, central slovenia","VODJA, MONTER - M/Ž","","Ljubljana, Central Slovenia","Wed, 20 May 2026 23:26:29 GMT","https://jobviewtrack.com/v2/RaQ5EOr9JDjXWxcI5GeOuB-gmrRpM-ioVJHaV7LgwXOQXTky1hHkoDP6eqLPf7RueO5JXrfLuYcg7gD67qvSqDBIre4gTAifoQ91Tf4QoUpRqZiISgCbkS6kEUZOnNElwHC7Dcq1cFpjcx4Urn5VGGcvqDQiCKu0oBIN7eW4iijRIr7cUF7AtR8YGNvhKCOSDdIomnUwvxYOrjPnY_t8q2oQZyhzr_YoF_CAsG-28h0",""
"kremsmuller-slo d.o.o.|skupinovodja za montažo elektroinštalacij|maribor, drava","Skupinovodja za montažo elektroinštalacij","KREMSMULLER-SLO d.o.o.","Maribor, Drava","Wed, 20 May 2026 01:07:33 GMT","https://jobviewtrack.com/v2/3r9nWM-bb34FkNWEKclgQZHlq_4VoJdaLIYQJFmJRRDs-Xgnm_zRYegQOTTz16WlNYA4qmAdljN1df6OaKu7xTJNNSNhqo_bhT5Ezzi90HHPteZ8R8XYTO-YNh3dRck2DeOoHEPKbVkfqtY-eLHAejkg-FpwcdOKpkM2Y87SAs8OGAzsZBDK0nrpYRh-LnK5o2Vwg6R3pycaMmLVFYEmj1NKrEs1Aa3n_AUCUM_BJDo",""
"kremsmuller-slo d.o.o.|skupinovodja za montažo industrijskih strojev in naprav|maribor, drava","Skupinovodja za montažo industrijskih strojev in naprav","KREMSMULLER-SLO d.o.o.","Maribor, Drava","Tue, 19 May 2026 22:32:19 GMT","https://jobviewtrack.com/v2/bmuCdNRM-4UffPsQ1veE5BhRojTkQyNeSlVYmaufteJWmfLUDN9n0VoE-wDAd_u1t27Vwiv-7syu3p1jRgci6uvrRpB5StqsEwrY7N0lxMQoceyuX6FU-Zo31vvgXWeTU1gut2x6Gr9QSOmYIaA6tX_RLSfoLsISs6Nsy54Q4G6ZZ-psK1t9LoQ6-gPzgIQjy4T-hgQcymLv2LTPJNMHxzwgxPAphb998rb27zz0mwI",""
"kremsmuller-slo d.o.o.|monter industrijskih cevi|maribor, drava","Monter industrijskih cevi","KREMSMULLER-SLO d.o.o.","Maribor, Drava","Tue, 19 May 2026 22:08:33 GMT","https://jobviewtrack.com/v2/i10yQgAzprGSnpmcvWPa1dZB1a4gSZ3yQDqgSQjuSLHvTELH6tG3nIfzNz10P1x5hzJ1j8Dnhdh3QVsNy49-bu1nF7BbXD-zuntvVX3WPtF7jjBWm9cba2_C0_8MJQIHpAIlTGC_14nfX4iMie9tiyaJbgZJfvlE51S9h8OrZURILWvuNzzADs-turUxdUv2hU1cvDWICXc78LBouByj9sT2khs3CTn6dCE2mEn8J0c",""
"lesnina xxxl|monter a - za samostojno montažo kuhinj po meri m/ž, hoče - maribor|maribor, drava","Monter A - za samostojno montažo kuhinj po meri m/ž, Hoče - Maribor","Lesnina XXXL","Maribor, Drava","Tue, 19 May 2026 06:26:34 GMT","https://jobviewtrack.com/v2/JgCgrx5NAQG2hPneBBviqbUeC85KM7l6SHJbYqSoyJRxcB574P6_RcwjSdz-YrXKJ4zK33jyiHjLJsoUScF5IYZMeRAiDuBty4FMxx-v-6G3XGsqOk66-vDpM13mz50Tcrf47zR5NIG613IfVM-v-HSEi0c-wWcLRPz1q5j9iP-W_ULZ5wYndStJpwMBF40mgyzdmKMM9e2rDxeYhflRaVXwVBecnmzoqfB-90-vNZo",""
"lesnina xxxl|monter pohištva m/ž, levec|slovenia","Monter pohištva m/ž, Levec","Lesnina XXXL","Slovenia","Tue, 19 May 2026 06:20:18 GMT","https://jobviewtrack.com/v2/jqnFMBTveeR67XwE3H247nseAypD_74J500HconDpvJeClz9awsMTPo_ydaMuZvh6hW5B3CYpNM90D3Zr2EG0ym8tMCqRY4Xsut7qAdI2JGvjSEbpNtjy2V4e7CVGtnVKfZdO4185vt__7acjuiNP-sODGYFiveMsyr7FXKVmtPJLjN-ikqE8H6lgPs6P1S97lAFTJd0SeTYhwTyRlEd6yI-zDH6I3kPWjNa8OkqO5g",""
"|monter (m/ž) - m/ž|šmarje pri jelšah, savinja","MONTER (M/Ž) - M/Ž","","Šmarje pri Jelšah, Savinja","Fri, 15 May 2026 22:51:25 GMT","https://jobviewtrack.com/v2/-vJu0gPzwHWMIM2V4ic8i01ctassvVReMGWall06cX0ZVsJ7y3WYxwT5W8WcBYGBlCRYT49x_qzO0Ewbi2l_AweWUaOykk_mS1UTshuiN_u01pg_wcS5rlElyPYgFKZLgclNiCuaVmYWgogJYA7_eAO95pKxne8eYuF7UPmue4RMQjGEem64VIDDXf6KasuIAl3U9lYMToLhk2i6O4f7txALOpGkWR6hVPdOF7NOTQY",""
"|monter in serviser klima naprav in hladilnih sistemov|kranj, upper carniola","Monter in serviser klima naprav in hladilnih sistemov","","Kranj, Upper Carniola","Fri, 15 May 2026 06:49:16 GMT","https://jobviewtrack.com/v2/3rApTwB6t5xpUwKwcEpzfBkP-LwHPdLkB7unewoCf5i6zKjLN_gvsw66Yw3FF0jXhkDTrKk7QhQhdfytoaW3ojM2mIy1fkK-wKivJngvlDuWhOgSB-6ENR4Ruh24qLdS5WPiBIx2tapMnTCclpt32G5DJMwF5LDkUmwFMTCFkBCOn5m4mkmnhW5QfkwPYdipYOhUsE5oiE8Z3ZiePkdf8TFFR7giSi3gbqIDHpzjLUM",""
"|monter transportne tehnike - m/ž|maribor, drava","MONTER TRANSPORTNE TEHNIKE - M/Ž","","Maribor, Drava","Fri, 15 May 2026 05:31:54 GMT","https://jobviewtrack.com/v2/J6MGtk9_P8FkzzZdloOaMM5S5WnUXCKgZoE3qs6zllNI_YraSgc5XIjvOooTu4cPuK46-fmqTDVMgqSRbTNcAjvV3z-6h8-CASBrCf_K_WMh7GIYJSdwa0BkRf0zQwwzuBrn8wnH1VhNr3dRIRBxg6bUQbA6tFOOyz3GEh3Kz6XlOLMOMPh7zEO0XBQiHkU17o_7aWUzqvruvDLYAJcTdRNkQLazgmhjGJpudH8gXc4",""
"|monter stavbnega pohištva - m/ž|ljubljana, central slovenia","MONTER STAVBNEGA POHIŠTVA - M/Ž","","Ljubljana, Central Slovenia","Fri, 15 May 2026 01:48:43 GMT","https://jobviewtrack.com/v2/YmjuDVpT4GtbpqXqeGTFalkU7Ib-GgP43NphnAK7APyUke9mMlSn9M1dMjUFYwrI1Tmc5rUYrhY0UaiNFiGWzQiIFloyHmsWyPrccKTCbH3vCjkf241jXs4S1YXKNVhxq7hNim-3CEpdvLrnI1ofB8LDTmr2THytVy--czsDuX8_0VpZyzMHOYOGW0DhWgLPPLUroYhJMAyFH826V_1m0qb3Hv9mlXXDdH_2MDipKVs",""
"|monter strojnih inštalacij m/ž - m/ž|maribor, drava","MONTER STROJNIH INŠTALACIJ M/Ž - M/Ž","","Maribor, Drava","Fri, 15 May 2026 01:30:35 GMT","https://jobviewtrack.com/v2/nxXuIb6ZTEphXVsZBCQJNE-_1vgYXJeswqz6tfv21FraZtPSfEkGnqKhEMFrA_PwCdEqKgvEUTWnOsUE3kpqV5sdlQ9D4tKrfAbFiXiYxMm6dRNXOFoVq53kCTsyyScB_cAYWZqI2K71AluQzOShcy3ONNeXfa9cmILCs9j_vkHGIDEC6yJZtp3ZNt1GY6v8V5DyYfbBiH7GMYe67F6rxLxI1cSsIPhYd0AKTMgQsNM",""
"experto international|monter strojnih inštalacij|maribor, drava","Monter strojnih inštalacij","Experto International","Maribor, Drava","Thu, 14 May 2026 13:45:44 GMT","https://jobviewtrack.com/v2/B7M5NYf18tYUfGtQL94bbM7E_7v8ZtvtuMdPtNeSSZuSWi5EKyC96hjhc9B-oGIMgK132TwS2E7AlDDOJV6eqsNEfEl5kyAxNk_AOZTJknNNGp-Hj0AP2sY_RlgClDIxuuRxZ7U4zm-kPz0WDzxR7cMhv0lAnAOS8kk7kwZVLTIECxnTBXP6qH81-Yq3tn1ZAqk_HjxQm6FfUEQZPjCmDBJKr6DaZ1bVniipsh2jbL8",""
"|monter strešnih oken - m/ž|pesnica, drava","MONTER STREŠNIH OKEN - M/Ž","","Pesnica, Drava","Thu, 14 May 2026 04:21:39 GMT","https://jobviewtrack.com/v2/nCR61DRNWBV1kdPZKdz1j3yd4ZTKPfB0rRfl6VU0T2gZ2Q0RTCj9eHUkipkgEd486uttrTuyNqGP-QKKF8vtzH2SuOVaedbsGhtZWf9mBNthjTD4xRr6U_txx180b2iNYb_vQk-v6CXdw2IzbfD8nL3Ra7AFdOFgke8bm8xz9pXeb24MA90RkgSUUY1MgjOy3TcefiEFhuwrKWz9dqY2SW85OJp9U-19rZb53RAhpek",""
"|vodovodar/monter strojnih inštalacij - m/ž|šmarje pri jelšah, savinja","VODOVODAR/MONTER STROJNIH INŠTALACIJ - M/Ž","","Šmarje pri Jelšah, Savinja","Thu, 14 May 2026 03:07:38 GMT","https://jobviewtrack.com/v2/fFtEfiAc1jr1-lBinlALhGqXTI5tOtBBxf9B5aXpx0ybKGIkiC_xRca0wkMFAXWmhgqZKaSiIwrnAtIV8WnICVost4BewjsFpDbuvs_5KhXp-zBvDw8Nfo42mzsP7vQ8qGTj5BCNkO1sj6wWx8xrn_iT-1mDVHjm69DE9Gn8aTLj0saUHgp2_U-DOZIOVwpISjXqOjlMrRjoWY2NBsAYKeg6wKabgXitobSgH-_s29g",""
"armat|monter|slovenia","Monter","Armat","Slovenia","Thu, 14 May 2026 02:14:22 GMT","https://jobviewtrack.com/v2/4kCk7SCpu-k6p44oh65gbwA3NBUZS9YETN6ea9uu2xmf_UVWGtWEmoFEI_ACUjlAXImdLW6dBTA6CvqpJ1Ahn9iPO2OQ1UQz3ZxlBmhpxMYJRVL_0RCBCmmEg6fzqLnQg21Ljzcz1I9y8WrFfbJVv9QuH7uL-K0A4vE8MIc1cY5j660i8FmM654yfbmA_BiSnL2I14hbBrgY4yY37vyxnpSzUA2DwNubKtOux3PiEj0",""
"adecco|monter pohištva (m/ž)|maribor, drava","Monter pohištva (m/ž)","Adecco","Maribor, Drava","Thu, 14 May 2026 01:11:09 GMT","https://jobviewtrack.com/v2/vidNQ4ikv1OcNmGuTokB4wdNyEQQ0wzy6Zvt1B49S6W41iyt-GYAoGsYkZhFyC2jKgqphJ67kY7oovCweqyv05uiQjkqvBQ2ZBHcEDc2uxkbNgtpnI1sBpJojMxETiGskd7myiTuL09GaVi8Hzct9DuWGKILajHEXulrjcmsP8DvgjmiOThxSB1502mIdxK5WdOzIZvVsL38LwLiDoobRsNYItbKPpDhp_bB351qNbw",""
"klima ptuj prezracevanje, klima, regulacija d.o.o.|vodilni monter strojnih instalacij - m/ž|ptuj, drava","VODILNI MONTER STROJNIH INSTALACIJ - M/Ž","KLIMA PTUJ PREZRACEVANJE, KLIMA, REGULACIJA D.O.O.","Ptuj, Drava","Wed, 13 May 2026 02:59:59 GMT","https://jobviewtrack.com/v2/g4fmK-yygAucs3GFMk1coTWHXgaeV2q7zlZYUuSeYX9hXPhSLpSHYta2BT7CpZcgTdUAaazTZOdGiGnJ0j_M6cMwcGMo6T_5h3L01-Xpd_LGCBP6t0d-9TiwJgGqJJITmnNNhBNLwVVDMXMa-pnhOPOivR_AvSy82IL3EBfWG4af25STPbA0GNSgwEwmxIq_LJK8s-AaZNQbnBF8fHB1ty3E9pmNv-vEmkz4lol2OHg",""
"klima ptuj prezracevanje, klima, regulacija d.o.o.|monter strojnih instalacij - m/ž|ptuj, drava","MONTER STROJNIH INSTALACIJ - M/Ž","KLIMA PTUJ PREZRACEVANJE, KLIMA, REGULACIJA D.O.O.","Ptuj, Drava","Tue, 12 May 2026 22:50:36 GMT","https://jobviewtrack.com/v2/ZfVIiKM6jROsuD6T5XMf6nPBdSNSlCSZzHdk6rJ25gHQPFNg4b2Z5sFySy0FiQSHraaROeyDL46SITcQMf-OtmCOhLlbrqM9k7pOAM5IoKJH4LGCZMRKktM9-aKe6xrxGqDTOHU40fylnMZk-4x-snaGEsq9FvRnecSskkiHhIG1arPmXdZdX92bDWhUVcxR7najf0AfRXwA3pdjlLi3YGEG__uBeDe1yeBLVVxEidI",""
"|monter in serviser klima naprav in hladilnih sistemov (m/ž)|slovenia","Monter in serviser klima naprav in hladilnih sistemov (m/ž)","","Slovenia","Tue, 12 May 2026 06:31:47 GMT","https://jobviewtrack.com/v2/AGnGI_n1ZSGDKWYgU32-qGT0QHDM0rn2I5-_aJ321NAl5jdnl4f4Zj5G5tfqJXE6A16DyIpELFFEoSFTS-0H_NNc9qZwy-cnAQIYyfzqAJyUfHDGSRh5pKTvgJi2miTLHYaYcOXGt-yV_rvyfyFVJ-68f4gW2guxBZ3hllkGApcr-1iF3Z3s1DOYW92_2Br-Go5yZD0ItPJOXZeHrlh3VRCg9VnvFyJ6G_TiyjIcBCI",""
"|monter vodovodnih inštalacij - m/ž|žalec, savinja","MONTER VODOVODNIH INŠTALACIJ - M/Ž","","Žalec, Savinja","Tue, 12 May 2026 03:30:37 GMT","https://jobviewtrack.com/v2/Py8oH3Zi-h27dhGk0XpnJddDtfPFFBfXqGrGy2AtsSuqp2LmkMAO2AQ6XGaRXFm7dt6XOhLWest5jjMC0jNJQiUiKrUd5N9mOxPGtGzdYd83LG_fepFfeVD5OEvoNzoyg3Fc3U4_7JO_z4PgEoQwHAC5HUGb_Wj6hU3M3ljHvoDMFhiWQIT-6mWkwwJzFfptTzMrHpctRv72Xu9eYGXB2JvL546V3a-VV9r0jXSFHxo",""
"mravlja d.o.o.|monter kamnitih pultov m/ž|slovenia","Monter kamnitih pultov m/ž","Mravlja d.o.o.","Slovenia","Tue, 12 May 2026 01:35:03 GMT","https://jobviewtrack.com/v2/vEjMc2JC6lTwqmEVCu3BVIJqJDaz6szHqEnF398c4kI5QP5k1sreVGYBMRlO3apeRM2_FUZi8uPk_nd_ym10LeHeFpOMT7t63OT6nXZu4Cs5en1idh5yEGBMbsu5brKcp3IA2DhE_mlC7b5OlLhmYNAxQc9n9gS6vWR9l7TU7FtJV0hCuaY9vSiYsA-8czD29KL_YuJlDWc_9sv076zNChQ0nalOKJ0Ylyw0aHWwNTg",""
"|monter klimatskih naprav - m/ž|maribor, drava","MONTER KLIMATSKIH NAPRAV - M/Ž","","Maribor, Drava","Sat, 09 May 2026 03:29:38 GMT","https://jobviewtrack.com/v2/DjNqU31CcK5FCYYAOWnqrXkfQxeCrsFKEiCf2WF7RBjCKHklb9ZWwwLpyG8m9rzxocCnUqxMAtMdVuGDwhow9G_ulpynsDbisUTQlv99Tg7te-7fnxd51pFdEERFcnp6MRSV6jXJvcmvhzeBI7y8x5_Y5FuLguOyhBxCE0_5NR3ATzIm3OTBA0BKuIGANWIlzlWlDPVsQCyTk6GgbZY21Wykvu2PKvJYRFus5iC3UwQ",""
"prime-mc, montazne storitve, d.o.o.|monter jeklenih konstrukcij - m/ž|ptuj, drava","MONTER JEKLENIH KONSTRUKCIJ - M/Ž","Prime-MC, montazne storitve, d.o.o.","Ptuj, Drava","Fri, 08 May 2026 03:50:00 GMT","https://jobviewtrack.com/v2/mUlvRWgcnaJI3VvB1cnz94sNNOGShncR5qi2prvqj1DhhvyY_A9M6yXWx9exc_gLupppn21wh1IAZevE7NZFF1dw0gq0ZWyNQ0SrAP3rQJL4CJb-CiVhtNOUE6ZbJohxnNWvgtpER3zRQeusPYDJV-SxQ0LlEFx6YyPxxs8fowNTT6QG7d4fNwniQgwHMOGYyghkoHwidfhIcaMEqU7U9uAff1AL1L70iDi6vqwTOek",""
"|izvajalec suhomontažne gradnje/pleskar - m/ž|ptuj, drava","IZVAJALEC SUHOMONTAŽNE GRADNJE/PLESKAR - M/Ž","","Ptuj, Drava","Fri, 08 May 2026 01:34:16 GMT","https://jobviewtrack.com/v2/ZZyXJgBIthh1cSh5ZXAky_wDYndq9dyPgMC7iHPSBw6KphECaxxnN4LqrfrxKPIkYQezUjoufHG0xzCPyp0jb_f97xdQA4ULkPKq-_7I4MCU0CXhOMIJk_b336INr2aCx16r9bYqZVKQw6L2GN_dysjcOrlKBGlTpMgPAMnh93tL8TgtxbLh1h_w4ztPtSoo1UMlPbNFJi4DdTuTYwY80bgXnOFHgw4Sbj8OFnt4SOs",""
"|serviser-monter gostinske opreme, serviser-monter klima naprav - m/ž|izola, coastal-karst","SERVISER-MONTER GOSTINSKE OPREME, SERVISER-MONTER KLIMA NAPRAV - M/Ž","","Izola, Coastal-Karst","Wed, 06 May 2026 05:51:14 GMT","https://jobviewtrack.com/v2/H2IV1NxS5MngInAeiO6Xp_RRVAUv3MrFWld4h_OtxdJuoUswuKyTh0j_WcuvdRSr9ERkY7opXZxB5NG2C-pfyx5Hmlg0hRwo4CDUkrvg8T6JSjsB-c-plhioejS1Hpi7XOz4MaO8sozJ9gLq8wMueMU0eyHd994ZVvUS9Xl8ePCD0ruMXeZ3oInlF1tX6rjjrDAM8ck7ACTsJjtrCyttT9_fIy1fYlQLpevGHjGOdFY",""
"|mizar/ka - monter/ka - m/ž|grosuplje, central slovenia","MIZAR/KA - MONTER/KA - M/Ž","","Grosuplje, Central Slovenia","Wed, 06 May 2026 05:49:15 GMT","https://jobviewtrack.com/v2/hoE2ssXnscUC3BjSkSqrCA5BiOxtMZQQhHc59amWxY2DAlies8no_wxILM0Jnbsz7btoqDXRU38j_QKvlcd14NeGCPijSncsf-xUKoJobx8o2I7qoYAl6R2Ygd56zE8CbCi2A6TtjfqgacL2ayyi2UlBYk74cBgGSvU8o1zjU9YJypHmReEFeSPpqI4utSI5kfsh4c2wKQ3-XHGo8efDfRKx1-0NjW1SBmhODFNc24o",""
"|monter alu stavbnega pohištva - m/ž|kamnik, central slovenia","MONTER ALU STAVBNEGA POHIŠTVA - M/Ž","","Kamnik, Central Slovenia","Wed, 06 May 2026 05:41:48 GMT","https://jobviewtrack.com/v2/b94WTQmDcdKlxYOu5BKuK30v8VQSr3JQ6enAWzDJoejDVUxmLY8jGP8i9alCgo2tRUU2pZmmmw0w5E4_hvV8OGcIm15s33xppN6C4OMVL5GoYThvErUENpZ2KVkhuHgk8Qf6afFV8LGfOCh3IASqYGclnhMA65Uqlm8bbutH9oEk7i61wUOUlM35XVRwkrdlHIXKQiipM-uBfSluuNid3SZDDgYxhEJLvcRp0n6wanQ",""
"adecco|monter v proizvodnji (m/ž) - 1 izmena|slovenia","Monter v proizvodnji (m/ž) - 1 izmena","Adecco","Slovenia","Tue, 05 May 2026 22:28:43 GMT","https://jobviewtrack.com/v2/NEOlLoxR1Ric_Lhics7hkkV0I6yFWbbHAeMj_OmSsGz9C891SAlkYW0akwVWjHBC3dIRsn9ALtZJnSfpJMFiXemsylDfpioNbGx-fOcqRukfTWZ0s34rACvC-CuLZjkSfiOaUuHJW_6_zK-ipWCVNtMcgd5J2UdFhX_gshp9_8Tq66n25wnFTAfchjOju2KibU6Ofv2QTOFW04M6wm5lUkswZxVvDZyFY5SalVk8vm0",""
"ssi schäfer|monter/tehnik elektro naprav (m/ž) - delo v tujini|slovenia","Monter/tehnik elektro naprav (m/ž) - delo v tujini","SSI Schäfer","Slovenia","Tue, 05 May 2026 03:01:39 GMT","https://jobviewtrack.com/v2/gWfmvFai-oaSWMIXVjkSsmg3Yit2m7fz7T_x6ToQt118MrGSITE4uA8GisyY_SkwIqWBdYSAasd4WCIKywDFE5Ncr6ZDAaGLdUETChaoHWSwvuQQCs-LpascKI1KcmDjiwfYI4fSE2AqyOOiqV4CeueDWPHoYEtyo8A_rvqXSZhcM4_5kmq6Xj5zJmW7fnuMi_t8Yhq8FgjvJ7m60KozvsxNQHXxpS4AkhZno6sjx-s",""
"|pomožni monter energetskih strojev in naprav - m/ž|ljubljana, central slovenia","POMOŽNI MONTER ENERGETSKIH STROJEV IN NAPRAV - M/Ž","","Ljubljana, Central Slovenia","Mon, 04 May 2026 22:06:51 GMT","https://jobviewtrack.com/v2/urkUZHlJdfhelk5SPdmvibnHtefsDUmQTVAEVFXCt0heYMBhgB9fUUIAIScOzc6FUJjx9Vi6qZkNWi8l2NxXkLCV8tDPxhh31RGeBiTgzG-v0hNSR6WXWY1sGqF1hjoXBPDDkI__tUd_HN8TmBYjUGBTuKz2LG2xrKl1W-pcLedeyI8OncUEC5Ql99Jgwq_50tWuRKDyf_zjWRLEOu4oD0CU4io208JF7Rs0mSc8wtc",""
"|monter industrijskih cevi - m/ž|maribor, drava","MONTER INDUSTRIJSKIH CEVI - M/Ž","","Maribor, Drava","Fri, 01 May 2026 00:07:34 GMT","https://jobviewtrack.com/v2/x4gE1tp31rrgTYd8cjeaf1-UMDsbhavQzu555AFuog4qdpLNsBKgW3GbtImOInQ-AtOGh0-35lUKKd5gkde4gSDO3UmA947g4KGUuuMwL3oW38JO07oCWrbhnjCkTWWikfT06C-deTAHVIyFTylV88Z4J2Uryrr87YGmxugWX-zvfkpQ5dZ6KrIOFj0cOr2DpSgFBraJ26rvejzcxZJObo8-Va9gZYzB0U8fiJsb9lY",""
"|monter za montažo in popravilo industrijskih rezervoarjev - m/ž|maribor, drava","MONTER ZA MONTAŽO IN POPRAVILO INDUSTRIJSKIH REZERVOARJEV - M/Ž","","Maribor, Drava","Thu, 30 Apr 2026 22:55:08 GMT","https://jobviewtrack.com/v2/bdVEemBCD3ac-DjuJApyBZr2Z8mqV7QFdwwNZw1s-sTY6xhZ-963BdPhGUs7dnK8vtShtOum6GtgfFvhj5OyIK38MEZ-1AshH0Vt1cBUiWt9_wGxtgfyOqDVEE5NLQsauE3mzdDo_P4Nzy5R1lMRF_Qz8BmHqoJZFAXAqSTJmlyw6mDsVn_eXGUy48FodUQgcMmiCcvDQ7AaNPL3DtSj2WOSwaggw2DYt_mG0XT77gI",""
"stormo storitve in montaza d.o.o.|monter vodvodnih inštalacij - m/ž|ptuj, drava","MONTER VODVODNIH INŠTALACIJ - M/Ž","STORMO storitve in montaza d.o.o.","Ptuj, Drava","Thu, 30 Apr 2026 05:17:58 GMT","https://jobviewtrack.com/v2/sO_twjd6LFq_ZIr0wUEf-A5tsV7fpXjZze-l8opwb_6CfcNq9Gy6ckQx6s8ZwzAQxdyl2yxwmXI8OWqx3MRw25YhTYI0uKeklB8eHB4LDhM6XlWQWlpyqX_NK6C8OOwVnM7YKlCzkKHDegkofFHbOBrB1oW-24NQco_h-Pn-6tUg-qgAC0M9iXFASagkHQFMeV1SfDPCfsAWsmRmOGzcAd9UgB58Miezy__gxuu_fcY",""
"hube montaza in fasaderska dela d.o.o.|monter alu konstrukcij - m/ž|ptuj, drava","MONTER ALU KONSTRUKCIJ - M/Ž","HUBE montaza in fasaderska dela d.o.o.","Ptuj, Drava","Thu, 30 Apr 2026 03:24:47 GMT","https://jobviewtrack.com/v2/uzeLCua3E4DnMVVNL9QMMgy9PesSmqeF6Vz8yN5id8Q-MVAXbR5HQeqBbe4eW7qgBDMCs9Tw8mTnidx7NcJ94rpALZSfZjL6eXNrwvmAbg-IxSNGSc_zVfMyvaGJVT7UZu-w20mvpYmjCp0PWj-clTJcbK_STM5UbWH1OfB-xS5uSfenuPt3cudCBEKDAyvZzweVNUWfvGy6h2InmFmi56thfJY_dQIJB5dIdRHNEEQ",""
"plastenka|vzdrževalec / monter- 1 prosto delovno mesto|slovenia","Vzdrževalec / monter- 1 prosto delovno mesto","Plastenka","Slovenia","Tue, 28 Apr 2026 22:12:17 GMT","https://jobviewtrack.com/v2/--KgaqxsyZEP51ii8sqsMTyrXHuH6awnU4ppuLtdrfHYl5hKigwLfBSQjf6UZrGa7nEpNm2NFVePHLimkKTB1Ny7MbtBEX8nNSDDNpXCxc_lhvTgxUen7cDitMtItuVlO5AEu-AKqSCk8b6dFa_F80tPds_p0g0No5Dj9vvK4zLVDynasmSVFrKaBKsa12vGMcQJ4rTt6GIcGXEEnccyHIq4nJyj5a4NzsS23eI7JY0",""
"|strojni monter i - m/ž|velenje, savinja","STROJNI MONTER I - M/Ž","","Velenje, Savinja","Tue, 21 Apr 2026 06:08:33 GMT","https://jobviewtrack.com/v2/yCF-Fy64meopn0KgK1BF72-Cd-J-nw_GfWD2sQzRxEGMAIyg1YVJNLluf7IIJWskQRLRLHFZTO58j1Qyd5L3yBl6GY0vtL39wcORE_HdX6K8g7BOr7tUmNz6tduytLOz9fTU3DOa3d4kqHpuFeYuUoQd5qXWAl2aQ8P16BS8Lt1cVvoDXDT_mulRhtVkcUgHyF4omUvtLyNo0FYcMMUC_u8x6CZ1I9OYfkE56VDV_TY",""
"|elektro monter i - m/ž|velenje, savinja","ELEKTRO MONTER I - M/Ž","","Velenje, Savinja","Tue, 21 Apr 2026 00:57:15 GMT","https://jobviewtrack.com/v2/fW8Pik57i5a7Jm2gbe2jSG2sc2BQ5cfsjvtI5p8INOm15X0_57JFSggERpLeCcSKdM_BEBQO9FdZwliAwKpSYcL-dDGGnYfHIPjLCZh_7okRACCqWGTfzs0VHpQ5151GaPTQo7WK6G57CU11Fvg1D3Lrcs-UZwDLp-qc075BcZYi_PRxHp9kBOIQYA3Y4FhBYJp0KhxTQpYiSLOp_apR0Jqm02wNmVdix2Bba-qlXy8",""
"|obdelovalec kovin-ključavničar-monter - m/ž|postojna, inner carniola-karst","OBDELOVALEC KOVIN-KLJUČAVNIČAR-MONTER - M/Ž","","Postojna, Inner Carniola-Karst","Thu, 16 Apr 2026 03:17:13 GMT","https://jobviewtrack.com/v2/Zo_uP9jTJdFt9VucVfcdFc37qUe8_RI_TbLqX2R8oTZVuYM2bNTNs_q5CpyTW248XdmvZ_-VJz741hbnjAets5raQcnMdEmEHBEXRD-Vlka6qjppsiKEMgWh7dvMUNog3hHHbk3Kh4R0Tm61qvefBdOqWUKIn1r--0VxPyfrEeKC3Rs6EpIO9ypFJzUb7OPV9ZDHSGnzeGUKU6DcpQJI6p6c6E2eEjqpKyjTzkiYbn8",""
"|monter na področju krovstva - m/ž|ptuj, drava","MONTER NA PODROČJU KROVSTVA - M/Ž","","Ptuj, Drava","Sat, 28 Mar 2026 04:39:50 GMT","https://jobviewtrack.com/v2/51rSt5Y5kbPmpnhIDLbeyUZQLsc9llVJbpCmFZNAeZfl6iazy7QGhiuyCc9XOv_XX6-hR_aHNCWZkrWmC_wzXCfBH3YgyywRO-zxuCKDbFPeXdhM16rbADJOl8txDnXkUKLHrT_jtIONSJGvo1slIG6L8n167v-seCs9ofK0dfTc49tIaso-73a66YZdRNZDXWNaO1CGU44clLCv36AIjpB10MWjlLGj2_f4vrMNB-8",""
"ganador, montaza, storitve in svetovanje, d.o.o.|monter - m/ž|maribor, drava","MONTER - M/Ž","GANADOR, montaza, storitve in svetovanje, d.o.o.","Maribor, Drava","Mon, 02 Mar 2026 08:58:16 GMT","https://jobviewtrack.com/v2/VZljv_LAL8DGcWy3FLfUnhJdIv-d-h16TfMJ9L0HPvrUhf9P4o-xZDsFAStmk0MywG63KCzaCArgwS6JKP7ZGPzejZNo5_XqD8hzDeYsLTCuPTLQZ2-wop0iJn8aApsFfBdspKs9r4VjDiW86t1YHSADB9yDQ5sHNB6brXB031GfRSQIMYkW5EC4MiaoF8SYtrs5QziWv14MTYXJyHlXyyXz3FqpZrZVSfYZIi6jesg",""
"|monter stavbnega pohištva - m/ž|kamnik, central slovenia","MONTER STAVBNEGA POHIŠTVA - M/Ž","","Kamnik, Central Slovenia","Sun, 01 Mar 2026 23:33:48 GMT","https://jobviewtrack.com/v2/8j2lsGWynOvnePCBXsW3172ztwtTdVzlDZwsdNzryvA_tnU06rT_-X0-DJAjZx0ChAskUW27UP523oUs0-MQXlXKJHqYSpCoeaVuPDzUJW39SwrzdlcjIDAiDroEL96Wxd8krwdnuOm_EywjzebBo7bjzjsr0n6Td8LcNENOCzmDIq_fazho810mwAGHIZEG55Eo40KKK-cfkhSOfOu2KKfk2Q4Io4JwCFZfNJewNyiNaIUwLWCunlcDvvY8p3CI24O9LFqqLlhxqbAv4ry3iA",""
"zavod za zdravstveno zavarovanje slovenije|svetovalec področja i|ljubljana, central slovenia","Svetovalec področja I","Zavod za zdravstveno zavarovanje Slovenije","Ljubljana, Central Slovenia","Mon, 25 May 2026 05:18:09 GMT","https://jobviewtrack.com/v2/wcR7o3crRMGrwACC__a8WrAN3v_i6VBaFfBRipc2HzMrAKhjJWbbPLF-y_UO5FqcUdTVdAybohJqyYsGHVyMk6Gb8qmWZ7JuPYCXbKD4tskWg7NKWbFzNEYqPOHn8vSlZ-NgjEWBNo-0WEbvN3y3JNUrC3NOB_1DL4wgmjzLPg-AWJCvy4IuiYjceefsXmNtJJ73FMRgKCgnTHoLYBbN6zHZCfSXVi4xEEoq6aMI8C4",""
"addiko bank|samostojni podjetniški svetovalec (m/ž)|slovenia","Samostojni podjetniški svetovalec (m/ž)","Addiko Bank","Slovenia","Thu, 21 May 2026 23:45:51 GMT","https://jobviewtrack.com/v2/3HtUz_dE-ZEEZcUlP_SakIzDthJZkOG_f2Nwb6g7dZ-_-MOumdczzcApadVBBAgnTtz9ySVKcAEtefWpplnxBafHRVPL-3irh434DwSv8VLCk2gNxdcD7yYcf7PTkRglw6B6kmfnA-s7yMh60oxOA3i_y7x68jsCib7OTz4IsF0zCLzkJZZmkAt0cRCGwGeNY7VdtGC7fy1COXO98RBOosmCKe3Nq-7WneauDzhfHiI",""
"|višji svetovalec področja iii - m/ž|ljubljana, central slovenia","VIŠJI SVETOVALEC PODROČJA III - M/Ž","","Ljubljana, Central Slovenia","Thu, 21 May 2026 06:04:43 GMT","https://jobviewtrack.com/v2/3lx7ZfHRWUg9oNYOAMy7AHTk1xwkzDoRvBFLYB-Tb2ir1XIuQUectUHjl2NfZHLx5EvD33GT-8jaLtdNGiwtPkkRF9k-8uC934UCweZ4PvywmCPRnsXo-_Z5OAwMAxD1ZLLIz8JO7bl-5QMnAWe-OLEmiroe3OicqGqmK7GybV_5a-_Nu5Mmv2PjmzLNEC_rfrToGIO8e-egAK8559ccSj5qT4nzwe_Riim7nC8Oz9I",""
"|svetovalec v sektorju za demografske in socialne statistike, oddelek za demografske statistike in življenjsko raven, določen čas - projekt »eu-silc 2026 modules and preparation of 2027 ad hoc subject«. - m/ž|ljubljana, central slovenia","SVETOVALEC V SEKTORJU ZA DEMOGRAFSKE IN SOCIALNE STATISTIKE, ODDELEK ZA DEMOGRAFSKE STATISTIKE IN ŽIVLJENJSKO RAVEN, DOLOČEN ČAS - PROJEKT »EU-SILC 2026 MODULES AND PREPARATION OF 2027 AD HOC SUBJECT«. - M/Ž","","Ljubljana, Central Slovenia","Thu, 21 May 2026 04:07:41 GMT","https://jobviewtrack.com/v2/KdAgGNGU3sSKD25ue3pVgCwL6IkYtia6p-ZiuEAzSL7pGFXM6zXj82-ir9CKzWWGlM3A5vxv7QPtyrfKGbNzR1zfzKOKeja37k9iGRk4KwxXiWM9VPF5ZpvkfMk3Oe9PxgooNXjVnKXgXiSttj6R0fyM_cidBD-eT9NWePRSHAwSFWLYC8wEZKmCjmgKH5w4guf1l8iD_4Ni-dJa4uB9Vsh0aMUM5Z_AjsKwPDIHbm0",""
"delavska hranilnica|podjetniški svetovalec (m/ž) v podjetniškem centru zahod|slovenia","Podjetniški svetovalec (m/ž) v podjetniškem Centru Zahod","Delavska hranilnica","Slovenia","Thu, 21 May 2026 03:58:20 GMT","https://jobviewtrack.com/v2/Dqt2pGbkqnksGxevLV45nIMtmBicJL3ycTy6i10FP7oEKoHZ3IHe87ZICiYkdQZ-k2NQq2QIiZgqdRq0rl0Dj2JVddHbe6VmfiaH8rC80ZjNOxv1_XpakBhqIJnA05ciiQL5P94MM2zPn8n7CqzFZEKiyuNc4OCrKisnaxqWB-IeGe3TZkrR_B98v1S-YRU6ACzksuJFr35In4XVrEBZn_0k_xVfnN0AKeMYYkeWAr8",""
"|področni svetovalec iii, tarifni razred vii/1, šifra delovnega mesta i017113, v noe vodstvo - m/ž|ljubljana, central slovenia","PODROČNI SVETOVALEC III, TARIFNI RAZRED VII/1, ŠIFRA DELOVNEGA MESTA I017113, V NOE VODSTVO - M/Ž","","Ljubljana, Central Slovenia","Thu, 21 May 2026 02:26:44 GMT","https://jobviewtrack.com/v2/0u7cJb6JldDWKkE31XQG-B4phf6KTExrMPHoClw7wlZdjqUIWfgwhsp4EV3ISQ6y-8Bi7K9OnyMq7gpS-qmzwadqLxR3lVPZjkBUdDL-vwv2KjhvvMPnZsYmA6XeR-jDcbPF7Q4xeg17WJ2niGVMPCJwn11B-e7wvnU-1qpliyYNeT6wayJBvnn9KHnWkKjz560zRSQgBNbvc9nOSsGWbtuwrW-AUiUO425mc4ZVNeE",""
"|višji svetovalec področja i za področje določanja cen zdravil v sektorju za preskrbo z zdravili in posebna dovoljenja - m/ž|ljubljana, central slovenia","VIŠJI SVETOVALEC PODROČJA I ZA PODROČJE DOLOČANJA CEN ZDRAVIL V SEKTORJU ZA PRESKRBO Z ZDRAVILI IN POSEBNA DOVOLJENJA - M/Ž","","Ljubljana, Central Slovenia","Wed, 20 May 2026 06:57:26 GMT","https://jobviewtrack.com/v2/11LjhbB-rKk7J2DkwmAJx42Kksb2s1zvGKAhtE2SWIIILd9qHAk6L0LyeoSQdDmN6YBUWfEGKjcyfBCatDodw7OVF4Xv-EReTJ6dWtNSenWjub-sJ35Tn78WAKvvP_T3L_Qa9WK14b6ayQWRPbRAA2DvinC0vsSeYQ_6mp_5VBphrfmxVyWyg1fbZV_Tmtx_u-xYM2dOKXim7NjTfL010Qc-Yvid6dgXIJeYnoFzHH8",""
"|višji svetovalec področja i za področje regulative zdravil naravnega izvora v sektorju za preskrbo z zdravili in posebna dovoljenja - m/ž|ljubljana, central slovenia","VIŠJI SVETOVALEC PODROČJA I ZA PODROČJE REGULATIVE ZDRAVIL NARAVNEGA IZVORA V SEKTORJU ZA PRESKRBO Z ZDRAVILI IN POSEBNA DOVOLJENJA - M/Ž","","Ljubljana, Central Slovenia","Wed, 20 May 2026 04:28:44 GMT","https://jobviewtrack.com/v2/6S8_hriCjeUzsFUEd2iqZ5aJsUcxlQJkf09o94bT0g23bX6gQ1ty-kbUsmJweGgZdGnKXCmAIGfRERt7M_qWsY8L0foKBWs3EUVv_Lbrv4YxIHLP_qFIFLwPV72w-BzSHqn-WoGiSRcqL3EjUizswj5nP6VdyT3-zg7Z6NXNFvXF1UvyorZloJjfPOqlK_1U8uy7IM9JZSV1VVsb-eByfTK6_4YBcU0atcvPV4QbQuw",""
"trenkwalder group|svetovalec na terenu (m/ž) na štajerskem|slovenia","Svetovalec na terenu (m/ž) na Štajerskem","Trenkwalder Group","Slovenia","Wed, 20 May 2026 03:30:27 GMT","https://jobviewtrack.com/v2/dlpXw6I54qd_xPbL8AkxBgTEuMBwnS8XNjycv2vqk_m8H3izpvweR0XsRYCgDUpvrGmQuG01egSIU2APttbPIXCwgMDQJW2PPKxyrHfQDF0oUyWR-cKQGeahW4ZE2p4butXY33Tp0Y-kcp2LdTkE1UTgy_fUkVxl-5uhJYCQBMOwfB8_9GM9qiKlRa7p5ysXAINluLrz7CPOw_JVfGPI_DXFtWAbPDpJg6jOkLKMY8g",""
"|področni svetovalec i - vodja pisarne in vodja tic - m/ž|ljubljana, central slovenia","PODROČNI SVETOVALEC I - VODJA PISARNE IN VODJA TIC - M/Ž","","Ljubljana, Central Slovenia","Wed, 20 May 2026 01:54:03 GMT","https://jobviewtrack.com/v2/jlqH5AJaEaft0Alks_J3Vl2Dy2lZi5I8FWZeBA3-7eL5r6ld-SsVq1xEE2zBOrT99M9Nft4G6smL26Ze-nsyeGpP2vPmqcWxJ1eEhMp0qCszf25KCpnh5kR2y86LJe-dtYsgSfcBToqP-wx-GzB9CLzybtzayYYTiaoCiHLW8X6qWrDXxLkTpt416xNX_Omg0cj9Yb4iUblYuCEHsES8vLuh6I2mcU5mBaU2kY74JUQ",""
"|višji svetovalec področja ii v sektorju za finance in računovodstvo, 2 prosti delovni mesti|ljubljana, central slovenia","Višji svetovalec področja II v sektorju za finance in računovodstvo, 2 prosti delovni mesti","","Ljubljana, Central Slovenia","Wed, 20 May 2026 00:51:13 GMT","https://jobviewtrack.com/v2/rnj9ZqJjz0cFcZhRnHQkF93_sUaDY65QBPswXqQDFN-ewCQPK0QG2JYdCytxUCJCE_DQjcZKnzOOiF_b0MlbmBVi88vGwz4zGOZXCgJdwJc3q0VXwWnl4-rqh4yPcwumMuoaZLVQzXj8gF-CyJumbF1L9cspmJqRwJljwVjcEnq6B0jMbvjHfdAnkfG7YLb8XA1LXsz_x6MNK4wyTzp8F5Z05ggQ8UYPfjjPvTSSBBc",""
"|višji svetovalec področja ii v sektorju za finance in računovodstvo - m/ž|ljubljana, central slovenia","VIŠJI SVETOVALEC PODROČJA II V SEKTORJU ZA FINANCE IN RAČUNOVODSTVO - M/Ž","","Ljubljana, Central Slovenia","Wed, 20 May 2026 00:31:22 GMT","https://jobviewtrack.com/v2/pdmYVNO_CZypNnU5S8lXdv-qpWnHOkddToqTfmxDpycZE5G72-jCSrUmtxeaL3LUpCF1x3MBbT-fhazMQ_ibrnaFbDiAphI-CghHoND5XbNu46ilWfZaz0cR75irITdJf0HQ77Zy_PKyjV2TWt00iryCxsVJmEOLjOfS3vAGb18gBS8wjJ-R3xnCQFvGoLCpiQqIysVkRkuPEY_gnhgQeBZk_V0THQkK_6650X2LYfI",""
"tkk, d. o. o.|tehnični svetovalec (m/ž)|slovenia","Tehnični svetovalec (m/ž)","TKK, d. o. o.","Slovenia","Tue, 19 May 2026 04:19:07 GMT","https://jobviewtrack.com/v2/eik6VFjJReFXbFz3nHDiQEzwrhs_re0MwXWYpAxuWtezC44Fg3iyzMVsXSffKn-FDOJtWUmJQzkMQR8KSDyc2IGiwPgbOQLVii9-RJWUArbhTbdsvDKeOiMkwsB1wWg5p-AUqw05cinLp4cftBnSNZQDauqw4SvBPUhopiourwvN3JYI19d3u-KpWz8RPm20KNrd8gKh7UVNTaDio4-IEALx7DJbaz6qSSMMIoX5DO8",""
"lesnina xxxl|prodajni svetovalec na oddelku dodatkov za dom (m/ž), levec|slovenia","Prodajni svetovalec na oddelku dodatkov za dom (m/ž), Levec","Lesnina XXXL","Slovenia","Tue, 19 May 2026 02:17:51 GMT","https://jobviewtrack.com/v2/SKaXeQTfkIKseEV59UvlUawWnNyyIdq6F1sh78E_W0QajCAa9fskQCy44Ea_ZmlBmfshL8gk72jC95dSWvZWsgQ_gevO7JHxaQJ6yor60i1fm3-O2sn83pEvCjovGnjg_oVmPsXgZ94cAMFo99Yck_2SaYvllCY8xjMP0BBbotNt12kuAZw70DtQ8yjTGGu0Hn310BEpscvIJicH42gwuPsHlqhEvNmPlEbZL5CZPA0",""
"|višji svetovalec področja i za regulativo zdravil naravnega izvora v sektorju za preskrbo z zdravili in posebna dovoljenja (m/ž)|ljubljana, central slovenia","Višji svetovalec področja I za regulativo zdravil naravnega izvora v Sektorju za preskrbo z zdravili in posebna dovoljenja (m/ž)","","Ljubljana, Central Slovenia","Mon, 18 May 2026 22:43:58 GMT","https://jobviewtrack.com/v2/8SV24rANLOT7VL2BXm4GCy7fUiepL_qcFxTBk50RAmc6V58A0AGL77UMxxi7Mv3-Q3qV9mgcjnZ9-w281Lv7Ux_r0N7OdeUOFclzaWUQIe275TMJJxRXcNoHfUS_Rhv-nc9tXKiY-s1vJ77I9xLWwpGmd1_vmJLv5_ib_10f5i6ptoysxkyP5g7flFl93Q79OcuQE713POT0Eg8kfdiwvKryagp0spoMYpROMxTa4aI",""
"|višji svetovalec področja i za področje določanja cen zdravil v sektorju za preskrbo z zdravili in posebna dovoljenja (m/ž)|ljubljana, central slovenia","Višji svetovalec področja I za področje določanja cen zdravil v Sektorju za preskrbo z zdravili in posebna dovoljenja (m/ž)","","Ljubljana, Central Slovenia","Mon, 18 May 2026 22:19:16 GMT","https://jobviewtrack.com/v2/ge_emMzhE3XgfzofhSOEs9C8I84BLm5andPTXkQ-KAJSwKEaHoVld8S4JD3df5gbQsWdnxLQcBsa1867HApt1bdNB4PUZSpbJh8nPadvXMy-7eWJ2ow114yj6JHULqECd4zVanjgqqioPmUK49CbEdxQQe8PoLMeiQIlHj50f5pVfIr9TrXbW4swtwsckS90oC6UMXnfSOhc0z6U2QIoxVL-UC-x5CQb_o0SvGrYPU8",""
"|pomožni finančni svetovalec - m/ž|ljubljana, central slovenia","POMOŽNI FINANČNI SVETOVALEC - M/Ž","","Ljubljana, Central Slovenia","Mon, 18 May 2026 06:37:31 GMT","https://jobviewtrack.com/v2/ksrr7qP06ggSaikflh7QZ8gk8C476EXRfiB8ZRMpnbLQssQ8Z93WnMCVLwkrHIX4URm2YuqF1aHc94bu9mCMK5uykwxgQPp37HpqFn0_hhXaHH7HttUDj7hJ9m7htQhNL9qMaiThdnZ5AjRCbuWKbB5q1th9BpO0rzsxzpa-ZezTLNpVcU7Vub3Rk-ypemuXyccZJwUNmvwUBjg7DqkXh32zF-Cokj3qzhsf95bJjqw",""
"|prodajni svetovalec - v naprej dogovorjene stranke|slovenia","Prodajni svetovalec - v naprej dogovorjene stranke","","Slovenia","Mon, 18 May 2026 06:12:24 GMT","https://jobviewtrack.com/v2/0iPqpxF8c0XryurNtETD4G03we_fxeuElnQxS6Jmbv2SCbTaVIqV2zyacPVWPTqGCYtsD3eZ04nivl2WJCSaFNxAMmvusqbVEA0QE_ad6ZxzwX8McJo5ufYKJ3oP3P3VvnUahu-JQ1URO_B4p3L5SYG2K7mdq3STmA0yQ02X-Zuuo7eX66CIRkhbSj79MBYhTR2gFHqc9Zu8uLDQOkfbbGZHJ0UHvPq4lJC71N-Muz4",""
"ekosistem plus|svetovalec za stranke|slovenia","Svetovalec za stranke","Ekosistem Plus","Slovenia","Mon, 18 May 2026 03:49:57 GMT","https://jobviewtrack.com/v2/V0yS10V2pqIpLKXESv1iEnB3vyPQ53i8IgNpKGqk4bIyp5VQFYVoU4zR73wposVoY5kfsl3cXCQWWV9RuH912qtO1YUjtZ5aW7kMHDyw9rtUmfFVhITDA3bs0TOW-vrmDjOofjcRfP1JZab_XutWrbQcnE-optLq2fKjP9bc34BYFmGAV3ZbwSpkf8S2Wc99xP3MLRLpMu1dg_qt9ca7qtO5YcLCeR9qoN_DnojxdT4",""
"lpp|prodajni svetovalec (m/ž) - sinsay|slovenia","Prodajni svetovalec (m/ž) - SINSAY","LPP","Slovenia","Sat, 16 May 2026 06:50:46 GMT","https://jobviewtrack.com/v2/uemJ658VivwUrfuJUc7jQvfaM1UchYAcT-iOr6dQC0bwpYn-cc7YwWzedSqOu0M2KkVO41_60twNR51ScWaIp20Cvs7bafTRloXjgqGcOu3OLeqYY0Ri27RM_GeZTfO9ZGQK4plxp4aMMX3a-mBzt0OKWgB4ZzxTAnp4HpMFrzUdDxwyyXrvDk2DzVpKHE3owSsNj-gggzNON8pFrOh03UGjBOrKPVFq2rdek0rh9jQ",""
"deželna banka slovenije|svetovalec za prebivalstvo (m/ž) v pe pomurje, poslovalnica apače|slovenia","Svetovalec za prebivalstvo (m/ž) v PE Pomurje, poslovalnica Apače","Deželna banka Slovenije","Slovenia","Fri, 15 May 2026 04:18:34 GMT","https://jobviewtrack.com/v2/qTjPCEaIlF6uZBPq-krwFJlZ9rq873TEEWO6qS0XmVo4hR68N4URG5JVOF0v6M758fxbMcvIAktomPEXRY8FbBprumqI1zS381TJvbWHT-GxPUqMSRScdOymQ-3biojZj-Sa7D5vVcgkQveRkusMD6Na3n8KDTlXZp07wE0HB9-KbdHk4fv9ri2VY0oKh-ejkFeT_zel9AsLVEDJnYSCPVbN7G5ANwAjPf1nTgQQd6c",""
"adecco|prodajni svetovalec za pohištvo (m/ž)|slovenia","Prodajni svetovalec za pohištvo (m/ž)","Adecco","Slovenia","Fri, 15 May 2026 02:42:32 GMT","https://jobviewtrack.com/v2/BY_Z4QxZ5ww9cN6fyk8JUAfsFM-p3BkyyVxFumuwIO99v2p9l1zKOAbGs2wxP5kPyr3lrPfAv4EEtpYJexfaL297CtgMAgIUaJba_8g0BmZd31Bio4Q8bNPppC8hyzcrt6DNoa-D9DkLtBJewro75apKiZLHvZZyvPtIhF7uicX7jdorzN4cnMeNaoAFvZrUPpssm1riNU0e5T9moZ29haSmuIxn57ImOF8rAFJKMXg",""
"|svetovalec (šifra dm 140) - m/ž|ravne na koroškem, carinthia","SVETOVALEC (ŠIFRA DM 140) - M/Ž","","Ravne na Koroškem, Carinthia","Thu, 14 May 2026 23:48:40 GMT","https://jobviewtrack.com/v2/JGv9kH9_qIfJOvgZ0zmXjjiVog5uHdLbAZX6Cx9Bud7Va_j3UucgLHUJhb5TUPNKwOwTBIk9zIcnP_rv9QK_HUZEZy2awuLNBQ5C-pdt_NlvFnvAvol4nP6xZIStCjdRaOwnFIfWp2xy1vrMZEORAy06Yil0gwmlq_wGcuTKfM-Ug86eXcQ8A6qmXo9UCEpJi6tnzBX9kSRfLAc2aTSWnb7I0lca2-i_uU86I1R_5II",""
"satler okna in vrata d.o.o.|tehnično - komercialni svetovalec (merilec)|slovenia","Tehnično - komercialni svetovalec (merilec)","Satler okna in vrata d.o.o.","Slovenia","Wed, 13 May 2026 04:30:29 GMT","https://jobviewtrack.com/v2/lskyItvQccS5r96rd6QyA-4OrJt_1lY_jyaKPCcMg02SkP9d0tspm6Kkeg7mezkb8YYNQf4z1lcM2ffLc_eBmpEmbq-c_DsDp0VRWjqxMxYB5_1hkuuN8SjsNPFMAWv52XRYF0KDwoxKZMDjTmSU2HWTwL69B3B_kDydZa94fx84i7HyAleQOb6k9Tkl0AvbqJUUDhb5eRdPCeVtnH8hmLtfUg5xCrLNdUTNhRPJtng",""
"whc|svetovalec v kontaktnem centru (m/ž)|slovenia","Svetovalec v kontaktnem centru (m/ž)","WHC","Slovenia","Wed, 13 May 2026 00:43:39 GMT","https://jobviewtrack.com/v2/wue3SxftD6DnuAuzRqCRT5eVWuBomKmoqzZPyPyO5iiBff-ZdVXEyzmL_-PfxXBL8CKS47TWKv8120nOk1TefujNI5plEmT_DKSr1vnrSQGZav2T_GYMUlZKCoJTgvDcZXHCTfpSzyu2d3AjPl91mXgsnnxZwIlTsu91ZLVssmmRVrRauYg6_65nIrbpQr8xZmdyPe1_8mkojkFXRXtxlC3cctP85_-kZSRvxJovprA",""
"|prodajni svetovalec na terenu|novo mesto, southeast slovenia","Prodajni svetovalec na terenu","","Novo mesto, Southeast Slovenia","Tue, 28 Apr 2026 11:47:49 GMT","https://jobviewtrack.com/v2/OdIGCSMkFwa4uNqiU9SaONyU9dAU0kDqJ0Vb6rTKRMIvFQpKkomVXBSDonj4A6Vre5cOyIN3ES1Gyc2cy-WDa4W75DUWwQwYpFxb2cxm0b2EtgkBlsCDQOUOMYzMJoErVD7JdaR4WkaBudARqqXTl-CzYgVWmdEBhHzNo-Gj2VBVk_R9S-FpxfgDNmlfFpWgbvoGXeOcuCGxGwj3lUPHtZslVPa-UE3rWlfz3n5V8mc",""
"univerzitetni klinični center ljubljana|bolničar v urgentni in operativni dejavnosti ter intenzivni terapiji (e034004), interna klinika-internistična prva pomoč - m/ž|ljubljana, central slovenia","BOLNIČAR V URGENTNI IN OPERATIVNI DEJAVNOSTI TER INTENZIVNI TERAPIJI (E034004), INTERNA KLINIKA-INTERNISTIČNA PRVA POMOČ - M/Ž","Univerzitetni klinični center Ljubljana","Ljubljana, Central Slovenia","Sun, 24 May 2026 22:31:13 GMT","https://jobviewtrack.com/v2/tUfS0Ssz5jOcU0bNT89F5TTCton_IVtVpSOipLuVJPyfFlKUE45XnnyO0YEQhAyyTkzpeiSwqwFtlovKhEiX2Yjg_l6qMUaLvJCE_xRlkfGfq-gNc2LzfGb5n7FsQUHSovr3rmxM9NmpSFkCPzfZxjpKOLiCa872VHRokN2JoFykyQzZqfggcBXiCRAGDT7FaaMorvEXD2vjmevI31sUeCRX2hOdv8XdKoj-jdS_OlY",""
"|bolničar negovalec - m/ž|radlje ob dravi, carinthia","BOLNIČAR NEGOVALEC - M/Ž","","Radlje ob Dravi, Carinthia","Wed, 20 May 2026 06:25:13 GMT","https://jobviewtrack.com/v2/tJictfJNxTQ4W8rOjJBHPPWREXYcYJlcRB7NRKDV37_I5Hy3gOiNNiUb25Lm24p9jr2He1xCfjOj2l_ortYi6p-ZKG4A3hdXt6JOew1WXON1fRNSMct7lfpHIR8-5RxRC58eKyYSod2v4gR3tcDFRq1Lb0Kzu-LCwpdmszmSgnUa0X_7k86oIFjrmDz-TXK__9h6UeiWKGuF-q9X48pDQ0vMOrPokh-3ITcdLk9G1Kw",""
"|socialna oskrbovalka na domu v občini brezovica - m/ž|ljubljana, central slovenia","SOCIALNA OSKRBOVALKA NA DOMU V OBČINI BREZOVICA - M/Ž","","Ljubljana, Central Slovenia","Tue, 12 May 2026 23:16:51 GMT","https://jobviewtrack.com/v2/uwXSBnaQvINE8evBEr5qW-nb6Yn3VU3IK78S7wlZkyjvuB9iFDy7TQrvh4NhtnsEeh7Ea686OPbbEXXzC6LbRnIvia34Aw0dl0T8agI-d8wITOgtB9rasyakMSJotIXbXpdtjEWfMVtB0rFnrS0J0nXkC4vfsyftVv1ySLhisVG2uLFWe_-1YNr6P4P3MzIwVtQuEgF-XPc2BJyiBIIdaFAkemHQUohFKm1NhTu4do4",""
"|bolničar negovalec i - m/ž|domžale, central slovenia","BOLNIČAR NEGOVALEC I - M/Ž","","Domžale, Central Slovenia","Tue, 12 May 2026 06:39:15 GMT","https://jobviewtrack.com/v2/lTwIoJZoFw1EldrMEoIGWOAbmckwfJsW7w3Waeoyc_g1Wa5p5AbAppeZ3EkxVvZpKYN1K3sOPcPAbdg1DKgun0uioLFi4kyWOecBwyFD0ffXFr1JN9VYJNP1pcCk8re7tK0ZOZwByynmXNo6mMl_w4SHuKdd2QJTmihgFE8bVGpo1SB-F_X8y-8p7AKFNuYblsyF9KtSE4wXiZvtvrWM06bAPVbRJqwRx49jbUpfFHs",""
"|bolničar negovalec i - delovno mesto štore - m/ž|celje, savinja","BOLNIČAR NEGOVALEC I - DELOVNO MESTO ŠTORE - M/Ž","","Celje, Savinja","Tue, 05 May 2026 05:40:00 GMT","https://jobviewtrack.com/v2/FC5eDZXW2tLm4Ss6xsVluiih-CBbYMJCYuOQrmOH0yceT1VzCCaSD7rOkFBdzrBYn1d5-QCENz4XeLtbZTH-vtVHN0JchCh5prpppW1rwji7RmgEO09mZ1U3FrR60SGqRuZUWKiRTIQi-IPyXJC_z84G6tZBkmGdEoWUjwmHHNh3si8l_W9Bl-SlaVmc6VbB_PI2fLHUOeUDy9Y3TbJXZvYFLk-2H3pYZfRl4etPb6M",""
"|bolničar negovalec - pripravnik - delovno mesto štore - m/ž|celje, savinja","BOLNIČAR NEGOVALEC - PRIPRAVNIK - DELOVNO MESTO ŠTORE - M/Ž","","Celje, Savinja","Tue, 05 May 2026 05:21:18 GMT","https://jobviewtrack.com/v2/-u7taXEuIIvFVEIBWdvATEL6DxE8iCDkoYJjUXzed8ZnnSE7FJA9Ns3b5_apQcdQ8EL2OLoP15xQ4L8Ij2GR-zqnOxFs_RzkYQyQdPei_vdPrNUN5fa3saqj_ZhG1zELVmCRNttCu9l3cYd9DWKHYoV4ZAue2jMqU86QaUFP-dYGZ14EDs2FAG7mydwr054_4CWzd3tLS-dUMSgnDWZ3PHdBJHXReleuPu4x37XXBys",""
"|bolničar negovalec - pripravnik - m/ž|maribor, drava","BOLNIČAR NEGOVALEC - PRIPRAVNIK - M/Ž","","Maribor, Drava","Thu, 30 Apr 2026 06:41:14 GMT","https://jobviewtrack.com/v2/I8inx36KeURvNyj6MB7DmOKVTpY-PqNFnPWkTVkMY7Pc5zWpLUtsPSzs4b3TqeDA6VnZfxSpyYrm_sF3RxbVEqgjA5s1PA2zIl6g0V6SM4lnhtcIeEQcL1ZyGuEa0qftbsm-y0ksB1o3bNB-y0YKe48d9webNIQzY4sGSrdc2NrLFiHzLvF5MpNCTeRBKa08fdo6EMtLHAhqETlcPrxMoNvXNroQ6dirH89I8d1cyV8",""
"|bolničar negovalec - pripravnik v pe žiri - m/ž|škofja loka, upper carniola","BOLNIČAR NEGOVALEC - PRIPRAVNIK V PE ŽIRI - M/Ž","","Škofja Loka, Upper Carniola","Tue, 28 Apr 2026 00:50:21 GMT","https://jobviewtrack.com/v2/bnZIm7gI64lArXiirbPJ9XbTJGX814gN6_dhVZV3FEPbw4lAlBR3-a6uVTd1ejm9FNwowJMQcpFqz6FKCLT6PNh0-IBvFwNnPuGWKhBYRot0LMffpasMUm50tAuXV3fiJZxObJzogPWxge8EqbiNvy40JfRlgv-F_5xlqvIedWX0lKo8uljAxc9MsoPZpBRUn2-pbDIfAYE6hWe2dNQDxGatiLjW0przHVNwAoUZBC4",""
"|bolničar negovalec v pe žiri - m/ž|škofja loka, upper carniola","BOLNIČAR NEGOVALEC V PE ŽIRI - M/Ž","","Škofja Loka, Upper Carniola","Tue, 21 Apr 2026 04:27:57 GMT","https://jobviewtrack.com/v2/vBNnXB0P_gMlgFkGqOznot5_-9RYls6nc5HJYD-dUbOZ7_amrBRYrzty-SQAlXl_aUVhNAvi5P6P4a3Z6IjayWOxREHwpm89xQm5Q5sEDdQJY4m85Pu6ghWTh8C96jZFJUd17tv1PTMz_YVf5pHblnabR4hdiHAxsR5guvBGUfrN3Z_f2OmTSLcjOCstoNdiVkq9R2keTF4DS3P-3V8OVCh5aQ2ozoHIdwd9LAdxui0",""
"|bolničar - negovalec - pripravnik - m/ž|ljubljana, central slovenia","BOLNIČAR - NEGOVALEC - PRIPRAVNIK - M/Ž","","Ljubljana, Central Slovenia","Mon, 13 Apr 2026 04:41:37 GMT","https://jobviewtrack.com/v2/KH4XGuIyLhaESQWQyeNU-ib2WeiLbyjfyLoazuO3Wuya_D5GHnfPHg4Pboa1We81vBfub_sUnwX_oYvd0Rm6r-2drjZAruRJwHhkMWjYD0d37Ryxekx2DnPkLJvRZogaWwuL3CoGqJyhg1olugZGCLC7nCjM1huE2w0vFL6kt89lB2ZUhJbKE6qQ7pYB0ZtC_U7A9RkQ4M66yYWvUUH0MCXa1DnYBgSavE8A3EH5X4k",""
"|bolničar - negovalec - m/ž|ljubljana, central slovenia","BOLNIČAR - NEGOVALEC - M/Ž","","Ljubljana, Central Slovenia","Mon, 13 Apr 2026 03:54:07 GMT","https://jobviewtrack.com/v2/6yFsUxzAXNseByDeqKm0K-VK_FNltdKOR_-dJvOLdaqNKmtjCEaVqemMekeUSQgYfcMzSea0QVK7XRm5vKJhRMKZpnpMuHK-ZVg8bUpMPIvc-wtqbGACBRh1Vu6dL7QMP5-MYbFwuwwHKfEgAwuCF1e7HoNpup_cSUTi8EXLLOVgkSxXMSKskm6rVarSKdjnjl1dN0igejcnj-XeQZjCt-yCevcDuqmxuMugfwZRzzc",""
"|bolničar-negovalec - m/ž|novo mesto, southeast slovenia","BOLNIČAR-NEGOVALEC - M/Ž","","Novo mesto, Southeast Slovenia","Tue, 07 Apr 2026 22:08:15 GMT","https://jobviewtrack.com/v2/6zOCq5CagSNlfkGFhF88kUGcPsCnE13Y9G4HReMMkJ5EmAP_ygbDp1EpKZJqhGKnjXB4FDOHGe-wJwxyqR4py40lDDertH3FQb02dU3wyW2q7OitZCyBFjzNYKX4iiAWATo8W9lReBlzIKMFsu3MYcDtO6xZQWApGkNd10kBoEwj-HylAmG5R5xV9yEhnXaLaKPZIIKkFNskPNRR5xv64cUaF9LAM3Wzh-g-AKSL_AM",""
"|socialna oskrbovalka ii (i) - m/ž|radovljica, upper carniola","SOCIALNA OSKRBOVALKA II (I) - M/Ž","","Radovljica, Upper Carniola","Tue, 10 Mar 2026 23:33:55 GMT","https://jobviewtrack.com/v2/asGI9u0QyOI-x4Tc4EsEaESGj3m_ocIzM3fLiDwebCOa-tTci5rW9KfFdkx9Xa7UdMasNlyWdkZpJ4saqYPn920JP8BJX-_PVa5PT_pBJyDFEJOhM_zYOs_N2G78bEpwItpNGKR6NmKpxg0bjHcoHlhWcOejFgI2S5up0N8aqn6jbilay2YabyvzuEIppw0gB6E7a7eFl-NFPRIY9N-bXgveQYqlscSBELOFrMq39Gvv2-TUXaxrRUBgIDWJzzVm",""
"|bolničar negovalec - m/ž|cerknica, inner carniola-karst","BOLNIČAR NEGOVALEC - M/Ž","","Cerknica, Inner Carniola-Karst","Mon, 02 Mar 2026 04:42:13 GMT","https://jobviewtrack.com/v2/LMMKiL49hDyJBT84mF_O3TR8oDINUfyFNLYyhshaEtE0AfJMINBPgmAbiOdPY_3drpdORt3kZN6V_Xs6mv0gg27DTjTdpU4sKrFkjb0AFgDyMnpNhckp0PEnHGKcn26a-rbFW5VnmCo02haNA7xVipkG9Pbh-ZpJF6URgYpD7LTeBlFJr6eNwv4zWhyg0wV1kW9oIF5_gN_NejT3WiF4NZrUW8uoCi5JjHSYwCkd3ZYZ1yMWzy7np1Np58bMfnZM",""
"|bolničar negovalec - m/ž|idrija, gorizia","BOLNIČAR NEGOVALEC - M/Ž","","Idrija, Gorizia","Mon, 02 Mar 2026 03:55:49 GMT","https://jobviewtrack.com/v2/UvkXYK17iMJspQlZwpJ_RP3b1d7I15ypDEvYUXb6LvYLVlQTEIi5AeWraStdhSJfuvQ6fjoRlz9Iooy_cYaMAE0xjMwmLF0Y19ZP1tRXNKMHkdrhF0qlAEyNK0ZHJkVLmkBob4vbFBEjidxUkjkkXvlNrtLzBJuovtqUgaX2PLuJzod-cKGMx8NHCCxNuW93G25lMRlRWG_uAA1OQO99ScAm4ggq-hzLBPjz_uCMz4s6sb0qRAhDRfQTAboBMeEZ",""
"|bolničar - negovalec i - m/ž|radovljica, upper carniola","BOLNIČAR - NEGOVALEC I - M/Ž","","Radovljica, Upper Carniola","Mon, 02 Mar 2026 02:33:54 GMT","https://jobviewtrack.com/v2/WVYbn8aYeSzJSXYP-k2ksC-38XgT6n-qBn6WwcqNPM8bexeLudxb3scASpGc31-LuohS6_CvHhjC2AXgMIaUoY_cltCNasaKUVLU6w6nrHVmL6TbexcFE7xLe3a0srJ_PmoPsoOGDqS9c8cI_AkmD6N0KRPhkdwEQVwjHpSTSdYx0rKc8Cx-wVs4YBJPf8UqIrylU68rEJHlMfadpHqXph8hkAuBUA1NTQV5quNA-ND7pWmrr-DlY-zNTxohUSKY",""
"|vzgojitelj v domu za učence s posebnimi potrebami - m/ž|ljubljana, central slovenia","VZGOJITELJ V DOMU ZA UČENCE S POSEBNIMI POTREBAMI - M/Ž","","Ljubljana, Central Slovenia","Fri, 22 May 2026 06:54:53 GMT","https://jobviewtrack.com/v2/LKUoekeIgPZxizaM7Y4ChbpBcIGfXn9wzTGIKxM73Td-75uYBUgEsYqMa2ELq_xNqD9fnaGK1nyhj3-bILWwKxIb5R5Bh_XV9EGBu7C8jz216TUx7q8WRdcv_B7rSdr4BizZ5FV_Lcz4F2r8FNzKnOV4XX0V-E_D9tfVrLWV7ttyJKaLH4CZ9V77aVGe3nUk_xmWBkdsVOyLcMJK4bWU7tCFEqPL3iq4VsX_77ja-co",""
"|vzgojitelj predšolskih otrok - m/ž|kranj, upper carniola","VZGOJITELJ PREDŠOLSKIH OTROK - M/Ž","","Kranj, Upper Carniola","Fri, 08 May 2026 06:53:47 GMT","https://jobviewtrack.com/v2/m1VdlitunGpkZEUjg218WaL2CODHNlBKh60o1-1CtMgHrHnHUNpEgp0QvhWw5Jai7rWCJBnIFvkafopAXmWJrBe1NXUR77MoWzp02OebASwKSI8YqawYCq1T3qzE4UvnBs5MRrmLw9kVJ-J20Nc6iim0VxLBGxSZZEGfNQUkE60Jpi80ldyxTHqDd8Mbk0YmE_djDbUE0V3L0pISzBki7tb-l3Vf4W6MUZG32uvy_gA",""
"osnovna sola sencur|učitelj razrednega pouka - m/ž|kranj, upper carniola","UČITELJ RAZREDNEGA POUKA - M/Ž","OSNOVNA SOLA SENCUR","Kranj, Upper Carniola","Mon, 25 May 2026 01:32:44 GMT","https://jobviewtrack.com/v2/DBPagNBfh2tq8w2JBd_0_SSgJtA2zHdqHMBy5I_Qs-MWQf-Dt3t466qLQ0-9GkPwijnfyBPKHYD4yGIZlwwAYCTKOzVVbdMKIYgqtTj6rXK46p9R2gTHXYWT8rMpfWg7ui6igtDISE0YWDS2n_j5cC-jpbzdkwCJe6fytRa2ahTWd7F7h5EVZAeaj0TSHnuxbH1BLiseWbHqqrJmqGT5sjPmEqWnxP9WrJp9kanv97o",""
"|učitelj razrednik - m/ž|ljubljana, central slovenia","UČITELJ RAZREDNIK - M/Ž","","Ljubljana, Central Slovenia","Sat, 23 May 2026 05:52:45 GMT","https://jobviewtrack.com/v2/hRutb-FOgXvimOideJfsGjHhOu_gCWVmnOKDcVuyYgFRQPlqEAtWQhAG3y8wroAgxTkM-pB1S0X5XLT51ARor_7DcDtlYEOzDCGUeb2Oetqjg5zBzehjjbeZbSrHc3AZf82y9srOwBpu4RDynzy070xhVQP3ZJEZ4XDEUHU2PEyCfLPYj2XijCKOTqRNqZC_NXYoOAwHdiUL8ifl0dWkXDswQf67AzFhXhYdhtrwyTY",""
"|učitelj ekonomije - m/ž|ljubljana, central slovenia","UČITELJ EKONOMIJE - M/Ž","","Ljubljana, Central Slovenia","Sat, 23 May 2026 05:50:00 GMT","https://jobviewtrack.com/v2/QDMPNaUL24QlS1COWagDfvTBQyXyDC0i07C63EYQlbs0Tdb3WeTYt0XFGTx345lv8XWiLvZwlTh7Oi6asNaKVygA1V4FgIRMy7c7lVdw8DOazFmzcsw5uFNsPbJ8GTLUL5XzDSoLy3G7RIo-zdNpZBuc6NjDF1D_I5Q5NfS2xDtXh42Opb20CNx29rioa9kxJkGcvytze0Co0kVnY_33WXB98RebNILwZ2frd0Eu6EE",""
"|učitelj praktičnega pouka elektrotehniških modulov - m/ž|ljubljana, central slovenia","UČITELJ PRAKTIČNEGA POUKA ELEKTROTEHNIŠKIH MODULOV - M/Ž","","Ljubljana, Central Slovenia","Fri, 22 May 2026 03:43:42 GMT","https://jobviewtrack.com/v2/K8phbUK_5nCucj2pmXD951uohaIX7LtLlH4vTpA6O0YE4e4bUmQzQGbV6KcW5IvChi3-Tqauxb-b3yQkqv268NdAXR3w201Z4JqsYu36ZmhgvrRKM_nv7Q8gV7a8RIWwGUvjUuo7J1hcyOga4YER2C_YGyYisH0obHY_pmACdxjwZe48r859KsSvW7K3oebmF_e2FFXzegEHCu2byikTciDN_sRtw5XMV380zZwCU20",""
"|učitelj in organizator šolske prehrane - m/ž|ljubljana, central slovenia","UČITELJ IN ORGANIZATOR ŠOLSKE PREHRANE - M/Ž","","Ljubljana, Central Slovenia","Fri, 22 May 2026 02:35:22 GMT","https://jobviewtrack.com/v2/gKLJ8ELuGaiZgHZFwCScb4oz66RpHldhzuyrAegUHi66wv7hSM1qH23eTOMX8UyZTeZn0P1TCmFJAIZIg3ROJBZKUY151e8WDgnyNeSzqia9uVkGmsVAMakNw4_1W-wAotjCVYrTX220VkEeac33ay5Gv-uz6xqNicD2L3s7Lahve2nV13PzXX_MQ0rJCshVqurcS7eS-_aOx7PBwdshp7mJPB7g_aVnkXGHvaZT4qU",""
"|učitelj gradbenih - arhitekturnih predmetov - m/ž|ljubljana, central slovenia","UČITELJ GRADBENIH - ARHITEKTURNIH PREDMETOV - M/Ž","","Ljubljana, Central Slovenia","Thu, 21 May 2026 04:54:23 GMT","https://jobviewtrack.com/v2/x-ZO9N_yD7xUfyavSnGU53FsXVY8l9SSrZ03vWVjQRQGy4EGFJosGIp0cUq_-dwzDQc1KhrN6oAuvPMB1EK6RTQv10zaKMpiEq53dJ7lrzL8G1L8Zb2_0eLnjUETjBgt7rbu9X5M5d9GCYXfdaOs4xFEkFVneB2m9AkKW7TfeZt_xR4CkVYIvh182RQi4L3d8sLcT9Q5fbo9n9j579W3G9hQ5t0h4ebFyyb6W2EskYc",""
"|visokošolski/a učitelj/ica za področje gledališka in radijska režija na oddelku za gledališče in radio, katedra za gledališko in radijsko režijo - m/ž|ljubljana, central slovenia","VISOKOŠOLSKI/A UČITELJ/ICA ZA PODROČJE GLEDALIŠKA IN RADIJSKA REŽIJA NA ODDELKU ZA GLEDALIŠČE IN RADIO, KATEDRA ZA GLEDALIŠKO IN RADIJSKO REŽIJO - M/Ž","","Ljubljana, Central Slovenia","Tue, 19 May 2026 22:18:30 GMT","https://jobviewtrack.com/v2/Q0Nf8cr7PUUg1WSmmKhqYDWuPF-maAgs3VrZqKd-6vQhrJdf4kblYkinZUKLtJXE-H0XmrQ6THxMTezdMKv5irCilSSnbGV0FFFlf99yR_gxC-jd8UNuBBKkNkefhJt2xX0w_nn2vUFYFGFi90t0Sb-JbtWV6zXAQVrzO9Tv7DO3hg7oiGCf0wo6x8NhJXwehX3JIpPvg38ZODsgH4lxKkOq9q2ThUOBjSkzDRfM1FM",""
"|učitelj fizike in matematike - m/ž|ljubljana, central slovenia","UČITELJ FIZIKE IN MATEMATIKE - M/Ž","","Ljubljana, Central Slovenia","Sun, 17 May 2026 22:59:35 GMT","https://jobviewtrack.com/v2/hT6gVXxqrKgAiqhSnKW-5pgNvyp-3lq9HmxGkYaqy_U6rYQ15sugI0T5lSHfrX4p9Toq8Tm16HaDzKv7Pd5m3VQkZEvS7bTpmpeg0MltDZZM4zo0M1aDk_IVO4fPa8AZ40QNzKGK7SyZiq2oQRxrTKEB3xnj1xYwC6frgTfgJqiJT8PZbaa0KPp_7KyHrwXhLsL2lqoRhbcOHtteUSq7E9SoLccaewC5pdoyrcFCsoo",""
"|učitelj angleščine - m/ž|ljubljana, central slovenia","UČITELJ ANGLEŠČINE - M/Ž","","Ljubljana, Central Slovenia","Thu, 14 May 2026 23:22:31 GMT","https://jobviewtrack.com/v2/CjogytuEUYZbnUGoSoglcUCpnVGC2uOtWyfDguoXKYvFMXT3WbjCxXhsjl0zu6LZQfMBgiYGF_eSRxKNvH8buyW9hd_airS_kGqbzeevY_4ephSIXwam4q3IH_N58Bq1x0HUpTzz6NMgdBjAv08eq674rAZ2OhF5pAFysABCPCFzLY9IzDiJJfvbEqRb9pf2frhSxKaNWEtgsNqfP_us1O2NTU_ogdbFIIjokl31t1U",""
"|učitelj predmetnega pouka (zgodovine in geografije) - m/ž|šmarje pri jelšah, savinja","UČITELJ PREDMETNEGA POUKA (ZGODOVINE IN GEOGRAFIJE) - M/Ž","","Šmarje pri Jelšah, Savinja","Thu, 14 May 2026 02:22:36 GMT","https://jobviewtrack.com/v2/Axfg_AXXwUwY3TJyAEjx3HsGuIFGTKUo_SUm3fHfMQJhv3eg4nfw7yM-y892hhZqhv7cX88sThW2cDGdjmPqYVzlJpfQFyvb3kpfJL0VW_vhG8SdJgCF3K8qMUmEH52m_ipj3I1aGSOaNuLw-zJCrgQWCOEymOW47T2TT-L6zHK7C_HCNE8sAgRQyjsvwmHrziPbPoNqeRstHMEkxdq3k5CA0YykKqOua-SLgCKm74I",""
"|učitelj razrednega pouka (učitelj v razširjenem programu) - m/ž|šmarje pri jelšah, savinja","UČITELJ RAZREDNEGA POUKA (UČITELJ V RAZŠIRJENEM PROGRAMU) - M/Ž","","Šmarje pri Jelšah, Savinja","Thu, 14 May 2026 01:58:44 GMT","https://jobviewtrack.com/v2/-knjMBAYVnv343DVocljQTBFXCg3bfi8PtpIWTNGlzOuoyLsItel_l25ApPeepSQdJ1VR2HW8aFjigT0TJw09CyLGvpb3qQPB6MwBPz9Eqm-jactDam1Gy8EfVLUpv2Wfm60QXOA68E4VCnVVqWcWxRQwyJ_ZQy1-VoHXR9R-gnq8l-ITuMMZdoiYaEqaNL-KZolk1qvN0gxWIjPbdYIlVlmI4SFAVwkOhvXmeJr8No",""
"|učitelj razrednega ali predmetnega pouka z opravljenim študijskim programom za izpopolnjevanje iz zgodnjega učenja angleščine - m/ž - m/ž|šmarje pri jelšah, savinja","UČITELJ RAZREDNEGA ALI PREDMETNEGA POUKA Z OPRAVLJENIM ŠTUDIJSKIM PROGRAMOM ZA IZPOPOLNJEVANJE IZ ZGODNJEGA UČENJA ANGLEŠČINE - M/Ž - M/Ž","","Šmarje pri Jelšah, Savinja","Tue, 12 May 2026 05:51:04 GMT","https://jobviewtrack.com/v2/jnZBBmPhjgAcb3O7dlCNYDtweLqlJruU5DW-oJmG5r49LMJKH7x7JuwxRc-WGGU0PyhTJ2l3sgsTVIkTeQr9G6_h3y99W0zFyvPEHDlEQuH6lfi_Yz1d8bSoDPO8HUQdDhxbK8MZmhpQcr7yHpZoZlSyrjXsmhsY68j7ugzqiIF-2FBk9dKPI6qTAojDp7hoGzTDMuuat2eZ8VdLhXK1vMvxHXiikRgzY3kLnqvdHHw",""
"|učitelj matematike - m/ž|ljubljana, central slovenia","UČITELJ MATEMATIKE - M/Ž","","Ljubljana, Central Slovenia","Tue, 12 May 2026 01:57:28 GMT","https://jobviewtrack.com/v2/XnZnvp-sDDal-yQuDtLoY4OwG-fA-MY4MSiClYb_LyDdppyG2kA2grinWjoZSOQG7__qpeaRq0WZXW_tMsk1mHmo729kdApmUX0F9RJI0hHrJxSIm33fbI9X7HA6DCZxhCdvxFUKQrUQAsQWbaqAEYOUifh8xK5pYMcOYUfjJsIm--bz9H2HWCTspYJN4JrN64sIK9SivlCtg51YTOpVE-LFSdG9khRKCDGa0EKXJGE",""
"|učitelj predmetnega pouka tehnike in tehnologije z dopolnjevanjem (matematika/rap) - m/ž - m/ž|šmarje pri jelšah, savinja","UČITELJ PREDMETNEGA POUKA TEHNIKE IN TEHNOLOGIJE Z DOPOLNJEVANJEM (MATEMATIKA/RAP) - M/Ž - M/Ž","","Šmarje pri Jelšah, Savinja","Tue, 12 May 2026 01:56:29 GMT","https://jobviewtrack.com/v2/f5CcFzVS1EE2TIhrK5hGh8tmNwH6c8kC7JU6nPzl9PJUd5RNrgGy_WrIPEv2ZsXCtZ20ekt7YLD6KAimoKrExorlCWQYvNotPh_kdEv_JwzrwcbDOnyhCuWpoMWQ4XBGIgWDlj1pvNK1LkancOgfl0cyjB-n1NlXtYpddCDS65Yk-L7ylXymt_YMOS5M0vqWT4METJk_lBwY6Y1v2Iwgxfj6vuox-QAL_DFg39Wceb8",""
"|učitelj vožnje b kategorije in učitelj cpp predpisov - m/ž|ljubljana, central slovenia","UČITELJ VOŽNJE B KATEGORIJE IN UČITELJ CPP PREDPISOV - M/Ž","","Ljubljana, Central Slovenia","Thu, 07 May 2026 07:55:03 GMT","https://jobviewtrack.com/v2/0nrxZKsFaE4Tpb4fNlwz5zUxVrXWUlt1kvfBoyI5fYNjDbbwnJMZWQpQcVO066JP2il2hDRt2KKSDziydZXD6fj93_LEp3xgnc8vomx4ygeOl_7m8saNVqUPOcjq2Oi7LHkqfXe3WhKFRT7sktTl7lUGWhgCLVSWCgkwtqBKPfyWsqUbIn7_jY7cei7ThFS8068CqtnjLAJtudX3OeBBuy2XarILAIpj6dkwPRneRGA",""
"|logoped ii in učitelj za dodatno strokovno pomoč (logoped) - m/ž|slovenska bistrica, drava","LOGOPED II IN UČITELJ ZA DODATNO STROKOVNO POMOČ (LOGOPED) - M/Ž","","Slovenska Bistrica, Drava","Fri, 24 Apr 2026 06:20:28 GMT","https://jobviewtrack.com/v2/frvpClQWiOZ5a5Q8fR-VlfvzL_Tno76JIKK8UB-rfUsO_0Iy8HrMlcBLbwFSam45aQgObfG3NZBnhWzfYL07k3qA4zac43yKQ0jTqRUof7W3Zye72YPKF3U9XI4HwoNJV9SgRCng-lp1oFCMttHvzI4IYsmvEsZgbufxhmPvmhsZ_ksEB8FJDgQGs_Y6qv4fb7CYRAor_fFYPjjC19Sx-_Z1HQpa9kn3qTlV4Pi6Wdc",""
"|visokošolski učitelj - docent (d019008) (m/ž), na oddelku za oblikovanje vizualnih komunikacij, na študijski smeri grafično oblikovanje - m/ž|ljubljana, central slovenia","VISOKOŠOLSKI UČITELJ - DOCENT (D019008) (M/Ž), NA ODDELKU ZA OBLIKOVANJE VIZUALNIH KOMUNIKACIJ, NA ŠTUDIJSKI SMERI GRAFIČNO OBLIKOVANJE - M/Ž","","Ljubljana, Central Slovenia","Tue, 21 Apr 2026 07:02:44 GMT","https://jobviewtrack.com/v2/QpDispQBQyIVPD6eP_moF2x3ZyPkzsbCeo8whpGqQ2HLh_J7fFF5LdyDEtU8wCuov2-OURCJI3bd1H3zNE8o8bd8jY2wgDeo0r1zUX6SOJ5wYCm1k_pa3KHQ3XAXK9KuP094beBmPGI4JNim0dqK5RzRlMqTfnYWc7wIXraJ3Y8YnCwlTtfsEKkK8I7qLW5lgDr8bnhgjrVtr6WReVkkbTEcJsJ46y68XQzG0CsfXQI",""
"|farmacevt iii (i) - m/ž|kranj, upper carniola","FARMACEVT III (I) - M/Ž","","Kranj, Upper Carniola","Thu, 23 Apr 2026 23:29:56 GMT","https://jobviewtrack.com/v2/rof6zu8URtLcEIgFuCytuj_1IhSuL6mr5_jWHyaWBPNnri8QWlf8Y2XF6WCOMonMmPoqyZAx1vvXOHEs6sQ5a-68OX9J4pNOyMnfHszQ5Cuje_dFqD3a6k_HYOn7mdH3C1Bi8sy2lZ5hvQftxDpbtjp-wTZf-WR3naVVrOvnobQI4R1osHNX4lDpioMzwXFeYoU1nxGVAD9ipyTbCp9w5N8ANoQCQjNcBx3QyB-ViRQ",""
"|varilec - m/ž|cerknica, inner carniola-karst","VARILEC - M/Ž","","Cerknica, Inner Carniola-Karst","Sat, 16 May 2026 04:36:19 GMT","https://jobviewtrack.com/v2/zaO8YiRfksoz90Hou28tV0Q5osscqFSWZlrjJ8wcus3n9X9CcCWv-z9Yhp7vMLqiJ5dtJrAwMNt2I6msaQq-5nx104JqeGVENOwmPGzZILCzA3Y-R2IZkZ68KYGoT7fXoA8brawojD0BdGVowyF3vFyBDyNbRoErbrz-7bwt3kT4Isr5am9M5n5meUnNVrD8lXlEBPZvZh9FvM0pzVXpCg1sgYJIANo656Bou9OjuT4",""
"|varilec - m/ž|maribor, drava","VARILEC - M/Ž","","Maribor, Drava","Thu, 14 May 2026 02:52:34 GMT","https://jobviewtrack.com/v2/vdPlXo-tU14VFt52JPDHSKDJGuOmuPKJe8jg9R2MU21dTfrHW84Ef2ee0TTq5dFj-PY9bRgtuuOpA-6LFrUWP8tBzRSd-l4Kg_HDA2C_RMu1SD3H4O5ANjHyaXAfCsnXsTD3A5UgNl_zxt1VIxDFbHKJNp2kuJnYmTE51QIswU9YFISxFr66KFQMPkVe0LYHK5DgC3j7QqFF8oXWVKc3UXMy_Yx4ORziK4Yiax5o3t0",""
"|varilec - m/ž|metlika, southeast slovenia","VARILEC - M/Ž","","Metlika, Southeast Slovenia","Thu, 07 May 2026 02:14:25 GMT","https://jobviewtrack.com/v2/R7KLsRzyK6sivjpMQ0RippUsrX-r5K96tJotnVKmc9XnUI3E4-yKBzN5LSTfnKB0ltxqj_OawvvkLimqBjnvgV95mBnH7jMmZysZDbWpKJKrGXFpbzR6eELG3H08aZEVdu2uVmMhzs6vWTV8x5Q36xM9roafO3IQ3zASJs3pGRLByv7prJIO2rzLpF04gem-i8--ta4DepOEl6D7rL5FE8t6nOugmHlDbVRVW5dRbPI",""
"|varilec - m/ž|ljubljana, central slovenia","VARILEC - M/Ž","","Ljubljana, Central Slovenia","Mon, 04 May 2026 06:27:49 GMT","https://jobviewtrack.com/v2/oHgqPr2vNZC5s3WxZ0SdEezH2J0EmF1rWsV_PrNJZMc4GL03TRAZtXYyrDnvKhOpr5YiG-Y8rnWSPfeF09V88NaaZB-7ewOA55ln5TEWeVIR-sEqIzxrhLXRYE1W3yGRUNwh1WsG8Po0Lco6ZHDAilLKeZPxdrVzZrNM9jq7LcR5cJLmOvRY44Ciz6VGegG-zAC4kkqpDF3AjWKsaoaXtzNnf_lvu2yfRPsd1XhFWLY",""
"|varilec tig/mag (141/135) za izdelavo in popravilo industrijskih rezervoarjev - m/ž|maribor, drava","VARILEC TIG/MAG (141/135) ZA IZDELAVO IN POPRAVILO INDUSTRIJSKIH REZERVOARJEV - M/Ž","","Maribor, Drava","Fri, 01 May 2026 03:33:24 GMT","https://jobviewtrack.com/v2/FEci2S1nffe7KukNRW82JUMAIVthlvoMmDDOWnlLkPbv9uKv60IBfRO80ZZIMxJ6CmXKtArfwsz0pmPeU_txAjCEA5NrL5YGIPkXwDplm2oITFOBC0uqIrnmcTSf1ISjkFg8bXOJ5c3Q3laEoJV3BzhzR6mqoZokZuCjh19edDJ0byDeIggkh7EaZwOoPfCxQbGYYkRAMopQlOev0vc-swo7fyWgTWYbkBis1qLV7Bk",""
"|varilec tig (141) za montažo cevovodov - m/ž|maribor, drava","VARILEC TIG (141) ZA MONTAŽO CEVOVODOV - M/Ž","","Maribor, Drava","Fri, 01 May 2026 01:13:15 GMT","https://jobviewtrack.com/v2/PjMXcZi0dX4lDSgScnlh1Xg0RwVK55sBKYkqSOqa_dyZTwJw_nTGnSmO33ApqdSt3gDlzqyjIpsf0moY_Z5XkJHjmY7zwGqBlrj2v8U0jJvxa2aYN58sPynAsK4d4w9wL_Gv5gTg4_FIKzm38R_e2n9Jl3lkWJf6-Gpc1xoSnUY81d2XacP8lIb_U33B6JwrHBq0Y5am8E3sv_qqjIYLGl2x6jneQnmWaCPqPy5bWNA",""
"strix emotors d.o.o.|ključavničar - varilec|slovenia","Ključavničar - varilec","STRiX eMotors d.o.o.","Slovenia","Thu, 30 Apr 2026 22:21:45 GMT","https://jobviewtrack.com/v2/urSzOOaFUF34vQpeGLMscyyvL3zjJIhf6wVp70_axB2th-G9XIDJXKT1KUsDKGz2pyqO6M4kVNmTrQHHIt6c5PrjzJUUkH7B8MJkhZUXScdnCBV-nMjvU0PiSrwypAbI_T4JjVJ5H7vpTx9FGQ6WJwelta7CM5vVW-f8vWiBis2Ikzn88mMpCgMePHUHY7lguIH2hWy2jZOWyUy1oAam3g6OxmX579wJSo_Hbf4bR2g",""
"|mehanik kmetijske mehanizacije - m/ž|murska sobota, mura","MEHANIK KMETIJSKE MEHANIZACIJE - M/Ž","","Murska Sobota, Mura","Fri, 22 May 2026 02:59:06 GMT","https://jobviewtrack.com/v2/dyCNfs5TGKQCOysWfKrIpExdhQWMVmXRDB9FwlqqrLNOzvZpVQE8464DkSnULp5oZXtpyNXdIXSh0om_fKGshf_uzhK_96ownpRgi9d0Y3i1a6rHEDjkktYXD3UsCtlAc6m4mrgk3aNDRqTS-90AeeuZX_oqnRHR8IyvWjxwEpi_7UDIlPqWkkvbdjQgeKp1YTHif2HeKuFOVESSRrbxxSPUlnPa1rbC85LUNhBTZ6A",""
"lip bled|mehanik (m/ž)|slovenia","Mehanik (m/ž)","Lip Bled","Slovenia","Thu, 21 May 2026 07:05:00 GMT","https://jobviewtrack.com/v2/Ojqd1nMX80GzqLgpXL6brPlYMsNHqQ89gBn5_UGK-J-ojNxPzyEKUY3ielDYPXrPATzQT7Uk_bwNCC0N7SVukcY8pAB4evftwYUASR0B5NAff6FSeDx9q6BR1_bqtDjdezejDnS0zG3RSAsaWoVR-_mcYAPfuxUPwdpMJo6j9lSdfMbsEVe6C79s163aEl1tsB5v4h46ezEFeWzFUJDDOJ9-qpUOApKGnxnIm3o3lks",""
"|mehanik - m/ž|celje, savinja","MEHANIK - M/Ž","","Celje, Savinja","Wed, 20 May 2026 03:58:40 GMT","https://jobviewtrack.com/v2/9507FD82rRLlgtd1naNewGHMrV3VOahOQioZlWGbcMM8RTr79KtOdmQFrupa329JZmG0l4talGJwVqpwXCvkskOC7Pkehw3nbQNb_ipqGZW11rDx4e1bJN7M4Y2wHryCqhh6ieIa7nLVZ-xcbAiT9OsbsVwiXrZLyrqqt3U2deJwN1ydNuhMlvdeLdpnpeyXHCyTUekzTDZ9u0JttN7NQJ74W4T5NcBi-rdJmIHrdYw",""
"novartis|mehanik v enoti pakiranje (m/ž/d)|ljubljana, central slovenia","Mehanik v enoti pakiranje (m/ž/d)","Novartis","Ljubljana, Central Slovenia","Sat, 16 May 2026 22:24:56 GMT","https://jobviewtrack.com/v2/J4w5qts7E6DOv94K-JOWDk-Nlp0Ns4S97zywmMZtGvg7Yn2pkxvU-yZedct_BKlRap7kEqbIxhZERL4qw2qYf9_HloiLSfHRRYiL5VBVKVr9AG5Ofswn5O1wOW7xIre2_MY9IGzFUxLd4GqmkVTpVvclLuZuU2F88_mHs-qk45PkLNif0TWhLE_853iPe_2TJqWWSIvn94CEr4fN1pWeWydHoYbrl-swgA3KJKCGVr4",""
"|mehanik - m/ž|maribor, drava","MEHANIK - M/Ž","","Maribor, Drava","Sat, 09 May 2026 04:21:22 GMT","https://jobviewtrack.com/v2/bskPPIPxOlwi8tSTfDRBaSkvYoNpYQ1_Sp-59A6b3YEIwbjvCGiruXa1X1QbkeBbgmVGPE5q9qCkUMFbBxaZKmov3X4bVzHoHbrnwvujT7fLKWDAsUB1B17jrWUUoYsRV4S7XgABCmKV-zCdCqgSLZcGxT5zP0vDjfhTdFPsoa16g0DG3VFojjuvlo-H8P7ZKFc5mKGP_3OCkRQqe8wFr5sKKyf2yDXW_F5EyuXpLCQ",""
"ak automotive|vzdrževalec - mehanik (m/ž)|slovenia","Vzdrževalec - Mehanik (m/ž)","Ak Automotive","Slovenia","Fri, 08 May 2026 07:57:24 GMT","https://jobviewtrack.com/v2/SJuBJ8f1W6caFOFK_dmmoddoCMTh1vL7y1Zi0SPcoYcqOXcnacglfxDX2Zk7L3tE1F6TnuBi69YaPQMBamAK_pOPgNLQx4gLMhVbroyQ_mgbdy31wqZjMCAjr2VhUW9uJLBbC0akrLasaYRVs-4ihwN_TM4Z8xXqFhQ7b2T5T5HHVobrecZj1RTuj8PM1cjVEnfZ5UNlVDXjuqXE-wj05dRFrZicX6YpPLVmNFro0ec",""
"novartis|mehanik (m/ž/d) / equipment specialist (m/f/d)|ljubljana, central slovenia","Mehanik (m/ž/d) / Equipment Specialist (m/f/d)","Novartis","Ljubljana, Central Slovenia","Tue, 05 May 2026 07:39:01 GMT","https://jobviewtrack.com/v2/AGYYHjdtqQzDKT3WHBXiJ45u_-sPCRp01J5L84oJU0bTZxNdotFHQMHDf8oyYtGwrW1bqog_RTh0EY_rNrRQwdqUn1df7dxPsw1YK-IVd2RD7gECLSDFMfks4a5IBk1huYnHxNJCroLExzYG3OxZuV_Ykhzsv4hPnLp1KSi6Is-wDoRqBSvW1ETg_Y6Lic-BDsZkTy8CgxChwZ6IcFf8xRYsKv-oUyZ7RzAH42UIzS8",""
"novartis|mehanik (m/ž/d)|ljubljana, central slovenia","Mehanik (m/ž/d)","Novartis","Ljubljana, Central Slovenia","Sun, 26 Apr 2026 06:33:11 GMT","https://jobviewtrack.com/v2/cJBPEK1hPzM4R6j6i33MxhGGwIXeAH_96L9KzDCfa0UQLj-esHK2R1zjHt8AV7MK43o-zdmaE3JVNkwRZ39_md4-LxGTl83lh3aoJmp0lot_YbeeFZ5NdRs61Boh91gkcbdvJ7DDfPnbCcEzhhWCXzk0yiFLSQSi64QsbLiY7a2A3JKsDUrLZCFHag7zgE78_ZaiYt_y12LxQiTUXfhvk-DFvshy1qdC_ZQjWvmeuKs",""
"trenkwalder group|mehanik (m/ž) na bledu|slovenia","Mehanik (m/ž) na Bledu","Trenkwalder Group","Slovenia","Tue, 21 Apr 2026 07:06:24 GMT","https://jobviewtrack.com/v2/0N2GL_xe4ZSRrpaJWYbuPHEfK32KL4ESgcOGzvuvyARvukDHFzvo04v8HyVNJrOzLPppfb36BVqjt_QYv1iyhGr-J79R5ZV9FhUTYXQYjsPH7ACqiMdC-iisva-9KsLopQjF0HZIWk5RWMFw3LcNravljI8WfHg8Yk5ly-l1zm27JAQtaxyrAYSTP2TMcPeMcmv16akqXjrCdWnqcZfKYvNw604LKST3Hgfv4NNfZQM",""
"|mehanik /avtoelektričar - m/ž|ljubljana, central slovenia","MEHANIK /AVTOELEKTRIČAR - M/Ž","","Ljubljana, Central Slovenia","Tue, 10 Mar 2026 05:15:45 GMT","https://jobviewtrack.com/v2/QlXRiP4jNknfmQt-V08OGCh3rFxbuQUZLrDAZndXQFVV8VF0xYBzvjMlCzQvLjqfvrKYNBPyTQmaYbLofjAR8EMMxvIXGctLIuijD-pcGmuzkoPQ_iX-GHnsRZe22RDRWd8fZuU12spKbSGxaXRG6zLZZoE3r4_GFduszAVdVXD3j6egPHdEXmdsjJG5xbtXqJxu8YJcmill-Kl7EvsC5hlT_EPuwY24urlka5c4Sf_plieWIJZSTRAV-o2fhOTj",""
"|frizer - m/ž|ljubljana, central slovenia","FRIZER - M/Ž","","Ljubljana, Central Slovenia","Tue, 05 May 2026 06:29:51 GMT","https://jobviewtrack.com/v2/_dAq9vkbqKdIPhk4avqW-kpw1m-iIZXIyqC_e8i4CzYmKdg2KYmIEWSzheC8LLxTiuQpYhyD3qP4Mub3vSKlCD1ctG_3Qv-MM0k0kY41nsBc3zbgxbPME_zBf5OzjPa8DL5EpSOQ2LrMvF3qWqv6gUNaCuBen4AaXrMdWyAumlGFctBewveyJpRO5gOKXElqxVnWeT8fsCyDeJrpGd7G9Dp8-B6NWdHdCkOGVKsyi4M",""
