jobId,sourceJobKey
"job-00003","null|kuhar, ljubljana|ljubljana, central slovenia"
"job-00008","adecco|kuhar (m/ž)|ljubljana, central slovenia"
"job-00017","null|dietni kuhar iv v zsv, šifra dm: f094075 - m/ž|grosuplje, central slovenia"
"job-00020","null|kuhar/kuharica - priložnost za upokojence, ljubljana|ljubljana, central slovenia"
"job-00023","null|kuhar iv - m/ž|ljubljana, central slovenia"
"job-00030","gostilna turk izidor zelenc s.p.|kuhar - m/ž|logatec, central slovenia"
"job-00031","null|glavni kuhar - m/ž|ljubljana, central slovenia"
"job-00032","daneks storitve in trgovina d.o.o. ljubljana|kuhar - m/ž|ljubljana, central slovenia"
"job-00034","null|kuhar v gostišču jezero ob planšarskem jezeru na jezerskem - m/ž|kranj, upper carniola"
"job-00040","jezersek gostinstvo d.o.o.|kuhar - m/ž|radovljica, upper carniola"
"job-00043","null|dietni kuhar iv v zsv - m/ž|škofja loka, upper carniola"
"job-00053","null|dietni kuhar iv v zsv - m/ž|žalec, savinja"
"job-00055","null|kuhar - terme zreče - m/ž|slovenske konjice, savinja"
"job-00056","null|kuhar specialist - terme zreče - m/ž|slovenske konjice, savinja"
"job-00057","null|dietni kuhar - m/ž|mozirje, savinja"
"job-00058","null|kuhar - m/ž|mozirje, savinja"
"job-00060","thermana|kuhar (m/ž)|laško, savinja"
"job-00061","null|kuhar - hotel planja - m/ž|slovenske konjice, savinja"
"job-00062","null|kuhar specialist - hotel natura - m/ž|slovenske konjice, savinja"
"job-00063","null|kuhar specialist - hotel planja - m/ž|slovenske konjice, savinja"
"job-00064","null|kuhar ( mesar)- hotel planja - m/ž|slovenske konjice, savinja"
"job-00065","null|kuhar iv (šifra dm 2237) v zpkz dob, sektorju za splošne in pravne zadeve, oddelku hišnih del, referatu za prehrano obsojencev. - m/ž|trebnje, southeast slovenia"
"job-00066","slorest|samostojni kuhar (m/ž), novo mesto|novo mesto, southeast slovenia"
"job-00067","null|kuhar iv v zavodu za prestajanje kazni zapora dob|mirna, southeast slovenia"
"job-00070","kmetijska zadruga trebnje-krka z.o.o.|kuhar m/ž - m/ž|trebnje, southeast slovenia"
"job-00073","null|kuhar - m/ž|novo mesto, southeast slovenia"
"job-00083","null|dietni kuhar - m/ž|idrija, gorizia"
"job-00084","null|kuhar-picopek - m/ž|brežice, lower sava"
"job-00086","terme čatež|kuhar - m/ž|brežice, lower sava"
"job-00087","terme čatež|pomožni kuhar - m/ž|brežice, lower sava"
"job-00097","null|kuhar m/ž - m/ž|lendava, mura"
"job-00098","null|kuhar m/ž - m/ž|murska sobota, mura"
"job-00099","gostilna picerija kostanj, matej znuderl, s.p.|kuhar - m/ž|gornja radgona, mura"
"job-00102","null|kuharica/kuhar - m/ž|gornja radgona, mura"
"job-00113","sovita|kuhar - delilec, m/ž, šentjanž pri dravogradu|dravograd, carinthia"
"job-00120","jata emona|proizvodni delavec na farmi ali v sortirnici na duplici pri kamniku|kamnik, central slovenia"
"job-00139","iskra, elektro in sistemske resitve, d.o.o.|proizvodni delavec - šentvid pri stični - m/ž|grosuplje, central slovenia"
"job-00143","null|pomožni proizvodni delavec - m/ž|radovljica, upper carniola"
"job-00145","null|višji proizvodni delavec - m/ž|škofja loka, upper carniola"
"job-00146","null|proizvodni delavec - m/ž|radovljica, upper carniola"
"job-00154","null|proizvodni delavec (m/ž)|železniki, upper carniola - škofja loka, upper carniola"
"job-00163","null|proizvodni delavec - m/ž|žalec, savinja"
"job-00176","null|proizvodni delavec - m/ž|trebnje, southeast slovenia"
"job-00177","null|proizvodni delavec - m/ž|novo mesto, southeast slovenia"
"job-00178","null|terenski proizvodni delavec - m/ž|novo mesto, southeast slovenia"
"job-00182","null|proizvodni delavec - m/ž|metlika, southeast slovenia"
"job-00187","null|proizvodni delavec za srednje zahtevna dela (m/ž) - m/ž|tolmin, gorizia"
"job-00189","null|terenski proizvodni delavec v pe dobova - m/ž|brežice, lower sava"
"job-00191","null|proizvodni delavec - m/ž|brežice, lower sava"
"job-00194","null|proizvodni delavec - m/ž|cerknica, inner carniola-karst"
"job-00197","cimos d.d. avtomobilska industrija|proizvodni delavec v livarni - m/ž|radlje ob dravi, carinthia"
"job-00198","null|proizvodni delavec - m/ž|sežana, coastal-karst"
"job-00201","null|diplomirana medicinska sestra (m/ž)|ljubljana, central slovenia"
"job-00203","null|diplomirana medicinska sestra - dragomer - m/ž|ljubljana, central slovenia"
"job-00207","univerzitetna psihiatrična klinika ljubljana|diplomirana medicinska sestra v psihiatriji v bolnišnični dejavnosti|ljubljana, central slovenia"
"job-00213","univerzitetna psihiatrična klinika ljubljana|diplomirana medicinska sestra v intenzivnih oddelkih psihiatrije|ljubljana, central slovenia"
"job-00214","null|diplomirana medicinska sestra (m/ž) - lj. črnuče - m/ž|ljubljana, central slovenia"
"job-00229","null|diplomirana medicinska sestra - m/ž|ljubljana, central slovenia"
"job-00234","univerzitetna psihiatrična klinika ljubljana|diplomirana medicinska sestra v intenzivnih oddelkih oddelkih psihiatrije - m/ž|ljubljana, central slovenia"
"job-00235","univerzitetna psihiatrična klinika ljubljana|diplomirana medicinska sestra v psihiatriji v bolnišnični dejavnosti - m/ž|ljubljana, central slovenia"
"job-00243","null|diplomirana medicinska sestra / zdravstvenik ali diplomirana babica|ljubljana, central slovenia"
"job-00248","onkološki inštitut ljubljana|dipl. medicinska sestra v intenzivni terapiji i, ii, e037019, oddelek zn za podporo skupni zdravstveni dejavnosti in oddelek za odpoved prebavil in paliativne oskrbe m/ž|ljubljana, central slovenia"
"job-00249","onkološki inštitut ljubljana|dipl. medicinska sestra v intenzivni terapiji i, ii, e037019, oddelek bolnišnične zn sektorja operativnih dejavnosti, m/ž|ljubljana, central slovenia"
"job-00250","onkološki inštitut ljubljana|dipl. medicinska sestra - delo s citostatiki, e037008, oddelek zn sektorja internistične onkologije, m/ž|ljubljana, central slovenia"
"job-00251","onkološki inštitut ljubljana|dipl. medicinska sestra - operacijska medicinska sestra, e037010, oddelek zn operacijskega bloka sektorja operativnih dejavnosti, m/ž|ljubljana, central slovenia"
"job-00252","onkološki inštitut ljubljana|dipl. medicinska sestra v anesteziji, e037015, oddelek zn operacijskega bloka sektorja operativnih dejavnosti, anestezija, m/ž|ljubljana, central slovenia"
"job-00255","onkološki inštitut ljubljana|dipl. medicinska sestra v specialistični ambulanti, e037026, oddelek zn v specialističnih ambulantah, m/ž|ljubljana, central slovenia"
"job-00256","onkološki inštitut ljubljana|dipl. medicinska sestra v intenzivni terapiji i, ii, e037019, oddelek zn za podporo skupni zdravstveni dejavnosti - m/ž|ljubljana, central slovenia"
"job-00257","onkološki inštitut ljubljana|dipl. medicinska sestra - operacijska medicinska sestra, e037010, oddelek zn operacijskega bloka sektorja operativnih dejavnosti - m/ž|ljubljana, central slovenia"
"job-00258","onkološki inštitut ljubljana|dipl. medicinska sestra v intenzivni terapiji i, ii, e037019, oddelek bolnišnične zn sektorja operativnih dejavnosti - m/ž|ljubljana, central slovenia"
"job-00259","onkološki inštitut ljubljana|dipl. medicinska sestra v anesteziji, e037015, oddelek zn operacijskega bloka sektorja operativnih dejavnosti - m/ž|ljubljana, central slovenia"
"job-00260","onkološki inštitut ljubljana|koordinator v zdravstveni negi, e037034, urad strokovnega direktorja - m/ž|ljubljana, central slovenia"
"job-00261","onkološki inštitut ljubljana|dipl. medicinska sestra v specialistični ambulanti, e037026, oddelek zn v specialističnih ambulantah - m/ž|ljubljana, central slovenia"
"job-00264","onkološki inštitut ljubljana|dipl. medicinska sestra v intenzivni terapiji iii, e037020, oddelek intenzivne zn sektorja operativnih dejavnosti - m/ž|ljubljana, central slovenia"
"job-00265","onkološki inštitut ljubljana|dipl. medicinska sestra - delo s citostatiki, e037008, oddelek zn sektorja internistične onkologije - m/ž|ljubljana, central slovenia"
"job-00299","null|diplomirana medicinska sestra v negovalni enoti - m/ž|kranj, upper carniola"
"job-00300","null|diplomirana medicinska sestra v intenzivni terapiji iii - m/ž|kranj, upper carniola"
"job-00301","null|diplomirana medicinska sestra v triaži urgentne dejavnosti - m/ž|kranj, upper carniola"
"job-00302","null|diplomirana medicinska sestra v intenzivni terapiji i, ii - m/ž|kranj, upper carniola"
"job-00303","null|diplomirana medicinska sestra v specialistični ambulanti - m/ž|kranj, upper carniola"
"job-00312","null|diplomirana medicinska sestra - m/ž|kranj, upper carniola"
"job-00313","null|diplomirana medicinska sestra - m/ž|radovljica, upper carniola"
"job-00314","null|diplomirana medicinska sestra - m/ž|jesenice, upper carniola"
"job-00324","null|diplomirana medicinska sestra - m/ž|maribor, drava"
"job-00328","splošna bolnišnica ptuj|diplomirana medicinska sestra v specialistični ambulanti - m/ž|ptuj, drava"
"job-00356","vitadom, pe dom starejsih crni vrh|diplomirana medicinska sestra - m/ž|idrija, gorizia"
"job-00358","null|diplomirana medicinska sestra - m/ž|idrija, gorizia"
"job-00361","zdravstveni dom krsko|diplomirana medicinska sestra v otroško šolskem dipanezrju - m/ž|krško, lower sava"
"job-00367","null|diplomirana medicinska sestra - operacijska medicinska sestra - m/ž|postojna, inner carniola-karst"
"job-00374","null|diplomirana medicinska sestra v dializi - vodja zn na hemodializi - m/ž|sežana, coastal-karst"
"job-00375","null|diplomirana medicinska sestra v negovalni enoti - delo na oddelku za geriatrično rehabilitacijo in podaljšano bolnišnično zdravljenje - m/ž|sežana, coastal-karst"
"job-00377","splošna bolnišnica izola|e037049 diplomirana medicinska sestra v urgentni dejavnosti (uc) - m/ž|izola, coastal-karst"
"job-00386","zdravstveni dom zagorje ob savi cesta zmage 1|diplomirana medicinska sestra v patronažni zdravstveni negi - m/ž|zagorje ob savi, central sava"
"job-00389","kansai helios slovenija d.o.o|delavec v proizvodnji (m/ž)|medvode, central slovenia"
"job-00398","grelci maras, proizvodnja in trgovina, d.o.o.|delavec v proizvodnji - m/ž|ljubljana, central slovenia"
"job-00401","null|nk delavec v proizvodnji plastičnih mas - m/ž|ljubljana, central slovenia"
"job-00404","null|delavec v proizvodnji - m/ž|ljubljana, central slovenia"
"job-00406","null|delavec v proizvodnji - m/ž|kamnik, central slovenia"
"job-00408","null|delavec v proizvodnji - m/ž|vrhnika, central slovenia"
"job-00410","null|delavec v proizvodnji - m/ž|grosuplje, central slovenia"
"job-00414","hoja zaga rob podjetje za predelavo lesa, d.o.o.|delavec v proizvodnji na žagarskem obratu - m/ž|ljubljana, central slovenia"
"job-00415","null|pomožni delavec v proizvodnji - m/ž|kamnik, central slovenia"
"job-00418","null|delavec za druga preprosta ročna dela - m/ž|ljubljana, central slovenia"
"job-00421","null|pomožni delavec v proizvodnji in predelavi mesa - m/ž|škofja loka, upper carniola"
"job-00423","null|delavec v proizvodnji - m/ž|tržič, upper carniola"
"job-00424","null|pomožni delavec v proizvodnji - m/ž|kranj, upper carniola"
"job-00426","null|delavec v proizvodnji - m/ž|škofja loka, upper carniola"
"job-00431","null|delavec v proizvodnji - m/ž|kranj, upper carniola"
"job-00452","null|delavec v proizvodnji - klepar - m/ž|trebnje, southeast slovenia"
"job-00468","null|delavec v proizvodnji kovinskih izd - m/ž|črnomelj, southeast slovenia"
"job-00471","null|delavec v proizvodnji - m/ž|ribnica, southeast slovenia"
"job-00489","montaza modelarstvo danijel rakusa s.p.|delavec v proizvodnji poliestra - m/ž|ljutomer, mura"
"job-00520","null|koordinator iii« koordinator iii za gostinstvo in turizem šifra delovnega mesta: i015077 - m/ž|grosuplje, central slovenia"
"job-00532","goldi trgovina, gostinstvo in storitve, d.o.o.|natakar - m/ž|kamnik, central slovenia"
"job-00533","null|natakar - m/ž|kamnik, central slovenia"
"job-00549","kodila d.o.o.|prodajalec v trgovini gourmet & bistro btc ljubljana|ljubljana, central slovenia"
"job-00551","adecco|vodja restavracije (m/ž)|ljubljana, central slovenia"
"job-00557","mjob|delo v strežbi|ljubljana, central slovenia"
"job-00578","null|strežnik/ca - socialno varstvo - m/ž|škofja loka, upper carniola"
"job-00612","null|natakar - m/ž|maribor, drava"
"job-00619","null|natakar/ica - m/ž|ptuj, drava"
"job-00621","null|pomočnik dietnega kuharja - m/ž|pesnica, drava"
"job-00623","dom dr. jozeta potrca poljcane|f094069 natakar iv v zsv (cido majšperk) - m/ž|slovenska bistrica, drava"
"job-00624","brahaj pekarstvo, peka kruha in peciva, d.o.o.|prodajalec - m/ž|ptuj, drava"
"job-00626","mol & ina d.o.o.|prodajalec / natakar na bencinskem servisu (m/ž)|maribor, drava"
"job-00633","null|delavec v strežbi - m/ž|ptuj, drava"
"job-00636","null|delavec v restavraciji|maribor, drava - pesnica, drava"
"job-00664","null|natakar - m/ž|šentjur pri celju, savinja"
"job-00667","null|servirec/ka - m/ž|mozirje, savinja"
"job-00672","null|natakar - m/ž|žalec, savinja"
"job-00679","null|natakar - m/ž|šmarje pri jelšah, savinja"
"job-00681","bar am am, klavdija kovacic s.p.|natakar - m/ž|šmarje pri jelšah, savinja"
"job-00682","thermana|vodja slaščičarne (m/ž)|laško, savinja"
"job-00683","thermana|natakar (m/ž)|laško, savinja"
"job-00684","trendas, gostinske storitve, d.o.o.|natakar - m/ž|celje, savinja"
"job-00685","null|natakar - hotel planja - m/ž|slovenske konjice, savinja"
"job-00686","null|natakar / receptor - hotel natura - m/ž|slovenske konjice, savinja"
"job-00687","null|natakar - hotel natura - m/ž|slovenske konjice, savinja"
"job-00688","null|natakar - terme zreče - m/ž|slovenske konjice, savinja"
"job-00705","gostilna meglic martin meglic s.p.|natakar-ica - m/ž|trebnje, southeast slovenia"
"job-00706","kmetijska zadruga trebnje-krka z.o.o.|natakar m/ž - m/ž|trebnje, southeast slovenia"
"job-00750","null|natakar v restavraciji ajda - m/ž|sevnica, lower sava"
"job-00751","null|delo na recepciji relive centra športa in zdravja, brežice - m/ž|brežice, lower sava"
"job-00753","terme čatež|natakar - m/ž|brežice, lower sava"
"job-00755","green bar, posrednistvo cvek branka s.p.|natakar - m/ž|krško, lower sava"
"job-00761","null|prodajalec hrane in pijače v lokalu chuty''s - m/ž|murska sobota, mura"
"job-00785","null|prodajalec računalniške opreme - m/ž|grosuplje, central slovenia"
"job-00795","jysk|prodajalec za krajši delovni čas- 30 ur (m/ž), domžale|domžale, central slovenia"
"job-00796","jysk|prodajalec (m/ž), šentvid, ljubljana|ljubljana, central slovenia"
"job-00797","jysk|prodajalec za krajši delovni čas - 30 ur (m/ž), šentvid, ljubljana|ljubljana, central slovenia"
"job-00798","tc moto shop d.o.o.|prodajalec (m/ž)|ljubljana, central slovenia"
"job-00800","pepco|blagajnik-prodajalec ljubljana|ljubljana, central slovenia"
"job-00804","null|prodajalec v živilski trgovini - m/ž|ljubljana, central slovenia"
"job-00809","null|prodajalec električnih polnilnic za ev in videonadzornih sistemov - m/ž|grosuplje, central slovenia"
"job-00812","null|prodajalec ljubljana dolgi most - m/ž|ljubljana, central slovenia"
"job-00815","null|prodajalec ljubljana masarykova - m/ž|ljubljana, central slovenia"
"job-00816","null|prodajalec grosuplje - m/ž|grosuplje, central slovenia"
"job-00822","null|trgovec - prodajalec avtomobilskih rezervnih delov - m/ž|vrhnika, central slovenia"
"job-00829","davidov hram d.o.o. ljubno|prodajalec/ka v poslovni enoti ljubljana|ljubljana, central slovenia"
"job-00832","lelosi|prodajalec v lelosi trgovini ljubljana|ljubljana, central slovenia"
"job-00833","tekstilna hisa|prodajalec (m/ž), ljubljana|ljubljana, central slovenia"
"job-00834","spar|prodajalec na oddelku delikatese (m/ž) interspar aleja|ljubljana, central slovenia"
"job-00835","btc|prodajalec gostinskih artiklov v atlantisu (m/ž)|ljubljana, central slovenia"
"job-00836","metro trgovska druzba d.d.|prodajalec (m/ž), ljubljana rudnik|ljubljana, central slovenia"
"job-00837","pet network si|prodajalec/svetovalec (m/ž) - pe kamnik supernova|kamnik, central slovenia"
"job-00838","alpina, tovarna obutve, d.o.o.|prodajalec - m/ž|ljubljana, central slovenia"
"job-00839","petrol group|prodajalec na prodajnem mestu celovška cesta 226, ljubljana (m/ž)|ljubljana, central slovenia"
"job-00840","lidl|prodajalec (m/ž) domžale (36 ur, polni delovni čas)|domžale, central slovenia"
"job-00842","agencija agado|prodajalec v trgovini z živili (m/ž) - ljubljana|ljubljana, central slovenia"
"job-00843","metro trgovska druzba d.d.|prodajalec - m/ž|ljubljana, central slovenia"
"job-00844","spar|prodajalec na oddelku sadja in zelenjave (m/ž), ljubljana brod|ljubljana, central slovenia"
"job-00845","nkd|1 x prodajalec (m/ž) v poslovni enoti nkd d.o.o. - grosuplje, za polni delovni 40 ur tedensko|grosuplje, central slovenia"
"job-00846","spar|mesar - prodajalec (m/ž), interspar ljubljana vič|ljubljana, central slovenia"
"job-00847","žito|prodajalec m/ž|ljubljana, central slovenia"
"job-00848","lidl|prodajalec (m/ž) ljubljana vižmarje (36 ur, polni delovni čas)|ljubljana, central slovenia"
"job-00849","lidl|prodajalec (m/ž) ljubljana rudnik (36 ur, polni delovni čas)|ljubljana, central slovenia"
"job-00850","lidl|prodajalec (m/ž) ljubljana zaloška (36 ur, polni delovni čas)|ljubljana, central slovenia"
"job-00851","lidl|prodajalec (m/ž) ljubljana tivoli (36 ur, polni delovni čas)|ljubljana, central slovenia"
"job-00852","lidl|prodajalec (m/ž) ljubljana slovenčeva (36 ur, polni delovni čas)|ljubljana, central slovenia"
"job-00853","spar|spletni prodajalec - komisionar (m/ž) več prostih delovnih mest|ljubljana, central slovenia"
"job-00854","takko fashion|prodajalka / prodajalec (m/ž) ljubljana (30 ur)|ljubljana, central slovenia"
"job-00855","spar|prodajalec (m/ž), ljubljana slovenčeva|ljubljana, central slovenia"
"job-00856","plan-net avto d.o.o.|prodajalec vozil|kamnik, central slovenia"
"job-00857","takko fashion|prodajalka / prodajalec (m/ž), domžale (30 ur)|domžale, central slovenia"
"job-00858","rutar marketing|prodajalec na oddelku butika (m/ž)|ljubljana, central slovenia"
"job-00859","kariera|prodajalec v trgovini z živili m/ž/d|central slovenia"
"job-00860","rutar marketing|prodajalec na oddelku svetil (m/ž)|ljubljana, central slovenia"
"job-00862","e.leclerc|prodajalec na oddelku slaščičarne (m/ž)|ljubljana, central slovenia"
"job-00863","rutar marketing, trgovska d.o.o.|prodajalec na oddelku tekstila - m/ž|ljubljana, central slovenia"
"job-00864","hartis d.o.o.; papirnica hartis ljubljana siska|prodajalec / prodajni svetovalec v papirnici (ljubljana supernova mc šiška) - m/ž|ljubljana, central slovenia"
"job-00865","rutar marketing|prodajalec na oddelku tekstila m/ž|ljubljana, central slovenia"
"job-00866","eurospin|prodajalec-blagajničar (m/ž), za pe logatec|logatec, central slovenia"
"job-00867","slowatch|prodajalec/ka v ljubljani|ljubljana, central slovenia"
"job-00868","spar|prodajalec na oddelku kruha (m/ž) spar lj kapitelj|ljubljana, central slovenia"
"job-00869","trgovski center tivoli - moto shop d.o.o.|prodajalec/ka champion, ljubljana citypark|ljubljana, central slovenia"
"job-00870","sbs trgovina|prodajalec/prodajalka v salonu keramike - sbs grosuplje|grosuplje, central slovenia"
"job-00871","sbs trgovina|prodajalec/prodajalka v salonu keramike - sbs škofljica|škofljica, central slovenia"
"job-00872","spar|mesar - prodajalec (m/ž)|ljubljana, central slovenia"
"job-00873","prigo|prodajalec nadomestnih delov (m/ž)|ljubljana, central slovenia"
"job-00874","eurospin|mesar - prodajalec (m/ž) za pe logatec|logatec, central slovenia"
"job-00875","trenkwalder group|prodajalec v pekarni (m/ž) v ljubljani|ljubljana, central slovenia"
"job-00876","iustitia|prodajalec/ka v snailshop trgovinah 🔥|ljubljana, central slovenia"
"job-00877","e.leclerc|prodajalec/svetovalec na oddelku tehnike (m/ž), e.leclerc ljubljana|ljubljana, central slovenia"
"job-00878","zelinka|prodajalec računalniške opreme|ljubljana, central slovenia"
"job-00879","spar|mesar - prodajalec (m/ž) spar vrhovci|ljubljana, central slovenia"
"job-00880","mercator|prodajalec v internet trgovini (m/ž) v ljubljani|ljubljana, central slovenia"
"job-00881","mercator|prodajalec v ribarnici (m/ž) v hipermarketu šiška|ljubljana, central slovenia"
"job-00882","salax|prodajalec v drevesnici (m/ž)|dobrova-polhov gradec, central slovenia"
"job-00883","leather & shoe international d.o.o.|prodajalec (z možnostjo napredovanja) za našo trgovino humanic citypark ljubljana|ljubljana, central slovenia"
"job-00884","pepco|blagajnik-prodajalec - ljubljana|ljubljana, central slovenia"
"job-00885","verudela|prodajalec (m/ž)|ljubljana, central slovenia"
"job-00886","adecco|prodajalec (m/ž)|ljubljana, central slovenia"
"job-00887","whc d.o.o.|prodajalec (m/ž)|ljubljana, central slovenia"
"job-00888","adecco|prodajalec v moravčah (m/ž)|moravče, central slovenia"
"job-00889","kmetijska zadruga velike lasce, z.o.o.|prodajalec/ka - m/ž|ljubljana, central slovenia"
"job-00891","kariera|prodajalec pekovskih izdelkov|ljubljana, central slovenia"
"job-00894","mass|modna/-i svetovalka/-ec in prodajalka/-ec (m/ž) v mass ljubljana|ljubljana, central slovenia"
"job-00895","avtotehna vis|servisni svetovalec za kleparsko-ličarska popravila|ljubljana, central slovenia"
"job-00896","avtotehna vis|servisni svetovalec - tehnik (m/ž) (sprejemnik vozil v servis)|ljubljana, central slovenia"
"job-00904","null|prodajalec/ka v trgovini sariko - v supernova kranj - m/ž|kranj, upper carniola"
"job-00910","null|prodajalec - m/ž|škofja loka, upper carniola"
"job-00919","eurospin|prodajalec-blagajničar (m/ž) za pe lesce|lesce, upper carniola"
"job-00920","lidl|prodajalec (m/ž) lesce (36 ur, polni delovni čas)|lesce, upper carniola"
"job-00921","lidl|prodajalec (m/ž) jesenice (36 ur, polni delovni čas)|jesenice, upper carniola"
"job-00922","null|prodajalec/zastopnik - m/ž|radovljica, upper carniola"
"job-00924","lidl|prodajalec (m/ž) tržič (36 ur, polni delovni čas)|tržič, upper carniola"
"job-00931","eurospin|mesar - prodajalec (m/ž) za pe kranj|kranj, upper carniola"
"job-00932","null|sprejemnik/prodajalec rezervnih delov - m/ž|kranj, upper carniola"
"job-00933","jurčič & co.|prodajalec rezervnih delov / sprejemnik (m/ž)|šenčur, upper carniola"
"job-00947","null|prodajalec - m/ž|maribor, drava"
"job-00948","null|prodajalec - slovenska bistrica - m/ž|slovenska bistrica, drava"
"job-00951","null|prodajalec tekstila - m/ž|maribor, drava"
"job-00955","null|prodajalec - pripravljalec barve - m/ž|slovenska bistrica, drava"
"job-00956","null|prodajalec na bencinskem servisu mol dravsko polje jug - m/ž|maribor, drava"
"job-00957","dm-drogerie markt|prodajalec (m/ž) - maribor|maribor, drava"
"job-00960","null|prodajalec-skladiščnik v sam ormož - m/ž|ormož, drava"
"job-00961","spar|prodajalec na oddelku sadja in zelenjave (m/ž) interspar ptuj|ptuj, drava"
"job-00966","inpos|prodajalec na gradbenem oddelku tpc slovenska bistrica|slovenska bistrica, drava"
"job-00988","null|prodajalec v sam nazarje - m/ž|mozirje, savinja"
"job-00990","null|prodajalec - m/ž|žalec, savinja"
"job-00997","mass|modna/-i svetovalka/-ec in prodajalka/-ec (m/ž) v mass city celje|celje, savinja"
"job-01007","null|prodajalec/prodajalka - m/ž|novo mesto, southeast slovenia"
"job-01008","null|prodajalec trebnje - m/ž|trebnje, southeast slovenia"
"job-01014","null|prodajalec - m/ž|ribnica, southeast slovenia"
"job-01016","kmetijska zadruga trebnje-krka z.o.o.|prodajalec v tehnični trgovini m/ž - m/ž|trebnje, southeast slovenia"
"job-01017","kmetijska zadruga trebnje-krka z.o.o.|prodajalec m/ž (živilska prodajalna) - m/ž|trebnje, southeast slovenia"
"job-01030","null|prodajalec - skladiščnik - m/ž|nova gorica, gorizia"
"job-01033","null|prodajalec - m/ž|nova gorica, gorizia"
"job-01036","eurospin|mesar - prodajalec (m/ž) za pe idrija|idrija, gorizia"
"job-01037","null|prodajalec na bencinskem servisu mol-ina - m/ž|nova gorica, gorizia"
"job-01061","null|prodajalec - m/ž|krško, lower sava"
"job-01063","null|prodajalec - m/ž|brežice, lower sava"
"job-01070","null|prodajalka /prodajalec - m/ž|postojna, inner carniola-karst"
"job-01073","null|prodajalec - m/ž|cerknica, inner carniola-karst"
"job-01076","eurospin|prodajalec-blagajničar (m/ž), za pe postojna|postojna, inner carniola-karst"
"job-01077","eurospin|prodajalec-blagajničar (m/ž), za pe ilirska bistrica|ilirska bistrica, inner carniola-karst"
"job-01097","null|prodajalec drobne kmetijske mehanizacije - m/ž|murska sobota, mura"
"job-01111","null|prodajalec - lucija - m/ž|piran, coastal-karst"
"job-01112","null|prodajalec sežana - m/ž|sežana, coastal-karst"
"job-01115","null|prodajalec v agromarketu - m/ž|sežana, coastal-karst"
"job-01121","slowatch|prodajalec/ka v portorožu/kopru|koper, coastal-karst"
"job-01125","null|prodajalec - litija - m/ž|litija, central sava"
"job-01129","danfoss|delo v proizvodnji - kamnik (m/ž)|kamnik, central slovenia"
"job-01131","zdravstveni dom ljubljana|e047050 psiholog - delo z osebami s psihično motnjo - m/ž|ljubljana, central slovenia"
"job-01133","adecco|študentsko delo v laboratoriju (m/ž)|mengeš, central slovenia"
"job-01134","adecco|študentsko delo v laboratoriju (m7ž)|mengeš, central slovenia"
"job-01135","firstclass|marketing & ai asistent (m/ž) - študentsko delo|ljubljana, central slovenia"
"job-01136","yhd - drustvo za teorijo in kulturo hendikepa|osebni asistent hendikepirane osebe (delo v ljubljani) - m/ž|ljubljana, central slovenia"
"job-01137","mjob|študentsko delo v enoti podpora financiranju pravnih in fizičnih oseb|ljubljana, central slovenia"
"job-01138","itclass|marketing & ai asistent (m/ž) - študentsko delo|ljubljana, central slovenia"
"job-01139","e.leclerc|hostesa za delo na blagajni (m/ž)|ljubljana, central slovenia"
"job-01140","mjob|delo na bencinskem servisu|ljubljana, central slovenia"
"job-01141","mjob|delo na kmetijskem objektu|ljubljana, central slovenia"
"job-01144","onkološki inštitut ljubljana|farmacevt specialist - delo v posebnih pogojih, e028002, bolnišnična lekarna, m/ž|ljubljana, central slovenia"
"job-01145","adecco|študentsko delo - podpora kliničnim proizvodnim operacijam (m/ž)|mengeš, central slovenia"
"job-01146","orbico|asistent v prodaji (študentsko delo)|ljubljana, central slovenia"
"job-01147","onkološki inštitut ljubljana|farmacevt - delo v posebnih pogojih e027001, bolnišnična lekarna, m/ž|ljubljana, central slovenia"
"job-01148","univerzitetni klinični center ljubljana|zdr. administrativni sodelavec - delo v urgentni dejavnosti (e045022), kirurška klinika, urgentni kirurški blok - m/ž|ljubljana, central slovenia"
"job-01149","skofijska karitas ljubljana|762 socialno delo in svetovanje - m/ž|ljubljana, central slovenia"
"job-01150","onkološki inštitut ljubljana|farmacevt - delo v posebnih pogojih (e027001) za potrebe onkološkega inštituta, bolnišnična lekarna - m/ž|ljubljana, central slovenia"
"job-01151","onkološki inštitut ljubljana|farmacevt specialist - delo v posebnih pogojih (e028002) za potrebe onkološkega inštituta, bolnišnična lekarna - m/ž|ljubljana, central slovenia"
"job-01152","whc|delo v proizvodnji (m/ž)|grosuplje, central slovenia"
"job-01153","whc d.o.o.|delo v proizvodnji (m/ž)|grosuplje, central slovenia"
"job-01155","mjob|delo v klicnem centru|ljubljana, central slovenia"
"job-01156","zdravstveni dom ljubljana|e047081 logoped i - delo z osebami s psihično motnjo m/ž|ljubljana, central slovenia"
"job-01157","mjob|delo v kuhinji|upper carniola - medvode, central slovenia"
"job-01159","onkološki inštitut ljubljana|srednja medicinska sestra - delo s citostatiki, e035003, za potrebe oddelka zn sektorja internistične onkologije, m/ž|ljubljana, central slovenia"
"job-01160","null|uvajanje v delo v. stopnja - teoretični del - za opravljanje dela na delovnem mestu tehnik vzdrževanja v železniški operativi tk - m/ž|ljubljana, central slovenia"
"job-01161","null|uvajanje v delo v. stopnja - teoretični del (m/ž) - za opravljanje dela na delovnem mestu tehnik vzdrževanja v železniški operativi sv (signalna varnost; elektronski in relejni krmilni sistemi) - m/ž|ljubljana, central slovenia"
"job-01162","mjob|študentsko delo v enoti it digitalna implementacija|ljubljana, central slovenia"
"job-01163","rls|pomoč v proizvodnji (m/ž) študentsko delo|komenda, central slovenia"
"job-01164","medicinska fakulteta|raziskovalec za delo v okviru projekta esfri elixir na inštitutu za biokemijo in molekularno genetiko na ul medicinski fakulteti|ljubljana, central slovenia"
"job-01165","mjob|študentsko delo v poslovni enoti ljubljana|ljubljana, central slovenia"
"job-01166","onkološki inštitut ljubljana|srednja medicinska sestra - delo s citostatiki, e035003, oddelek zn sektorja internistične onkologije - m/ž|ljubljana, central slovenia"
"job-01167","mjob|delo na recepciji|ljubljana, central slovenia"
"job-01168","mjob|delo na blagajni - vrhovci|ljubljana, central slovenia"
"job-01169","medicinska fakulteta|raziskovalec za delo v okviru projekta esfri elixir na inštitutu za biokemijo in molekularno genetiko na ul medicinski fakulteti - m/ž|ljubljana, central slovenia"
"job-01170","mjob|delo na blagajni|ljubljana, central slovenia"
"job-01171","mjob|delo na bencinskem servisu|upper carniola - medvode, central slovenia"
"job-01172","ps invest d.o.o|delo v strežbi / delo v šanku (m/ž)|ljubljana, central slovenia"
"job-01175","prva osebna zavarovalnica, d. d.|strokovnjak za delo in razvoj na področju kontrolinga (m/ž)|ljubljana, central slovenia"
"job-01177","mimovrste|skladiščni delavec - začasno in občasno delo|komenda, central slovenia"
"job-01178","adecco|študensko delo v logistiki (m/ž)|ljubljana, central slovenia"
"job-01179","adecco|delo v proizvodnji pekovskih izdelkov (m/ž)|grosuplje, central slovenia"
"job-01180","mjob|delo v pralnici|ljubljana, central slovenia"
"job-01181","atama|delo v proizvodnji (m/ž) - grosuplje|grosuplje, central slovenia"
"job-01182","mjob|delo na blagajni|ljubljana, central slovenia - medvode, central slovenia"
"job-01183","ljubljana international school, vrtec in sola|vzgojiteljica predšolskih otrok - delo v jaslih - m/ž|ljubljana, central slovenia"
"job-01184","mjob|študentsko delo v enoti zaposleni in korporativna kultura|ljubljana, central slovenia"
"job-01185","zdravstveni dom ljubljana|e047081 logoped - delo z osebami s psihično motnjo - m/ž|ljubljana, central slovenia"
"job-01186","mjob|delo v laboratoriju|lukovica, central slovenia - ljubljana, central slovenia"
"job-01188","dom upokojencev vrhnika|srednja medicinska sestra i za delo s stanovalci z demenco - m/ž|vrhnika, central slovenia"
"job-01189","mjob|administrativno delo|ljubljana, central slovenia"
"job-01190","mjob|delo na stojnici|ljubljana, central slovenia"
"job-01191","agencija agado|delo v proizvodnji (m/ž)|moravče, central slovenia"
"job-01192","mjob|delo v skladišču|ljubljana, central slovenia"
"job-01193","null|natakar - delo v strežbi - m/ž|ljubljana, central slovenia"
"job-01194","mjob|delo v kuhinji|ljubljana, central slovenia"
"job-01195","mjob|delo v turizmu|ljubljana, central slovenia"
"job-01196","null|sodelavec za delo v klicnem centru (m/ž)|ljubljana, central slovenia"
"job-01197","mjob|delo v proizvodnji|ljubljana, central slovenia"
"job-01198","plutal 2000 industrija zapiralne embalaze, d.o.o.|tiskar - priučitev za delo tiskarja - m/ž|ljubljana, central slovenia"
"job-01199","mjob|delo na cnc krivilnem stroju|ljubljana, central slovenia"
"job-01200","mjob|delo na cnc prebijalnem stroju|ljubljana, central slovenia"
"job-01201","mjob|delo v strežbi in na recepciji|ljubljana, central slovenia"
"job-01202","agencija agado|eu projektni vodja (m/ž) - delo na daljavo|ljubljana, central slovenia"
"job-01203","mjob|razvoz in delo v skladišču|ljubljana, central slovenia - logatec, central slovenia"
"job-01204","mjob|delo z fotoavtomatom|ljubljana, central slovenia - medvode, central slovenia"
"job-01205","mjob|delo z fotoavtomatom|ljubljana, central slovenia"
"job-01206","mjob|delo z fotoavtomatom|kamnik, central slovenia"
"job-01207","mjob|delo v brivnici|ljubljana, central slovenia"
"job-01208","mjob|delo v strežbi|kamnik, central slovenia - ljubljana, central slovenia"
"job-01209","univerza v ljubljani|fmf, strokovni delavec v visokošolski dejavnosti vii/2-ii, služba za raziskovalno delo in projektni pisarni|ljubljana, central slovenia"
"job-01210","mjob|delo v trgovini|ljubljana, central slovenia - domžale, central slovenia"
"job-01211","mjob|delo v zdravstvu (ko za urologijo ter hospitalni oddelek)|ljubljana, central slovenia"
"job-01212","univerza v ljubljani, teoloska fakulteta|visokošolski učitelj - docent (d019008), delo na katedri za osnovno bogoslovje in dialog - m/ž|ljubljana, central slovenia"
"job-01213","mjob|delo na blagajni|ivančna gorica, central slovenia"
"job-01214","mjob|delo na bencinskem servisu|ljubljana, central slovenia - domžale, central slovenia"
"job-01215","mjob|delo na bencinskem servisu|komenda, central slovenia - ljubljana, central slovenia"
"job-01216","mjob|delo v proizvodnji|mengeš, central slovenia - ljubljana, central slovenia"
"job-01217","mjob|hostesno delo|ljubljana, central slovenia"
"job-01218","mjob|delo v proizvodnji|ljubljana, central slovenia - ivančna gorica, central slovenia"
"job-01219","mjob|delo v muzeju|kamnik, central slovenia - ljubljana, central slovenia"
"job-01220","mjob|delo na blagajni|kamnik, central slovenia - ljubljana, central slovenia"
"job-01221","mjob|delo v avtopralnici|ljubljana, central slovenia - grosuplje, central slovenia"
"job-01222","decathlon hr/si/sr|prijavi se za delo v decathlon slovenija|ljubljana, central slovenia"
"job-01223","mjob|delo v strežbi|velike lašče, central slovenia"
"job-01225","bolnišnica za otroke šentvid pri stični|logoped - delo z osebami s psihično motnjo - m/ž|grosuplje, central slovenia"
"job-01226","mjob|delo v zdravstvu|ljubljana, central slovenia"
"job-01227","mjob|delo v lokalu|ljubljana, central slovenia"
"job-01228","mjob|delo v strežbi|kamnik, central slovenia"
"job-01229","mjob|projektno delo|ljubljana, central slovenia - grosuplje, central slovenia"
"job-01230","mjob|delo v strežbi|ivančna gorica, central slovenia"
"job-01231","mjob|delo v laboratoriju|logatec, central slovenia - ljubljana, central slovenia"
"job-01232","troja tim d.o.o.|delo v klicnem centru|ljubljana, central slovenia"
"job-01233","mjob|študentsko delo v enoti skrbniške storitve|ljubljana, central slovenia"
"job-01234","mjob|delo na področju kliničnih raziskav v strateškem marketingu|ljubljana, central slovenia"
"job-01235","null|delo v proizvodnji - m/ž|ljubljana, central slovenia"
"job-01236","adecco|vodja prodajnih enot in prodaje (m/ž) - terensko delo|ljubljana, central slovenia"
"job-01237","mjob|delo na področju robotike|ljubljana, central slovenia"
"job-01238","center za socialno delo ljubljana|koordinator obravnave v skupnosti (socialni delavec) - m/ž|ljubljana, central slovenia"
"job-01239","center za socialno delo ljubljana|strokovni delavec na csd i - enota ljubljana moste - polje - m/ž|ljubljana, central slovenia"
"job-01240","center za socialno delo ljubljana|koordinator invalidskega varstva - (socialni delavec) - m/ž|ljubljana, central slovenia"
"job-01241","center za socialno delo ljubljana|strokovni delavec na csd i - enota vič-rudnik - m/ž|ljubljana, central slovenia"
"job-01242","center za socialno delo ljubljana|strokovni delavec na csd - pdi - enota bežigrad - m/ž|ljubljana, central slovenia"
"job-01243","center za socialno delo ljubljana|strokovni delavec na csd i - enota ljubljana šiška - m/ž|ljubljana, central slovenia"
"job-01244","center za socialno delo ljubljana|strokovni delavec na csd iii - pripravnik (sistem pripravništva) - enota vič-rudnik - m/ž|ljubljana, central slovenia"
"job-01245","center za socialno delo ljubljana|strokovni delavec na csd ii - enota vič-rudnik - m/ž|ljubljana, central slovenia"
"job-01246","center za socialno delo osrednja slovenija - vzhod|strokovni delavec na csd iii - pripravnik - m/ž|domžale, central slovenia"
"job-01247","center za socialno delo ljubljana|strokovni delavec na csd ii - enota ljubljana šiška - m/ž|ljubljana, central slovenia"
"job-01248","center za socialno delo ljubljana|strokovni delavec na csd iii - pripravnik - enota ljubljana moste-polje - sistem pripravništva - m/ž|ljubljana, central slovenia"
"job-01249","center za socialno delo ljubljana|strokovni delavec na csd ii - enota ljubljana moste-polje - m/ž|ljubljana, central slovenia"
"job-01250","center za socialno delo ljubljana|strokovni delavec na csd ii - pripravnik - enota ljubljana moste -polje - m/ž|ljubljana, central slovenia"
"job-01251","center za socialno delo ljubljana|strokovni delavec na csd i - enota ljubljana moste polje - m/ž|ljubljana, central slovenia"
"job-01252","center za socialno delo ljubljana|strokovni delavec v programu - skupnostni programi za mlade - pripravnik - m/ž|ljubljana, central slovenia"
"job-01253","center za socialno delo ljubljana|strokovni delavec v programu - skupnostni programi za mlade - m/ž|ljubljana, central slovenia"
"job-01254","center za socialno delo ljubljana|strokovni delavec na csd i - služba za podporo strokovnim delavcem pri delu z družino - m/ž|ljubljana, central slovenia"
"job-01255","center za socialno delo ljubljana|strokovni delavec na csd ii - pripravnik - enota ljubljana šiška - m/ž|ljubljana, central slovenia"
"job-01256","center za socialno delo ljubljana|strokovni delavec na csd ii - enota ljubljana bežigrad - m/ž|ljubljana, central slovenia"
"job-01257","center za socialno delo ljubljana|svetovalec za dolgotrajno oskrbo - služba za dolgotrajno oskrbo - m/ž|ljubljana, central slovenia"
"job-01260","center za socialno delo ljubljana|strokovni delavec na csd i - enota ljubljana bežigrad - m/ž|ljubljana, central slovenia"
"job-01261","center za socialno delo ljubljana|strokovni delavec na csd i - enota grosuplje - m/ž|grosuplje, central slovenia"
"job-01262","center za socialno delo ljubljana|strokovni delavec na csd iii - pripravnik (sistem pripravništva) - enota ljubljana bežigrad - m/ž|ljubljana, central slovenia"
"job-01263","null|osebni asistent - m/ž|ljubljana, central slovenia"
"job-01270","okrožno sodišče v ljubljani|sodelavec za sodne zadeve v za administrativne zadeve (m/ž)|ljubljana, central slovenia"
"job-01273","zdravstveni dom ljubljana|e097170 strokovni sodelavec vii/2 (i) - m/ž|ljubljana, central slovenia"
"job-01274","obi|sodelavec v svetovalnem centru (vsi spoli)|ljubljana, central slovenia"
"job-01281","css škofja loka|strežnica - socialno varstvo (m/ž) za delo v čajni kuhinji|škofja loka, upper carniola"
"job-01282","mjob|študentsko delo v poslovni enoti kranj|kranj, upper carniola"
"job-01283","mjob|delo na blagajni|tržič, upper carniola"
"job-01284","mjob|delo v zabaviščnem parku|upper carniola"
"job-01286","adecco|delo v proizvodnji pekovskih izdelkov (m/ž)|kranj, upper carniola"
"job-01287","mjob|delo na recepciji|lesce, upper carniola"
"job-01288","mjob|delo v kuhinji|kranjska gora, upper carniola"
"job-01289","mjob|delo v turizmu|upper carniola"
"job-01290","mjob|čiščenje - delo na bazenu|upper carniola"
"job-01291","null|farmacevtski tehnik - delo v posebnih pogojih dela - m/ž|kranj, upper carniola"
"job-01292","mjob|delo v prodaji|jesenice, upper carniola"
"job-01293","mjob|delo v proizvodnji|upper carniola"
"job-01294","mjob|delo v trafiki|upper carniola"
"job-01295","mjob|delo v skladišču|upper carniola"
"job-01296","mjob|delo na bencinskem servisu|radovljica, upper carniola"
"job-01297","agencija agado|delo v proizvodnji - livar (m/ž) - jesenice|jesenice, upper carniola"
"job-01299","mjob|delo v avtopralnici|škofja loka, upper carniola"
"job-01300","mjob|delo v skladišču|škofja loka, upper carniola"
"job-01301","mjob|delo v skladišču - distribucijski center naklo|naklo, upper carniola"
"job-01302","mjob|delo v proizvodnji|škofja loka, upper carniola"
"job-01303","mjob|delo na bencinskem servisu|upper carniola"
"job-01304","mjob|dinamično delo v gostilni rekar - pekarna|kranj, upper carniola"
"job-01305","mjob|delo v proizvodnji|kranj, upper carniola"
"job-01306","mjob|delo na bencinskem servisu|kranj, upper carniola"
"job-01307","mjob|delo na cnc stroju|kranj, upper carniola"
"job-01308","mjob|delo na recepciji|upper carniola"
"job-01309","mjob|delo na recepciji|kranjska gora, upper carniola"
"job-01311","egp|vzdrževalec - enoizmensko delo (ž/m)|škofja loka, upper carniola"
"job-01312","mjob|delo v skladišču|naklo, upper carniola"
"job-01315","center za socialno delo gorenjska|strokovni delavec na csd iii-pripravnik - m/ž|kranj, upper carniola"
"job-01316","center za socialno delo gorenjska|strokovni sodelavec na csd - materialne pravice ii - m/ž|kranj, upper carniola"
"job-01317","center za socialno delo gorenjska|strokovni delavec na csd iii-pripravnik - m/ž|radovljica, upper carniola"
"job-01318","center za socialno delo gorenjska|strokovni delavec na csd iii-pripravnik - m/ž|tržič, upper carniola"
"job-01319","center za socialno delo gorenjska|strokovni delavec na csd ii - m/ž|tržič, upper carniola"
"job-01321","null|avtomehanik - m/ž|kranj, upper carniola"
"job-01328","null|organizator prevozov v mednarodnem prometu / disponent - m/ž|kranj, upper carniola"
"job-01340","null|radiološki inženir i - m/ž|kranj, upper carniola"
"job-01350","null|svetovalec direktorja - m/ž|radovljica, upper carniola"
"job-01358","merkur|prodajni svetovalec (m/ž) tc merkur jesenice|jesenice, upper carniola"
"job-01375","null|knjigovodja - m/ž|kranj, upper carniola"
"job-01424","osnovna sola cvetka golarja|učitelj razrednega pouka - m/ž|škofja loka, upper carniola"
"job-01426","null|varuhinja institucionalno varstvo - m/ž|radovljica, upper carniola"
"job-01428","null|učitelj razrednega pouka - m/ž|radovljica, upper carniola"
"job-01439","null|delo v proizvodnji za strojem - m/ž|ptuj, drava"
"job-01440","mjob|delo na blagajni: market breg ptuj|maribor, drava - ptuj, drava"
"job-01441","whc|delo v klicnem centru (m/ž)|maribor, drava"
"job-01442","mjob|delo na smetarskem vozilu|maribor, drava"
"job-01444","mjob|delo in pomoč v kuhinji|maribor, drava"
"job-01445","mjob|delo v mcdonald's studenci|maribor, drava"
"job-01446","mjob|delo v marketingu|maribor, drava"
"job-01447","mjob|delo v strežbi|maribor, drava"
"job-01448","mjob|delo v skladišču vulkanizerske delavnice|maribor, drava - ptuj, drava"
"job-01449","mjob|delo s konji|maribor, drava"
"job-01450","mjob|delo v kavarni|maribor, drava"
"job-01452","mjob|delo v skladišču|maribor, drava"
"job-01453","jagros|pek - mešalec - za delo v pekarni ptuj|ptuj, drava"
"job-01454","mjob|delo v casinoju|maribor, drava - šentilj, drava"
"job-01462","center za socialno delo maribor|strokovni delavec na csd i, v enoti maribor tezno - m/ž|maribor, drava"
"job-01464","center za socialno delo maribor|strokovni delavec na csd iii - pripravnik, v enoti maribor tezno - m/ž|maribor, drava"
"job-01465","center za socialno delo spodnje podravje|strokovni delavec na csd ii - m/ž|ptuj, drava"
"job-01466","center za socialno delo spodnje podravje|strokovni delavec na csd iii-pripravnik - m/ž|ptuj, drava"
"job-01478","null|monter ogrevalnih naprav na lesno biomaso - m/ž|maribor, drava"
"job-01479","null|skupinski habilitator v svz - m/ž|maribor, drava"
"job-01482","null|pomoč prodaji (veleprodaja na mednarodnih trgih) - m/ž|maribor, drava"
"job-01489","null|pomožni gradbeni delavec - m/ž|lenart, drava"
"job-01497","null|strokovni vodja za osebno asistenco - m/ž|maribor, drava"
"job-01502","null|sestavljalec testne opreme - m/ž|maribor, drava"
"job-01507","null|višji referent - m/ž|maribor, drava"
"job-01509","null|krovec / klepar - m/ž|ptuj, drava"
"job-01515","null|čistilec prostorov - m/ž|maribor, drava"
"job-01517","null|direktor javnega zavoda svetovalni center za otroke, mladostnike in starše istre - m/ž|starše, drava"
"job-01529","null|osebni asistent - m/ž|lenart, drava"
"job-01533","null|vzgojitelj predšolskih otrok - m/ž|lenart, drava"
"job-01540","null|obračunski referent - m/ž|maribor, drava"
"job-01542","null|direktor - m/ž|maribor, drava"
"job-01562","null|avtomehanik/avtoserviser - m/ž|ptuj, drava"
"job-01570","null|referent izterjave na terenu - m/ž|maribor, drava"
"job-01571","null|računovodja - m/ž|ptuj, drava"
"job-01572","null|električar - m/ž|ptuj, drava"
"job-01584","null|osebni asistent - m/ž|ormož, drava"
"job-01585","null|strokovni sodelavec/ka za kadre - m/ž|maribor, drava"
"job-01587","osnovna šola dr. ljudevita pivka|svetovalni delavec vii/2 - m/ž|ptuj, drava"
"job-01588","agrolit|pomočnik poslovodja m/ž, maribor|maribor, drava"
"job-01589","null|novinar za tisk in/ali spletni novinar (m/ž) honorarno ali študentsko delo|celje, savinja"
"job-01592","null|področni svetovalec ii. na programu terensko delo z odvisniki od prepovedanih drog - m/ž|celje, savinja"
"job-01593","null|uvajanje v delo v. stopnja - teoretični del (m/ž) - za opravljanje dela na delovnem mestu tehnik vzdrževanja v železniški operativi sv (signalna varnost; elektronski in relejni krmilni sistemi) - m/ž|laško, savinja"
"job-01594","null|uvajanje v delo v.stopnja - teoretični del (m/ž) - za opravljanje dela na delovnem mestu tehnik vzdrževanja v železniški operativi tk - m/ž|laško, savinja"
"job-01595","mjob|delo v točilnici|ljubno, savinja"
"job-01596","null|delo v proizvodnji obnovljenih pnevmatik - m/ž|šentjur pri celju, savinja"
"job-01598","mjob|administrativno delo|savinja"
"job-01599","gorenje|višji specialist za varno in zdravo delo|velenje, savinja"
"job-01600","mjob|delo na blagajni: market pesje velenje|velenje, savinja"
"job-01601","mjob|delo v kavarni|celje, savinja"
"job-01602","mjob|delo na stojnici|celje, savinja"
"job-01603","mjob|delo v skladišču|celje, savinja"
"job-01604","mjob|delo v proizvodnji|prebold, savinja"
"job-01605","mjob|delo v trgovini|celje, savinja"
"job-01606","mjob|delo v strežbi|žalec, savinja"
"job-01607","mjob|delo v proizvodnji|velenje, savinja"
"job-01608","mjob|delo v strežbi|vojnik, savinja"
"job-01609","mjob|delo na loteriji|celje, savinja"
"job-01611","mjob|delo v skladišču|prebold, savinja"
"job-01612","mjob|delo v marketingu|velenje, savinja"
"job-01614","center za socialno delo celje|koordinator invalidskega varstva - m/ž|celje, savinja"
"job-01615","center za usposabljanje, delo in varstvo dobrna|varuhinja institucionalno varstvo - m/ž|celje, savinja"
"job-01622","null|strojnik - žerjavist (m/ž)|velenje, savinja"
"job-01629","kariera|samostojni računovodja m/ž/d|savinja"
"job-01647","null|tiskar ii - m/ž|celje, savinja"
"job-01672","null|osebni asistent - m/ž|celje, savinja"
"job-01681","null|strojevodja (dodelavni stroj) - m/ž|laško, savinja"
"job-01684","null|strokovni sodelavec vii/2 - m/ž|celje, savinja"
"job-01693","null|mahanik tovornih, preklopnih vozil (m/ž) - m/ž|slovenske konjice, savinja"
"job-01695","null|monter - m/ž|laško, savinja"
"job-01698","null|osebni asistent - m/ž|mozirje, savinja"
"job-01710","null|receptorka / trgovka - m/ž|šmarje pri jelšah, savinja"
"job-01711","null|psiholog - m/ž|mozirje, savinja"
"job-01713","null|računovodja - m/ž|žalec, savinja"
"job-01724","null|čistilec - m/ž|žalec, savinja"
"job-01725","null|docent - m/ž|celje, savinja"
"job-01727","bds sport sl d.o.o.|sodelavec v prodaji m/ž, buzz celje|celje, savinja"
"job-01734","null|strokovni sodelavec na področju montaže - m/ž|celje, savinja"
"job-01738","null|referent za logistiko in fakturiranje - m/ž|celje, savinja"
"job-01747","null|uvajanje v delo v.stopnja - teoretični del (m/ž) - za opravljanje dela na delovnem mestu tehnik vzdrževanja v železniški operativi tk (7 izvajalcev) - m/ž|novo mesto, southeast slovenia"
"job-01749","mjob|delo v restavraciji s hitro prehrano|novo mesto, southeast slovenia"
"job-01751","whc|delo na robotizirani liniji (m/ž)|novo mesto, southeast slovenia"
"job-01752","null|uvajanje v delo v. stopnja - teoretični del - za opravljanje dela na delovnem mestu tehnik vzdrževanja v železniški operativi svp - m/ž|novo mesto, southeast slovenia"
"job-01753","zdravstveni dom novo mesto|psiholog (delo v cdzo) - m/ž|novo mesto, southeast slovenia"
"job-01754","zdravstveni dom novo mesto|socialni delavec (delo v centru za duševno zdravje otrok in mladostnikov) - m/ž|novo mesto, southeast slovenia"
"job-01755","zdravstveni dom novo mesto|psiholog (delo v spo) - m/ž|novo mesto, southeast slovenia"
"job-01756","mjob|delo v proizvodnji|šentjernej, southeast slovenia"
"job-01757","mjob|delo v zdravstveni negi|novo mesto, southeast slovenia"
"job-01758","mjob|delo v strežbi|šentjernej, southeast slovenia"
"job-01759","mjob|delo v strežbi|kočevje, southeast slovenia"
"job-01760","mjob|delo v strežbi|trebnje, southeast slovenia"
"job-01761","revoz d.d.|delo v proizvodnji (m/ž)|novo mesto, southeast slovenia"
"job-01762","whc d.o.o.|delo na robotizirani liniji (m/ž)|novo mesto, southeast slovenia"
"job-01763","mjob|delo v strežbi|šmarješke toplice, southeast slovenia"
"job-01764","mjob|delo v proizvodnji|žužemberk, southeast slovenia"
"job-01765","mjob|delo na recepciji|metlika, southeast slovenia"
"job-01766","mjob|delo na blagajni|metlika, southeast slovenia"
"job-01767","mjob|delo v strežbi|črnomelj, southeast slovenia"
"job-01768","mjob|delo v proizvodnji|črnomelj, southeast slovenia"
"job-01769","krka|študentsko delo v proizvodnji zdravil|novo mesto, southeast slovenia"
"job-01770","mjob|delo v trafiki|ribnica, southeast slovenia"
"job-01771","mjob|delo na blagajni|novo mesto, southeast slovenia"
"job-01772","mjob|delo v strežbi|žužemberk, southeast slovenia"
"job-01773","mjob|delo na bencinskem servisu|trebnje, southeast slovenia"
"job-01774","mjob|delo v elektroniki|novo mesto, southeast slovenia"
"job-01775","mjob|delo v kontroli|šentrupert, southeast slovenia"
"job-01776","mjob|delo na blagajni|kočevje, southeast slovenia"
"job-01778","mjob|delo v proizvodnji kovinskih izdelkov|črnomelj, southeast slovenia"
"job-01779","mjob|delo na bencinskem servisu|novo mesto, southeast slovenia"
"job-01780","mjob|delo v proizvodnji|mirna peč, southeast slovenia"
"job-01781","center za socialno delo dolenjska in bela krajina|strokovni delavec na csd iii - pripravnik - m/ž|novo mesto, southeast slovenia"
"job-01782","center za socialno delo dolenjska in bela krajina|strokovni delavec na csd ii - m/ž|novo mesto, southeast slovenia"
"job-01786","null|samostojni nabavnik za podizvajalce in kooperante (m/ž)|novo mesto, southeast slovenia"
"job-01790","null|prodajni svetovalec, metlika - m/ž|metlika, southeast slovenia"
"job-01796","null|strojnik na področju vzdrževanja cest (m/ž)|trebnje, southeast slovenia"
"job-01798","null|vodja gradbišč na področju vzdrževanja cest (m/ž)|črnomelj, southeast slovenia"
"job-01802","null|asistent z doktoratom, h019001, m/ž - m/ž|novo mesto, southeast slovenia"
"job-01806","null|voznik v oddelku vgp (m/ž)|novo mesto, southeast slovenia"
"job-01807","null|vodja gradbišč na področju vzdrževanja cest (m/ž)|kočevje, southeast slovenia"
"job-01808","null|delavec na prometni signalizaciji - pleskar (m/ž)|novo mesto, southeast slovenia"
"job-01815","null|dipl. medicinska sestra/dipl. zdravstvenik - m/ž|novo mesto, southeast slovenia"
"job-01817","null|pomožni gradbeni delavec - m/ž|črnomelj, southeast slovenia"
"job-01824","null|zobozdravnik brez specializacije z licenco - m/ž|trebnje, southeast slovenia"
"job-01825","null|zobna asistentka / zobni asistent - m/ž|trebnje, southeast slovenia"
"job-01846","null|voznik tovornega vozila v mednarodnem cestnem prometu - ponjava m/ž - m/ž|novo mesto, southeast slovenia"
"job-01847","null|voznik tovornega vozila v mednarodnem cestnem prometu, avtotransporter - m/ž|novo mesto, southeast slovenia"
"job-01860","null|pralec vozil (nm) - m/ž|novo mesto, southeast slovenia"
"job-01881","ekonomska sola novo mesto|učitelj fizike - m/ž|novo mesto, southeast slovenia"
"job-01886","ekonomska sola novo mesto|učitelj ekonomskih predmetov - m/ž|novo mesto, southeast slovenia"
"job-01889","null|pomočnik monterja dvigal - m/ž|trebnje, southeast slovenia"
"job-01894","center solskih in obsolskih dejavnosti|inštruktor praktičnih vsebin - lokacija dela je na cšod, oe fara, kostel - m/ž|kočevje, southeast slovenia"
"job-01899","ekonomska sola novo mesto|učitelj zgodovine / geografije / družboslovja - m/ž|novo mesto, southeast slovenia"
"job-01901","natures ways|delo na terenu|bovec, gorizia"
"job-01908","zavod republike slovenije za zaposlovanje|samostojni svetovalec i, območna služba nova gorica, urad za delo nova gorica, ajdovščina, tolmin, idrija - m/ž|nova gorica, gorizia"
"job-01909","mjob|delo na blagajni restavracije|nova gorica, gorizia"
"job-01910","mjob|delo na terenu|bovec, gorizia"
"job-01911","mjob|delo v recepciji/pisarni|kobarid, gorizia"
"job-01912","mjob|delo v kuhinji|nova gorica, gorizia"
"job-01913","mjob|delo informatorja_ke|idrija, gorizia"
"job-01914","mjob|delo v arhitekturnem biroju|nova gorica, gorizia"
"job-01915","mjob|administrativna dela, delo s strankami, blagajniško delo|kobarid, gorizia"
"job-01916","mjob|samostojno delo v kuhinji|nova gorica, gorizia"
"job-01917","mjob|delo v trgovini in strežbi|nova gorica, gorizia"
"job-01918","mjob|delo na blagajni|idrija, gorizia"
"job-01919","mjob|delo v strežbi|nova gorica, gorizia"
"job-01920","mjob|samostojno delo v gostinstvu|nova gorica, gorizia"
"job-01921","mjob|delo v vrtcu|idrija, gorizia"
"job-01922","mjob|delo v kuhinji - fabrika|nova gorica, gorizia"
"job-01923","mjob|delo na bencinskem servisu|ajdovščina, gorizia"
"job-01924","mjob|delo v skladišču|šempeter-vrtojba, gorizia"
"job-01925","kolektor|študentsko delo v proizvodnji|idrija, gorizia"
"job-01936","null|pomocnik v kuhinji - m/ž|nova gorica, gorizia"
"job-01943","null|zdravnik specialist ppd3, zobozdravnik specialist otroškega in preventivnega zobozdravstva ppd3, e018021 - m/ž|nova gorica, gorizia"
"job-01956","null|samostojni strokovni delavec - m/ž|idrija, gorizia"
"job-01964","null|mig/mag-varilec tig-varilec - m/ž|ajdovščina, gorizia"
"job-01974","null|kuhinjski pomočnik - m/ž|ajdovščina, gorizia"
"job-01986","null|operater brezpilotnih letal - m/ž|ajdovščina, gorizia"
"job-01987","null|priprava zajtrkov - m/ž|nova gorica, gorizia"
"job-01998","osnovna sola lucijana bratkovica bratusa rence|učitelj slovenskega jezika ali razrednega pouka - m/ž|nova gorica, gorizia"
"job-02012","null|strugar - m/ž|ajdovščina, gorizia"
"job-02026","null|voznik dostavnega vozila - kombi - m/ž|idrija, gorizia"
"job-02027","null|sodelavec za sodne zadeve v - namestnik vodje pisarne - m/ž|nova gorica, gorizia"
"job-02032","null|kakovost in laboratorij - m/ž|ajdovščina, gorizia"
"job-02034","null|vodja kakovosti - m/ž|ajdovščina, gorizia"
"job-02035","pokrajinski arhiv v novi gorici|arhivist - m/ž|nova gorica, gorizia"
"job-02036","dom starejših občanov ajdovščina|vzdrževalec perila iii v zsv šifra dm: f093028 - m/ž|ajdovščina, gorizia"
"job-02044","911 vrs, varovanje in storitve, d.o.o.|varnostnik - nova gorica - m/ž|nova gorica, gorizia"
"job-02048","mjob|pomoč v trgovini|šempeter-vrtojba, gorizia"
"job-02069","univerzal proizvodno in trgovsko podjetje d.o.o.|strojnik za delo na strojih - m/ž|brežice, lower sava"
"job-02070","null|delo v strežbi - m/ž|brežice, lower sava"
"job-02073","mjob|delo na blagajni|brežice, lower sava"
"job-02074","mjob|delo v strežbi|sevnica, lower sava"
"job-02080","null|organizator kulturnih programov ii na oi brežice - g026009 - m/ž|brežice, lower sava"
"job-02083","null|organizator kulturnih programov i na oi brežice - g025028 - m/ž|brežice, lower sava"
"job-02087","null|organizator kulturnih programov iii na oi brežice - g027009 - m/ž|brežice, lower sava"
"job-02088","null|elektrovzdrževalec na farmi prašičjereje - m/ž|krško, lower sava"
"job-02094","null|kurir-ka v krškem|krško, lower sava"
"job-02098","null|prodajni predstavnik, komercialist na terenu - m/ž|brežice, lower sava"
"job-02117","null|delovodja - področje proizvodnje (m/ž)|krško, lower sava"
"job-02121","osnovna sola podbocje|učitelj glasbe - m/ž|krško, lower sava"
"job-02129","911 vrs, varovanje in storitve, d.o.o.|varnostnik - krško - m/ž|krško, lower sava"
"job-02130","null|psiholog - m/ž|brežice, lower sava"
"job-02131","null|sezonski vodja kampa - m/ž|brežice, lower sava"
"job-02153","posavc storitve, trgovina in posredovanje d.o.o.|vzdrževalec tirnih vozil - m/ž|brežice, lower sava"
"job-02155","null|strojnik - žerjavist (m/ž)|krško, lower sava"
"job-02157","null|voznik avtodvigala (m/ž)|krško, lower sava"
"job-02160","null|kontrolor kakovosti - proizvodnja betona (m/ž)|krško, lower sava"
"job-02161","null|viličarist (m/ž)|krško, lower sava"
"job-02190","tips d.o.o.|elektro konstruktor - m/ž|krško, lower sava"
"job-02191","lagardere travel retail slovenia d.o.o.|samostojni gostinski delavec - marche obrežje (m/ž)|brežice, lower sava"
"job-02193","tips d.o.o. proizvodno in trgovsko podjetje|računovodja - m/ž|krško, lower sava"
"job-02197","kolpa|samostojni operater v pe lipa|kostanjevica na krki, lower sava"
"job-02210","zdravstveni dom dr. franca ambrozica postojna|logoped - delo z osebami s psihično motnjo - m/ž|postojna, inner carniola-karst"
"job-02213","mjob|delo v kuhinji|coastal-karst - pivka, inner carniola-karst"
"job-02214","null|pomivalec v mlečni proizvodnji - delo v okolici postojne - m/ž|postojna, inner carniola-karst"
"job-02215","obcina postojna|koordinator vii/1, šifra dm: c097032, za delo na projektih »milestone« in »adriamove« - m/ž|postojna, inner carniola-karst"
"job-02216","zdravstveni dom dr. franca ambrozica, postojna|logoped - delo z osebami s psihično motnjo (e047081) za potrebe zdravstvenega doma dr. franca ambrožiča postojna, center za duševno zdravje otrok in mladostnikov - m/ž|postojna, inner carniola-karst"
"job-02219","null|skladiščnik - m/ž|cerknica, inner carniola-karst"
"job-02232","null|tehnični strokovni sodelavec ii/1 - ustrezne smeri - m/ž|postojna, inner carniola-karst"
"job-02238","null|psiholog - m/ž|cerknica, inner carniola-karst"
"job-02239","null|zobozdravstveni asistent - m/ž|ilirska bistrica, inner carniola-karst"
"job-02241","null|strežnica v zdravstvu - m/ž|cerknica, inner carniola-karst"
"job-02249","null|komisionar - m/ž|pivka, inner carniola-karst"
"job-02252","null|vodja gradbišča - m/ž|cerknica, inner carniola-karst"
"job-02257","null|svetovalec za dolgotrajno oskrbo - m/ž|postojna, inner carniola-karst"
"job-02267","null|komercialist za prodajo rol - m/ž|ilirska bistrica, inner carniola-karst"
"job-02269","null|knjigovodja - m/ž|postojna, inner carniola-karst"
"job-02274","null|oskrbovalka v pe pivka - m/ž|postojna, inner carniola-karst"
"job-02282","null|varnostnik - m/ž|ilirska bistrica, inner carniola-karst"
"job-02284","null|varnostnik - m/ž|postojna, inner carniola-karst"
"job-02287","null|diplomirani delovni terapevt - m/ž|postojna, inner carniola-karst"
"job-02293","zdravstveni dom dr. franca ambrozica postojna|zdravnik specialist ppd3 - m/ž|postojna, inner carniola-karst"
"job-02294","zdravstveni dom dr. franca ambrozica postojna|radiološki inženir iii (i) - pripravnik - m/ž|postojna, inner carniola-karst"
"job-02295","zdravstveni dom dr. franca ambrozica postojna|radiološki inženir iii (i) - m/ž|postojna, inner carniola-karst"
"job-02297","zdravstveni dom dr. franca ambrozica postojna|specialni pedagog iii - m/ž|postojna, inner carniola-karst"
"job-02299","null|oblikovalec plastike - m/ž|ilirska bistrica, inner carniola-karst"
"job-02300","null|bolničar negovalec - pripravnik v pe pivka- m/ž - m/ž|postojna, inner carniola-karst"
"job-02302","null|izmenovodja/skupinovodja (v enoti industrija mesa)|pivka, inner carniola-karst"
"job-02303","null|vodja oddelka / delovodja v enoti industrija mesa|pivka, inner carniola-karst"
"job-02304","null|vzdrževalec|pivka, inner carniola-karst"
"job-02308","null|delavec za enostavna dela (m/ž)|pivka, inner carniola-karst"
"job-02314","zdravstveni dom dr. franca ambrozica, postojna|logoped i (e047037) - razvojna ambulanta - m/ž|postojna, inner carniola-karst"
"job-02315","senecura|bolničar negovalec - pripravnik (m/ž/x)|pivka, inner carniola-karst"
"job-02317","zdravstveni dom dr. franca ambrozica, postojna|zdravnik specialist interne medicine za potrebe zdravstvenega doma dr. franca ambrožiča postojna - m/ž|postojna, inner carniola-karst"
"job-02320","null|fizioterapevt pripravnik v pe žiri in pe pivka - m/ž|postojna, inner carniola-karst"
"job-02321","null|čistilka/čistilec - m/ž|cerknica, inner carniola-karst"
"job-02323","null|bolničar negovalec v pe pivka - m/ž|postojna, inner carniola-karst"
"job-02326","zdravstveni dom dr. franca ambrozica, postojna|zdravnik specialist ortopedije za potrebe zdravstvenega doma dr. franca ambrožiča postojna - m/ž|postojna, inner carniola-karst"
"job-02327","zdravstveni dom dr. franca ambrozica, postojna|zdravnik specialist ppd3 (e018021) - m/ž|postojna, inner carniola-karst"
"job-02329","zdravstveni dom dr. franca ambrozica, postojna|zdravnik specialist dermatovenerologije za potrebe zdravstvenega doma dr. franca ambrožiča postojna - m/ž|postojna, inner carniola-karst"
"job-02330","zdravstveni dom dr. franca ambrozica, postojna|zdravnik specialist kirurgije za potrebe zdravstvenega doma dr. franca ambrožiča postojna - m/ž|postojna, inner carniola-karst"
"job-02331","zdravstveni dom dr. franca ambrozica, postojna|radiološki inženir iii (i) - pripravnik (e047102) za potrebe zdravstvenega doma dr. franca ambrožiča postojna - m/ž|postojna, inner carniola-karst"
"job-02332","zdravstveni dom dr. franca ambrozica, postojna|radiološki inženir iii (i) (e047102) za potrebe zdravstvenega doma dr. franca ambrožiča postojna - m/ž|postojna, inner carniola-karst"
"job-02333","mjob|stržba hrane in pijače|coastal-karst - pivka, inner carniola-karst"
"job-02336","null|natakar/ica, delo v gostinskem lokalu v kramarovcih - m/ž|murska sobota, mura"
"job-02342","null|delo v hlevu - m/ž|murska sobota, mura"
"job-02361","null|osebni asistent - m/ž|murska sobota, mura"
"job-02375","null|glavni knjigovodja - m/ž|lendava, mura"
"job-02380","null|preglednik omrežja - m/ž|lendava, mura"
"job-02383","null|izdelovalec pvc in alu oken in vrat - m/ž|gornja radgona, mura"
"job-02388","null|osebni asistent/osebna asistentka - m/ž|murska sobota, mura"
"job-02389","null|delavec poliester - m/ž|ljutomer, mura"
"job-02391","null|prodajni referent - m/ž|lendava, mura"
"job-02401","null|čistilka ii, šifra delovnega mesta g092001-m/ž - m/ž|lendava, mura"
"job-02404","null|osebni asistent - m/ž|ljutomer, mura"
"job-02405","null|tehnični sodelavec v proizvodnji in skladišču - m/ž|murska sobota, mura"
"job-02406","null|vodja prodaje in trženja - m/ž|ljutomer, mura"
"job-02432","null|skladiščnik - m/ž|murska sobota, mura"
"job-02436","null|inšpektor za energijo (263), inšpekcija za energijo|murska sobota, mura - celje, savinja"
"job-02437","null|operater strojev v proizvodnji - m/ž|gornja radgona, mura"
"job-02440","null|skladiščnik - m/ž|gornja radgona, mura"
"job-02441","prostovoljno gasilsko drustvo murska sobota|gasilec-serviser - m/ž|murska sobota, mura"
"job-02444","null|e047096 delovni terapevt i - m/ž|murska sobota, mura"
"job-02464","null|pomožni delavec ii - udeleženec projekta poni - m/ž|murska sobota, mura"
"job-02466","null|osebni asistent - ž - m/ž|murska sobota, mura"
"job-02467","null|vzdrževalec - hišnik - m/ž|lendava, mura"
"job-02489","el-eks, varne instalacije d.o.o.|elektrotehnik - m/ž|murska sobota, mura"
"job-02491","null|direktor - m/ž|ljutomer, mura"
"job-02495","null|serviser za delo v mehanični delavnici v ravnah na koroškem in na terenu - m/ž|ravne na koroškem, carinthia"
"job-02496","null|cnc operater za delo na horizontalno/vertikalnem, vrtalno-rezkalnem stroju - m/ž|radlje ob dravi, carinthia"
"job-02497","null|delo v proizvodnji - m/ž|ravne na koroškem, carinthia"
"job-02498","null|delo v proizvodnji konfekcioniranja ponjav - m/ž|radlje ob dravi, carinthia"
"job-02502","null|tehnolog - m/ž|ravne na koroškem, carinthia"
"job-02503","null|varuhinja institucionalno varstvo - m/ž|ravne na koroškem, carinthia"
"job-02508","null|fizioterapevt - m/ž|ravne na koroškem, carinthia"
"job-02512","null|varnostnik - koroška regija - m/ž|slovenj gradec, carinthia"
"job-02513","null|varuhinja ii - m/ž|ravne na koroškem, carinthia"
"job-02514","null|strugar - m/ž|ravne na koroškem, carinthia"
"job-02531","null|montažer - m/ž|slovenj gradec, carinthia"
"job-02534","null|operater cnc stroja 3d cevni later/laser za razrez pločevine - m/ž|slovenj gradec, carinthia"
"job-02536","null|srednja medicinska sestra i - m/ž|radlje ob dravi, carinthia"
"job-02538","null|gls kurir-ka v slovenj gradcu in okolici|slovenj gradec, carinthia"
"job-02543","null|sortirec in pakirec - m/ž|ravne na koroškem, carinthia"
"job-02544","null|operater strojnega oblikovanja kovin - m/ž|ravne na koroškem, carinthia"
"job-02551","null|osebni asistent m/ž - m/ž|slovenj gradec, carinthia"
"job-02554","null|osebna asistentka/osebni asistent - m/ž|ravne na koroškem, carinthia"
"job-02555","merkur|prodajni svetovalec (m/ž) tc merkur slovenj gradec|slovenj gradec, carinthia"
"job-02557","null|skladiščnik - m/ž|radlje ob dravi, carinthia"
"job-02563","tesnila gk|posluževalec strojev in naprav (posluževanje robotov)|prevalje, carinthia"
"job-02565","tesnila gk|sortirec in pakirec|prevalje, carinthia"
"job-02579","null|plastičar - m/ž|ravne na koroškem, carinthia"
"job-02580","null|elektrovzdrževalec - m/ž|ravne na koroškem, carinthia"
"job-02582","null|osebni asistent - m/ž|radlje ob dravi, carinthia"
"job-02583","fridro|sodelavec v skladišču (m/ž)|radlje ob dravi, carinthia"
"job-02595","gipo, montaza in servis, d.o.o.|administrator (delo v pisarni) - m/ž|sežana, coastal-karst"
"job-02622","null|ličar/brusilec - m/ž|sežana, coastal-karst"
"job-02623","null|drugi učitelj v prvem razredu - m/ž|izola, coastal-karst"
"job-02624","null|vzgojitelj predšolskih otrok - pomočnik vzgojitelja - m/ž|izola, coastal-karst"
"job-02627","null|knjigovodja - m/ž|sežana, coastal-karst"
"job-02634","null|tehnik zdravstvene nege ali diplomirani zdravstvenik 1 oseba (m/ž)|koper, coastal-karst"
"job-02649","null|predmetni učitelj - m/ž|izola, coastal-karst"
"job-02650","null|učitelj slovenščine z dopolnjevanjem v rapu - m/ž|izola, coastal-karst"
"job-02651","zdravstveni dom sezana|sms v primarni dejavnosti - m/ž|sežana, coastal-karst"
"job-02654","null|osebni asistent - m/ž|piran, coastal-karst"
"job-02656","kobilarna lipica d.o.o.|konjar iii - m/ž|sežana, coastal-karst"
"job-02673","null|osebni asistent / osebna asistentka - m/ž|sežana, coastal-karst"
"job-02675","null|orodjar - m/ž|izola, coastal-karst"
"job-02678","null|varnostnik - m/ž|sežana, coastal-karst"
"job-02683","osnovna šola srečka kosovela|učitelj italijanščine - m/ž|sežana, coastal-karst"
"job-02695","null|varnostnik/varnostnica - m/ž|izola, coastal-karst"
"job-02698","pivovarna & gostilna mahnič|natakar - pivovarna & gostilna mahnič, kozina|hrpelje-kozina, coastal-karst"
"job-02729","null|operater na cnc stroju - m/ž|litija, central sava"
"job-02735","null|skladiščnik - m/ž|zagorje ob savi, central sava"
"job-02751","splošna bolnišnica trbovlje|srednja medicinska sestra v negovalni enoti v bolnišnični dejavnosti na internem oddelku - m/ž|trbovlje, central sava"
"job-02755","zdravstveni dom zagorje ob savi cesta zmage 1|e037023 dipl. medicinska sestra v promociji zdravja in zdravstveni vzgoji - m/ž|zagorje ob savi, central sava"
"job-02765","null|tehnični sodelavec - m/ž|trbovlje, central sava"
"job-02766","null|sodelavec na pošti i, litija z okoliškimi poštami - m/ž|litija, central sava"
"job-02787","null|dimnikar - m/ž|zagorje ob savi, central sava"
"job-02791","steklarna hrastnik|kontrolor v merilnem laboratoriju (m/ž)|hrastnik, central sava"
"job-02792","steklarna hrastnik|skrbnik varstva okolja (m/ž)|hrastnik, central sava"
"job-02793","null|osebni asistent - m/ž|hrastnik, central sava"
"job-02828","null|zdravnik specialist družinske medicine ppd1 - m/ž|ljubljana, central slovenia"
"job-02847","zdravstveni dom dr. julija polca kamnik|e018020 - zdravnik specialist ppd2 - m/ž|kamnik, central slovenia"
"job-02849","null|zdravnik specialist abdominalne kirurgije - m/ž|ljubljana, central slovenia"
"job-02874","null|zdravnik specialist ppd3 - m/ž|kranj, upper carniola"
"job-02876","null|zdravnik specialist ppd1 - m/ž|kranj, upper carniola"
"job-02877","null|zdravnik specialist - m/ž|kranj, upper carniola"
"job-02880","null|zdravnik specialist družinske medicine - m/ž|maribor, drava"
"job-02882","thermana|zdravnik specialist (m/ž)|laško, savinja"
"job-02885","zdravstveni dom sentjur|zdravnik specialist družinske ali splošne medicine - m/ž|šentjur pri celju, savinja"
"job-02899","null|zdravnik specialist fizikalne in rehabilitacijske medicine - m/ž|slovenske konjice, savinja"
"job-02901","zdravstveni dom celje|zdravnik specialist - kardiolog - m/ž|celje, savinja"
"job-02902","zdravstveni dom celje|zdravnik specialist pulmologije - m/ž|celje, savinja"
"job-02903","zdravstveni dom celje|zdravnik specialist - nevrolog - m/ž|celje, savinja"
"job-02904","zdravstveni dom sentjur|zdravnik specialist urgentne medicine - m/ž|šentjur pri celju, savinja"
"job-02934","zdravstveni dom lendava - egeszseghaz lendva|e018018 zdravnik specialist (zobozdravnik specialist čeljustne in zobne ortopedije- ortodont) - m/ž|lendava, mura"
"job-02935","zdravstveni dom lendava - egeszseghaz lendva|e018018 zdravnik specialist (pediater) - m/ž|lendava, mura"
"job-02942","null|full stack razvijalec/programer (intermediate)|vrhnika, central slovenia"
"job-02948","blubit|samostojni plc programer m/ž|grosuplje, central slovenia"
"job-02955","null|programer cnc strojev - m/ž|metlika, southeast slovenia"
"job-02958","null|programer - operater cnc stružnice - m/ž|nova gorica, gorizia"
"job-02959","null|programer - operater cnc rezkalnega stroja - m/ž|nova gorica, gorizia"
"job-02967","kansai helios slovenija d.o.o|skladiščnik - komisioner viličarist (m/ž)|domžale, central slovenia"
"job-02973","null|skladiščnik - m/ž|kamnik, central slovenia"
"job-02975","null|monter - skladiščnik - m/ž|ljubljana, central slovenia"
"job-02979","null|skladiščnik - m/ž|ljubljana, central slovenia"
"job-02981","orbico|voznik/skladiščnik (m/ž) - ljubljana|ljubljana, central slovenia"
"job-02982","null|skladiščnik v sam kamnik - m/ž|domžale, central slovenia"
"job-02984","orbico|skladiščnik|ljubljana, central slovenia"
"job-02987","null|skladiščnik - voznik - m/ž|ljubljana, central slovenia"
"job-02988","ziggi proizvodnja in trgovina d.o.o.|skladiščnik, knjigovez in operater strojev - m/ž|ljubljana, central slovenia"
"job-02990","merkur|skladiščnik (m/ž) tc merkur ljubljana vižmarje|ljubljana, central slovenia"
"job-03007","gabrijel aluminium|skladiščnik (m/ž)|grosuplje, central slovenia"
"job-03008","zaposlitveni center zarja 2|skladiščnik - m/ž|ljubljana, central slovenia"
"job-03017","null|skladiščnik (m/ž)|škofja loka, upper carniola"
"job-03035","null|skladiščnik m/ž - m/ž|ptuj, drava"
"job-03043","inter cars|skladiščnik/ca - centralno skladišče maribor|maribor, drava"
"job-03053","null|skladiščnik v sam latkova vas - m/ž|žalec, savinja"
"job-03055","null|skladiščnik - m/ž|žalec, savinja"
"job-03059","null|viličarist - skladiščnik (m/ž) - m/ž|celje, savinja"
"job-03076","merkur|skladiščnik (m/ž) tc merkur mojster nova gorica|nova gorica, gorizia"
"job-03078","null|skladiščnik (m/ž) - m/ž|ravne na koroškem, carinthia"
"job-03079","null|skladiščnik viličarist - m/ž|dravograd, carinthia"
"job-03080","null|skladiščnik ii. - m/ž|litija, central sava"
"job-03093","dom dr. jozeta potrca poljcane|f094071 telefonist - receptor iv v zsv (cido majšperk) - m/ž|slovenska bistrica, drava"
"job-03095","null|natakar - m/ž|mozirje, savinja"
"job-03103","sovita|pomočnik v kuhinji - natakar, m/ž, gornja radgona|gornja radgona, mura"
"job-03106","transport starin|voznik c kategorije / domači promet|central slovenia"
"job-03108","gvrc gradnje|gradbeni delavec strojnik voznik|ljubljana, central slovenia"
"job-03109","darko|voznik c in e kategorije|ljubljana, central slovenia"
"job-03117","null|voznik hruške (m/ž)|ljubljana, central slovenia"
"job-03124","petrans, druzba za transport in storitve d.o.o.|voznik tovornega vozila v mednarodnem transportu - m/ž|ljubljana, central slovenia"
"job-03127","null|voznik tovornega vozila - m/ž|vrhnika, central slovenia"
"job-03128","null|voznik dostavnega vozila - m/ž|ljubljana, central slovenia"
"job-03133","null|voznik tovornega vozila & upravljalec betonske črpalke - m/ž|vrhnika, central slovenia"
"job-03145","alcu skupina investicijsko podjetje d.o.o.|voznik težkih tovornih vozil - m/ž|kamnik, central slovenia"
"job-03146","null|voznik - manipulant - m/ž|ljubljana, central slovenia"
"job-03151","null|voznik kamiona - m/ž|ljubljana, central slovenia"
"job-03158","null|voznik tovornega vozila z dvigalom - m/ž|ljubljana, central slovenia"
"job-03161","null|voznik tovornega vozila - m/ž|ljubljana, central slovenia"
"job-03163","null|reševalec/spremljevalec - voznik reševalnega vozila - zdravstveni tehnik - m/ž|ljubljana, central slovenia"
"job-03164","avtoprevoz dejan hrovat s.p.|voznik tovornega vozila - m/ž|domžale, central slovenia"
"job-03165","kbg, organizacija dogodkov d.o.o.|voznik/vzdrževalec wc kabin - m/ž|grosuplje, central slovenia"
"job-03167","null|voznik tovornega vozila - m/ž|logatec, central slovenia"
"job-03168","null|voznik tovornjaka v domačem prometu - m/ž|ljubljana, central slovenia"
"job-03169","vegi transport, prevoznistvo in logistika, d.o.o.|voznik tovornega vozila v mednarodnem prometu - m/ž|ljubljana, central slovenia"
"job-03171","null|voznk kamiona v gradbeništvu - m/ž|vrhnika, central slovenia"
"job-03173","null|cgp talent akademija|novo mesto, southeast slovenia - ljubljana, central slovenia"
"job-03176","null|voznik snage - m/ž|radovljica, upper carniola"
"job-03179","null|voznik, 4102 kranj - m/ž|kranj, upper carniola"
"job-03180","null|voznik tovornjaka - m/ž|kranj, upper carniola"
"job-03192","null|voznik - m/ž|maribor, drava"
"job-03194","null|voznik tovornega vozila v mednarodnem prometu - m/ž|maribor, drava"
"job-03197","null|voznik hiab dvigala / šoferja tovornega vozila - m/ž|maribor, drava"
"job-03202","null|voznik kombija - dostavljalec - m/ž|maribor, drava"
"job-03205","null|voznik iii. - m/ž|lenart, drava"
"job-03208","null|voznik vlečnega vozila - m/ž|celje, savinja"
"job-03210","null|voznik tovornega vozila v mednarodnem prometu - m/ž|šentjur pri celju, savinja"
"job-03213","za topel dom, trgovina, d.o.o.|voznik kamiona s hiab dvigalom - m/ž|žalec, savinja"
"job-03214","enles, proizvodnja, trgovina in storitve, d.o.o.|voznik težkega tovornega vozila - vlačilca - m/ž|slovenske konjice, savinja"
"job-03215","enles, proizvodnja, trgovina in storitve, d.o.o.|voznik hiab vozila - m/ž|slovenske konjice, savinja"
"job-03216","null|voznik tovornega vozila - kiper - m/ž|laško, savinja"
"job-03217","null|voznik tovornega vozila - m/ž|žalec, savinja"
"job-03218","transport zvir prevoznistvo in transport d.o.o.|voznik tovornjaka - m/ž|mozirje, savinja"
"job-03225","null|voznik črpalke (m/ž)|novo mesto, southeast slovenia"
"job-03226","null|voznik hruške (m/ž)|novo mesto, southeast slovenia"
"job-03236","klaut egon transport, trgovina d.o.o.|voznik tovornjaka v mednarodnem prometu blaga - m/ž|nova gorica, gorizia"
"job-03237","null|voznik tovornega vozila v mednarodnem prometu - m/ž|tolmin, gorizia"
"job-03238","null|voznik tovornega vozila - m/ž|nova gorica, gorizia"
"job-03240","null|voznik tovornega vozila c kategorije za lastne potrebe (brez kode 95) za prevoz materiala na gradbišče ter prevzem materiala pri dobaviteljih in trgovcih. - m/ž|nova gorica, gorizia"
"job-03241","null|voznik kombija, avtomobila, kurir, vzdrževalec vozil in garaže - m/ž|nova gorica, gorizia"
"job-03242","brus d.o.o. transport|voznik c kategorije - m/ž|idrija, gorizia"
"job-03248","null|voznik tovornjaka - m/ž|krško, lower sava"
"job-03255","null|voznik tovornjaka - m/ž|cerknica, inner carniola-karst"
"job-03257","null|voznik tovornih vozil - m/ž|cerknica, inner carniola-karst"
"job-03258","null|voznik tovornega vozila v domačem in tujem prometu - m/ž|cerknica, inner carniola-karst"
"job-03259","null|voznik - m/ž|murska sobota, mura"
"job-03260","null|voznik kombija - m/ž|ljutomer, mura"
"job-03261","null|voznik tovornega vozila - mixer - m/ž|murska sobota, mura"
"job-03263","prevozi in gradbene storitve, rok brezovnik s.p.|voznik - m/ž|slovenj gradec, carinthia"
"job-03267","null|voznik tovornega vozila - m/ž|dravograd, carinthia"
"job-03268","null|voznik tovornega vozila v mednarodnem prometu - m/ž|slovenj gradec, carinthia"
"job-03272","null|voznik tovornega vozila, prekucnika, vlačilca - m/ž|trbovlje, central sava"
"job-03275","ministrstvo za notranje zadeve|računovodja vii/2-iii (šifra dm 26318) v ministrstvu za notranje zadeve, sekretariatu, uradu za finance in računovodstvo, službi za računovodstvo, oddelku stroški dela - pripravnik - m/ž|ljubljana, central slovenia"
"job-03283","null|e097167 računovodja vii/2 (i) - m/ž|ljubljana, central slovenia"
"job-03294","null|samostojni računovodja - m/ž|domžale, central slovenia"
"job-03302","tekom-dodig, storitve, d.o.o.|računovodja - m/ž|ljubljana, central slovenia"
"job-03304","grant thornton|bilančni računovodja (m/ž)|ljubljana, central slovenia"
"job-03307","katalea consulting|glavni računovodja|upper carniola"
"job-03308","null|računovodja - m/ž|kranj, upper carniola"
"job-03312","null|računovodja - m/ž|celje, savinja"
"job-03318","null|računovodja - m/ž|črnomelj, southeast slovenia"
"job-03321","gimnazija nova gorica|računovodja vii/1 oz. vii/2 - m/ž|nova gorica, gorizia"
"job-03323","smarteh raziskave in razvoj procesne opreme d.o.o.|računovodstvo i - m/ž|tolmin, gorizia"
"job-03326","kop brežice|samostojni računovodja - m/ž|brežice, lower sava"
"job-03330","nlb group|samostojni sistemski administrator (m/ž)|ljubljana, central slovenia"
"job-03350","null|knjigovodja in administrator - m/ž|kranj, upper carniola"
"job-03353","null|administrator - m/ž|tržič, upper carniola"
"job-03354","null|bolničar negovalec - m/ž|kranj, upper carniola"
"job-03355","null|srednja medicinska sestra i - m/ž|jesenice, upper carniola"
"job-03356","null|gospodinja oskrbovalka - m/ž|jesenice, upper carniola"
"job-03357","null|delovni terapevt v svz - m/ž|jesenice, upper carniola"
"job-03358","null|bolničar negovalec ii - m/ž|jesenice, upper carniola"
"job-03359","null|srednja medicinska sestra i - m/ž|kranj, upper carniola"
"job-03363","null|administrator v knjigovodstvu - m/ž|maribor, drava"
"job-03365","null|administrator - m/ž|celje, savinja"
"job-03368","null|administrator - m/ž|cerknica, inner carniola-karst"
"job-03377","adecco|operater v proizvodnji (m/ž) - napredna proizvodnja|ljubljana, central slovenia"
"job-03378","manpower|operater v proizvodnji m/ž|komenda, central slovenia"
"job-03380","ts lab|operater tabletirnega stroja za prehranska dopolnila (m/ž)|komenda, central slovenia"
"job-03381","kele & kele d.o.o., mlekarna krepko|operater v živilskem obratu (m/ž)|logatec, central slovenia"
"job-03382","agencija agado|operater v proizvodnji (m/ž) - ljubljana|ljubljana, central slovenia"
"job-03383","manpower|operater v farmacevtski proizvodnji m/ž|ljubljana, central slovenia"
"job-03408","san.ko.m. d.o.o.|operater v proizvodnji|ljubljana, central slovenia"
"job-03411","herz|operater na stroju - topla predelava (m/ž)|šmartno pri litiji, central slovenia"
"job-03412","gorenc metal|operater cnc krivilnega stroja|ljubljana, central slovenia"
"job-03413","herz|operater na stroju (m/ž)|šmartno pri litiji, central slovenia"
"job-03414","herz|operater cnc strojev (m/ž)|šmartno pri litiji, central slovenia"
"job-03415","tosama|cnc operater - m/ž|domžale, central slovenia"
"job-03416","kariera|operater na stroju m/ž/d|central slovenia"
"job-03417","lth castings|operater livarskega stroja (m/ž)|ljubljana, central slovenia"
"job-03418","atama|operater hex (m/ž) - kamnik|kamnik, central slovenia"
"job-03419","litostroj power|cnc operater za struženje|ljubljana, central slovenia"
"job-03420","litostroj power|cnc operater za rezkanje|ljubljana, central slovenia"
"job-03421","f. dvor, storitve in trgovina d.o.o.|operater na grafičnih strojih - m/ž|ljubljana, central slovenia"
"job-03422","omc, trgovina in inzeniring, d.o.o.|cnc operater - m/ž|vrhnika, central slovenia"
"job-03423","rls|operater v mehanski delavnici (m/ž/d)|komenda, central slovenia"
"job-03424","gmm proizvodnja|operater na strojih za laserski razrez (m/ž)|grosuplje, central slovenia"
"job-03425","varnost vic varovanje premozenja d.d.|operater vnc - varnostnik - m/ž|ljubljana, central slovenia"
"job-03426","biplast d.o.o.|operater (m/ž)|mengeš, central slovenia"
"job-03427","iustitia|strojni operater v podjetju za izdelavo papirčkov za zvijanje 🔥|medvode, central slovenia"
"job-03428","whc d.o.o.|operater v proizvodnji (m/ž)|ljubljana, central slovenia"
"job-03429","whc d.o.o.|operater v logistiki (m/ž)|ljubljana, central slovenia"
"job-03430","vg group d.o.o.|operater kapsulirnega stroja (m/ž)|logatec, central slovenia"
"job-03431","danfoss|operater cnc (m/ž) - ljubljana|ljubljana, central slovenia"
"job-03432","null|operater na rezalnem stroju - m/ž|logatec, central slovenia"
"job-03455","null|komunalni delavec - m/ž|ljubljana, central slovenia"
"job-03456","dekra|referent v skladišču (m/ž)|ljubljana, central slovenia"
"job-03472","null|operater na galvanski liniji - m/ž|kranj, upper carniola"
"job-03475","whc d.o.o.|operater v proizvodnji (m/ž)|upper carniola"
"job-03478","kariera|operater polnilne linije - m/ž|laško, savinja"
"job-03493","null|operater tgm - m/ž|žalec, savinja"
"job-03494","null|cnc in waterjet operater za obdelavo stekla - m/ž|žalec, savinja"
"job-03503","pošta slovenije|usmerjevalec pošiljk ii, slovenske konjice (m/ž)|slovenske konjice, savinja"
"job-03504","pošta slovenije|usmerjevalec pošiljk ii, celje (m/ž)|celje, savinja"
"job-03506","null|operater cnc strojev - m/ž|metlika, southeast slovenia"
"job-03510","null|cnc operater na rezkalnem stroju in cnc stružnici -m/ž - m/ž|novo mesto, southeast slovenia"
"job-03515","l-tek|operater smt m/ž|šentjernej, southeast slovenia"
"job-03516","kolpa|samostojni operater v proizvodnji kerrock|metlika, southeast slovenia"
"job-03518","kariera|operater v lesni proizvodnji - m/ž|novo mesto, southeast slovenia"
"job-03519","kariera|operater v proizvodnji - m/ž|črnomelj, southeast slovenia"
"job-03520","kariera|operater v proizvodnji - m/ž|metlika, southeast slovenia"
"job-03521","mahle|operater (m/ž/d)|bovec, gorizia"
"job-03531","null|operater na cnc stroju in vzdrževalec v proizvodnji - m/ž|cerknica, inner carniola-karst"
"job-03534","null|operater na stroju - m/ž|cerknica, inner carniola-karst"
"job-03535","cleangrad|operater v proizvodnji|ljutomer, mura"
"job-03537","null|operater na varilnem robotu - m/ž|ravne na koroškem, carinthia"
"job-03538","null|operater na razrezu pločevin - m/ž|ravne na koroškem, carinthia"
"job-03539","null|operater na cnc stroju - m/ž|ravne na koroškem, carinthia"
"job-03540","null|operater na upogibnem stroju - m/ž|ravne na koroškem, carinthia"
"job-03541","veterinarski center miklavžin|veterinarski tehnik/ca|ljubljana, central slovenia"
"job-03547","univerzitetni klinični center ljubljana|farmacevtski tehnik i, (e025003), za potrebe supas, področje za nabavno dejavnost in trženje, služba skladiščnega poslovanja, enota medicinskega blaga - m/ž|ljubljana, central slovenia"
"job-03548","zdravstveni dom za studente univerze v ljubljani|e045028 - laboratorijski tehnik s posebnimi znanji - m/ž|ljubljana, central slovenia"
"job-03549","varnost vič|varnostni tehnik m/ž|ljubljana, central slovenia"
"job-03550","whc|farmacevtski tehnik v specializirani prodajalni (m/ž)|ljubljana, central slovenia"
"job-03551","zdravstveni dom dr. julija polca kamnik|e045006 - laboratorijski tehnik ii - pripravnik - m/ž|kamnik, central slovenia"
"job-03552","varnost vic varovanje premozenja d.d.|varnostni tehnik - m/ž|ljubljana, central slovenia"
"job-03553","team7|varnostni tehnik (m/ž)|ljubljana, central slovenia"
"job-03554","zdravstveni dom za studente univerze v ljubljani|laboratorijski tehnik - pripravnik - m/ž|ljubljana, central slovenia"
"job-03555","javno podjetje energetika ljubljana d.o.o.|upravljalec distribucijskega omrežja - tehnik - m/ž|ljubljana, central slovenia"
"job-03556","vet.am.jata d.o.o.|veterinarski tehnik (m/ž)|domžale, central slovenia"
"job-03557","vet.am.jata d.o.o., domzale|veterinarski tehnik (m/ž)|domžale, central slovenia"
"job-03558","dars|tehnik ikt (m/ž), v področju za informacijsko komunikacijske tehnologije, v službi za telekomunikacije|ljubljana, central slovenia"
"job-03559","urmet trgovina na debelo d.o.o.|serviser ii., tehnik - m/ž|ljubljana, central slovenia"
"job-03560","null|srednja medicinska sestra / zdravstveni tehnik v ginekološki ambulanti (m/ž)|ljubljana, central slovenia"
"job-03561","univerza v ljubljani|vf, sodelavec v veterinarstvu - višji tehnik vi, tehnično vzdrževalna služba in upravljanje nepremičnin, tajništvo|ljubljana, central slovenia"
"job-03562","univerza v ljubljani|vf, sodelavec v veterinarstvu - tehnik v na inštitutu za mikrobiologijo in parazitologijo (enota za bakteriologijo in mikologijo)|ljubljana, central slovenia"
"job-03563","mjob|bioprocesni tehnik_ca|kamnik, central slovenia - ljubljana, central slovenia"
"job-03572","null|vzdrževalec tehnik - m/ž|ljubljana, central slovenia"
"job-03573","null|vzdrževalec tehnik v sektorju prometne opreme in signalizacije - m/ž|ljubljana, central slovenia"
"job-03579","null|laboratorijski tehnik - m/ž|ljubljana, central slovenia"
"job-03581","null|it servisni tehnik - m/ž|ljubljana, central slovenia"
"job-03586","null|tehnik varnostnih sistemov -elektromonter - m/ž|ljubljana, central slovenia"
"job-03587","novartis|tehnik v proizvodnji farmacevtskih učinkovin (m/ž/d)|mengeš, central slovenia"
"job-03588","zdravstveni dom vrhnika|laboratorijski tehnik s posebnimi znanji - m/ž|vrhnika, central slovenia"
"job-03589","kaza sistemi|servisni tehnik za hladilništvo (m/ž)|ljubljana, central slovenia - ivančna gorica, central slovenia"
"job-03590","zdravstveni dom vrhnika|laboratorijski tehnik ii - m/ž|vrhnika, central slovenia"
"job-03591","istyle|apple servisni tehnik - kristalna palača|ljubljana, central slovenia"
"job-03592","odmasi.si d.o.o.|servisni tehnik odtokov|ljubljana, central slovenia"
"job-03593","k-servis|servisni tehnik v delavnici (m/ž)|grosuplje, central slovenia"
"job-03594","litostroj power|strojni tehnik v nastavljalnici orodij|ljubljana, central slovenia"
"job-03595","k-servis|servisni tehnik (m/ž)|grosuplje, central slovenia"
"job-03596","valina|hišni tehnik m/ž|ljubljana, central slovenia"
"job-03597","kia|it tehnik m/ž|ljubljana, central slovenia"
"job-03598","energetika ljubljana|upravljalec distribucijskega omrežja - tehnik (m/ž)|ljubljana, central slovenia"
"job-03599","novartis|tehnik v proizvodnji bioloških učinkovin (m/ž/d)|mengeš, central slovenia"
"job-03600","adrial d.o.o.|tehnik optik - svetovalec (m/ž)|komenda, central slovenia"
"job-03601","btc|tehnik - receptor (m/ž)|ljubljana, central slovenia"
"job-03602","setnicar, servis in trgovina, d.o.o.|tehnik v prodajalni in izdelovalnici ključev - m/ž|ljubljana, central slovenia"
"job-03603","dars|tehnik ikt, v področju za informacijsko komunikacijske tehnologije, v službi za telekomunikacije - m/ž|ljubljana, central slovenia"
"job-03604","gabrijel aluminium|laborant - tehnik v proizvodnji m/ž|grosuplje, central slovenia"
"job-03605","dekra|tehnik za video nadzorne sisteme (m/ž)|ljubljana, central slovenia"
"job-03622","univerzitetni klinični center ljubljana|finančno računovodski delavec v (m/ž) (šifra delovnega mesta: e095082)|ljubljana, central slovenia"
"job-03624","univerzitetni klinični center ljubljana|finančno računovodski delavec v, (e095082), za potrebe supas, področje za nabavno dejavnost in trženje, služba za javna naročila - m/ž|ljubljana, central slovenia"
"job-03625","nacionalni laboratorij za zdravje, okolje in hrano|e047104-analitik v laboratorijski medicini s posebnimi znanji; cmm lj - m/ž|ljubljana, central slovenia"
"job-03626","onkološki inštitut ljubljana|srednja medicinska sestra v intenzivni terapiji ii, ii, e035013, oddelek zn za podporo skupni zdravstveni dejavnosti in oddelek za odpoved prebavil in paliativne oskrbe, m/ž|ljubljana, central slovenia"
"job-03627","univerzitetni klinični center ljubljana|tehnični delavec v (i) (m/ž)|ljubljana, central slovenia"
"job-03629","onkološki inštitut ljubljana|srednja medicinska sestra v intenzivni terapiji i, ii, e035013, oddelek bolnišnične zn sektorja operativnih dejavnosti, m/ž|ljubljana, central slovenia"
"job-03630","onkološki inštitut ljubljana|srednja medicinska sestra v negovalni enoti v bolnišnični dejavnosti - pripravnik, e035037, za potrebe zdravstvene nege onkološkega inštituta, m/ž|ljubljana, central slovenia"
"job-03632","univerza v ljubljani|ntf, strokovni delavec pri pedagoškem procesu na univerzi vii/1, katedra za oblikovanje tekstilij in oblačil|ljubljana, central slovenia"
"job-03633","onkološki inštitut ljubljana|srednja medicinska sestra v intenzivni terapiji i, ii, e035013, oddelek zn za podporo skupni zdravstveni dejavnosti - m/ž|ljubljana, central slovenia"
"job-03634","null|sodelavec na pošti i, ljubljana z okoliškimi poštami - m/ž|ljubljana, central slovenia"
"job-03635","onkološki inštitut ljubljana|srednja medicinska sestra v negovalni enoti v bolnišnični dejavnosti - pripravnik, e035037, za potrebe zdravstvene nege - m/ž|ljubljana, central slovenia"
"job-03636","null|sodelavec na pošti i, domžale z okoliškimi poštami - m/ž|domžale, central slovenia"
"job-03637","null|sodelavec na pošti i, 1102 ljubljana - m/ž|ljubljana, central slovenia"
"job-03638","univerzitetni klinični center ljubljana|srednja medicinska sestra v intenzivni negi (e035012), interna klinika-klinični oddelek za endokrinologijo, diabetes in presnovne bolezni - m/ž|ljubljana, central slovenia"
"job-03639","onkološki inštitut ljubljana|srednja medicinska sestra v intenzivni terapiji i, ii, e035013, oddelek bolnišnične zn sektorja operativnih dejavnosti - m/ž|ljubljana, central slovenia"
"job-03644","null|sodelavec na pošti i, grosuplje z okoliškimi poštami - m/ž|grosuplje, central slovenia"
"job-03645","univerzitetni klinični center ljubljana|srednja medicinska sestra v intenzivni negi (e035012), interna klinika-center za geriatrično medicino - m/ž|ljubljana, central slovenia"
"job-03646","univerzitetni klinični center ljubljana|tehnični delavec v (i), (e095086), za potrebe supas, področje za nabavno dejavnost in trženje, služba skladiščnega poslovanja - m/ž|ljubljana, central slovenia"
"job-03647","univerzitetni klinični center ljubljana|finančno računovodski delavec v (m/ž) supas, področje za nabavno dejavnost in trženje|ljubljana, central slovenia"
"job-03648","mercator|specialist (m/ž) na področju izvedbe investicij|ljubljana, central slovenia"
"job-03649","univerzitetni klinični center ljubljana|srednja medicinska sestra v intenzivni negi (šifra dm: e035012) klinika za infekcijske bolezni in vročinska stanja, oddelek za otroke ukc ljubljana, m/ž|ljubljana, central slovenia"
"job-03650","univerzitetni klinični center ljubljana|zdr. administrativni sodelavec v (ii), interna klinika, klinični oddelek za gastroenterologijo - m/ž|ljubljana, central slovenia"
"job-03651","univerzitetni klinični center ljubljana|srednja medicinska sestra v intenzivni negi, za potrebe klinike za infekcijske bolezni in vročinska stanja - m/ž|ljubljana, central slovenia"
"job-03652","univerzitetni klinični center ljubljana|zdr. administrativni sodelavec v (ii) (m/ž), (1 delovno mesto) interna klinika, klinični oddelek za gastroenterologijo|ljubljana, central slovenia"
"job-03653","univerzitetni klinični center ljubljana|srednja medicinska sestra v intenzivni negi, za potebe klinike za infekcijske bolezni in vročinska stanja, oddelek za otroke - m/ž|ljubljana, central slovenia"
"job-03654","univerzitetni klinični center ljubljana|srednja medicinska sestra v intenzivni negi, za potrebe klinike za infekcijske bolezni in vročinska stanja, oddelek za otroke - m/ž|ljubljana, central slovenia"
"job-03655","null|klinični psiholog specialist ii - m/ž|kamnik, central slovenia"
"job-03656","fng property si d.o.o.|specialist (m/ž) na področju izvedbe investicij|ljubljana, central slovenia"
"job-03657","pek automotive|hr manager - strokovnjak za kadre|logatec, central slovenia"
"job-03658","univerzitetni klinični center ljubljana|srednja medicinska sestra v intenzivni negi, za potrebe klinike za infekcijske bolezni in vročinska stanja, oddelke za otroke - m/ž|ljubljana, central slovenia"
"job-03659","null|kontrolor tehničnih pregledov - m/ž|ljubljana, central slovenia"
"job-03660","rekruter|samostojni tiskar - vodice|vodice, central slovenia"
"job-03661","univerzitetni klinični center ljubljana|srednja medicinska sestra v intenzivni negi, interna klinika, ko za kardiologijo - m/ž|ljubljana, central slovenia"
"job-03662","univerzitetni klinični center ljubljana|srednja medicinska sestra v negovalni enoti v bolnišnični dejavnosti za potrebe interne klinike, ko za žilne bolezni - m/ž|ljubljana, central slovenia"
"job-03663","univerzitetni klinični center ljubljana|srednja medicinska sestra v intenzivni terapiji i,ii za potrebe interne klinike, kliničnega oddelka za žilne bolezni - m/ž|ljubljana, central slovenia"
"job-03664","univerzitetni klinični center ljubljana|srednja medicinska sestra v negovalni enoti v bolnišnični dejavnosti, za potrebe interne klinike, ko za žilne bolezni - m/ž|ljubljana, central slovenia"
"job-03665","univerzitetni klinični center ljubljana|srednja medicinska sestra v negovalni enoti v bolnišnični dejavnosti, za potrebe interne klinike, klinični oddelek za žilne bolezni - m/ž|ljubljana, central slovenia"
"job-03666","univerzitetni klinični center ljubljana|srednja medicinska sestra v intenzivni terapiji i, ii, oddelek intenzivne terapije (it i, ii), klinični oddelek za žilne bolezni - m/ž|ljubljana, central slovenia"
"job-03669","null|farmacevtski tehnik ii - pripravnik - m/ž|kranj, upper carniola"
"job-03675","null|proizvodni tehnik na cnc avtomatih (m/ž)|železniki, upper carniola"
"job-03678","null|sr. med. sestra/zdr. tehnik - m/ž|radovljica, upper carniola"
"job-03679","null|sr. med. sestra / zdr. tehnik pripravnik - m/ž|radovljica, upper carniola"
"job-03686","gorenjska gradbena družba|vodja strojnega in avto parka|kranj, upper carniola"
"job-03687","null|srednja medicinska sestra v negovalni enoti v bolnišnični dejavnosti - pripravnik - m/ž|kranj, upper carniola"
"job-03688","null|varnostni tehnik - m/ž|maribor, drava"
"job-03690","null|tehnik pralnih sistemov - m/ž|maribor, drava"
"job-03692","lekarne ptuj|farmacevtski tehnik ii pripravnik m/ž-m/ž - m/ž|ptuj, drava"
"job-03693","null|varnostni tehnik / serviser - m/ž|maribor, drava"
"job-03694","null|tehnik zdravstvene nege - m/ž|maribor, drava"
"job-03706","null|monter - m/ž|maribor, drava"
"job-03707","null|elektromonter - m/ž|ptuj, drava"
"job-03709","dom dr. jozeta potrca poljcane|f025009 srednja medicinska sestra i - m/ž|slovenska bistrica, drava"
"job-03710","dom dr. jozeta potrca poljcane|f025009 srednja medicinska sestra i - pripravnik - m/ž|slovenska bistrica, drava"
"job-03715","null|veterinarski tehnik (št. dm 391) v oddelku za veterinarstvo, območnem uradu celje, inšpekciji za varno hrano, veterinarstvo in varstvo rastlin|celje, savinja"
"job-03716","null|veterinarski tehnik (št. dm 391) v oddelku za veterinarstvo, območnem uradu celje, inšpekciji za varno hrano, veterinarstvo in varstvo rastlin, za nedoločen čas, s polnim delovnim časom, s trimesečnim poskusnim delom - m/ž|celje, savinja"
"job-03717","thermana|zdravstveni tehnik (m/ž)|laško, savinja"
"job-03730","null|medicinska sestra/zdravstveni tehnik - m/ž|novo mesto, southeast slovenia"
"job-03738","null|tehnik zdravstvene nege - m/ž|novo mesto, southeast slovenia"
"job-03745","iskra d.o.o.|varilec - semič m/ž|semič, southeast slovenia"
"job-03748","null|zdravstveni tehnik - m/ž|idrija, gorizia"
"job-03752","zdravstveni dom krsko|zdravstveni tehnik pripravnik - m/ž|krško, lower sava"
"job-03762","siemens|servisni inženir/ servisna inženirka|ljubljana, central slovenia"
"job-03773","univerzitetni klinični center ljubljana|inženir laboratorijske biomedicine iii (m/ž)|ljubljana, central slovenia"
"job-03774","univerzitetni klinični center ljubljana|inženir laboratorijske biomedicine iii, za potrebe klinike za nuklearno medicino - m/ž|ljubljana, central slovenia"
"job-03793","zdravstveni dom ljubljana|e047054 radiološki inženir i - m/ž|ljubljana, central slovenia"
"job-03803","null|e097163 inženir tehničnih strok vii/2 (i) področje dela aplikativna oprema in produkcija - m/ž|ljubljana, central slovenia"
"job-03804","null|bdt kontrolor / inženir varilstva - m/ž|grosuplje, central slovenia"
"job-03819","bureau veritas hse, d.o.o.|varnostni inženir (m/ž) / samostojni varnostni inženir|ljubljana, central slovenia"
"job-03820","blubit|razvojni inženir za konstrukcijo naprav in orodij|grosuplje, central slovenia"
"job-03823","null|diplomirani varnostni inženir - m/ž|ljubljana, central slovenia"
"job-03828","null|tehnolog (m/ž)|vrhnika, central slovenia"
"job-03830","null|strokovni sodelavec za varnost in zdravje pri delu - m/ž|kamnik, central slovenia"
"job-03833","strabag|tehnični vodja rudarskih del|lukovica, central slovenia - domžale, central slovenia"
"job-03848","null|vodja projektov / inženir elektrotehnike (m/ž)|jesenice, upper carniola"
"job-03850","jelovica hise d.o.o.|vodja gradbišča m/ž|preddvor, upper carniola"
"job-03861","null|gradbeni inženir - m/ž|maribor, drava"
"job-03862","null|inženir cnc programiranja in konstruiranja - m/ž|žalec, savinja"
"job-03868","gorenje|vodilni inženir za tehnično podporo m/ž|velenje, savinja"
"job-03870","null|prodajni inženir - m/ž|žalec, savinja"
"job-03871","proghres|projektni inženir za področje ove in energetskih rešitev - elektroenergetika (m/ž)|braslovče, savinja"
"job-03874","null|prodajni svetovalec - inženir - m/ž|novo mesto, southeast slovenia"
"job-03875","revoz d.d.|tehnolog v vzdrževanju (m/ž)|novo mesto, southeast slovenia"
"job-03895","null|komercialist - m/ž|ljubljana, central slovenia"
"job-03901","null|komercialist (gradbeni kalkulant) - m/ž|ljubljana, central slovenia"
"job-03913","rotis|kariera v rotisu - samostojni komercialist za tuje trge (m/ž)|trzin, central slovenia"
"job-03919","null|tehnični komercialist - strojništvo - m/ž|škofja loka, upper carniola"
"job-03921","null|nabavni referent - komercialist - m/ž|maribor, drava"
"job-03925","null|komercialist elektroenergetike - m/ž|maribor, drava"
"job-03929","null|samostojni komercialist (m/ž)|novo mesto, southeast slovenia"
"job-03930","null|komercialist - m/ž|ribnica, southeast slovenia"
"job-03931","null|komercialist za prodajo elektroagregatov - m/ž|novo mesto, southeast slovenia"
"job-03933","melamin kemicna tovarna d.d. kocevje|komercialist v logistiki - m/ž|kočevje, southeast slovenia"
"job-03935","mjob|računalničar / komercialist|novo mesto, southeast slovenia"
"job-03937","null|vzdrževalec - električar (m/ž)|ljubljana, central slovenia"
"job-03938","null|električar - m/ž|ljubljana, central slovenia"
"job-03939","null|procesni avtomatik električar - m/ž|kamnik, central slovenia"
"job-03940","null|električar - bakrokrivec - m/ž|ljubljana, central slovenia"
"job-03946","null|električar vzdrževalec (m/ž)|jesenice, upper carniola"
"job-03953","null|električar vzdrževalec - m/ž|žalec, savinja"
"job-03954","elektro unimont proizvodnja, montaza d.d.|električar - m/ž|slovenske konjice, savinja"
"job-03955","null|električar|novo mesto, southeast slovenia"
"job-03958","null|čistilec čistilka|kamnik, central slovenia"
"job-03959","null|čistilka/čistilec - m/ž|ljubljana, central slovenia"
"job-03960","null|čistilec - urejevalec notranjih prostorov - m/ž|ljubljana, central slovenia"
"job-03961","null|čistilec - urejevalec notranjih prostorov (m/ž) - m/ž|ljubljana, central slovenia"
"job-03962","null|čistilec laboratorija - m/ž|ljubljana, central slovenia"
"job-03970","null|čistilec - m/ž|kamnik, central slovenia"
"job-03973","null|sobar/čistilec - m/ž|kamnik, central slovenia"
"job-03977","null|čistilec - specialist - m/ž|ljubljana, central slovenia"
"job-03979","null|čistilec - ukc ljubljana - m/ž|ljubljana, central slovenia"
"job-03989","ees sistemi d.o.o.|čistilec/ka (m/ž) - ilirska bistrica in logatec|logatec, central slovenia - ilirska bistrica, inner carniola-karst"
"job-03990","null|čistilec prostorov - m/ž|ljubljana, central slovenia"
"job-03993","null|čistilec - m/ž|škofja loka, upper carniola"
"job-03997","null|čistilec/ka - m/ž|jesenice, upper carniola"
"job-03998","null|čistilec - urejevalec notranjih prostorov - m/ž|kranj, upper carniola"
"job-04002","null|čistilec/čistilka poslovnih objektov, nepremičnin, premičnin - m/ž|slovenska bistrica, drava"
"job-04003","null|čistilka/čistilec (m/ž) - m/ž|ptuj, drava"
"job-04004","null|čistilec v restavraciji - m/ž|pesnica, drava"
"job-04005","null|čistilec prostorov - m/ž|šentjur pri celju, savinja"
"job-04006","null|čistilec - m/ž|šmarje pri jelšah, savinja"
"job-04010","null|čistilec - novo mesto - m/ž|novo mesto, southeast slovenia"
"job-04011","pelini, ciscenje in vzdrzevanje objektov, d.o.o.|čistilec/čistilka - m/ž|kočevje, southeast slovenia"
"job-04016","null|čistilka/čistilec - m/ž|idrija, gorizia"
"job-04019","terme čatež|čistilec - sobar - m/ž|brežice, lower sava"
"job-04023","null|čistilec/čistilka - m/ž|murska sobota, mura"
"job-04027","osnovna sola antona sibelja-stjenka komen|čistilec - m/ž|sežana, coastal-karst"
"job-04029","null|čistilec - m/ž|izola, coastal-karst"
"job-04030","gostinstvo in turizem robert grahor s.p.|čistilec - sobar - m/ž|sežana, coastal-karst"
"job-04038","null|monter vrtnih ograj - m/ž|ljubljana, central slovenia"
"job-04039","null|vodja, monter - m/ž|ljubljana, central slovenia"
"job-04040","null|monter - m/ž|ljubljana, central slovenia"
"job-04041","null|krovec - klepar - monter - m/ž|ljubljana, central slovenia"
"job-04045","null|monter stavbnega pohištva - m/ž|ljubljana, central slovenia"
"job-04051","null|mizar/ka - monter/ka - m/ž|grosuplje, central slovenia"
"job-04052","null|monter alu stavbnega pohištva - m/ž|kamnik, central slovenia"
"job-04054","null|pomožni monter energetskih strojev in naprav - m/ž|ljubljana, central slovenia"
"job-04057","null|monter stavbnega pohištva - m/ž|kamnik, central slovenia"
"job-04061","null|monter in serviser klima naprav in hladilnih sistemov|kranj, upper carniola"
"job-04068","null|monter (m/ž) - m/ž|šmarje pri jelšah, savinja"
"job-04069","null|vodovodar/monter strojnih inštalacij - m/ž|šmarje pri jelšah, savinja"
"job-04072","null|monter vodovodnih inštalacij - m/ž|žalec, savinja"
"job-04076","null|strojni monter i - m/ž|velenje, savinja"
"job-04077","null|elektro monter i - m/ž|velenje, savinja"
"job-04086","tips d.o.o. proizvodno in trgovsko podjetje|strojni monter strojev in naprav - m/ž|krško, lower sava"
"job-04087","tips d.o.o. proizvodno in trgovsko podjetje|elektro monter strojev in naprav - m/ž|krško, lower sava"
"job-04089","null|obdelovalec kovin-ključavničar-monter - m/ž|postojna, inner carniola-karst"
"job-04097","null|serviser-monter gostinske opreme, serviser-monter klima naprav - m/ž|izola, coastal-karst"
"job-04103","null|svetovalec v sektorju za demografske in socialne statistike, oddelek za demografske statistike in življenjsko raven, določen čas - projekt »eu-silc 2026 modules and preparation of 2027 ad hoc subject«. - m/ž|ljubljana, central slovenia"
"job-04113","emil frey fuso import d.o.o.|tehnični svetovalec (m⁠/⁠ž)|ljubljana, central slovenia"
"job-04115","avto aktiv slo d.o.o.|servisni svetovalec (m/ž) - pe trzin|trzin, central slovenia"
"job-04116","unicredit|višji svetovalec (m/ž) v poslovni enoti ljubljana|ljubljana, central slovenia"
"job-04117","gorenjska banka|svetovalec pravnim osebam za mikro segment (m/ž)|ljubljana, central slovenia"
"job-04118","axlhub d.o.o.|microsoft power platform svetovalec (m/ž)|ljubljana, central slovenia"
"job-04119","inditex|svetovalec za prodajo in blagajnik (m/ž) pull & bear|ljubljana, central slovenia"
"job-04121","ey|davčni svetovalec začetnik (m/ž)|ljubljana, central slovenia"
"job-04122","inditex|svetovalec za prodajo in blagajnik (m/ž)|ljubljana, central slovenia"
"job-04123","obrtno-podjetniska zbornica slovenije|višji strokovni sodelavec - svetovalec s področja računovodstva in davkov - m/ž|ljubljana, central slovenia"
"job-04124","obrtno-podjetniska zbornica slovenije|svetovalec - specialist za davčne zadeve - m/ž|ljubljana, central slovenia"
"job-04125","univerza v ljubljani|rektorat, samostojni strokovni svetovalec področja v visokošolski dejavnosti vii/2-ii - za področje internacionalizacije in strateških partnerstev|ljubljana, central slovenia"
"job-04126","univerza v ljubljani|ef, podatkovni svetovalec vii/2, infrastrukturni program mric-icef (finančni laboratorij)|ljubljana, central slovenia"
"job-04142","null|višji svetovalec področja iii - m/ž|ljubljana, central slovenia"
"job-04144","null|področni svetovalec iii, tarifni razred vii/1, šifra delovnega mesta i017113, v noe vodstvo - m/ž|ljubljana, central slovenia"
"job-04155","null|višji svetovalec področja i za področje regulative zdravil naravnega izvora v sektorju za preskrbo z zdravili in posebna dovoljenja - m/ž|ljubljana, central slovenia"
"job-04157","null|področni svetovalec i - vodja pisarne in vodja tic - m/ž|ljubljana, central slovenia"
"job-04159","null|višji svetovalec področja ii v sektorju za finance in računovodstvo, 2 prosti delovni mesti|ljubljana, central slovenia"
"job-04163","null|višji svetovalec področja i za področje določanja cen zdravil v sektorju za preskrbo z zdravili in posebna dovoljenja - m/ž|ljubljana, central slovenia"
"job-04165","null|višji svetovalec področja ii v sektorju za finance in računovodstvo - m/ž|ljubljana, central slovenia"
"job-04171","null|višji svetovalec področja i za področje določanja cen zdravil v sektorju za preskrbo z zdravili in posebna dovoljenja (m/ž)|ljubljana, central slovenia"
"job-04172","null|višji svetovalec področja i za regulativo zdravil naravnega izvora v sektorju za preskrbo z zdravili in posebna dovoljenja (m/ž)|ljubljana, central slovenia"
"job-04174","null|pomožni finančni svetovalec - m/ž|ljubljana, central slovenia"
"job-04180","null|rehabilitacijski svetovalec na zaposlitveni in poklicni rehabilitaciji - m/ž|ljubljana, central slovenia"
"job-04186","banka sparkasse|finančni svetovalec za poslovanje s podjetji|ljubljana, central slovenia"
"job-04199","ajpes; ajpes centrala ljubljana|področni sekretar, šifra i017080 - svetovalec direktorja za področje informatike - m/ž|ljubljana, central slovenia"
"job-04201","bauhaus|svetovalec pri prodaji na oddelku ploščice (keramika, gradbene kemija) ljubljana btc|ljubljana, central slovenia"
"job-04202","drzavni svet republike slovenije|svetovalec za javne finance in proračunsko načrtovanje (šifra dm 122028, c017143) v splošni službi državnega sveta - m/ž|ljubljana, central slovenia"
"job-04203","ministrstvo za obrambo|svetovalec v direktoratu za obrambno politiko, sektorju za sistemske obrambno politične zadeve (šifra dm 102611) - m/ž|ljubljana, central slovenia"
"job-04204","null|višji svetovalec področja i (i017159) v sektorju za razvoj, preventivo in vzgojo v cestnem prometu - m/ž|ljubljana, central slovenia"
"job-04205","avtocenter trobec|prodajni svetovalec za nova vozila - omoda & jaecoo (m/ž)|ljubljana, central slovenia"
"job-04206","pirnar|prodajni svetovalec za dach regijo|ljubljana, central slovenia"
"job-04207","itclass|firstclass - svetovalec za iskanje& selekcijo it kadrov (m/ž)|ljubljana, central slovenia"
"job-04208","firstclass|firstclass - svetovalec za iskanje& selekcijo it kadrov (m/ž)|ljubljana, central slovenia"
"job-04209","plan-net avto d.o.o.|tehnični svetovalec za servisno mrežo|kamnik, central slovenia"
"job-04210","obcina dol pri ljubljani|svetovalec za gospodarske dejavnosti iii - m/ž|ljubljana, central slovenia"
"job-04212","obcina dol pri ljubljani|višji svetovalec za javne službe in okolje iii - m/ž|ljubljana, central slovenia"
"job-04213","bauhaus|svetovalec pri prodaji na sanitarnem oddelku (sanitarne inštalacije, sanitarna keramika) ljubljana rudnik|ljubljana, central slovenia"
"job-04214","obcina dol pri ljubljani|svetovalec pripravnik - m/ž|ljubljana, central slovenia"
"job-04215","kariera|svetovalec za zavarovanja - 6 ur delavnik, polna zaposlitev in nič terenskih obveznosti m/ž/d|central slovenia"
"job-04216","whc d.o.o.|tehnično prodajni svetovalec (m/ž)|ljubljana, central slovenia"
"job-04218","brandstock|svetovalec oddelka za cenovne analize|ljubljana, central slovenia"
"job-04219","ey|svetovalec na področju obračuna plač (m/ž)|ljubljana, central slovenia"
"job-04220","bauhaus|svetovalec pri prodaji na sanitarnem oddelku ljubljana btc (m/ž)|ljubljana, central slovenia"
"job-04221","bauhaus|svetovalec pri prodaji na lesnem oddelku (m/ž) ljubljana btc|ljubljana, central slovenia"
"job-04222","null|pravni svetovalec - m/ž|ljubljana, central slovenia"
"job-04223","coface|prodajni svetovalec (m/ž/d)|ljubljana, central slovenia"
"job-04224","kompare|zavarovalniški svetovalec (m/ž) - licencirani agent|ljubljana, central slovenia"
"job-04225","kompare|prodajni svetovalec za avto zavarovanja (m/ž)|ljubljana, central slovenia"
"job-04228","trenkwalder group|lažja proizvodna dela (m/ž) v logatcu|logatec, central slovenia"
"job-04229","trenkwalder group|strojnik - dvoizmensko (m/ž) v logatcu|logatec, central slovenia"
"job-04230","null|prodajni svetovalec na terenu|bohinj, upper carniola"
"job-04231","gorenjska banka|svetovalec (m/ž) - kranj|kranj, upper carniola"
"job-04234","gorenjska banka|samostojni svetovalec (m/ž) - kranj|kranj, upper carniola"
"job-04235","gorenjska banka|samostojni svetovalec v kontaktnem centru (m/ž)|kranj, upper carniola"
"job-04238","null|višji pravni svetovalec i - m/ž|kranj, upper carniola"
"job-04241","merkur|prodajni svetovalec (m/ž) tc merkur škofja loka|škofja loka, upper carniola"
"job-04283","merkur|prodajni svetovalec (m/ž) tc merkur črnomelj|črnomelj, southeast slovenia"
"job-04285","inpro d.o.o. novo mesto|prodajni svetovalec|novo mesto, southeast slovenia"
"job-04286","null|prodajni svetovalec - m/ž|novo mesto, southeast slovenia"
"job-04292","zavod republike slovenije za zaposlovanje|samostojni svetovalec i, območna služba nova gorica, oddelek/delovno področje za apz - m/ž|nova gorica, gorizia"
"job-04294","trzni inspektorat republike slovenije|svetovalec - pripravnik, območna enota murska sobota|murska sobota, mura"
"job-04295","null|svetovalec (šifra dm 140) - m/ž|ravne na koroškem, carinthia"
"job-04300","onkološki inštitut ljubljana|bolničar negovalec, spremljevalec v bolnišnični dejavnosti, e034005, služba za oskrbovalne dejavnosti, m/ž|ljubljana, central slovenia"
"job-04301","onkološki inštitut ljubljana|bolničar negovalec, spremljevalec v bolnišnični dejavnosti,e034005, služba za oskrbovalne dejavnosti - m/ž|ljubljana, central slovenia"
"job-04310","null|bolničar - negovalec - pripravnik - m/ž|ljubljana, central slovenia"
"job-04321","null|bolničar negovalec i - m/ž|domžale, central slovenia"
"job-04322","dom starejših občanov grosuplje|bolničar pripravnik - m/ž|grosuplje, central slovenia"
"job-04323","prizma ponikve, posebni socialno varstveni zavod|bolničar-negovalec i - m/ž|grosuplje, central slovenia"
"job-04324","dom starejših občanov grosuplje|bolničar negovalec - m/ž|grosuplje, central slovenia"
"job-04327","null|bolničar - negovalec - m/ž|ljubljana, central slovenia"
"job-04328","null|socialna oskrbovalka na domu v občini brezovica - m/ž|ljubljana, central slovenia"
"job-04330","css škofja loka|bolničar negovalec - dolgotrajna oskrba na domu (m/ž)|škofja loka, upper carniola"
"job-04333","null|bolničar negovalec - pripravnik v pe žiri - m/ž|škofja loka, upper carniola"
"job-04334","senecura|bolničar negovalec (m/ž/x)|žiri, upper carniola"
"job-04335","null|bolničar negovalec - pripravnik - m/ž|škofja loka, upper carniola"
"job-04336","null|bolničar negovalec - m/ž|škofja loka, upper carniola"
"job-04338","null|bolničar negovalec v pe žiri - m/ž|škofja loka, upper carniola"
"job-04340","null|bolničar - negovalec i - m/ž|radovljica, upper carniola"
"job-04343","null|socialna oskrbovalka ii (i) - m/ž|radovljica, upper carniola"
"job-04344","dom dr. jozeta potrca poljcane|f024001 bolničar - negovalec - pripravnik - m/ž|slovenska bistrica, drava"
"job-04345","dom dr. jozeta potrca poljcane|f024001 bolničar negovalec - m/ž|slovenska bistrica, drava"
"job-04347","null|bolničar negovalec - pripravnik - m/ž|maribor, drava"
"job-04350","null|bolničar negovalec - pripravnik - delovno mesto štore - m/ž|celje, savinja"
"job-04351","null|bolničar negovalec i - delovno mesto štore - m/ž|celje, savinja"
"job-04359","null|bolničar-negovalec - m/ž|novo mesto, southeast slovenia"
"job-04360","vitadom, pe dom starejsih crni vrh|bolničar negovalec - m/ž|idrija, gorizia"
"job-04362","null|bolničar negovalec - m/ž|idrija, gorizia"
"job-04367","null|bolničar negovalec - m/ž|cerknica, inner carniola-karst"
"job-04368","null|bolničar negovalec - m/ž|radlje ob dravi, carinthia"
"job-04370","koroski dom starostnikov|bolničar negovalec (pe slovenj gradec) - m/ž|slovenj gradec, carinthia"
"job-04384","null|vzgojitelj v domu za učence s posebnimi potrebami - m/ž|ljubljana, central slovenia"
"job-04390","vrtec miskolin|vzgojitelj predšolskih otrok - pomočnik vzgojitelja - m/ž|ljubljana, central slovenia"
"job-04391","null|vzgojitelj predšolskih otrok - m/ž|ljubljana, central slovenia"
"job-04400","null|vzgojitelj predšolskih otrok - m/ž|kranj, upper carniola"
"job-04414","srednja ekonomska sola ljubljana|učitelj matematike - m/ž|ljubljana, central slovenia"
"job-04417","null|učitelj (slovenščine) - m/ž|ljubljana, central slovenia"
"job-04418","null|učitelj (komunikacijskih veščin - logoped) - m/ž|ljubljana, central slovenia"
"job-04419","null|učitelj (matematike in računalništva) - m/ž|ljubljana, central slovenia"
"job-04420","null|učitelj (glasbe) - m/ž|ljubljana, central slovenia"
"job-04421","null|učitelj (matematike) - m/ž|ljubljana, central slovenia"
"job-04422","null|učitelj (razrednega pouka) - m/ž|ljubljana, central slovenia"
"job-04423","null|učitelj (specialno rehabilitacijski pedagog) - m/ž|ljubljana, central slovenia"
"job-04431","univerza v ljubljani|ef, visokošolski učitelj - docent za področje denarja in finance|ljubljana, central slovenia"
"job-04432","univerza v ljubljani|ff. visokošolski učitelj na oddelku za filozofijo|ljubljana, central slovenia"
"job-04433","univerza v ljubljani|ff, visokošolski učitelj na oddelku za bibliotekarstvo, informacijsko znanost in knjigarstvo|ljubljana, central slovenia"
"job-04434","univerza v ljubljani|ff, visokošolski učitelj na oddelku za psihologijo|ljubljana, central slovenia"
"job-04435","univerza v ljubljani|teof, visokošolski učitelj - docent, katedra za osnovno bogoslovje in dialog|ljubljana, central slovenia"
"job-04436","univerza v ljubljani|fu, visokošolski učitelj predavatelj - višji predavatelj (področje organizacija javnega sektorja)|ljubljana, central slovenia"
"job-04437","univerza v ljubljani|preklic_aluo, visokošolski učitelj - docent, na oddelku za oblikovanje vizualnih komunikacij|ljubljana, central slovenia"
"job-04438","univerza v ljubljani|fmf, visokošolski učitelj za področje matematike na oddelku za matematiko|ljubljana, central slovenia"
"job-04439","univerza v ljubljani|mf, visokošolski učitelj, katedra za patologijo|ljubljana, central slovenia"
"job-04440","univerza v ljubljani|mf, visokošolski učitelj, katedra za ustne bolezni in parodontologijo|ljubljana, central slovenia"
"job-04442","null|učitelj razrednik - m/ž|ljubljana, central slovenia"
"job-04444","null|učitelj ekonomije - m/ž|ljubljana, central slovenia"
"job-04445","null|učitelj - m/ž|ljubljana, central slovenia"
"job-04449","null|učitelj praktičnega pouka elektrotehniških modulov - m/ž|ljubljana, central slovenia"
"job-04452","null|učitelj in organizator šolske prehrane - m/ž|ljubljana, central slovenia"
"job-04458","null|učitelj gradbenih - arhitekturnih predmetov - m/ž|ljubljana, central slovenia"
"job-04468","null|visokošolski/a učitelj/ica za področje gledališka in radijska režija na oddelku za gledališče in radio, katedra za gledališko in radijsko režijo - m/ž|ljubljana, central slovenia"
"job-04474","null|učitelj fizike in matematike - m/ž|ljubljana, central slovenia"
"job-04476","srednja ekonomska sola ljubljana|učitelj računovodstva - m/ž|ljubljana, central slovenia"
"job-04477","null|učitelj angleščine - m/ž|ljubljana, central slovenia"
"job-04480","osnovna šola trzin|učitelj podaljšanega bivanja - m/ž|domžale, central slovenia"
"job-04482","osnovna šola škofljica|učitelj angleščine in učitelj v oddelku podaljšanega bivanja - m/ž|ljubljana, central slovenia"
"job-04485","null|učitelj matematike - m/ž|ljubljana, central slovenia"
"job-04493","null|učitelj vožnje b kategorije in učitelj cpp predpisov - m/ž|ljubljana, central slovenia"
"job-04500","null|visokošolski učitelj - docent (d019008) (m/ž), na oddelku za oblikovanje vizualnih komunikacij, na študijski smeri grafično oblikovanje - m/ž|ljubljana, central slovenia"
"job-04502","univerza v ljubljani|visokošolski učitelj - docent za področje denarja in finance (šifra dm: d019008) - m/ž|ljubljana, central slovenia"
"job-04503","univerza v ljubljani|visokošolski učitelj na oddelku za filozofijo na filozofski fakulteti - m/ž|ljubljana, central slovenia"
"job-04504","univerza v ljubljani|visokošolski učitelj - docent (d019008) ali visokošolski učitelj - izredni profesor (d019007) ali visokošolski učitelj - redni profesor (d019006), katedra za ekologijo in varstvo okolja - m/ž|ljubljana, central slovenia"
"job-04505","univerza v ljubljani|visokošolski učitelj na oddelku za bibliotekarstvo, informacijsko znanost in knjigarstvo na filozofski fakulteti - m/ž|ljubljana, central slovenia"
"job-04506","univerza v ljubljani|visokošolski učitelj na oddelku za psihologijo na filozofski fakulteti - m/ž|ljubljana, central slovenia"
"job-04507","osnovna sola toneta cufarja|učitelj/-ica predmetnega pouka matematike - m/ž|ljubljana, central slovenia"
"job-04508","mjob|učitelj angleščine|ljubljana, central slovenia"
"job-04510","univerza v ljubljani|vf, asistent za področje veterinarske medicine na kliniki za reprodukcijo in velike živali (klinika za prežvekovalce in prašiče)|ljubljana, central slovenia"
"job-04511","univerza v ljubljani|fmf, znanstveni sodelavec|ljubljana, central slovenia"
"job-04512","univerza v ljubljani|fmf, znanstveni sodelavec_b|ljubljana, central slovenia"
"job-04513","univerza v ljubljani|fmf, višji znanstveni sodelavec|ljubljana, central slovenia"
"job-04514","univerza v ljubljani|fmf, asistent z doktoratom|ljubljana, central slovenia"
"job-04527","gimnazija kranj|učitelj geografije v srednji šoli - m/ž|kranj, upper carniola"
"job-04535","prometna sola maribor|učitelj slovenščine - m/ž|maribor, drava"
"job-04537","srednja sola za trzenje in dizajn maribor|učitelj in učitelj praktičnega pouka - m/ž|maribor, drava"
"job-04539","null|logoped ii in učitelj za dodatno strokovno pomoč (logoped) - m/ž|slovenska bistrica, drava"
"job-04540","osnovna sola rada robica limbus|specialni pedagog - m/ž|maribor, drava"
"job-04542","osnovna sola antona askerca velenje|učitelj razrednega pouka - m/ž|velenje, savinja"
"job-04548","null|učitelj razrednega pouka (učitelj v razširjenem programu) - m/ž|šmarje pri jelšah, savinja"
"job-04549","null|učitelj predmetnega pouka (zgodovine in geografije) - m/ž|šmarje pri jelšah, savinja"
"job-04550","osnovna sola frana kocbeka gornji grad|mobilni učitelj za dodatno strokovno pomoč - m/ž|mozirje, savinja"
"job-04552","null|učitelj razrednega ali predmetnega pouka z opravljenim študijskim programom za izpopolnjevanje iz zgodnjega učenja angleščine - m/ž - m/ž|šmarje pri jelšah, savinja"
"job-04553","null|učitelj predmetnega pouka tehnike in tehnologije z dopolnjevanjem (matematika/rap) - m/ž - m/ž|šmarje pri jelšah, savinja"
"job-04556","ekonomska sola novo mesto|učitelj matematike - m/ž|novo mesto, southeast slovenia"
"job-04560","ekonomska sola novo mesto|učitelj naravoslovja - m/ž|novo mesto, southeast slovenia"
"job-04561","ekonomska sola novo mesto|učitelj angleškega jezika - m/ž|novo mesto, southeast slovenia"
"job-04562","ekonomska sola novo mesto|učitelj psihologije - m/ž|novo mesto, southeast slovenia"
"job-04574","osnovna sola podbocje|učitelj matematike - m/ž|krško, lower sava"
"job-04578","null|farmacevt iii (i) - m/ž|kranj, upper carniola"
"job-04593","null|varilec - m/ž|ljubljana, central slovenia"
"job-04602","null|varilec - m/ž|maribor, drava"
"job-04604","null|varilec tig/mag (141/135) za izdelavo in popravilo industrijskih rezervoarjev - m/ž|maribor, drava"
"job-04605","null|varilec tig (141) za montažo cevovodov - m/ž|maribor, drava"
"job-04609","null|varilec - m/ž|metlika, southeast slovenia"
"job-04612","kariera|varilec - m/ž|črnomelj, southeast slovenia"
"job-04615","tips d.o.o. proizvodno in trgovsko podjetje|varilec - m/ž|krško, lower sava"
"job-04616","null|varilec - m/ž|cerknica, inner carniola-karst"
"job-04620","strabag d.o.o.|mehanik/mehaničarka za gradbeno mehanizacijo|lukovica, central slovenia - domžale, central slovenia"
"job-04623","null|mehanik /avtoelektričar - m/ž|ljubljana, central slovenia"
"job-04628","null|mehanik - m/ž|maribor, drava"
"job-04633","null|mehanik - m/ž|celje, savinja"
"job-04634","fis, proizvodnja, trgovina, storitve, d.o.o.|mehanik - m/ž|žalec, savinja"
"job-04638","trimo|ključavničar vzdrževanja m/ž|trebnje, southeast slovenia"
"job-04639","brus d.o.o. transport|mehanik za tovornjake - m/ž|idrija, gorizia"
"job-04640","null|mehanik kmetijske mehanizacije - m/ž|murska sobota, mura"
"job-04644","null|frizer - m/ž|celje, savinja"
