id,JobId,SkillId
js-000001,job-00001,sk-cooking
js-000002,job-00001,sk-pizza-preparation
js-000003,job-00002,sk-cooking
js-000004,job-00003,sk-cooking
js-000005,job-00004,sk-cooking
js-000006,job-00005,sk-cooking
js-000007,job-00006,sk-cooking
js-000008,job-00007,sk-cooking
js-000009,job-00007,sk-pizza-preparation
js-000010,job-00007,sk-slovenian-language
js-000011,job-00008,sk-cooking
js-000012,job-00009,sk-cooking
js-000013,job-00010,sk-cooking
js-000014,job-00010,sk-food-preparation
js-000015,job-00011,sk-cooking
js-000016,job-00011,sk-food-preparation
js-000017,job-00011,sk-kitchen-management
js-000018,job-00011,sk-menu-planning
js-000019,job-00012,sk-cooking
js-000020,job-00012,sk-food-preparation
js-000021,job-00013,sk-cooking
js-000022,job-00013,sk-food-preparation
js-000023,job-00013,sk-hospitality
js-000024,job-00014,sk-cooking
js-000025,job-00014,sk-food-preparation
js-000026,job-00014,sk-food-safety
js-000027,job-00014,sk-haccp
js-000028,job-00014,sk-hospitality
js-000029,job-00015,sk-cooking
js-000030,job-00015,sk-food-preparation
js-000031,job-00015,sk-inventory-management
js-000032,job-00015,sk-menu-planning
js-000033,job-00016,sk-cooking
js-000034,job-00017,sk-cooking
js-000035,job-00017,sk-dietary-cooking
js-000036,job-00017,sk-food-preparation
js-000037,job-00017,sk-food-safety
js-000038,job-00017,sk-haccp
js-000039,job-00017,sk-menu-planning
js-000040,job-00018,sk-cooking
js-000041,job-00018,sk-food-preparation
js-000042,job-00019,sk-cooking
js-000043,job-00019,sk-kitchen-management
js-000044,job-00020,sk-cooking
js-000045,job-00020,sk-food-preparation
js-000046,job-00020,sk-hospitality
js-000047,job-00021,sk-cooking
js-000048,job-00021,sk-food-preparation
js-000049,job-00021,sk-food-safety
js-000050,job-00021,sk-haccp
js-000051,job-00021,sk-hospitality
js-000052,job-00021,sk-kitchen-management
js-000053,job-00021,sk-slovenian-language
js-000054,job-00022,sk-cooking
js-000055,job-00022,sk-food-preparation
js-000056,job-00022,sk-kitchen-management
js-000057,job-00023,sk-cooking
js-000058,job-00023,sk-food-preparation
js-000059,job-00024,sk-cooking
js-000060,job-00024,sk-food-preparation
js-000061,job-00024,sk-food-safety
js-000062,job-00024,sk-haccp
js-000063,job-00024,sk-inventory-management
js-000064,job-00025,sk-cooking
js-000065,job-00025,sk-food-preparation
js-000066,job-00025,sk-food-safety
js-000067,job-00025,sk-haccp
js-000068,job-00025,sk-hospitality
js-000069,job-00025,sk-inventory-management
js-000070,job-00026,sk-cooking
js-000071,job-00026,sk-dietary-cooking
js-000072,job-00026,sk-food-preparation
js-000073,job-00027,sk-cooking
js-000074,job-00027,sk-food-preparation
js-000075,job-00028,sk-cooking
js-000076,job-00029,sk-cooking
js-000077,job-00029,sk-dietary-cooking
js-000078,job-00029,sk-food-preparation
js-000079,job-00029,sk-inventory-management
js-000080,job-00030,sk-cooking
js-000081,job-00030,sk-food-preparation
js-000082,job-00031,sk-cooking
js-000083,job-00031,sk-english-language
js-000084,job-00031,sk-food-preparation
js-000085,job-00031,sk-kitchen-management
js-000086,job-00031,sk-slovenian-language
js-000087,job-00032,sk-cooking
js-000088,job-00032,sk-food-preparation
js-000089,job-00032,sk-food-safety
js-000090,job-00032,sk-haccp
js-000091,job-00032,sk-hospitality
js-000092,job-00033,sk-cooking
js-000093,job-00033,sk-dietary-cooking
js-000094,job-00034,sk-cooking
js-000095,job-00034,sk-food-preparation
js-000096,job-00034,sk-hospitality
js-000097,job-00035,sk-cooking
js-000098,job-00035,sk-dietary-cooking
js-000099,job-00035,sk-food-preparation
js-000100,job-00036,sk-cooking
js-000101,job-00036,sk-dietary-cooking
js-000102,job-00036,sk-food-preparation
js-000103,job-00036,sk-inventory-management
js-000104,job-00037,sk-cooking
js-000105,job-00037,sk-food-preparation
js-000106,job-00037,sk-hospitality
js-000107,job-00038,sk-cooking
js-000108,job-00039,sk-cooking
js-000109,job-00039,sk-food-preparation
js-000110,job-00039,sk-hospitality
js-000111,job-00039,sk-menu-planning
js-000112,job-00040,sk-cooking
js-000113,job-00040,sk-food-preparation
js-000114,job-00040,sk-hospitality
js-000115,job-00041,sk-cooking
js-000116,job-00041,sk-food-preparation
js-000117,job-00041,sk-menu-planning
js-000118,job-00042,sk-cooking
js-000119,job-00043,sk-cooking
js-000120,job-00043,sk-dietary-cooking
js-000121,job-00043,sk-food-preparation
js-000122,job-00044,sk-cooking
js-000123,job-00045,sk-cooking
js-000124,job-00045,sk-food-preparation
js-000125,job-00046,sk-cooking
js-000126,job-00046,sk-food-preparation
js-000127,job-00047,sk-cooking
js-000128,job-00047,sk-dietary-cooking
js-000129,job-00048,sk-cooking
js-000130,job-00048,sk-hospitality
js-000131,job-00048,sk-kitchen-management
js-000132,job-00049,sk-cooking
js-000133,job-00049,sk-inventory-management
js-000134,job-00049,sk-kitchen-management
js-000135,job-00050,sk-cooking
js-000136,job-00050,sk-inventory-management
js-000137,job-00050,sk-kitchen-management
js-000138,job-00051,sk-cooking
js-000139,job-00051,sk-hospitality
js-000140,job-00052,sk-cooking
js-000141,job-00052,sk-food-preparation
js-000142,job-00053,sk-cooking
js-000143,job-00053,sk-dietary-cooking
js-000144,job-00054,sk-cooking
js-000145,job-00054,sk-food-preparation
js-000146,job-00054,sk-hospitality
js-000147,job-00054,sk-slovenian-language
js-000148,job-00055,sk-cooking
js-000149,job-00055,sk-food-preparation
js-000150,job-00055,sk-hospitality
js-000151,job-00056,sk-cooking
js-000152,job-00056,sk-food-preparation
js-000153,job-00056,sk-hospitality
js-000154,job-00057,sk-cooking
js-000155,job-00057,sk-dietary-cooking
js-000156,job-00057,sk-food-preparation
js-000157,job-00057,sk-menu-planning
js-000158,job-00058,sk-cooking
js-000159,job-00058,sk-hospitality
js-000160,job-00059,sk-cooking
js-000161,job-00059,sk-food-preparation
js-000162,job-00059,sk-hospitality
js-000163,job-00060,sk-cooking
js-000164,job-00061,sk-cooking
js-000165,job-00061,sk-food-preparation
js-000166,job-00061,sk-food-safety
js-000167,job-00061,sk-haccp
js-000168,job-00061,sk-hospitality
js-000169,job-00062,sk-cooking
js-000170,job-00062,sk-food-preparation
js-000171,job-00062,sk-food-safety
js-000172,job-00062,sk-haccp
js-000173,job-00062,sk-hospitality
js-000174,job-00063,sk-cooking
js-000175,job-00063,sk-food-preparation
js-000176,job-00063,sk-food-safety
js-000177,job-00063,sk-haccp
js-000178,job-00063,sk-hospitality
js-000179,job-00064,sk-cooking
js-000180,job-00064,sk-food-preparation
js-000181,job-00064,sk-food-safety
js-000182,job-00064,sk-haccp
js-000183,job-00064,sk-hospitality
js-000184,job-00065,sk-cooking
js-000185,job-00066,sk-cooking
js-000186,job-00066,sk-hospitality
js-000187,job-00067,sk-cooking
js-000188,job-00068,sk-cooking
js-000189,job-00068,sk-dietary-cooking
js-000190,job-00068,sk-food-preparation
js-000191,job-00069,sk-cooking
js-000192,job-00069,sk-food-preparation
js-000193,job-00069,sk-hospitality
js-000194,job-00070,sk-cooking
js-000195,job-00070,sk-food-preparation
js-000196,job-00070,sk-hospitality
js-000197,job-00070,sk-inventory-management
js-000198,job-00070,sk-menu-planning
js-000199,job-00071,sk-cooking
js-000200,job-00072,sk-cooking
js-000201,job-00072,sk-food-preparation
js-000202,job-00073,sk-cooking
js-000203,job-00073,sk-food-preparation
js-000204,job-00074,sk-cooking
js-000205,job-00074,sk-pizza-preparation
js-000206,job-00075,sk-cooking
js-000207,job-00075,sk-dietary-cooking
js-000208,job-00075,sk-food-preparation
js-000209,job-00076,sk-cooking
js-000210,job-00076,sk-dietary-cooking
js-000211,job-00076,sk-food-preparation
js-000212,job-00077,sk-cooking
js-000213,job-00077,sk-food-preparation
js-000214,job-00078,sk-cooking
js-000215,job-00079,sk-cooking
js-000216,job-00079,sk-dietary-cooking
js-000217,job-00080,sk-cooking
js-000218,job-00080,sk-food-preparation
js-000219,job-00080,sk-slovenian-language
js-000220,job-00081,sk-cooking
js-000221,job-00081,sk-food-preparation
js-000222,job-00081,sk-hospitality
js-000223,job-00082,sk-cooking
js-000224,job-00082,sk-dietary-cooking
js-000225,job-00082,sk-food-preparation
js-000226,job-00083,sk-cooking
js-000227,job-00083,sk-dietary-cooking
js-000228,job-00083,sk-food-preparation
js-000229,job-00084,sk-cooking
js-000230,job-00084,sk-pizza-preparation
js-000231,job-00085,sk-cooking
js-000232,job-00085,sk-dietary-cooking
js-000233,job-00085,sk-food-preparation
js-000234,job-00085,sk-food-safety
js-000235,job-00085,sk-haccp
js-000236,job-00086,sk-cooking
js-000237,job-00086,sk-food-preparation
js-000238,job-00087,sk-cooking
js-000239,job-00087,sk-food-preparation
js-000240,job-00088,sk-cooking
js-000241,job-00088,sk-food-preparation
js-000242,job-00088,sk-hospitality
js-000243,job-00089,sk-cooking
js-000244,job-00089,sk-dietary-cooking
js-000245,job-00089,sk-food-preparation
js-000246,job-00090,sk-cooking
js-000247,job-00090,sk-dietary-cooking
js-000248,job-00090,sk-food-preparation
js-000249,job-00091,sk-cooking
js-000250,job-00092,sk-cooking
js-000251,job-00092,sk-food-preparation
js-000252,job-00093,sk-cooking
js-000253,job-00093,sk-food-preparation
js-000254,job-00094,sk-general-work
js-000255,job-00095,sk-cooking
js-000256,job-00095,sk-kitchen-management
js-000257,job-00096,sk-cooking
js-000258,job-00096,sk-food-preparation
js-000259,job-00096,sk-hospitality
js-000260,job-00097,sk-cooking
js-000261,job-00097,sk-food-preparation
js-000262,job-00098,sk-cooking
js-000263,job-00098,sk-food-preparation
js-000264,job-00098,sk-hospitality
js-000265,job-00098,sk-menu-planning
js-000266,job-00099,sk-cooking
js-000267,job-00099,sk-food-preparation
js-000268,job-00100,sk-cooking
js-000269,job-00100,sk-food-preparation
js-000270,job-00100,sk-hospitality
js-000271,job-00101,sk-cooking
js-000272,job-00101,sk-hospitality
js-000273,job-00102,sk-cooking
js-000274,job-00102,sk-food-preparation
js-000275,job-00102,sk-hospitality
js-000276,job-00103,sk-cooking
js-000277,job-00103,sk-hospitality
js-000278,job-00104,sk-cooking
js-000279,job-00104,sk-food-preparation
js-000280,job-00104,sk-hospitality
js-000281,job-00105,sk-cooking
js-000282,job-00105,sk-food-preparation
js-000283,job-00106,sk-cooking
js-000284,job-00106,sk-kitchen-management
js-000285,job-00107,sk-cooking
js-000286,job-00107,sk-hospitality
js-000287,job-00108,sk-cooking
js-000288,job-00108,sk-dietary-cooking
js-000289,job-00109,sk-cooking
js-000290,job-00109,sk-food-preparation
js-000291,job-00109,sk-food-safety
js-000292,job-00109,sk-haccp
js-000293,job-00109,sk-hospitality
js-000294,job-00109,sk-kitchen-management
js-000295,job-00110,sk-cooking
js-000296,job-00110,sk-food-preparation
js-000297,job-00110,sk-hospitality
js-000298,job-00110,sk-kitchen-management
js-000299,job-00111,sk-cooking
js-000300,job-00111,sk-food-preparation
js-000301,job-00111,sk-inventory-management
js-000302,job-00111,sk-menu-planning
js-000303,job-00112,sk-cooking
js-000304,job-00112,sk-food-preparation
js-000305,job-00112,sk-menu-planning
js-000306,job-00113,sk-cooking
js-000307,job-00113,sk-food-preparation
js-000308,job-00113,sk-menu-planning
js-000309,job-00114,sk-cooking
js-000310,job-00114,sk-hospitality
js-000311,job-00115,sk-cooking
js-000312,job-00115,sk-dietary-cooking
js-000313,job-00115,sk-hospitality
js-000314,job-00116,sk-cooking
js-000315,job-00116,sk-dietary-cooking
js-000316,job-00116,sk-food-preparation
js-000317,job-00116,sk-menu-planning
js-000318,job-00117,sk-cooking
js-000319,job-00117,sk-food-preparation
js-000320,job-00117,sk-menu-planning
js-000321,job-00118,sk-machine-operation
js-000322,job-00118,sk-production-work
js-000323,job-00119,sk-production-work
js-000324,job-00120,sk-production-work
js-000325,job-00121,sk-machine-operation
js-000326,job-00121,sk-production-work
js-000327,job-00122,sk-production-work
js-000328,job-00123,sk-machine-operation
js-000329,job-00123,sk-production-work
js-000330,job-00124,sk-production-work
js-000331,job-00125,sk-machine-operation
js-000332,job-00125,sk-production-work
js-000333,job-00126,sk-production-work
js-000334,job-00127,sk-machine-operation
js-000335,job-00127,sk-production-work
js-000336,job-00128,sk-machine-operation
js-000337,job-00128,sk-production-work
js-000338,job-00129,sk-production-work
js-000339,job-00130,sk-production-work
js-000340,job-00131,sk-production-work
js-000341,job-00132,sk-production-work
js-000342,job-00133,sk-machine-operation
js-000343,job-00133,sk-production-work
js-000344,job-00134,sk-machine-operation
js-000345,job-00134,sk-production-work
js-000346,job-00135,sk-production-work
js-000347,job-00136,sk-production-work
js-000348,job-00137,sk-production-work
js-000349,job-00138,sk-production-work
js-000350,job-00139,sk-production-work
js-000351,job-00140,sk-production-work
js-000352,job-00141,sk-general-work
js-000353,job-00142,sk-production-work
js-000354,job-00143,sk-production-work
js-000355,job-00144,sk-machine-operation
js-000356,job-00144,sk-production-work
js-000357,job-00145,sk-production-work
js-000358,job-00146,sk-production-work
js-000359,job-00147,sk-production-work
js-000360,job-00148,sk-machine-operation
js-000361,job-00148,sk-production-work
js-000362,job-00149,sk-machine-operation
js-000363,job-00149,sk-production-work
js-000364,job-00150,sk-machine-operation
js-000365,job-00150,sk-production-work
js-000366,job-00151,sk-machine-operation
js-000367,job-00151,sk-production-work
js-000368,job-00152,sk-machine-operation
js-000369,job-00152,sk-production-work
js-000370,job-00153,sk-machine-operation
js-000371,job-00153,sk-production-work
js-000372,job-00154,sk-machine-operation
js-000373,job-00154,sk-production-work
js-000374,job-00155,sk-machine-operation
js-000375,job-00155,sk-production-work
js-000376,job-00156,sk-production-work
js-000377,job-00157,sk-production-work
js-000378,job-00158,sk-production-work
js-000379,job-00159,sk-machine-operation
js-000380,job-00159,sk-production-work
js-000381,job-00160,sk-production-work
js-000382,job-00161,sk-production-work
js-000383,job-00162,sk-production-work
js-000384,job-00163,sk-production-work
js-000385,job-00164,sk-production-work
js-000386,job-00165,sk-machine-operation
js-000387,job-00165,sk-production-work
js-000388,job-00166,sk-production-work
js-000389,job-00167,sk-production-work
js-000390,job-00168,sk-machine-operation
js-000391,job-00168,sk-production-work
js-000392,job-00169,sk-production-work
js-000393,job-00170,sk-production-work
js-000394,job-00171,sk-machine-operation
js-000395,job-00171,sk-production-work
js-000396,job-00172,sk-machine-operation
js-000397,job-00172,sk-production-work
js-000398,job-00173,sk-machine-operation
js-000399,job-00173,sk-production-work
js-000400,job-00174,sk-production-work
js-000401,job-00175,sk-machine-operation
js-000402,job-00175,sk-production-work
js-000403,job-00176,sk-machine-operation
js-000404,job-00176,sk-production-work
js-000405,job-00177,sk-production-work
js-000406,job-00178,sk-machine-operation
js-000407,job-00178,sk-production-work
js-000408,job-00179,sk-machine-operation
js-000409,job-00179,sk-production-work
js-000410,job-00180,sk-machine-operation
js-000411,job-00180,sk-production-work
js-000412,job-00181,sk-production-work
js-000413,job-00182,sk-machine-operation
js-000414,job-00182,sk-production-work
js-000415,job-00183,sk-machine-operation
js-000416,job-00183,sk-production-work
js-000417,job-00184,sk-production-work
js-000418,job-00185,sk-machine-operation
js-000419,job-00185,sk-production-work
js-000420,job-00186,sk-production-work
js-000421,job-00186,sk-slovenian-language
js-000422,job-00187,sk-machine-operation
js-000423,job-00187,sk-production-work
js-000424,job-00188,sk-machine-operation
js-000425,job-00188,sk-production-work
js-000426,job-00189,sk-machine-operation
js-000427,job-00189,sk-production-work
js-000428,job-00190,sk-machine-operation
js-000429,job-00190,sk-production-work
js-000430,job-00191,sk-machine-operation
js-000431,job-00191,sk-production-work
js-000432,job-00192,sk-production-work
js-000433,job-00193,sk-machine-operation
js-000434,job-00193,sk-production-work
js-000435,job-00194,sk-production-work
js-000436,job-00195,sk-warehouse-operations
js-000437,job-00196,sk-warehouse-operations
js-000438,job-00197,sk-production-work
js-000439,job-00198,sk-production-work
js-000440,job-00199,sk-production-work
js-000441,job-00200,sk-production-work
js-000442,job-00201,sk-nursing
js-000443,job-00202,sk-nursing
js-000444,job-00203,sk-nursing
js-000445,job-00204,sk-nursing
js-000446,job-00205,sk-nursing
js-000447,job-00206,sk-nursing
js-000448,job-00207,sk-nursing
js-000449,job-00208,sk-nursing
js-000450,job-00209,sk-nursing
js-000451,job-00210,sk-nursing
js-000452,job-00211,sk-nursing
js-000453,job-00212,sk-nursing
js-000454,job-00213,sk-nursing
js-000455,job-00214,sk-nursing
js-000456,job-00215,sk-nursing
js-000457,job-00216,sk-nursing
js-000458,job-00217,sk-nursing
js-000459,job-00218,sk-nursing
js-000460,job-00219,sk-nursing
js-000461,job-00220,sk-nursing
js-000462,job-00221,sk-nursing
js-000463,job-00222,sk-nursing
js-000464,job-00223,sk-nursing
js-000465,job-00224,sk-nursing
js-000466,job-00225,sk-nursing
js-000467,job-00225,sk-patient-care
js-000468,job-00226,sk-nursing
js-000469,job-00227,sk-nursing
js-000470,job-00228,sk-nursing
js-000471,job-00229,sk-nursing
js-000472,job-00230,sk-medicine
js-000473,job-00230,sk-nursing
js-000474,job-00231,sk-nursing
js-000475,job-00231,sk-patient-care
js-000476,job-00231,sk-slovenian-language
js-000477,job-00232,sk-nursing
js-000478,job-00233,sk-nursing
js-000479,job-00233,sk-patient-care
js-000480,job-00234,sk-nursing
js-000481,job-00235,sk-nursing
js-000482,job-00236,sk-nursing
js-000483,job-00236,sk-patient-care
js-000484,job-00237,sk-nursing
js-000485,job-00238,sk-nursing
js-000486,job-00238,sk-patient-care
js-000487,job-00239,sk-nursing
js-000488,job-00239,sk-patient-care
js-000489,job-00240,sk-nursing
js-000490,job-00241,sk-nursing
js-000491,job-00241,sk-patient-care
js-000492,job-00242,sk-nursing
js-000493,job-00243,sk-nursing
js-000494,job-00244,sk-nursing
js-000495,job-00245,sk-nursing
js-000496,job-00246,sk-nursing
js-000497,job-00247,sk-nursing
js-000498,job-00248,sk-nursing
js-000499,job-00248,sk-patient-care
js-000500,job-00249,sk-nursing
js-000501,job-00250,sk-nursing
js-000502,job-00251,sk-nursing
js-000503,job-00252,sk-nursing
js-000504,job-00253,sk-nursing
js-000505,job-00253,sk-patient-care
js-000506,job-00254,sk-nursing
js-000507,job-00254,sk-patient-care
js-000508,job-00255,sk-nursing
js-000509,job-00256,sk-nursing
js-000510,job-00257,sk-nursing
js-000511,job-00258,sk-nursing
js-000512,job-00259,sk-nursing
js-000513,job-00259,sk-patient-care
js-000514,job-00260,sk-general-work
js-000515,job-00261,sk-nursing
js-000516,job-00262,sk-nursing
js-000517,job-00263,sk-nursing
js-000518,job-00264,sk-nursing
js-000519,job-00265,sk-nursing
js-000520,job-00266,sk-nursing
js-000521,job-00267,sk-nursing
js-000522,job-00268,sk-nursing
js-000523,job-00269,sk-nursing
js-000524,job-00270,sk-nursing
js-000525,job-00271,sk-nursing
js-000526,job-00272,sk-nursing
js-000527,job-00273,sk-general-work
js-000528,job-00274,sk-nursing
js-000529,job-00275,sk-nursing
js-000530,job-00276,sk-nursing
js-000531,job-00277,sk-nursing
js-000532,job-00278,sk-nursing
js-000533,job-00279,sk-nursing
js-000534,job-00280,sk-general-work
js-000535,job-00281,sk-nursing
js-000536,job-00282,sk-nursing
js-000537,job-00283,sk-nursing
js-000538,job-00284,sk-nursing
js-000539,job-00285,sk-general-work
js-000540,job-00286,sk-general-work
js-000541,job-00287,sk-nursing
js-000542,job-00288,sk-nursing
js-000543,job-00289,sk-general-work
js-000544,job-00290,sk-general-work
js-000545,job-00291,sk-nursing
js-000546,job-00292,sk-nursing
js-000547,job-00293,sk-nursing
js-000548,job-00294,sk-nursing
js-000549,job-00295,sk-nursing
js-000550,job-00296,sk-nursing
js-000551,job-00297,sk-general-work
js-000552,job-00298,sk-nursing
js-000553,job-00299,sk-nursing
js-000554,job-00300,sk-nursing
js-000555,job-00300,sk-patient-care
js-000556,job-00301,sk-nursing
js-000557,job-00302,sk-nursing
js-000558,job-00302,sk-patient-care
js-000559,job-00303,sk-nursing
js-000560,job-00303,sk-patient-care
js-000561,job-00304,sk-nursing
js-000562,job-00305,sk-nursing
js-000563,job-00306,sk-nursing
js-000564,job-00307,sk-nursing
js-000565,job-00307,sk-patient-care
js-000566,job-00308,sk-medicine
js-000567,job-00308,sk-nursing
js-000568,job-00309,sk-nursing
js-000569,job-00309,sk-patient-care
js-000570,job-00310,sk-nursing
js-000571,job-00310,sk-patient-care
js-000572,job-00311,sk-medicine
js-000573,job-00311,sk-nursing
js-000574,job-00311,sk-patient-care
js-000575,job-00312,sk-nursing
js-000576,job-00313,sk-nursing
js-000577,job-00314,sk-nursing
js-000578,job-00315,sk-nursing
js-000579,job-00315,sk-slovenian-language
js-000580,job-00316,sk-nursing
js-000581,job-00316,sk-slovenian-language
js-000582,job-00317,sk-nursing
js-000583,job-00318,sk-nursing
js-000584,job-00319,sk-nursing
js-000585,job-00320,sk-nursing
js-000586,job-00321,sk-nursing
js-000587,job-00322,sk-nursing
js-000588,job-00322,sk-slovenian-language
js-000589,job-00323,sk-nursing
js-000590,job-00323,sk-patient-care
js-000591,job-00324,sk-nursing
js-000592,job-00325,sk-nursing
js-000593,job-00326,sk-nursing
js-000594,job-00326,sk-slovenian-language
js-000595,job-00327,sk-nursing
js-000596,job-00327,sk-slovenian-language
js-000597,job-00328,sk-nursing
js-000598,job-00329,sk-nursing
js-000599,job-00329,sk-slovenian-language
js-000600,job-00330,sk-nursing
js-000601,job-00330,sk-slovenian-language
js-000602,job-00331,sk-nursing
js-000603,job-00331,sk-slovenian-language
js-000604,job-00332,sk-nursing
js-000605,job-00332,sk-slovenian-language
js-000606,job-00333,sk-nursing
js-000607,job-00334,sk-nursing
js-000608,job-00334,sk-patient-care
js-000609,job-00335,sk-nursing
js-000610,job-00335,sk-patient-care
js-000611,job-00336,sk-nursing
js-000612,job-00337,sk-nursing
js-000613,job-00337,sk-patient-care
js-000614,job-00338,sk-nursing
js-000615,job-00339,sk-nursing
js-000616,job-00339,sk-patient-care
js-000617,job-00340,sk-nursing
js-000618,job-00341,sk-nursing
js-000619,job-00342,sk-nursing
js-000620,job-00342,sk-patient-care
js-000621,job-00343,sk-nursing
js-000622,job-00344,sk-nursing
js-000623,job-00345,sk-nursing
js-000624,job-00346,sk-nursing
js-000625,job-00346,sk-patient-care
js-000626,job-00347,sk-nursing
js-000627,job-00347,sk-patient-care
js-000628,job-00348,sk-nursing
js-000629,job-00348,sk-patient-care
js-000630,job-00349,sk-nursing
js-000631,job-00350,sk-nursing
js-000632,job-00350,sk-patient-care
js-000633,job-00351,sk-nursing
js-000634,job-00351,sk-patient-care
js-000635,job-00352,sk-nursing
js-000636,job-00352,sk-patient-care
js-000637,job-00353,sk-nursing
js-000638,job-00353,sk-patient-care
js-000639,job-00353,sk-slovenian-language
js-000640,job-00354,sk-nursing
js-000641,job-00354,sk-patient-care
js-000642,job-00355,sk-nursing
js-000643,job-00355,sk-patient-care
js-000644,job-00356,sk-nursing
js-000645,job-00357,sk-nursing
js-000646,job-00358,sk-medicine
js-000647,job-00358,sk-nursing
js-000648,job-00358,sk-patient-care
js-000649,job-00359,sk-nursing
js-000650,job-00360,sk-nursing
js-000651,job-00360,sk-patient-care
js-000652,job-00361,sk-nursing
js-000653,job-00361,sk-patient-care
js-000654,job-00362,sk-nursing
js-000655,job-00363,sk-nursing
js-000656,job-00364,sk-nursing
js-000657,job-00365,sk-nursing
js-000658,job-00366,sk-nursing
js-000659,job-00366,sk-patient-care
js-000660,job-00367,sk-nursing
js-000661,job-00367,sk-patient-care
js-000662,job-00368,sk-medicine
js-000663,job-00368,sk-nursing
js-000664,job-00368,sk-patient-care
js-000665,job-00369,sk-nursing
js-000666,job-00370,sk-nursing
js-000667,job-00370,sk-patient-care
js-000668,job-00371,sk-nursing
js-000669,job-00372,sk-nursing
js-000670,job-00372,sk-patient-care
js-000671,job-00373,sk-nursing
js-000672,job-00373,sk-patient-care
js-000673,job-00374,sk-nursing
js-000674,job-00374,sk-patient-care
js-000675,job-00375,sk-nursing
js-000676,job-00375,sk-patient-care
js-000677,job-00376,sk-nursing
js-000678,job-00376,sk-patient-care
js-000679,job-00377,sk-nursing
js-000680,job-00377,sk-patient-care
js-000681,job-00378,sk-nursing
js-000682,job-00378,sk-patient-care
js-000683,job-00379,sk-nursing
js-000684,job-00379,sk-patient-care
js-000685,job-00380,sk-nursing
js-000686,job-00380,sk-patient-care
js-000687,job-00381,sk-nursing
js-000688,job-00381,sk-patient-care
js-000689,job-00382,sk-nursing
js-000690,job-00382,sk-patient-care
js-000691,job-00383,sk-nursing
js-000692,job-00383,sk-patient-care
js-000693,job-00384,sk-nursing
js-000694,job-00384,sk-patient-care
js-000695,job-00385,sk-nursing
js-000696,job-00386,sk-nursing
js-000697,job-00386,sk-patient-care
js-000698,job-00387,sk-nursing
js-000699,job-00387,sk-patient-care
js-000700,job-00388,sk-teaching
js-000701,job-00389,sk-production-work
js-000702,job-00390,sk-production-work
js-000703,job-00391,sk-production-work
js-000704,job-00392,sk-production-work
js-000705,job-00393,sk-production-work
js-000706,job-00394,sk-english-language
js-000707,job-00394,sk-machine-operation
js-000708,job-00394,sk-production-work
js-000709,job-00395,sk-production-work
js-000710,job-00396,sk-machine-operation
js-000711,job-00396,sk-production-work
js-000712,job-00397,sk-production-work
js-000713,job-00398,sk-production-work
js-000714,job-00399,sk-production-work
js-000715,job-00400,sk-production-work
js-000716,job-00401,sk-machine-operation
js-000717,job-00401,sk-production-work
js-000718,job-00402,sk-production-work
js-000719,job-00403,sk-production-work
js-000720,job-00404,sk-production-work
js-000721,job-00405,sk-machine-operation
js-000722,job-00405,sk-production-work
js-000723,job-00406,sk-production-work
js-000724,job-00407,sk-production-work
js-000725,job-00408,sk-machine-operation
js-000726,job-00408,sk-production-work
js-000727,job-00408,sk-slovenian-language
js-000728,job-00409,sk-production-work
js-000729,job-00410,sk-production-work
js-000730,job-00411,sk-production-work
js-000731,job-00412,sk-machine-operation
js-000732,job-00412,sk-production-work
js-000733,job-00413,sk-production-work
js-000734,job-00414,sk-production-work
js-000735,job-00415,sk-production-work
js-000736,job-00416,sk-production-work
js-000737,job-00417,sk-production-work
js-000738,job-00418,sk-general-work
js-000739,job-00419,sk-production-work
js-000740,job-00420,sk-production-work
js-000741,job-00421,sk-production-work
js-000742,job-00422,sk-production-work
js-000743,job-00423,sk-machine-operation
js-000744,job-00423,sk-production-work
js-000745,job-00424,sk-machine-operation
js-000746,job-00424,sk-production-work
js-000747,job-00425,sk-production-work
js-000748,job-00426,sk-machine-operation
js-000749,job-00426,sk-production-work
js-000750,job-00427,sk-production-work
js-000751,job-00428,sk-production-work
js-000752,job-00429,sk-production-work
js-000753,job-00430,sk-production-work
js-000754,job-00430,sk-slovenian-language
js-000755,job-00431,sk-production-work
js-000756,job-00432,sk-production-work
js-000757,job-00433,sk-production-work
js-000758,job-00434,sk-production-work
js-000759,job-00435,sk-production-work
js-000760,job-00436,sk-production-work
js-000761,job-00437,sk-production-work
js-000762,job-00438,sk-production-work
js-000763,job-00439,sk-production-work
js-000764,job-00440,sk-production-work
js-000765,job-00441,sk-production-work
js-000766,job-00442,sk-production-work
js-000767,job-00443,sk-production-work
js-000768,job-00444,sk-production-work
js-000769,job-00445,sk-production-work
js-000770,job-00446,sk-production-work
js-000771,job-00447,sk-general-work
js-000772,job-00448,sk-general-work
js-000773,job-00449,sk-technical-maintenance
js-000774,job-00450,sk-production-work
js-000775,job-00451,sk-production-work
js-000776,job-00452,sk-machine-operation
js-000777,job-00452,sk-production-work
js-000778,job-00453,sk-production-work
js-000779,job-00454,sk-production-work
js-000780,job-00455,sk-production-work
js-000781,job-00456,sk-production-work
js-000782,job-00457,sk-production-work
js-000783,job-00458,sk-production-work
js-000784,job-00459,sk-pharmacy
js-000785,job-00460,sk-machine-operation
js-000786,job-00460,sk-production-work
js-000787,job-00461,sk-production-work
js-000788,job-00462,sk-pharmacy
js-000789,job-00463,sk-machine-operation
js-000790,job-00463,sk-production-work
js-000791,job-00464,sk-production-work
js-000792,job-00465,sk-machine-operation
js-000793,job-00465,sk-production-work
js-000794,job-00466,sk-pharmacy
js-000795,job-00467,sk-production-work
js-000796,job-00468,sk-production-work
js-000797,job-00469,sk-production-work
js-000798,job-00470,sk-machine-operation
js-000799,job-00470,sk-production-work
js-000800,job-00471,sk-machine-operation
js-000801,job-00471,sk-production-work
js-000802,job-00472,sk-production-work
js-000803,job-00473,sk-pharmacy
js-000804,job-00474,sk-machine-operation
js-000805,job-00474,sk-production-work
js-000806,job-00475,sk-machine-operation
js-000807,job-00475,sk-production-work
js-000808,job-00476,sk-production-work
js-000809,job-00477,sk-production-work
js-000810,job-00478,sk-production-work
js-000811,job-00479,sk-production-work
js-000812,job-00480,sk-machine-operation
js-000813,job-00480,sk-production-work
js-000814,job-00481,sk-machine-operation
js-000815,job-00481,sk-production-work
js-000816,job-00482,sk-machine-operation
js-000817,job-00482,sk-production-work
js-000818,job-00483,sk-machine-operation
js-000819,job-00483,sk-production-work
js-000820,job-00484,sk-machine-operation
js-000821,job-00484,sk-production-work
js-000822,job-00485,sk-machine-operation
js-000823,job-00485,sk-production-work
js-000824,job-00486,sk-production-work
js-000825,job-00487,sk-production-work
js-000826,job-00488,sk-machine-operation
js-000827,job-00488,sk-production-work
js-000828,job-00489,sk-production-work
js-000829,job-00490,sk-production-work
js-000830,job-00491,sk-machine-operation
js-000831,job-00491,sk-production-work
js-000832,job-00492,sk-machine-operation
js-000833,job-00492,sk-production-work
js-000834,job-00493,sk-machine-operation
js-000835,job-00493,sk-production-work
js-000836,job-00494,sk-machine-operation
js-000837,job-00494,sk-production-work
js-000838,job-00495,sk-machine-operation
js-000839,job-00495,sk-production-work
js-000840,job-00496,sk-production-work
js-000841,job-00497,sk-customer-service
js-000842,job-00497,sk-hospitality
js-000843,job-00498,sk-hospitality
js-000844,job-00499,sk-hospitality
js-000845,job-00500,sk-hospitality
js-000846,job-00501,sk-hospitality
js-000847,job-00502,sk-hospitality
js-000848,job-00503,sk-hospitality
js-000849,job-00504,sk-hospitality
js-000850,job-00505,sk-hospitality
js-000851,job-00506,sk-hospitality
js-000852,job-00507,sk-hospitality
js-000853,job-00508,sk-hospitality
js-000854,job-00509,sk-hospitality
js-000855,job-00510,sk-customer-service
js-000856,job-00510,sk-hospitality
js-000857,job-00511,sk-hospitality
js-000858,job-00512,sk-customer-service
js-000859,job-00512,sk-inventory-management
js-000860,job-00512,sk-sales
js-000861,job-00513,sk-inventory-management
js-000862,job-00513,sk-sales
js-000863,job-00514,sk-cash-handling
js-000864,job-00514,sk-customer-service
js-000865,job-00514,sk-sales
js-000866,job-00515,sk-customer-service
js-000867,job-00515,sk-inventory-management
js-000868,job-00515,sk-sales
js-000869,job-00516,sk-customer-service
js-000870,job-00516,sk-hospitality
js-000871,job-00517,sk-cash-handling
js-000872,job-00517,sk-customer-service
js-000873,job-00517,sk-sales
js-000874,job-00518,sk-cash-handling
js-000875,job-00518,sk-sales
js-000876,job-00519,sk-customer-service
js-000877,job-00519,sk-inventory-management
js-000878,job-00519,sk-sales
js-000879,job-00520,sk-general-work
js-000880,job-00521,sk-general-work
js-000881,job-00522,sk-cash-handling
js-000882,job-00522,sk-customer-service
js-000883,job-00522,sk-inventory-management
js-000884,job-00522,sk-sales
js-000885,job-00523,sk-cash-handling
js-000886,job-00523,sk-customer-service
js-000887,job-00523,sk-inventory-management
js-000888,job-00523,sk-sales
js-000889,job-00524,sk-cash-handling
js-000890,job-00524,sk-customer-service
js-000891,job-00524,sk-inventory-management
js-000892,job-00524,sk-sales
js-000893,job-00525,sk-cash-handling
js-000894,job-00525,sk-customer-service
js-000895,job-00525,sk-inventory-management
js-000896,job-00525,sk-sales
js-000897,job-00526,sk-cash-handling
js-000898,job-00526,sk-customer-service
js-000899,job-00526,sk-inventory-management
js-000900,job-00526,sk-sales
js-000901,job-00527,sk-cash-handling
js-000902,job-00527,sk-sales
js-000903,job-00528,sk-sales
js-000904,job-00529,sk-general-work
js-000905,job-00530,sk-hospitality
js-000906,job-00531,sk-cash-handling
js-000907,job-00531,sk-customer-service
js-000908,job-00531,sk-inventory-management
js-000909,job-00531,sk-sales
js-000910,job-00532,sk-customer-service
js-000911,job-00532,sk-hospitality
js-000912,job-00532,sk-slovenian-language
js-000913,job-00533,sk-hospitality
js-000914,job-00534,sk-customer-service
js-000915,job-00534,sk-hospitality
js-000916,job-00535,sk-cooking
js-000917,job-00535,sk-food-preparation
js-000918,job-00535,sk-hospitality
js-000919,job-00536,sk-general-work
js-000920,job-00537,sk-cash-handling
js-000921,job-00537,sk-sales
js-000922,job-00538,sk-cash-handling
js-000923,job-00538,sk-sales
js-000924,job-00539,sk-customer-service
js-000925,job-00539,sk-sales
js-000926,job-00540,sk-social-work
js-000927,job-00541,sk-cash-handling
js-000928,job-00541,sk-customer-service
js-000929,job-00541,sk-sales
js-000930,job-00542,sk-customer-service
js-000931,job-00542,sk-sales
js-000932,job-00543,sk-general-work
js-000933,job-00544,sk-general-work
js-000934,job-00545,sk-customer-service
js-000935,job-00545,sk-hospitality
js-000936,job-00546,sk-machine-operation
js-000937,job-00546,sk-production-work
js-000938,job-00547,sk-general-work
js-000939,job-00548,sk-customer-service
js-000940,job-00548,sk-hospitality
js-000941,job-00549,sk-customer-service
js-000942,job-00549,sk-sales
js-000943,job-00550,sk-general-work
js-000944,job-00550,sk-slovenian-language
js-000945,job-00551,sk-general-work
js-000946,job-00552,sk-general-work
js-000947,job-00553,sk-customer-service
js-000948,job-00553,sk-sales
js-000949,job-00554,sk-customer-service
js-000950,job-00554,sk-hospitality
js-000951,job-00555,sk-customer-service
js-000952,job-00555,sk-hospitality
js-000953,job-00556,sk-general-work
js-000954,job-00557,sk-general-work
js-000955,job-00558,sk-customer-service
js-000956,job-00558,sk-hospitality
js-000957,job-00559,sk-hospitality
js-000958,job-00560,sk-hospitality
js-000959,job-00561,sk-hospitality
js-000960,job-00562,sk-customer-service
js-000961,job-00562,sk-hospitality
js-000962,job-00563,sk-hospitality
js-000963,job-00563,sk-slovenian-language
js-000964,job-00564,sk-hospitality
js-000965,job-00565,sk-hospitality
js-000966,job-00566,sk-customer-service
js-000967,job-00566,sk-hospitality
js-000968,job-00567,sk-hospitality
js-000969,job-00568,sk-hospitality
js-000970,job-00569,sk-english-language
js-000971,job-00569,sk-hospitality
js-000972,job-00570,sk-hospitality
js-000973,job-00571,sk-hospitality
js-000974,job-00572,sk-hospitality
js-000975,job-00573,sk-hospitality
js-000976,job-00574,sk-hospitality
js-000977,job-00575,sk-hospitality
js-000978,job-00576,sk-hospitality
js-000979,job-00577,sk-customer-service
js-000980,job-00577,sk-hospitality
js-000981,job-00578,sk-general-work
js-000982,job-00579,sk-customer-service
js-000983,job-00579,sk-hospitality
js-000984,job-00580,sk-hospitality
js-000985,job-00581,sk-customer-service
js-000986,job-00581,sk-inventory-management
js-000987,job-00581,sk-sales
js-000988,job-00582,sk-hospitality
js-000989,job-00583,sk-general-work
js-000990,job-00584,sk-customer-service
js-000991,job-00584,sk-sales
js-000992,job-00585,sk-cash-handling
js-000993,job-00585,sk-sales
js-000994,job-00586,sk-hospitality
js-000995,job-00587,sk-hospitality
js-000996,job-00588,sk-customer-service
js-000997,job-00588,sk-hospitality
js-000998,job-00589,sk-general-work
js-000999,job-00590,sk-cooking
js-001000,job-00590,sk-hospitality
js-001001,job-00591,sk-technical-maintenance
js-001002,job-00592,sk-cooking
js-001003,job-00593,sk-cooking
js-001004,job-00594,sk-general-work
js-001005,job-00595,sk-general-work
js-001006,job-00596,sk-general-work
js-001007,job-00597,sk-general-work
js-001008,job-00598,sk-customer-service
js-001009,job-00598,sk-hospitality
js-001010,job-00599,sk-hospitality
js-001011,job-00600,sk-hospitality
js-001012,job-00601,sk-hospitality
js-001013,job-00602,sk-hospitality
js-001014,job-00603,sk-hospitality
js-001015,job-00604,sk-hospitality
js-001016,job-00605,sk-hospitality
js-001017,job-00606,sk-hospitality
js-001018,job-00607,sk-hospitality
js-001019,job-00608,sk-hospitality
js-001020,job-00609,sk-hospitality
js-001021,job-00610,sk-hospitality
js-001022,job-00611,sk-hospitality
js-001023,job-00612,sk-hospitality
js-001024,job-00613,sk-cash-handling
js-001025,job-00613,sk-customer-service
js-001026,job-00613,sk-inventory-management
js-001027,job-00613,sk-sales
js-001028,job-00614,sk-customer-service
js-001029,job-00614,sk-inventory-management
js-001030,job-00614,sk-sales
js-001031,job-00615,sk-cash-handling
js-001032,job-00615,sk-customer-service
js-001033,job-00615,sk-inventory-management
js-001034,job-00615,sk-sales
js-001035,job-00616,sk-customer-service
js-001036,job-00616,sk-inventory-management
js-001037,job-00616,sk-sales
js-001038,job-00617,sk-customer-service
js-001039,job-00617,sk-inventory-management
js-001040,job-00617,sk-sales
js-001041,job-00618,sk-customer-service
js-001042,job-00618,sk-inventory-management
js-001043,job-00618,sk-sales
js-001044,job-00619,sk-customer-service
js-001045,job-00619,sk-hospitality
js-001046,job-00620,sk-customer-service
js-001047,job-00620,sk-inventory-management
js-001048,job-00620,sk-sales
js-001049,job-00621,sk-cooking
js-001050,job-00621,sk-dietary-cooking
js-001051,job-00621,sk-food-preparation
js-001052,job-00621,sk-hospitality
js-001053,job-00622,sk-general-work
js-001054,job-00623,sk-customer-service
js-001055,job-00623,sk-hospitality
js-001056,job-00624,sk-sales
js-001057,job-00625,sk-cash-handling
js-001058,job-00625,sk-customer-service
js-001059,job-00625,sk-sales
js-001060,job-00626,sk-cash-handling
js-001061,job-00626,sk-sales
js-001062,job-00627,sk-cash-handling
js-001063,job-00627,sk-customer-service
js-001064,job-00627,sk-sales
js-001065,job-00628,sk-general-work
js-001066,job-00629,sk-general-work
js-001067,job-00630,sk-hospitality
js-001068,job-00631,sk-general-work
js-001069,job-00632,sk-customer-service
js-001070,job-00632,sk-hospitality
js-001071,job-00633,sk-general-work
js-001072,job-00634,sk-general-work
js-001073,job-00635,sk-hospitality
js-001074,job-00636,sk-general-work
js-001075,job-00637,sk-general-work
js-001076,job-00638,sk-hospitality
js-001077,job-00639,sk-hospitality
js-001078,job-00640,sk-hospitality
js-001079,job-00641,sk-hospitality
js-001080,job-00642,sk-hospitality
js-001081,job-00643,sk-hospitality
js-001082,job-00644,sk-hospitality
js-001083,job-00645,sk-hospitality
js-001084,job-00646,sk-hospitality
js-001085,job-00647,sk-customer-service
js-001086,job-00647,sk-hospitality
js-001087,job-00648,sk-customer-service
js-001088,job-00648,sk-hospitality
js-001089,job-00649,sk-customer-service
js-001090,job-00649,sk-hospitality
js-001091,job-00650,sk-customer-service
js-001092,job-00650,sk-hospitality
js-001093,job-00651,sk-customer-service
js-001094,job-00651,sk-hospitality
js-001095,job-00652,sk-customer-service
js-001096,job-00652,sk-hospitality
js-001097,job-00653,sk-hospitality
js-001098,job-00654,sk-hospitality
js-001099,job-00655,sk-customer-service
js-001100,job-00655,sk-inventory-management
js-001101,job-00655,sk-sales
js-001102,job-00656,sk-hospitality
js-001103,job-00657,sk-cooking
js-001104,job-00657,sk-hospitality
js-001105,job-00658,sk-customer-service
js-001106,job-00658,sk-inventory-management
js-001107,job-00658,sk-sales
js-001108,job-00659,sk-customer-service
js-001109,job-00659,sk-inventory-management
js-001110,job-00659,sk-sales
js-001111,job-00660,sk-customer-service
js-001112,job-00660,sk-inventory-management
js-001113,job-00660,sk-sales
js-001114,job-00661,sk-cash-handling
js-001115,job-00661,sk-customer-service
js-001116,job-00661,sk-inventory-management
js-001117,job-00661,sk-sales
js-001118,job-00662,sk-customer-service
js-001119,job-00662,sk-inventory-management
js-001120,job-00662,sk-sales
js-001121,job-00663,sk-customer-service
js-001122,job-00663,sk-inventory-management
js-001123,job-00663,sk-sales
js-001124,job-00664,sk-hospitality
js-001125,job-00665,sk-customer-service
js-001126,job-00665,sk-inventory-management
js-001127,job-00665,sk-sales
js-001128,job-00666,sk-general-work
js-001129,job-00667,sk-general-work
js-001130,job-00668,sk-cash-handling
js-001131,job-00668,sk-inventory-management
js-001132,job-00668,sk-sales
js-001133,job-00669,sk-cash-handling
js-001134,job-00669,sk-customer-service
js-001135,job-00669,sk-inventory-management
js-001136,job-00669,sk-sales
js-001137,job-00670,sk-customer-service
js-001138,job-00670,sk-inventory-management
js-001139,job-00670,sk-sales
js-001140,job-00671,sk-customer-service
js-001141,job-00671,sk-inventory-management
js-001142,job-00671,sk-sales
js-001143,job-00672,sk-customer-service
js-001144,job-00672,sk-hospitality
js-001145,job-00673,sk-customer-service
js-001146,job-00673,sk-hospitality
js-001147,job-00674,sk-general-work
js-001148,job-00675,sk-cash-handling
js-001149,job-00675,sk-customer-service
js-001150,job-00675,sk-sales
js-001151,job-00676,sk-hospitality
js-001152,job-00676,sk-slovenian-language
js-001153,job-00677,sk-customer-service
js-001154,job-00677,sk-sales
js-001155,job-00678,sk-customer-service
js-001156,job-00678,sk-sales
js-001157,job-00679,sk-customer-service
js-001158,job-00679,sk-hospitality
js-001159,job-00680,sk-hospitality
js-001160,job-00681,sk-customer-service
js-001161,job-00681,sk-hospitality
js-001162,job-00682,sk-general-work
js-001163,job-00683,sk-hospitality
js-001164,job-00684,sk-hospitality
js-001165,job-00685,sk-hospitality
js-001166,job-00686,sk-hospitality
js-001167,job-00687,sk-hospitality
js-001168,job-00688,sk-customer-service
js-001169,job-00688,sk-hospitality
js-001170,job-00689,sk-general-work
js-001171,job-00690,sk-hospitality
js-001172,job-00691,sk-hospitality
js-001173,job-00692,sk-customer-service
js-001174,job-00692,sk-hospitality
js-001175,job-00693,sk-customer-service
js-001176,job-00693,sk-hospitality
js-001177,job-00694,sk-hospitality
js-001178,job-00695,sk-hospitality
js-001179,job-00696,sk-hospitality
js-001180,job-00697,sk-hospitality
js-001181,job-00698,sk-customer-service
js-001182,job-00698,sk-hospitality
js-001183,job-00699,sk-customer-service
js-001184,job-00699,sk-inventory-management
js-001185,job-00699,sk-sales
js-001186,job-00700,sk-hospitality
js-001187,job-00700,sk-slovenian-language
js-001188,job-00701,sk-cooking
js-001189,job-00701,sk-dietary-cooking
js-001190,job-00701,sk-food-preparation
js-001191,job-00702,sk-customer-service
js-001192,job-00702,sk-hospitality
js-001193,job-00703,sk-cash-handling
js-001194,job-00703,sk-inventory-management
js-001195,job-00703,sk-sales
js-001196,job-00704,sk-general-work
js-001197,job-00705,sk-hospitality
js-001198,job-00706,sk-customer-service
js-001199,job-00706,sk-hospitality
js-001200,job-00707,sk-hospitality
js-001201,job-00708,sk-general-work
js-001202,job-00709,sk-customer-service
js-001203,job-00709,sk-hospitality
js-001204,job-00710,sk-general-work
js-001205,job-00711,sk-hospitality
js-001206,job-00712,sk-hospitality
js-001207,job-00713,sk-customer-service
js-001208,job-00713,sk-hospitality
js-001209,job-00714,sk-hospitality
js-001210,job-00715,sk-general-work
js-001211,job-00716,sk-general-work
js-001212,job-00717,sk-general-work
js-001213,job-00718,sk-customer-service
js-001214,job-00718,sk-hospitality
js-001215,job-00719,sk-customer-service
js-001216,job-00719,sk-hospitality
js-001217,job-00720,sk-hospitality
js-001218,job-00721,sk-hospitality
js-001219,job-00722,sk-hospitality
js-001220,job-00723,sk-hospitality
js-001221,job-00724,sk-hospitality
js-001222,job-00725,sk-hospitality
js-001223,job-00726,sk-hospitality
js-001224,job-00727,sk-hospitality
js-001225,job-00728,sk-hospitality
js-001226,job-00728,sk-slovenian-language
js-001227,job-00729,sk-english-language
js-001228,job-00729,sk-hospitality
js-001229,job-00730,sk-customer-service
js-001230,job-00730,sk-hospitality
js-001231,job-00731,sk-cash-handling
js-001232,job-00731,sk-customer-service
js-001233,job-00731,sk-sales
js-001234,job-00732,sk-customer-service
js-001235,job-00732,sk-hospitality
js-001236,job-00733,sk-customer-service
js-001237,job-00733,sk-hospitality
js-001238,job-00734,sk-hospitality
js-001239,job-00735,sk-general-work
js-001240,job-00736,sk-general-work
js-001241,job-00737,sk-general-work
js-001242,job-00738,sk-general-work
js-001243,job-00739,sk-customer-service
js-001244,job-00739,sk-sales
js-001245,job-00740,sk-general-work
js-001246,job-00741,sk-general-work
js-001247,job-00742,sk-general-work
js-001248,job-00743,sk-cooking
js-001249,job-00743,sk-hospitality
js-001250,job-00744,sk-general-work
js-001251,job-00745,sk-general-work
js-001252,job-00746,sk-hospitality
js-001253,job-00747,sk-customer-service
js-001254,job-00747,sk-inventory-management
js-001255,job-00747,sk-sales
js-001256,job-00748,sk-cooking
js-001257,job-00749,sk-cash-handling
js-001258,job-00749,sk-customer-service
js-001259,job-00749,sk-inventory-management
js-001260,job-00749,sk-sales
js-001261,job-00750,sk-hospitality
js-001262,job-00750,sk-slovenian-language
js-001263,job-00751,sk-general-work
js-001264,job-00752,sk-cooking
js-001265,job-00753,sk-hospitality
js-001266,job-00753,sk-slovenian-language
js-001267,job-00754,sk-general-work
js-001268,job-00755,sk-hospitality
js-001269,job-00756,sk-general-work
js-001270,job-00757,sk-customer-service
js-001271,job-00757,sk-sales
js-001272,job-00758,sk-customer-service
js-001273,job-00758,sk-sales
js-001274,job-00759,sk-customer-service
js-001275,job-00759,sk-hospitality
js-001276,job-00760,sk-hospitality
js-001277,job-00761,sk-customer-service
js-001278,job-00761,sk-sales
js-001279,job-00762,sk-general-work
js-001280,job-00763,sk-hospitality
js-001281,job-00764,sk-hospitality
js-001282,job-00765,sk-customer-service
js-001283,job-00765,sk-hospitality
js-001284,job-00766,sk-customer-service
js-001285,job-00766,sk-hospitality
js-001286,job-00767,sk-hospitality
js-001287,job-00768,sk-hospitality
js-001288,job-00769,sk-customer-service
js-001289,job-00769,sk-hospitality
js-001290,job-00770,sk-customer-service
js-001291,job-00770,sk-hospitality
js-001292,job-00771,sk-customer-service
js-001293,job-00771,sk-inventory-management
js-001294,job-00771,sk-sales
js-001295,job-00772,sk-hospitality
js-001296,job-00773,sk-hospitality
js-001297,job-00774,sk-hospitality
js-001298,job-00775,sk-hospitality
js-001299,job-00776,sk-hospitality
js-001300,job-00777,sk-customer-service
js-001301,job-00777,sk-hospitality
js-001302,job-00778,sk-general-work
js-001303,job-00779,sk-general-work
js-001304,job-00780,sk-general-work
js-001305,job-00781,sk-general-work
js-001306,job-00782,sk-general-work
js-001307,job-00783,sk-customer-service
js-001308,job-00783,sk-sales
js-001309,job-00784,sk-sales
js-001310,job-00785,sk-cash-handling
js-001311,job-00785,sk-sales
js-001312,job-00786,sk-sales
js-001313,job-00787,sk-customer-service
js-001314,job-00787,sk-sales
js-001315,job-00788,sk-customer-service
js-001316,job-00788,sk-sales
js-001317,job-00789,sk-sales
js-001318,job-00790,sk-sales
js-001319,job-00791,sk-sales
js-001320,job-00792,sk-sales
js-001321,job-00793,sk-sales
js-001322,job-00794,sk-sales
js-001323,job-00795,sk-sales
js-001324,job-00796,sk-sales
js-001325,job-00797,sk-sales
js-001326,job-00798,sk-sales
js-001327,job-00799,sk-sales
js-001328,job-00800,sk-cash-handling
js-001329,job-00800,sk-sales
js-001330,job-00801,sk-sales
js-001331,job-00802,sk-cash-handling
js-001332,job-00802,sk-customer-service
js-001333,job-00802,sk-inventory-management
js-001334,job-00802,sk-sales
js-001335,job-00803,sk-cash-handling
js-001336,job-00803,sk-sales
js-001337,job-00804,sk-inventory-management
js-001338,job-00804,sk-sales
js-001339,job-00804,sk-slovenian-language
js-001340,job-00805,sk-sales
js-001341,job-00806,sk-sales
js-001342,job-00807,sk-sales
js-001343,job-00808,sk-cash-handling
js-001344,job-00808,sk-sales
js-001345,job-00809,sk-sales
js-001346,job-00810,sk-customer-service
js-001347,job-00810,sk-sales
js-001348,job-00811,sk-cash-handling
js-001349,job-00811,sk-customer-service
js-001350,job-00811,sk-sales
js-001351,job-00812,sk-customer-service
js-001352,job-00812,sk-sales
js-001353,job-00813,sk-sales
js-001354,job-00814,sk-sales
js-001355,job-00815,sk-customer-service
js-001356,job-00815,sk-sales
js-001357,job-00816,sk-customer-service
js-001358,job-00816,sk-sales
js-001359,job-00817,sk-customer-service
js-001360,job-00817,sk-sales
js-001361,job-00818,sk-sales
js-001362,job-00819,sk-sales
js-001363,job-00820,sk-sales
js-001364,job-00821,sk-sales
js-001365,job-00822,sk-cash-handling
js-001366,job-00822,sk-inventory-management
js-001367,job-00822,sk-sales
js-001368,job-00823,sk-sales
js-001369,job-00824,sk-sales
js-001370,job-00825,sk-cash-handling
js-001371,job-00825,sk-customer-service
js-001372,job-00825,sk-sales
js-001373,job-00826,sk-customer-service
js-001374,job-00826,sk-sales
js-001375,job-00827,sk-sales
js-001376,job-00828,sk-cash-handling
js-001377,job-00828,sk-customer-service
js-001378,job-00828,sk-inventory-management
js-001379,job-00828,sk-sales
js-001380,job-00829,sk-sales
js-001381,job-00830,sk-sales
js-001382,job-00831,sk-cash-handling
js-001383,job-00831,sk-customer-service
js-001384,job-00831,sk-sales
js-001385,job-00832,sk-cash-handling
js-001386,job-00832,sk-customer-service
js-001387,job-00832,sk-sales
js-001388,job-00833,sk-cash-handling
js-001389,job-00833,sk-customer-service
js-001390,job-00833,sk-inventory-management
js-001391,job-00833,sk-sales
js-001392,job-00834,sk-customer-service
js-001393,job-00834,sk-sales
js-001394,job-00835,sk-cash-handling
js-001395,job-00835,sk-sales
js-001396,job-00836,sk-cash-handling
js-001397,job-00836,sk-customer-service
js-001398,job-00836,sk-inventory-management
js-001399,job-00836,sk-sales
js-001400,job-00837,sk-cash-handling
js-001401,job-00837,sk-customer-service
js-001402,job-00837,sk-inventory-management
js-001403,job-00837,sk-sales
js-001404,job-00838,sk-cash-handling
js-001405,job-00838,sk-customer-service
js-001406,job-00838,sk-inventory-management
js-001407,job-00838,sk-sales
js-001408,job-00839,sk-sales
js-001409,job-00840,sk-sales
js-001410,job-00841,sk-sales
js-001411,job-00842,sk-customer-service
js-001412,job-00842,sk-sales
js-001413,job-00843,sk-cash-handling
js-001414,job-00843,sk-customer-service
js-001415,job-00843,sk-inventory-management
js-001416,job-00843,sk-sales
js-001417,job-00844,sk-sales
js-001418,job-00845,sk-sales
js-001419,job-00846,sk-sales
js-001420,job-00847,sk-cash-handling
js-001421,job-00847,sk-customer-service
js-001422,job-00847,sk-sales
js-001423,job-00848,sk-sales
js-001424,job-00849,sk-sales
js-001425,job-00850,sk-sales
js-001426,job-00851,sk-sales
js-001427,job-00852,sk-sales
js-001428,job-00853,sk-sales
js-001429,job-00854,sk-cash-handling
js-001430,job-00854,sk-customer-service
js-001431,job-00854,sk-sales
js-001432,job-00855,sk-sales
js-001433,job-00856,sk-customer-service
js-001434,job-00856,sk-sales
js-001435,job-00857,sk-cash-handling
js-001436,job-00857,sk-customer-service
js-001437,job-00857,sk-sales
js-001438,job-00858,sk-customer-service
js-001439,job-00858,sk-sales
js-001440,job-00859,sk-sales
js-001441,job-00860,sk-customer-service
js-001442,job-00860,sk-sales
js-001443,job-00861,sk-sales
js-001444,job-00862,sk-sales
js-001445,job-00863,sk-cash-handling
js-001446,job-00863,sk-customer-service
js-001447,job-00863,sk-sales
js-001448,job-00863,sk-slovenian-language
js-001449,job-00864,sk-cash-handling
js-001450,job-00864,sk-customer-service
js-001451,job-00864,sk-sales
js-001452,job-00865,sk-customer-service
js-001453,job-00865,sk-sales
js-001454,job-00866,sk-cash-handling
js-001455,job-00866,sk-customer-service
js-001456,job-00866,sk-sales
js-001457,job-00867,sk-cash-handling
js-001458,job-00867,sk-customer-service
js-001459,job-00867,sk-inventory-management
js-001460,job-00867,sk-sales
js-001461,job-00868,sk-customer-service
js-001462,job-00868,sk-sales
js-001463,job-00869,sk-customer-service
js-001464,job-00869,sk-inventory-management
js-001465,job-00869,sk-sales
js-001466,job-00870,sk-cash-handling
js-001467,job-00870,sk-customer-service
js-001468,job-00870,sk-inventory-management
js-001469,job-00870,sk-sales
js-001470,job-00871,sk-cash-handling
js-001471,job-00871,sk-customer-service
js-001472,job-00871,sk-inventory-management
js-001473,job-00871,sk-sales
js-001474,job-00872,sk-sales
js-001475,job-00873,sk-sales
js-001476,job-00874,sk-customer-service
js-001477,job-00874,sk-inventory-management
js-001478,job-00874,sk-sales
js-001479,job-00875,sk-sales
js-001480,job-00876,sk-cash-handling
js-001481,job-00876,sk-customer-service
js-001482,job-00876,sk-inventory-management
js-001483,job-00876,sk-sales
js-001484,job-00877,sk-customer-service
js-001485,job-00877,sk-sales
js-001486,job-00878,sk-cash-handling
js-001487,job-00878,sk-sales
js-001488,job-00879,sk-customer-service
js-001489,job-00879,sk-sales
js-001490,job-00880,sk-sales
js-001491,job-00881,sk-sales
js-001492,job-00882,sk-sales
js-001493,job-00883,sk-cash-handling
js-001494,job-00883,sk-customer-service
js-001495,job-00883,sk-sales
js-001496,job-00884,sk-cash-handling
js-001497,job-00884,sk-customer-service
js-001498,job-00884,sk-sales
js-001499,job-00885,sk-english-language
js-001500,job-00885,sk-sales
js-001501,job-00885,sk-slovenian-language
js-001502,job-00886,sk-customer-service
js-001503,job-00886,sk-sales
js-001504,job-00887,sk-cash-handling
js-001505,job-00887,sk-sales
js-001506,job-00888,sk-sales
js-001507,job-00889,sk-cash-handling
js-001508,job-00889,sk-inventory-management
js-001509,job-00889,sk-sales
js-001510,job-00890,sk-sales
js-001511,job-00891,sk-sales
js-001512,job-00892,sk-general-work
js-001513,job-00893,sk-general-work
js-001514,job-00894,sk-sales
js-001515,job-00895,sk-general-work
js-001516,job-00896,sk-technical-maintenance
js-001517,job-00897,sk-sales
js-001518,job-00898,sk-sales
js-001519,job-00899,sk-sales
js-001520,job-00900,sk-customer-service
js-001521,job-00900,sk-sales
js-001522,job-00901,sk-customer-service
js-001523,job-00901,sk-sales
js-001524,job-00902,sk-cash-handling
js-001525,job-00902,sk-customer-service
js-001526,job-00902,sk-sales
js-001527,job-00903,sk-cash-handling
js-001528,job-00903,sk-customer-service
js-001529,job-00903,sk-sales
js-001530,job-00904,sk-cash-handling
js-001531,job-00904,sk-customer-service
js-001532,job-00904,sk-inventory-management
js-001533,job-00904,sk-sales
js-001534,job-00905,sk-customer-service
js-001535,job-00905,sk-sales
js-001536,job-00906,sk-sales
js-001537,job-00907,sk-sales
js-001538,job-00908,sk-sales
js-001539,job-00909,sk-sales
js-001540,job-00910,sk-cash-handling
js-001541,job-00910,sk-inventory-management
js-001542,job-00910,sk-sales
js-001543,job-00910,sk-slovenian-language
js-001544,job-00911,sk-sales
js-001545,job-00912,sk-customer-service
js-001546,job-00912,sk-sales
js-001547,job-00913,sk-sales
js-001548,job-00914,sk-cash-handling
js-001549,job-00914,sk-customer-service
js-001550,job-00914,sk-inventory-management
js-001551,job-00914,sk-sales
js-001552,job-00915,sk-cash-handling
js-001553,job-00915,sk-customer-service
js-001554,job-00915,sk-sales
js-001555,job-00916,sk-sales
js-001556,job-00917,sk-sales
js-001557,job-00918,sk-sales
js-001558,job-00919,sk-cash-handling
js-001559,job-00919,sk-customer-service
js-001560,job-00919,sk-sales
js-001561,job-00920,sk-sales
js-001562,job-00921,sk-sales
js-001563,job-00922,sk-cash-handling
js-001564,job-00922,sk-customer-service
js-001565,job-00922,sk-sales
js-001566,job-00923,sk-sales
js-001567,job-00924,sk-sales
js-001568,job-00925,sk-customer-service
js-001569,job-00925,sk-sales
js-001570,job-00926,sk-customer-service
js-001571,job-00926,sk-sales
js-001572,job-00927,sk-sales
js-001573,job-00928,sk-sales
js-001574,job-00929,sk-cash-handling
js-001575,job-00929,sk-customer-service
js-001576,job-00929,sk-sales
js-001577,job-00930,sk-cash-handling
js-001578,job-00930,sk-customer-service
js-001579,job-00930,sk-inventory-management
js-001580,job-00930,sk-sales
js-001581,job-00931,sk-customer-service
js-001582,job-00931,sk-inventory-management
js-001583,job-00931,sk-sales
js-001584,job-00932,sk-inventory-management
js-001585,job-00932,sk-sales
js-001586,job-00933,sk-inventory-management
js-001587,job-00933,sk-sales
js-001588,job-00934,sk-sales
js-001589,job-00935,sk-sales
js-001590,job-00936,sk-cash-handling
js-001591,job-00936,sk-sales
js-001592,job-00937,sk-cash-handling
js-001593,job-00937,sk-sales
js-001594,job-00938,sk-cash-handling
js-001595,job-00938,sk-sales
js-001596,job-00939,sk-cash-handling
js-001597,job-00939,sk-sales
js-001598,job-00940,sk-sales
js-001599,job-00941,sk-sales
js-001600,job-00942,sk-sales
js-001601,job-00943,sk-cash-handling
js-001602,job-00943,sk-sales
js-001603,job-00944,sk-cash-handling
js-001604,job-00944,sk-sales
js-001605,job-00945,sk-cash-handling
js-001606,job-00945,sk-customer-service
js-001607,job-00945,sk-sales
js-001608,job-00946,sk-cash-handling
js-001609,job-00946,sk-customer-service
js-001610,job-00946,sk-sales
js-001611,job-00947,sk-sales
js-001612,job-00948,sk-customer-service
js-001613,job-00948,sk-sales
js-001614,job-00949,sk-cash-handling
js-001615,job-00949,sk-customer-service
js-001616,job-00949,sk-sales
js-001617,job-00950,sk-cash-handling
js-001618,job-00950,sk-sales
js-001619,job-00951,sk-cash-handling
js-001620,job-00951,sk-sales
js-001621,job-00952,sk-sales
js-001622,job-00953,sk-customer-service
js-001623,job-00953,sk-sales
js-001624,job-00954,sk-sales
js-001625,job-00955,sk-cash-handling
js-001626,job-00955,sk-customer-service
js-001627,job-00955,sk-sales
js-001628,job-00956,sk-cash-handling
js-001629,job-00956,sk-inventory-management
js-001630,job-00956,sk-sales
js-001631,job-00957,sk-sales
js-001632,job-00958,sk-cash-handling
js-001633,job-00958,sk-customer-service
js-001634,job-00958,sk-sales
js-001635,job-00959,sk-customer-service
js-001636,job-00959,sk-sales
js-001637,job-00960,sk-sales
js-001638,job-00961,sk-customer-service
js-001639,job-00961,sk-sales
js-001640,job-00962,sk-sales
js-001641,job-00963,sk-cash-handling
js-001642,job-00963,sk-customer-service
js-001643,job-00963,sk-inventory-management
js-001644,job-00963,sk-sales
js-001645,job-00964,sk-sales
js-001646,job-00965,sk-sales
js-001647,job-00966,sk-sales
js-001648,job-00967,sk-sales
js-001649,job-00968,sk-cash-handling
js-001650,job-00968,sk-customer-service
js-001651,job-00968,sk-sales
js-001652,job-00969,sk-sales
js-001653,job-00970,sk-technical-maintenance
js-001654,job-00971,sk-warehouse-operations
js-001655,job-00972,sk-general-work
js-001656,job-00973,sk-sales
js-001657,job-00974,sk-customer-service
js-001658,job-00974,sk-sales
js-001659,job-00975,sk-sales
js-001660,job-00976,sk-sales
js-001661,job-00977,sk-sales
js-001662,job-00978,sk-sales
js-001663,job-00979,sk-cash-handling
js-001664,job-00979,sk-sales
js-001665,job-00980,sk-sales
js-001666,job-00981,sk-customer-service
js-001667,job-00981,sk-sales
js-001668,job-00982,sk-cash-handling
js-001669,job-00982,sk-sales
js-001670,job-00983,sk-customer-service
js-001671,job-00983,sk-sales
js-001672,job-00984,sk-cash-handling
js-001673,job-00984,sk-inventory-management
js-001674,job-00984,sk-sales
js-001675,job-00985,sk-sales
js-001676,job-00986,sk-sales
js-001677,job-00987,sk-cash-handling
js-001678,job-00987,sk-customer-service
js-001679,job-00987,sk-sales
js-001680,job-00988,sk-sales
js-001681,job-00989,sk-cash-handling
js-001682,job-00989,sk-customer-service
js-001683,job-00989,sk-inventory-management
js-001684,job-00989,sk-sales
js-001685,job-00990,sk-cash-handling
js-001686,job-00990,sk-english-language
js-001687,job-00990,sk-inventory-management
js-001688,job-00990,sk-sales
js-001689,job-00991,sk-sales
js-001690,job-00992,sk-sales
js-001691,job-00993,sk-sales
js-001692,job-00994,sk-sales
js-001693,job-00995,sk-customer-service
js-001694,job-00995,sk-sales
js-001695,job-00996,sk-general-work
js-001696,job-00997,sk-sales
js-001697,job-00998,sk-sales
js-001698,job-00999,sk-sales
js-001699,job-01000,sk-sales
js-001700,job-01001,sk-sales
js-001701,job-01002,sk-sales
js-001702,job-01003,sk-sales
js-001703,job-01004,sk-cash-handling
js-001704,job-01004,sk-sales
js-001705,job-01005,sk-cash-handling
js-001706,job-01005,sk-sales
js-001707,job-01006,sk-sales
js-001708,job-01007,sk-cash-handling
js-001709,job-01007,sk-sales
js-001710,job-01008,sk-customer-service
js-001711,job-01008,sk-sales
js-001712,job-01009,sk-sales
js-001713,job-01010,sk-cash-handling
js-001714,job-01010,sk-customer-service
js-001715,job-01010,sk-sales
js-001716,job-01011,sk-cash-handling
js-001717,job-01011,sk-customer-service
js-001718,job-01011,sk-sales
js-001719,job-01012,sk-cash-handling
js-001720,job-01012,sk-customer-service
js-001721,job-01012,sk-sales
js-001722,job-01013,sk-sales
js-001723,job-01014,sk-customer-service
js-001724,job-01014,sk-inventory-management
js-001725,job-01014,sk-sales
js-001726,job-01015,sk-sales
js-001727,job-01016,sk-cash-handling
js-001728,job-01016,sk-customer-service
js-001729,job-01016,sk-sales
js-001730,job-01017,sk-cash-handling
js-001731,job-01017,sk-sales
js-001732,job-01017,sk-slovenian-language
js-001733,job-01018,sk-cash-handling
js-001734,job-01018,sk-customer-service
js-001735,job-01018,sk-sales
js-001736,job-01019,sk-customer-service
js-001737,job-01019,sk-sales
js-001738,job-01020,sk-customer-service
js-001739,job-01020,sk-sales
js-001740,job-01021,sk-sales
js-001741,job-01022,sk-customer-service
js-001742,job-01022,sk-inventory-management
js-001743,job-01022,sk-sales
js-001744,job-01023,sk-cash-handling
js-001745,job-01023,sk-customer-service
js-001746,job-01023,sk-inventory-management
js-001747,job-01023,sk-sales
js-001748,job-01024,sk-sales
js-001749,job-01025,sk-customer-service
js-001750,job-01025,sk-sales
js-001751,job-01026,sk-customer-service
js-001752,job-01026,sk-sales
js-001753,job-01027,sk-customer-service
js-001754,job-01027,sk-sales
js-001755,job-01028,sk-cash-handling
js-001756,job-01028,sk-sales
js-001757,job-01029,sk-general-work
js-001758,job-01030,sk-customer-service
js-001759,job-01030,sk-sales
js-001760,job-01031,sk-cash-handling
js-001761,job-01031,sk-customer-service
js-001762,job-01031,sk-sales
js-001763,job-01032,sk-sales
js-001764,job-01033,sk-sales
js-001765,job-01034,sk-sales
js-001766,job-01035,sk-sales
js-001767,job-01036,sk-customer-service
js-001768,job-01036,sk-inventory-management
js-001769,job-01036,sk-sales
js-001770,job-01037,sk-customer-service
js-001771,job-01037,sk-sales
js-001772,job-01038,sk-sales
js-001773,job-01039,sk-general-work
js-001774,job-01040,sk-customer-service
js-001775,job-01040,sk-sales
js-001776,job-01041,sk-cash-handling
js-001777,job-01041,sk-sales
js-001778,job-01042,sk-sales
js-001779,job-01043,sk-sales
js-001780,job-01044,sk-sales
js-001781,job-01045,sk-sales
js-001782,job-01046,sk-customer-service
js-001783,job-01046,sk-inventory-management
js-001784,job-01046,sk-sales
js-001785,job-01047,sk-sales
js-001786,job-01048,sk-cash-handling
js-001787,job-01048,sk-customer-service
js-001788,job-01048,sk-sales
js-001789,job-01049,sk-customer-service
js-001790,job-01049,sk-inventory-management
js-001791,job-01049,sk-sales
js-001792,job-01050,sk-customer-service
js-001793,job-01050,sk-sales
js-001794,job-01051,sk-customer-service
js-001795,job-01051,sk-sales
js-001796,job-01052,sk-customer-service
js-001797,job-01052,sk-sales
js-001798,job-01053,sk-sales
js-001799,job-01054,sk-customer-service
js-001800,job-01054,sk-sales
js-001801,job-01055,sk-sales
js-001802,job-01056,sk-sales
js-001803,job-01057,sk-cash-handling
js-001804,job-01057,sk-customer-service
js-001805,job-01057,sk-sales
js-001806,job-01058,sk-customer-service
js-001807,job-01058,sk-sales
js-001808,job-01059,sk-cash-handling
js-001809,job-01059,sk-customer-service
js-001810,job-01059,sk-sales
js-001811,job-01060,sk-cash-handling
js-001812,job-01060,sk-customer-service
js-001813,job-01060,sk-inventory-management
js-001814,job-01060,sk-sales
js-001815,job-01061,sk-customer-service
js-001816,job-01061,sk-inventory-management
js-001817,job-01061,sk-sales
js-001818,job-01062,sk-sales
js-001819,job-01063,sk-customer-service
js-001820,job-01063,sk-sales
js-001821,job-01063,sk-slovenian-language
js-001822,job-01064,sk-sales
js-001823,job-01065,sk-sales
js-001824,job-01066,sk-customer-service
js-001825,job-01066,sk-inventory-management
js-001826,job-01066,sk-sales
js-001827,job-01067,sk-cash-handling
js-001828,job-01067,sk-customer-service
js-001829,job-01067,sk-sales
js-001830,job-01068,sk-sales
js-001831,job-01069,sk-sales
js-001832,job-01070,sk-sales
js-001833,job-01070,sk-slovenian-language
js-001834,job-01071,sk-cash-handling
js-001835,job-01071,sk-sales
js-001836,job-01072,sk-cash-handling
js-001837,job-01072,sk-sales
js-001838,job-01073,sk-customer-service
js-001839,job-01073,sk-inventory-management
js-001840,job-01073,sk-sales
js-001841,job-01074,sk-sales
js-001842,job-01075,sk-sales
js-001843,job-01076,sk-cash-handling
js-001844,job-01076,sk-customer-service
js-001845,job-01076,sk-sales
js-001846,job-01077,sk-cash-handling
js-001847,job-01077,sk-customer-service
js-001848,job-01077,sk-sales
js-001849,job-01078,sk-cash-handling
js-001850,job-01078,sk-customer-service
js-001851,job-01078,sk-inventory-management
js-001852,job-01078,sk-sales
js-001853,job-01079,sk-customer-service
js-001854,job-01079,sk-sales
js-001855,job-01080,sk-sales
js-001856,job-01080,sk-slovenian-language
js-001857,job-01081,sk-sales
js-001858,job-01082,sk-sales
js-001859,job-01083,sk-customer-service
js-001860,job-01083,sk-inventory-management
js-001861,job-01083,sk-sales
js-001862,job-01084,sk-sales
js-001863,job-01084,sk-slovenian-language
js-001864,job-01085,sk-sales
js-001865,job-01086,sk-sales
js-001866,job-01087,sk-sales
js-001867,job-01088,sk-cash-handling
js-001868,job-01088,sk-sales
js-001869,job-01089,sk-sales
js-001870,job-01090,sk-sales
js-001871,job-01091,sk-sales
js-001872,job-01092,sk-sales
js-001873,job-01093,sk-cash-handling
js-001874,job-01093,sk-customer-service
js-001875,job-01093,sk-sales
js-001876,job-01094,sk-customer-service
js-001877,job-01094,sk-sales
js-001878,job-01095,sk-sales
js-001879,job-01096,sk-sales
js-001880,job-01097,sk-sales
js-001881,job-01097,sk-slovenian-language
js-001882,job-01098,sk-sales
js-001883,job-01099,sk-sales
js-001884,job-01100,sk-sales
js-001885,job-01101,sk-customer-service
js-001886,job-01101,sk-sales
js-001887,job-01102,sk-customer-service
js-001888,job-01102,sk-sales
js-001889,job-01103,sk-sales
js-001890,job-01104,sk-sales
js-001891,job-01105,sk-customer-service
js-001892,job-01105,sk-sales
js-001893,job-01106,sk-cash-handling
js-001894,job-01106,sk-customer-service
js-001895,job-01106,sk-inventory-management
js-001896,job-01106,sk-sales
js-001897,job-01107,sk-sales
js-001898,job-01108,sk-sales
js-001899,job-01109,sk-sales
js-001900,job-01110,sk-sales
js-001901,job-01111,sk-customer-service
js-001902,job-01111,sk-sales
js-001903,job-01112,sk-customer-service
js-001904,job-01112,sk-sales
js-001905,job-01113,sk-sales
js-001906,job-01114,sk-customer-service
js-001907,job-01114,sk-sales
js-001908,job-01115,sk-customer-service
js-001909,job-01115,sk-inventory-management
js-001910,job-01115,sk-sales
js-001911,job-01116,sk-sales
js-001912,job-01117,sk-sales
js-001913,job-01118,sk-cash-handling
js-001914,job-01118,sk-customer-service
js-001915,job-01118,sk-inventory-management
js-001916,job-01118,sk-sales
js-001917,job-01119,sk-sales
js-001918,job-01120,sk-cash-handling
js-001919,job-01120,sk-customer-service
js-001920,job-01120,sk-sales
js-001921,job-01121,sk-cash-handling
js-001922,job-01121,sk-customer-service
js-001923,job-01121,sk-inventory-management
js-001924,job-01121,sk-sales
js-001925,job-01122,sk-sales
js-001926,job-01123,sk-customer-service
js-001927,job-01123,sk-sales
js-001928,job-01124,sk-sales
js-001929,job-01125,sk-customer-service
js-001930,job-01125,sk-sales
js-001931,job-01126,sk-sales
js-001932,job-01127,sk-sales
js-001933,job-01128,sk-general-work
js-001934,job-01129,sk-production-work
js-001935,job-01130,sk-general-work
js-001936,job-01131,sk-general-work
js-001937,job-01132,sk-general-work
js-001938,job-01133,sk-general-work
js-001939,job-01134,sk-general-work
js-001940,job-01135,sk-administration
js-001941,job-01136,sk-administration
js-001942,job-01137,sk-english-language
js-001943,job-01137,sk-general-work
js-001944,job-01138,sk-administration
js-001945,job-01139,sk-general-work
js-001946,job-01140,sk-general-work
js-001947,job-01141,sk-general-work
js-001948,job-01142,sk-nursing
js-001949,job-01142,sk-patient-care
js-001950,job-01143,sk-nursing
js-001951,job-01143,sk-patient-care
js-001952,job-01144,sk-pharmacy
js-001953,job-01145,sk-production-work
js-001954,job-01146,sk-administration
js-001955,job-01147,sk-pharmacy
js-001956,job-01148,sk-administration
js-001957,job-01149,sk-english-language
js-001958,job-01149,sk-social-work
js-001959,job-01150,sk-pharmacy
js-001960,job-01151,sk-pharmacy
js-001961,job-01152,sk-production-work
js-001962,job-01153,sk-production-work
js-001963,job-01154,sk-technical-maintenance
js-001964,job-01155,sk-general-work
js-001965,job-01156,sk-general-work
js-001966,job-01157,sk-cooking
js-001967,job-01157,sk-pizza-preparation
js-001968,job-01158,sk-technical-maintenance
js-001969,job-01159,sk-nursing
js-001970,job-01160,sk-technical-maintenance
js-001971,job-01161,sk-technical-maintenance
js-001972,job-01162,sk-general-work
js-001973,job-01163,sk-production-work
js-001974,job-01164,sk-general-work
js-001975,job-01165,sk-general-work
js-001976,job-01166,sk-nursing
js-001977,job-01167,sk-general-work
js-001978,job-01168,sk-general-work
js-001979,job-01169,sk-general-work
js-001980,job-01170,sk-general-work
js-001981,job-01171,sk-general-work
js-001982,job-01172,sk-general-work
js-001983,job-01173,sk-medicine
js-001984,job-01174,sk-sales
js-001985,job-01175,sk-general-work
js-001986,job-01176,sk-general-work
js-001987,job-01177,sk-warehouse-operations
js-001988,job-01178,sk-warehouse-operations
js-001989,job-01179,sk-production-work
js-001990,job-01180,sk-general-work
js-001991,job-01181,sk-production-work
js-001992,job-01182,sk-general-work
js-001993,job-01183,sk-early-childhood-education
js-001994,job-01183,sk-teaching
js-001995,job-01184,sk-general-work
js-001996,job-01185,sk-general-work
js-001997,job-01186,sk-general-work
js-001998,job-01187,sk-general-work
js-001999,job-01188,sk-nursing
js-002000,job-01189,sk-administration
js-002001,job-01190,sk-general-work
js-002002,job-01191,sk-production-work
js-002003,job-01192,sk-inventory-management
js-002004,job-01192,sk-warehouse-operations
js-002005,job-01193,sk-customer-service
js-002006,job-01193,sk-hospitality
js-002007,job-01194,sk-cooking
js-002008,job-01195,sk-general-work
js-002009,job-01196,sk-general-work
js-002010,job-01197,sk-machine-operation
js-002011,job-01197,sk-production-work
js-002012,job-01198,sk-general-work
js-002013,job-01199,sk-machine-operation
js-002014,job-01199,sk-production-work
js-002015,job-01200,sk-machine-operation
js-002016,job-01200,sk-production-work
js-002017,job-01201,sk-general-work
js-002018,job-01202,sk-general-work
js-002019,job-01203,sk-warehouse-operations
js-002020,job-01204,sk-general-work
js-002021,job-01205,sk-general-work
js-002022,job-01206,sk-general-work
js-002023,job-01207,sk-general-work
js-002024,job-01208,sk-general-work
js-002025,job-01209,sk-administration
js-002026,job-01210,sk-general-work
js-002027,job-01211,sk-general-work
js-002028,job-01212,sk-teaching
js-002029,job-01213,sk-general-work
js-002030,job-01214,sk-general-work
js-002031,job-01215,sk-general-work
js-002032,job-01216,sk-production-work
js-002033,job-01217,sk-general-work
js-002034,job-01218,sk-production-work
js-002035,job-01219,sk-general-work
js-002036,job-01220,sk-general-work
js-002037,job-01221,sk-general-work
js-002038,job-01222,sk-general-work
js-002039,job-01223,sk-general-work
js-002040,job-01224,sk-medicine
js-002041,job-01225,sk-general-work
js-002042,job-01226,sk-general-work
js-002043,job-01227,sk-general-work
js-002044,job-01228,sk-general-work
js-002045,job-01229,sk-general-work
js-002046,job-01230,sk-general-work
js-002047,job-01231,sk-general-work
js-002048,job-01232,sk-general-work
js-002049,job-01233,sk-general-work
js-002050,job-01234,sk-general-work
js-002051,job-01235,sk-machine-operation
js-002052,job-01235,sk-production-work
js-002053,job-01236,sk-general-work
js-002054,job-01237,sk-general-work
js-002055,job-01238,sk-slovenian-language
js-002056,job-01238,sk-social-work
js-002057,job-01239,sk-slovenian-language
js-002058,job-01239,sk-social-work
js-002059,job-01240,sk-social-work
js-002060,job-01241,sk-slovenian-language
js-002061,job-01241,sk-social-work
js-002062,job-01242,sk-social-work
js-002063,job-01243,sk-social-work
js-002064,job-01244,sk-slovenian-language
js-002065,job-01244,sk-social-work
js-002066,job-01245,sk-slovenian-language
js-002067,job-01245,sk-social-work
js-002068,job-01246,sk-slovenian-language
js-002069,job-01246,sk-social-work
js-002070,job-01247,sk-slovenian-language
js-002071,job-01247,sk-social-work
js-002072,job-01248,sk-slovenian-language
js-002073,job-01248,sk-social-work
js-002074,job-01249,sk-social-work
js-002075,job-01250,sk-slovenian-language
js-002076,job-01250,sk-social-work
js-002077,job-01251,sk-slovenian-language
js-002078,job-01251,sk-social-work
js-002079,job-01252,sk-social-work
js-002080,job-01253,sk-social-work
js-002081,job-01254,sk-slovenian-language
js-002082,job-01254,sk-social-work
js-002083,job-01255,sk-slovenian-language
js-002084,job-01255,sk-social-work
js-002085,job-01256,sk-social-work
js-002086,job-01257,sk-general-work
js-002087,job-01258,sk-accounting
js-002088,job-01259,sk-accounting
js-002089,job-01260,sk-slovenian-language
js-002090,job-01260,sk-social-work
js-002091,job-01261,sk-slovenian-language
js-002092,job-01261,sk-social-work
js-002093,job-01262,sk-social-work
js-002094,job-01263,sk-administration
js-002095,job-01264,sk-machine-operation
js-002096,job-01264,sk-production-work
js-002097,job-01265,sk-machine-operation
js-002098,job-01265,sk-production-work
js-002099,job-01266,sk-warehouse-operations
js-002100,job-01267,sk-machine-operation
js-002101,job-01267,sk-production-work
js-002102,job-01268,sk-production-work
js-002103,job-01269,sk-general-work
js-002104,job-01270,sk-administration
js-002105,job-01271,sk-production-work
js-002106,job-01272,sk-inventory-management
js-002107,job-01272,sk-warehouse-operations
js-002108,job-01273,sk-general-work
js-002109,job-01274,sk-general-work
js-002110,job-01275,sk-general-work
js-002111,job-01276,sk-general-work
js-002112,job-01277,sk-general-work
js-002113,job-01278,sk-general-work
js-002114,job-01279,sk-general-work
js-002115,job-01280,sk-general-work
js-002116,job-01281,sk-cooking
js-002117,job-01282,sk-general-work
js-002118,job-01283,sk-general-work
js-002119,job-01284,sk-general-work
js-002120,job-01285,sk-warehouse-operations
js-002121,job-01286,sk-production-work
js-002122,job-01287,sk-general-work
js-002123,job-01288,sk-cooking
js-002124,job-01289,sk-general-work
js-002125,job-01290,sk-general-work
js-002126,job-01291,sk-pharmacy
js-002127,job-01292,sk-general-work
js-002128,job-01293,sk-machine-operation
js-002129,job-01293,sk-production-work
js-002130,job-01294,sk-general-work
js-002131,job-01295,sk-inventory-management
js-002132,job-01295,sk-warehouse-operations
js-002133,job-01296,sk-general-work
js-002134,job-01297,sk-production-work
js-002135,job-01298,sk-general-work
js-002136,job-01299,sk-general-work
js-002137,job-01300,sk-forklift-operation
js-002138,job-01300,sk-warehouse-operations
js-002139,job-01301,sk-warehouse-operations
js-002140,job-01302,sk-machine-operation
js-002141,job-01302,sk-production-work
js-002142,job-01303,sk-general-work
js-002143,job-01304,sk-general-work
js-002144,job-01305,sk-production-work
js-002145,job-01306,sk-general-work
js-002146,job-01307,sk-machine-operation
js-002147,job-01307,sk-production-work
js-002148,job-01308,sk-general-work
js-002149,job-01309,sk-general-work
js-002150,job-01310,sk-customer-service
js-002151,job-01310,sk-hospitality
js-002152,job-01311,sk-technical-maintenance
js-002153,job-01312,sk-warehouse-operations
js-002154,job-01313,sk-social-work
js-002155,job-01314,sk-social-work
js-002156,job-01315,sk-slovenian-language
js-002157,job-01315,sk-social-work
js-002158,job-01316,sk-slovenian-language
js-002159,job-01316,sk-social-work
js-002160,job-01317,sk-social-work
js-002161,job-01318,sk-social-work
js-002162,job-01319,sk-social-work
js-002163,job-01320,sk-production-work
js-002164,job-01321,sk-mechanical-repair
js-002165,job-01322,sk-patient-care
js-002166,job-01323,sk-general-work
js-002167,job-01324,sk-general-work
js-002168,job-01325,sk-general-work
js-002169,job-01326,sk-general-work
js-002170,job-01327,sk-teaching
js-002171,job-01328,sk-general-work
js-002172,job-01329,sk-accounting
js-002173,job-01330,sk-general-work
js-002174,job-01331,sk-cash-handling
js-002175,job-01331,sk-sales
js-002176,job-01332,sk-forklift-operation
js-002177,job-01332,sk-warehouse-operations
js-002178,job-01333,sk-assembly
js-002179,job-01334,sk-mechanical-repair
js-002180,job-01335,sk-general-work
js-002181,job-01336,sk-general-work
js-002182,job-01337,sk-general-work
js-002183,job-01338,sk-general-work
js-002184,job-01339,sk-technical-maintenance
js-002185,job-01340,sk-general-work
js-002186,job-01341,sk-general-work
js-002187,job-01341,sk-slovenian-language
js-002188,job-01342,sk-general-work
js-002189,job-01343,sk-general-work
js-002190,job-01344,sk-medicine
js-002191,job-01345,sk-cooking
js-002192,job-01346,sk-driving
js-002193,job-01347,sk-general-work
js-002194,job-01348,sk-general-work
js-002195,job-01349,sk-general-work
js-002196,job-01350,sk-general-work
js-002197,job-01351,sk-customer-service
js-002198,job-01351,sk-sales
js-002199,job-01352,sk-general-work
js-002200,job-01353,sk-warehouse-operations
js-002201,job-01354,sk-driving
js-002202,job-01355,sk-general-work
js-002203,job-01356,sk-technical-maintenance
js-002204,job-01357,sk-general-work
js-002205,job-01358,sk-general-work
js-002206,job-01359,sk-general-work
js-002207,job-01360,sk-nursing
js-002208,job-01361,sk-driving
js-002209,job-01362,sk-accounting
js-002210,job-01363,sk-general-work
js-002211,job-01364,sk-cooking
js-002212,job-01364,sk-dietary-cooking
js-002213,job-01365,sk-patient-care
js-002214,job-01366,sk-administration
js-002215,job-01367,sk-technical-maintenance
js-002216,job-01368,sk-technical-maintenance
js-002217,job-01369,sk-technical-maintenance
js-002218,job-01370,sk-electrical-work
js-002219,job-01371,sk-sales
js-002220,job-01372,sk-forklift-operation
js-002221,job-01372,sk-warehouse-operations
js-002222,job-01373,sk-electrical-work
js-002223,job-01374,sk-general-work
js-002224,job-01375,sk-accounting
js-002225,job-01376,sk-technical-maintenance
js-002226,job-01377,sk-early-childhood-education
js-002227,job-01377,sk-teaching
js-002228,job-01378,sk-general-work
js-002229,job-01379,sk-driving
js-002230,job-01380,sk-sales
js-002231,job-01381,sk-driving
js-002232,job-01382,sk-general-work
js-002233,job-01383,sk-general-work
js-002234,job-01384,sk-general-work
js-002235,job-01385,sk-production-work
js-002236,job-01386,sk-warehouse-operations
js-002237,job-01387,sk-general-work
js-002238,job-01388,sk-teaching
js-002239,job-01389,sk-general-work
js-002240,job-01390,sk-administration
js-002241,job-01391,sk-general-work
js-002242,job-01392,sk-general-work
js-002243,job-01393,sk-machine-operation
js-002244,job-01393,sk-production-work
js-002245,job-01394,sk-warehouse-operations
js-002246,job-01395,sk-customer-service
js-002247,job-01395,sk-sales
js-002248,job-01396,sk-cooking
js-002249,job-01396,sk-food-preparation
js-002250,job-01397,sk-technical-maintenance
js-002251,job-01398,sk-legal-work
js-002252,job-01399,sk-general-work
js-002253,job-01400,sk-cleaning
js-002254,job-01401,sk-general-work
js-002255,job-01402,sk-general-work
js-002256,job-01403,sk-general-work
js-002257,job-01404,sk-general-work
js-002258,job-01405,sk-cooking
js-002259,job-01405,sk-food-preparation
js-002260,job-01406,sk-general-work
js-002261,job-01407,sk-general-work
js-002262,job-01408,sk-general-work
js-002263,job-01409,sk-legal-work
js-002264,job-01410,sk-general-work
js-002265,job-01411,sk-warehouse-operations
js-002266,job-01412,sk-administration
js-002267,job-01413,sk-general-work
js-002268,job-01414,sk-cooking
js-002269,job-01414,sk-food-preparation
js-002270,job-01414,sk-hospitality
js-002271,job-01414,sk-pizza-preparation
js-002272,job-01415,sk-general-work
js-002273,job-01416,sk-driving
js-002274,job-01417,sk-general-work
js-002275,job-01418,sk-driving
js-002276,job-01419,sk-general-work
js-002277,job-01420,sk-accounting
js-002278,job-01421,sk-driving
js-002279,job-01422,sk-cooking
js-002280,job-01422,sk-food-preparation
js-002281,job-01423,sk-cash-handling
js-002282,job-01423,sk-customer-service
js-002283,job-01423,sk-sales
js-002284,job-01424,sk-teaching
js-002285,job-01425,sk-early-childhood-education
js-002286,job-01425,sk-teaching
js-002287,job-01426,sk-general-work
js-002288,job-01427,sk-general-work
js-002289,job-01428,sk-teaching
js-002290,job-01429,sk-general-work
js-002291,job-01430,sk-general-work
js-002292,job-01431,sk-teaching
js-002293,job-01432,sk-general-work
js-002294,job-01433,sk-general-work
js-002295,job-01434,sk-general-work
js-002296,job-01435,sk-general-work
js-002297,job-01436,sk-nursing
js-002298,job-01436,sk-patient-care
js-002299,job-01437,sk-general-work
js-002300,job-01438,sk-cleaning
js-002301,job-01439,sk-machine-operation
js-002302,job-01439,sk-production-work
js-002303,job-01440,sk-general-work
js-002304,job-01441,sk-general-work
js-002305,job-01442,sk-general-work
js-002306,job-01443,sk-technical-maintenance
js-002307,job-01444,sk-cooking
js-002308,job-01445,sk-general-work
js-002309,job-01446,sk-general-work
js-002310,job-01447,sk-general-work
js-002311,job-01448,sk-warehouse-operations
js-002312,job-01449,sk-general-work
js-002313,job-01450,sk-general-work
js-002314,job-01451,sk-nursing
js-002315,job-01451,sk-slovenian-language
js-002316,job-01452,sk-warehouse-operations
js-002317,job-01453,sk-general-work
js-002318,job-01454,sk-general-work
js-002319,job-01455,sk-social-work
js-002320,job-01456,sk-social-work
js-002321,job-01457,sk-administration
js-002322,job-01458,sk-general-work
js-002323,job-01459,sk-general-work
js-002324,job-01460,sk-general-work
js-002325,job-01461,sk-social-work
js-002326,job-01462,sk-social-work
js-002327,job-01463,sk-administration
js-002328,job-01464,sk-social-work
js-002329,job-01465,sk-social-work
js-002330,job-01466,sk-social-work
js-002331,job-01467,sk-nursing
js-002332,job-01468,sk-general-work
js-002333,job-01469,sk-social-work
js-002334,job-01470,sk-administration
js-002335,job-01471,sk-general-work
js-002336,job-01472,sk-teaching
js-002337,job-01473,sk-general-work
js-002338,job-01474,sk-general-work
js-002339,job-01475,sk-general-work
js-002340,job-01476,sk-general-work
js-002341,job-01477,sk-cooking
js-002342,job-01477,sk-hospitality
js-002343,job-01477,sk-pizza-preparation
js-002344,job-01478,sk-assembly
js-002345,job-01479,sk-general-work
js-002346,job-01479,sk-slovenian-language
js-002347,job-01480,sk-software-development
js-002348,job-01481,sk-general-work
js-002349,job-01482,sk-cash-handling
js-002350,job-01482,sk-sales
js-002351,job-01483,sk-assembly
js-002352,job-01484,sk-forklift-operation
js-002353,job-01484,sk-warehouse-operations
js-002354,job-01485,sk-technical-maintenance
js-002355,job-01486,sk-forklift-operation
js-002356,job-01486,sk-warehouse-operations
js-002357,job-01487,sk-software-development
js-002358,job-01488,sk-machine-operation
js-002359,job-01488,sk-production-work
js-002360,job-01489,sk-construction-work
js-002361,job-01489,sk-slovenian-language
js-002362,job-01490,sk-technical-maintenance
js-002363,job-01491,sk-general-work
js-002364,job-01492,sk-technical-maintenance
js-002365,job-01493,sk-technical-maintenance
js-002366,job-01494,sk-early-childhood-education
js-002367,job-01494,sk-teaching
js-002368,job-01495,sk-hospitality
js-002369,job-01496,sk-general-work
js-002370,job-01497,sk-general-work
js-002371,job-01498,sk-teaching
js-002372,job-01499,sk-administration
js-002373,job-01500,sk-general-work
js-002374,job-01501,sk-driving
js-002375,job-01502,sk-general-work
js-002376,job-01503,sk-warehouse-operations
js-002377,job-01504,sk-technical-maintenance
js-002378,job-01505,sk-warehouse-operations
js-002379,job-01506,sk-auditing
js-002380,job-01506,sk-information-systems
js-002381,job-01507,sk-administration
js-002382,job-01508,sk-general-work
js-002383,job-01509,sk-general-work
js-002384,job-01510,sk-warehouse-operations
js-002385,job-01511,sk-accounting
js-002386,job-01512,sk-cash-handling
js-002387,job-01512,sk-sales
js-002388,job-01513,sk-general-work
js-002389,job-01514,sk-general-work
js-002390,job-01515,sk-cleaning
js-002391,job-01516,sk-general-work
js-002392,job-01517,sk-general-work
js-002393,job-01518,sk-cleaning
js-002394,job-01519,sk-cleaning
js-002395,job-01520,sk-auditing
js-002396,job-01520,sk-information-systems
js-002397,job-01521,sk-nursing
js-002398,job-01521,sk-patient-care
js-002399,job-01522,sk-driving
js-002400,job-01523,sk-cooking
js-002401,job-01523,sk-food-preparation
js-002402,job-01524,sk-machine-operation
js-002403,job-01524,sk-production-work
js-002404,job-01525,sk-cleaning
js-002405,job-01526,sk-technical-maintenance
js-002406,job-01527,sk-cleaning
js-002407,job-01528,sk-general-work
js-002408,job-01529,sk-administration
js-002409,job-01530,sk-accounting
js-002410,job-01531,sk-general-work
js-002411,job-01531,sk-slovenian-language
js-002412,job-01532,sk-auditing
js-002413,job-01532,sk-information-systems
js-002414,job-01533,sk-early-childhood-education
js-002415,job-01533,sk-teaching
js-002416,job-01534,sk-general-work
js-002417,job-01535,sk-general-work
js-002418,job-01536,sk-machine-operation
js-002419,job-01536,sk-production-work
js-002420,job-01537,sk-cleaning
js-002421,job-01538,sk-medicine
js-002422,job-01539,sk-general-work
js-002423,job-01540,sk-administration
js-002424,job-01540,sk-microsoft-office
js-002425,job-01540,sk-payroll-administration
js-002426,job-01541,sk-warehouse-operations
js-002427,job-01542,sk-business-management
js-002428,job-01542,sk-management
js-002429,job-01543,sk-medicine
js-002430,job-01544,sk-cnc-machining
js-002431,job-01544,sk-machine-operation
js-002432,job-01544,sk-production-work
js-002433,job-01545,sk-patient-care
js-002434,job-01546,sk-teaching
js-002435,job-01547,sk-nursing
js-002436,job-01548,sk-teaching
js-002437,job-01549,sk-warehouse-operations
js-002438,job-01550,sk-machine-operation
js-002439,job-01550,sk-production-work
js-002440,job-01551,sk-nursing
js-002441,job-01551,sk-patient-care
js-002442,job-01552,sk-pharmacy
js-002443,job-01553,sk-nursing
js-002444,job-01553,sk-patient-care
js-002445,job-01554,sk-medicine
js-002446,job-01555,sk-nursing
js-002447,job-01555,sk-patient-care
js-002448,job-01556,sk-teaching
js-002449,job-01557,sk-teaching
js-002450,job-01558,sk-general-work
js-002451,job-01559,sk-laboratory-diagnostics
js-002452,job-01560,sk-nursing
js-002453,job-01560,sk-patient-care
js-002454,job-01561,sk-inventory-management
js-002455,job-01561,sk-warehouse-operations
js-002456,job-01562,sk-mechanical-repair
js-002457,job-01562,sk-vehicle-diagnostics
js-002458,job-01563,sk-teaching
js-002459,job-01564,sk-insurance-sales
js-002460,job-01565,sk-medicine
js-002461,job-01565,sk-nursing
js-002462,job-01566,sk-machine-operation
js-002463,job-01566,sk-production-work
js-002464,job-01567,sk-nursing
js-002465,job-01567,sk-patient-care
js-002466,job-01568,sk-speech-therapy
js-002467,job-01568,sk-teaching
js-002468,job-01569,sk-production-work
js-002469,job-01570,sk-administration
js-002470,job-01570,sk-debt-collection
js-002471,job-01571,sk-accounting
js-002472,job-01572,sk-electrical-work
js-002473,job-01573,sk-nursing
js-002474,job-01574,sk-mechanical-repair
js-002475,job-01575,sk-nursing
js-002476,job-01575,sk-patient-care
js-002477,job-01576,sk-medicine
js-002478,job-01577,sk-information-technology
js-002479,job-01577,sk-it-infrastructure
js-002480,job-01578,sk-cnc-machining
js-002481,job-01578,sk-machine-operation
js-002482,job-01578,sk-production-work
js-002483,job-01579,sk-cooking
js-002484,job-01580,sk-machine-operation
js-002485,job-01580,sk-production-work
js-002486,job-01581,sk-nursing
js-002487,job-01581,sk-patient-care
js-002488,job-01582,sk-information-technology
js-002489,job-01582,sk-teaching
js-002490,job-01583,sk-warehouse-operations
js-002491,job-01584,sk-administration
js-002492,job-01584,sk-microsoft-office
js-002493,job-01585,sk-general-work
js-002494,job-01586,sk-teaching
js-002495,job-01587,sk-general-work
js-002496,job-01588,sk-management
js-002497,job-01589,sk-general-work
js-002498,job-01590,sk-administration
js-002499,job-01591,sk-hospitality
js-002500,job-01592,sk-general-work
js-002501,job-01593,sk-technical-maintenance
js-002502,job-01594,sk-technical-maintenance
js-002503,job-01595,sk-general-work
js-002504,job-01596,sk-production-work
js-002505,job-01597,sk-technical-maintenance
js-002506,job-01598,sk-administration
js-002507,job-01599,sk-general-work
js-002508,job-01600,sk-general-work
js-002509,job-01601,sk-general-work
js-002510,job-01602,sk-general-work
js-002511,job-01603,sk-inventory-management
js-002512,job-01603,sk-warehouse-operations
js-002513,job-01604,sk-production-work
js-002514,job-01605,sk-general-work
js-002515,job-01606,sk-general-work
js-002516,job-01607,sk-production-work
js-002517,job-01608,sk-general-work
js-002518,job-01609,sk-general-work
js-002519,job-01610,sk-medicine
js-002520,job-01611,sk-warehouse-operations
js-002521,job-01612,sk-general-work
js-002522,job-01613,sk-social-work
js-002523,job-01614,sk-administration
js-002524,job-01615,sk-general-work
js-002525,job-01616,sk-physiotherapy
js-002526,job-01617,sk-forklift-operation
js-002527,job-01617,sk-warehouse-operations
js-002528,job-01618,sk-general-work
js-002529,job-01619,sk-forklift-operation
js-002530,job-01619,sk-warehouse-operations
js-002531,job-01620,sk-management
js-002532,job-01621,sk-welding
js-002533,job-01622,sk-machine-operation
js-002534,job-01622,sk-production-work
js-002535,job-01623,sk-general-work
js-002536,job-01624,sk-construction-work
js-002537,job-01625,sk-machine-operation
js-002538,job-01625,sk-production-work
js-002539,job-01626,sk-mechanical-repair
js-002540,job-01627,sk-customer-service
js-002541,job-01627,sk-sales
js-002542,job-01628,sk-technical-maintenance
js-002543,job-01629,sk-accounting
js-002544,job-01630,sk-machine-operation
js-002545,job-01630,sk-production-work
js-002546,job-01631,sk-machine-operation
js-002547,job-01631,sk-production-work
js-002548,job-01632,sk-teaching
js-002549,job-01633,sk-medicine
js-002550,job-01634,sk-warehouse-operations
js-002551,job-01635,sk-driving
js-002552,job-01636,sk-production-work
js-002553,job-01637,sk-general-work
js-002554,job-01638,sk-administration
js-002555,job-01638,sk-microsoft-office
js-002556,job-01639,sk-medicine
js-002557,job-01640,sk-forklift-operation
js-002558,job-01640,sk-warehouse-operations
js-002559,job-01641,sk-general-work
js-002560,job-01642,sk-general-work
js-002561,job-01643,sk-general-work
js-002562,job-01644,sk-technical-maintenance
js-002563,job-01645,sk-medicine
js-002564,job-01646,sk-administration
js-002565,job-01647,sk-general-work
js-002566,job-01648,sk-administration
js-002567,job-01649,sk-general-work
js-002568,job-01650,sk-general-work
js-002569,job-01651,sk-management
js-002570,job-01652,sk-general-work
js-002571,job-01653,sk-general-work
js-002572,job-01654,sk-teaching
js-002573,job-01655,sk-cleaning
js-002574,job-01656,sk-machine-operation
js-002575,job-01656,sk-production-work
js-002576,job-01657,sk-teaching
js-002577,job-01658,sk-general-work
js-002578,job-01659,sk-assembly
js-002579,job-01660,sk-customer-service
js-002580,job-01660,sk-sales
js-002581,job-01661,sk-teaching
js-002582,job-01662,sk-general-work
js-002583,job-01663,sk-teaching
js-002584,job-01664,sk-general-work
js-002585,job-01665,sk-general-work
js-002586,job-01666,sk-physiotherapy
js-002587,job-01667,sk-technical-maintenance
js-002588,job-01668,sk-general-work
js-002589,job-01669,sk-machine-operation
js-002590,job-01669,sk-production-work
js-002591,job-01670,sk-cooking
js-002592,job-01670,sk-dietary-cooking
js-002593,job-01671,sk-general-work
js-002594,job-01672,sk-administration
js-002595,job-01672,sk-microsoft-office
js-002596,job-01672,sk-slovenian-language
js-002597,job-01673,sk-driving
js-002598,job-01674,sk-general-work
js-002599,job-01675,sk-general-work
js-002600,job-01676,sk-general-work
js-002601,job-01677,sk-nursing
js-002602,job-01678,sk-patient-care
js-002603,job-01679,sk-electrical-work
js-002604,job-01680,sk-assembly
js-002605,job-01681,sk-management
js-002606,job-01682,sk-accounting
js-002607,job-01683,sk-administration
js-002608,job-01684,sk-general-work
js-002609,job-01685,sk-general-work
js-002610,job-01686,sk-machine-operation
js-002611,job-01686,sk-production-work
js-002612,job-01687,sk-sales
js-002613,job-01688,sk-machine-operation
js-002614,job-01688,sk-production-work
js-002615,job-01689,sk-teaching
js-002616,job-01690,sk-machine-operation
js-002617,job-01690,sk-production-work
js-002618,job-01691,sk-administration
js-002619,job-01692,sk-cleaning
js-002620,job-01693,sk-general-work
js-002621,job-01694,sk-accounting
js-002622,job-01695,sk-assembly
js-002623,job-01696,sk-warehouse-operations
js-002624,job-01697,sk-administration
js-002625,job-01698,sk-administration
js-002626,job-01698,sk-microsoft-office
js-002627,job-01699,sk-general-work
js-002628,job-01700,sk-accounting
js-002629,job-01701,sk-pharmacy
js-002630,job-01702,sk-teaching
js-002631,job-01703,sk-warehouse-operations
js-002632,job-01704,sk-patient-care
js-002633,job-01705,sk-general-work
js-002634,job-01706,sk-teaching
js-002635,job-01707,sk-management
js-002636,job-01708,sk-production-work
js-002637,job-01709,sk-cnc-machining
js-002638,job-01709,sk-machine-operation
js-002639,job-01709,sk-production-work
js-002640,job-01710,sk-hospitality
js-002641,job-01711,sk-general-work
js-002642,job-01712,sk-accounting
js-002643,job-01713,sk-accounting
js-002644,job-01714,sk-cooking
js-002645,job-01714,sk-food-preparation
js-002646,job-01714,sk-kitchen-management
js-002647,job-01715,sk-general-work
js-002648,job-01716,sk-cnc-machining
js-002649,job-01716,sk-machine-operation
js-002650,job-01716,sk-production-work
js-002651,job-01717,sk-teaching
js-002652,job-01718,sk-welding
js-002653,job-01719,sk-production-work
js-002654,job-01720,sk-teaching
js-002655,job-01721,sk-welding
js-002656,job-01722,sk-general-work
js-002657,job-01723,sk-production-work
js-002658,job-01724,sk-cleaning
js-002659,job-01725,sk-general-work
js-002660,job-01726,sk-nursing
js-002661,job-01727,sk-general-work
js-002662,job-01728,sk-nursing
js-002663,job-01729,sk-production-work
js-002664,job-01730,sk-production-work
js-002665,job-01730,sk-slovenian-language
js-002666,job-01731,sk-general-work
js-002667,job-01732,sk-general-work
js-002668,job-01733,sk-general-work
js-002669,job-01734,sk-assembly
js-002670,job-01735,sk-technical-maintenance
js-002671,job-01736,sk-welding
js-002672,job-01737,sk-general-work
js-002673,job-01738,sk-warehouse-operations
js-002674,job-01739,sk-machine-operation
js-002675,job-01739,sk-production-work
js-002676,job-01740,sk-general-work
js-002677,job-01741,sk-general-work
js-002678,job-01742,sk-general-work
js-002679,job-01743,sk-general-work
js-002680,job-01744,sk-production-work
js-002681,job-01745,sk-production-work
js-002682,job-01746,sk-machine-operation
js-002683,job-01746,sk-production-work
js-002684,job-01747,sk-technical-maintenance
js-002685,job-01748,sk-technical-maintenance
js-002686,job-01749,sk-general-work
js-002687,job-01750,sk-machine-operation
js-002688,job-01750,sk-production-work
js-002689,job-01751,sk-general-work
js-002690,job-01752,sk-technical-maintenance
js-002691,job-01753,sk-general-work
js-002692,job-01754,sk-slovenian-language
js-002693,job-01754,sk-social-work
js-002694,job-01755,sk-general-work
js-002695,job-01756,sk-production-work
js-002696,job-01757,sk-general-work
js-002697,job-01758,sk-general-work
js-002698,job-01759,sk-general-work
js-002699,job-01760,sk-general-work
js-002700,job-01761,sk-production-work
js-002701,job-01762,sk-general-work
js-002702,job-01763,sk-general-work
js-002703,job-01764,sk-production-work
js-002704,job-01765,sk-general-work
js-002705,job-01766,sk-general-work
js-002706,job-01767,sk-general-work
js-002707,job-01768,sk-production-work
js-002708,job-01769,sk-production-work
js-002709,job-01770,sk-general-work
js-002710,job-01771,sk-general-work
js-002711,job-01772,sk-general-work
js-002712,job-01773,sk-general-work
js-002713,job-01774,sk-general-work
js-002714,job-01775,sk-general-work
js-002715,job-01776,sk-general-work
js-002716,job-01777,sk-patient-care
js-002717,job-01778,sk-production-work
js-002718,job-01779,sk-general-work
js-002719,job-01780,sk-production-work
js-002720,job-01781,sk-social-work
js-002721,job-01782,sk-social-work
js-002722,job-01783,sk-general-work
js-002723,job-01784,sk-cnc-machining
js-002724,job-01784,sk-machine-operation
js-002725,job-01784,sk-production-work
js-002726,job-01785,sk-general-work
js-002727,job-01786,sk-general-work
js-002728,job-01787,sk-warehouse-operations
js-002729,job-01788,sk-warehouse-operations
js-002730,job-01789,sk-technical-maintenance
js-002731,job-01790,sk-general-work
js-002732,job-01791,sk-physiotherapy
js-002733,job-01792,sk-technical-maintenance
js-002734,job-01793,sk-warehouse-operations
js-002735,job-01794,sk-general-work
js-002736,job-01795,sk-general-work
js-002737,job-01796,sk-machine-operation
js-002738,job-01796,sk-production-work
js-002739,job-01797,sk-warehouse-operations
js-002740,job-01798,sk-management
js-002741,job-01799,sk-general-work
js-002742,job-01800,sk-general-work
js-002743,job-01801,sk-general-work
js-002744,job-01802,sk-administration
js-002745,job-01803,sk-general-work
js-002746,job-01804,sk-machine-operation
js-002747,job-01804,sk-production-work
js-002748,job-01805,sk-warehouse-operations
js-002749,job-01806,sk-driving
js-002750,job-01807,sk-management
js-002751,job-01808,sk-general-work
js-002752,job-01809,sk-welding
js-002753,job-01810,sk-general-work
js-002754,job-01811,sk-technical-maintenance
js-002755,job-01812,sk-nursing
js-002756,job-01813,sk-patient-care
js-002757,job-01814,sk-production-work
js-002758,job-01815,sk-nursing
js-002759,job-01816,sk-warehouse-operations
js-002760,job-01817,sk-construction-work
js-002761,job-01818,sk-driving
js-002762,job-01818,sk-slovenian-language
js-002763,job-01819,sk-warehouse-operations
js-002764,job-01820,sk-cnc-machining
js-002765,job-01820,sk-machine-operation
js-002766,job-01820,sk-production-work
js-002767,job-01821,sk-cnc-machining
js-002768,job-01821,sk-machine-operation
js-002769,job-01821,sk-production-work
js-002770,job-01822,sk-technical-maintenance
js-002771,job-01823,sk-general-work
js-002772,job-01824,sk-laboratory-diagnostics
js-002773,job-01824,sk-medicine
js-002774,job-01825,sk-administration
js-002775,job-01825,sk-microsoft-office
js-002776,job-01826,sk-administration
js-002777,job-01826,sk-microsoft-office
js-002778,job-01827,sk-general-work
js-002779,job-01828,sk-cooking
js-002780,job-01829,sk-cnc-machining
js-002781,job-01829,sk-machine-operation
js-002782,job-01829,sk-production-work
js-002783,job-01830,sk-general-work
js-002784,job-01831,sk-technical-maintenance
js-002785,job-01832,sk-medicine
js-002786,job-01833,sk-forklift-operation
js-002787,job-01833,sk-warehouse-operations
js-002788,job-01834,sk-warehouse-operations
js-002789,job-01835,sk-technical-maintenance
js-002790,job-01836,sk-technical-maintenance
js-002791,job-01837,sk-forklift-operation
js-002792,job-01837,sk-warehouse-operations
js-002793,job-01838,sk-general-work
js-002794,job-01839,sk-assembly
js-002795,job-01840,sk-cnc-machining
js-002796,job-01840,sk-machine-operation
js-002797,job-01840,sk-production-work
js-002798,job-01841,sk-technical-maintenance
js-002799,job-01842,sk-general-work
js-002800,job-01843,sk-general-work
js-002801,job-01844,sk-cooking
js-002802,job-01844,sk-pizza-preparation
js-002803,job-01845,sk-administration
js-002804,job-01845,sk-microsoft-office
js-002805,job-01846,sk-driving
js-002806,job-01847,sk-driving
js-002807,job-01848,sk-production-work
js-002808,job-01849,sk-teaching
js-002809,job-01850,sk-teaching
js-002810,job-01851,sk-teaching
js-002811,job-01852,sk-technical-maintenance
js-002812,job-01853,sk-warehouse-operations
js-002813,job-01854,sk-technical-maintenance
js-002814,job-01855,sk-technical-maintenance
js-002815,job-01856,sk-general-work
js-002816,job-01857,sk-teaching
js-002817,job-01858,sk-teaching
js-002818,job-01859,sk-general-work
js-002819,job-01860,sk-general-work
js-002820,job-01861,sk-teaching
js-002821,job-01862,sk-physiotherapy
js-002822,job-01863,sk-general-work
js-002823,job-01864,sk-cooking
js-002824,job-01865,sk-production-work
js-002825,job-01866,sk-english-language
js-002826,job-01866,sk-general-work
js-002827,job-01867,sk-teaching
js-002828,job-01868,sk-assembly
js-002829,job-01869,sk-teaching
js-002830,job-01870,sk-general-work
js-002831,job-01871,sk-technical-maintenance
js-002832,job-01872,sk-teaching
js-002833,job-01873,sk-general-work
js-002834,job-01874,sk-teaching
js-002835,job-01875,sk-early-childhood-education
js-002836,job-01875,sk-teaching
js-002837,job-01876,sk-general-work
js-002838,job-01877,sk-general-work
js-002839,job-01878,sk-management
js-002840,job-01879,sk-general-work
js-002841,job-01880,sk-accounting
js-002842,job-01881,sk-teaching
js-002843,job-01882,sk-assembly
js-002844,job-01883,sk-administration
js-002845,job-01883,sk-slovenian-language
js-002846,job-01884,sk-sales
js-002847,job-01885,sk-management
js-002848,job-01886,sk-teaching
js-002849,job-01887,sk-general-work
js-002850,job-01888,sk-assembly
js-002851,job-01889,sk-assembly
js-002852,job-01889,sk-english-language
js-002853,job-01890,sk-assembly
js-002854,job-01891,sk-general-work
js-002855,job-01892,sk-general-work
js-002856,job-01893,sk-welding
js-002857,job-01894,sk-teaching
js-002858,job-01895,sk-general-work
js-002859,job-01896,sk-nursing
js-002860,job-01897,sk-teaching
js-002861,job-01898,sk-management
js-002862,job-01899,sk-teaching
js-002863,job-01900,sk-medicine
js-002864,job-01901,sk-general-work
js-002865,job-01902,sk-general-work
js-002866,job-01903,sk-general-work
js-002867,job-01904,sk-general-work
js-002868,job-01905,sk-warehouse-operations
js-002869,job-01906,sk-general-work
js-002870,job-01907,sk-production-work
js-002871,job-01908,sk-general-work
js-002872,job-01909,sk-general-work
js-002873,job-01910,sk-general-work
js-002874,job-01911,sk-administration
js-002875,job-01912,sk-cooking
js-002876,job-01913,sk-general-work
js-002877,job-01914,sk-general-work
js-002878,job-01915,sk-administration
js-002879,job-01916,sk-cooking
js-002880,job-01917,sk-general-work
js-002881,job-01918,sk-general-work
js-002882,job-01919,sk-general-work
js-002883,job-01920,sk-general-work
js-002884,job-01921,sk-general-work
js-002885,job-01922,sk-cooking
js-002886,job-01923,sk-general-work
js-002887,job-01924,sk-warehouse-operations
js-002888,job-01925,sk-production-work
js-002889,job-01926,sk-social-work
js-002890,job-01927,sk-social-work
js-002891,job-01928,sk-social-work
js-002892,job-01929,sk-social-work
js-002893,job-01930,sk-general-work
js-002894,job-01931,sk-warehouse-operations
js-002895,job-01932,sk-hospitality
js-002896,job-01933,sk-driving
js-002897,job-01934,sk-electrical-work
js-002898,job-01935,sk-general-work
js-002899,job-01936,sk-cooking
js-002900,job-01937,sk-technical-maintenance
js-002901,job-01938,sk-production-work
js-002902,job-01939,sk-sales
js-002903,job-01940,sk-technical-maintenance
js-002904,job-01941,sk-general-work
js-002905,job-01942,sk-general-work
js-002906,job-01943,sk-medicine
js-002907,job-01943,sk-patient-care
js-002908,job-01944,sk-general-work
js-002909,job-01945,sk-teaching
js-002910,job-01946,sk-driving
js-002911,job-01947,sk-teaching
js-002912,job-01948,sk-general-work
js-002913,job-01949,sk-general-work
js-002914,job-01950,sk-general-work
js-002915,job-01951,sk-general-work
js-002916,job-01952,sk-teaching
js-002917,job-01953,sk-driving
js-002918,job-01954,sk-teaching
js-002919,job-01955,sk-general-work
js-002920,job-01956,sk-social-work
js-002921,job-01957,sk-general-work
js-002922,job-01958,sk-general-work
js-002923,job-01959,sk-technical-maintenance
js-002924,job-01960,sk-general-work
js-002925,job-01961,sk-teaching
js-002926,job-01962,sk-general-work
js-002927,job-01963,sk-general-work
js-002928,job-01964,sk-welding
js-002929,job-01965,sk-medicine
js-002930,job-01966,sk-warehouse-operations
js-002931,job-01967,sk-teaching
js-002932,job-01968,sk-general-work
js-002933,job-01969,sk-hospitality
js-002934,job-01970,sk-cooking
js-002935,job-01970,sk-dietary-cooking
js-002936,job-01971,sk-technical-maintenance
js-002937,job-01972,sk-general-work
js-002938,job-01973,sk-general-work
js-002939,job-01974,sk-cooking
js-002940,job-01975,sk-general-work
js-002941,job-01976,sk-teaching
js-002942,job-01977,sk-general-work
js-002943,job-01978,sk-teaching
js-002944,job-01979,sk-warehouse-operations
js-002945,job-01980,sk-teaching
js-002946,job-01981,sk-general-work
js-002947,job-01982,sk-administration
js-002948,job-01983,sk-hospitality
js-002949,job-01984,sk-teaching
js-002950,job-01985,sk-medicine
js-002951,job-01986,sk-machine-operation
js-002952,job-01986,sk-production-work
js-002953,job-01987,sk-general-work
js-002954,job-01988,sk-medicine
js-002955,job-01989,sk-information-technology
js-002956,job-01990,sk-hospitality
js-002957,job-01991,sk-general-work
js-002958,job-01992,sk-general-work
js-002959,job-01993,sk-general-work
js-002960,job-01994,sk-management
js-002961,job-01995,sk-production-work
js-002962,job-01996,sk-general-work
js-002963,job-01997,sk-general-work
js-002964,job-01998,sk-teaching
js-002965,job-01999,sk-general-work
js-002966,job-02000,sk-general-work
js-002967,job-02001,sk-general-work
js-002968,job-02002,sk-general-work
js-002969,job-02003,sk-general-work
js-002970,job-02004,sk-general-work
js-002971,job-02005,sk-general-work
js-002972,job-02006,sk-machine-operation
js-002973,job-02006,sk-production-work
js-002974,job-02007,sk-customer-service
js-002975,job-02007,sk-hospitality
js-002976,job-02008,sk-general-work
js-002977,job-02009,sk-technical-maintenance
js-002978,job-02010,sk-hospitality
js-002979,job-02011,sk-cash-handling
js-002980,job-02011,sk-sales
js-002981,job-02012,sk-machine-operation
js-002982,job-02012,sk-production-work
js-002983,job-02013,sk-warehouse-operations
js-002984,job-02014,sk-management
js-002985,job-02015,sk-general-work
js-002986,job-02016,sk-management
js-002987,job-02017,sk-general-work
js-002988,job-02018,sk-management
js-002989,job-02019,sk-cash-handling
js-002990,job-02019,sk-sales
js-002991,job-02020,sk-nursing
js-002992,job-02021,sk-general-work
js-002993,job-02022,sk-information-technology
js-002994,job-02022,sk-javascript
js-002995,job-02022,sk-python
js-002996,job-02022,sk-sql
js-002997,job-02023,sk-general-work
js-002998,job-02024,sk-general-work
js-002999,job-02025,sk-customer-service
js-003000,job-02025,sk-hospitality
js-003001,job-02026,sk-driving
js-003002,job-02027,sk-general-work
js-003003,job-02028,sk-cleaning
js-003004,job-02029,sk-warehouse-operations
js-003005,job-02030,sk-general-work
js-003006,job-02031,sk-management
js-003007,job-02032,sk-general-work
js-003008,job-02033,sk-technical-maintenance
js-003009,job-02034,sk-management
js-003010,job-02035,sk-general-work
js-003011,job-02036,sk-technical-maintenance
js-003012,job-02037,sk-general-work
js-003013,job-02038,sk-general-work
js-003014,job-02039,sk-general-work
js-003015,job-02040,sk-inventory-management
js-003016,job-02040,sk-warehouse-operations
js-003017,job-02041,sk-production-work
js-003018,job-02042,sk-general-work
js-003019,job-02043,sk-pharmacy
js-003020,job-02044,sk-general-work
js-003021,job-02045,sk-warehouse-operations
js-003022,job-02046,sk-production-work
js-003023,job-02047,sk-warehouse-operations
js-003024,job-02048,sk-general-work
js-003025,job-02049,sk-general-work
js-003026,job-02050,sk-management
js-003027,job-02051,sk-general-work
js-003028,job-02052,sk-forklift-operation
js-003029,job-02052,sk-inventory-management
js-003030,job-02052,sk-warehouse-operations
js-003031,job-02053,sk-general-work
js-003032,job-02054,sk-driving
js-003033,job-02055,sk-general-work
js-003034,job-02056,sk-general-work
js-003035,job-02057,sk-general-work
js-003036,job-02058,sk-general-work
js-003037,job-02059,sk-general-work
js-003038,job-02060,sk-teaching
js-003039,job-02061,sk-general-work
js-003040,job-02062,sk-production-work
js-003041,job-02063,sk-general-work
js-003042,job-02064,sk-general-work
js-003043,job-02065,sk-nursing
js-003044,job-02066,sk-nursing
js-003045,job-02067,sk-general-work
js-003046,job-02068,sk-general-work
js-003047,job-02069,sk-machine-operation
js-003048,job-02069,sk-production-work
js-003049,job-02070,sk-general-work
js-003050,job-02071,sk-warehouse-operations
js-003051,job-02072,sk-general-work
js-003052,job-02073,sk-general-work
js-003053,job-02074,sk-general-work
js-003054,job-02075,sk-general-work
js-003055,job-02076,sk-warehouse-operations
js-003056,job-02077,sk-customer-service
js-003057,job-02077,sk-sales
js-003058,job-02078,sk-general-work
js-003059,job-02079,sk-general-work
js-003060,job-02080,sk-general-work
js-003061,job-02081,sk-management
js-003062,job-02082,sk-assembly
js-003063,job-02083,sk-general-work
js-003064,job-02084,sk-assembly
js-003065,job-02085,sk-teaching
js-003066,job-02086,sk-general-work
js-003067,job-02087,sk-general-work
js-003068,job-02088,sk-technical-maintenance
js-003069,job-02089,sk-welding
js-003070,job-02090,sk-information-technology
js-003071,job-02091,sk-general-work
js-003072,job-02092,sk-general-work
js-003073,job-02093,sk-information-technology
js-003074,job-02094,sk-driving
js-003075,job-02095,sk-general-work
js-003076,job-02096,sk-cnc-machining
js-003077,job-02096,sk-machine-operation
js-003078,job-02096,sk-production-work
js-003079,job-02097,sk-assembly
js-003080,job-02098,sk-sales
js-003081,job-02099,sk-general-work
js-003082,job-02099,sk-slovenian-language
js-003083,job-02100,sk-driving
js-003084,job-02101,sk-early-childhood-education
js-003085,job-02101,sk-teaching
js-003086,job-02102,sk-machine-operation
js-003087,job-02102,sk-production-work
js-003088,job-02103,sk-general-work
js-003089,job-02104,sk-general-work
js-003090,job-02105,sk-warehouse-operations
js-003091,job-02106,sk-general-work
js-003092,job-02107,sk-inventory-management
js-003093,job-02107,sk-warehouse-operations
js-003094,job-02108,sk-teaching
js-003095,job-02109,sk-general-work
js-003096,job-02110,sk-early-childhood-education
js-003097,job-02110,sk-teaching
js-003098,job-02111,sk-general-work
js-003099,job-02112,sk-teaching
js-003100,job-02113,sk-general-work
js-003101,job-02114,sk-administration
js-003102,job-02114,sk-microsoft-office
js-003103,job-02115,sk-teaching
js-003104,job-02116,sk-general-work
js-003105,job-02117,sk-production-work
js-003106,job-02118,sk-warehouse-operations
js-003107,job-02119,sk-inventory-management
js-003108,job-02119,sk-warehouse-operations
js-003109,job-02120,sk-general-work
js-003110,job-02121,sk-teaching
js-003111,job-02122,sk-general-work
js-003112,job-02123,sk-machine-operation
js-003113,job-02123,sk-production-work
js-003114,job-02124,sk-general-work
js-003115,job-02125,sk-general-work
js-003116,job-02126,sk-general-work
js-003117,job-02127,sk-general-work
js-003118,job-02128,sk-general-work
js-003119,job-02129,sk-general-work
js-003120,job-02130,sk-general-work
js-003121,job-02131,sk-management
js-003122,job-02132,sk-teaching
js-003123,job-02133,sk-general-work
js-003124,job-02134,sk-machine-operation
js-003125,job-02134,sk-production-work
js-003126,job-02135,sk-general-work
js-003127,job-02136,sk-production-work
js-003128,job-02137,sk-warehouse-operations
js-003129,job-02138,sk-machine-operation
js-003130,job-02138,sk-production-work
js-003131,job-02139,sk-machine-operation
js-003132,job-02139,sk-production-work
js-003133,job-02140,sk-general-work
js-003134,job-02141,sk-production-work
js-003135,job-02142,sk-nursing
js-003136,job-02143,sk-administration
js-003137,job-02144,sk-teaching
js-003138,job-02145,sk-teaching
js-003139,job-02146,sk-teaching
js-003140,job-02147,sk-driving
js-003141,job-02148,sk-nursing
js-003142,job-02149,sk-general-work
js-003143,job-02150,sk-slovenian-language
js-003144,job-02150,sk-social-work
js-003145,job-02151,sk-patient-care
js-003146,job-02152,sk-construction-work
js-003147,job-02153,sk-technical-maintenance
js-003148,job-02154,sk-production-work
js-003149,job-02155,sk-machine-operation
js-003150,job-02155,sk-production-work
js-003151,job-02156,sk-warehouse-operations
js-003152,job-02157,sk-driving
js-003153,job-02158,sk-cleaning
js-003154,job-02159,sk-cleaning
js-003155,job-02160,sk-production-work
js-003156,job-02161,sk-forklift-operation
js-003157,job-02161,sk-warehouse-operations
js-003158,job-02162,sk-general-work
js-003159,job-02163,sk-assembly
js-003160,job-02164,sk-assembly
js-003161,job-02165,sk-general-work
js-003162,job-02166,sk-medicine
js-003163,job-02167,sk-medicine
js-003164,job-02167,sk-patient-care
js-003165,job-02168,sk-speech-therapy
js-003166,job-02168,sk-teaching
js-003167,job-02169,sk-medicine
js-003168,job-02170,sk-general-work
js-003169,job-02171,sk-medicine
js-003170,job-02172,sk-medicine
js-003171,job-02173,sk-medicine
js-003172,job-02174,sk-general-work
js-003173,job-02175,sk-medicine
js-003174,job-02176,sk-medicine
js-003175,job-02177,sk-medicine
js-003176,job-02178,sk-medicine
js-003177,job-02179,sk-medicine
js-003178,job-02180,sk-medicine
js-003179,job-02181,sk-cooking
js-003180,job-02181,sk-dietary-cooking
js-003181,job-02182,sk-general-work
js-003182,job-02183,sk-general-work
js-003183,job-02184,sk-medicine
js-003184,job-02185,sk-general-work
js-003185,job-02186,sk-patient-care
js-003186,job-02187,sk-medicine
js-003187,job-02188,sk-medicine
js-003188,job-02189,sk-general-work
js-003189,job-02190,sk-general-work
js-003190,job-02191,sk-general-work
js-003191,job-02192,sk-nursing
js-003192,job-02193,sk-accounting
js-003193,job-02194,sk-general-work
js-003194,job-02195,sk-general-work
js-003195,job-02196,sk-patient-care
js-003196,job-02197,sk-machine-operation
js-003197,job-02197,sk-production-work
js-003198,job-02198,sk-nursing
js-003199,job-02199,sk-cleaning
js-003200,job-02200,sk-medicine
js-003201,job-02201,sk-production-work
js-003202,job-02202,sk-administration
js-003203,job-02203,sk-medicine
js-003204,job-02204,sk-general-work
js-003205,job-02205,sk-general-work
js-003206,job-02206,sk-general-work
js-003207,job-02207,sk-nursing
js-003208,job-02208,sk-general-work
js-003209,job-02209,sk-production-work
js-003210,job-02210,sk-speech-therapy
js-003211,job-02210,sk-teaching
js-003212,job-02211,sk-production-work
js-003213,job-02212,sk-general-work
js-003214,job-02213,sk-cooking
js-003215,job-02214,sk-machine-operation
js-003216,job-02214,sk-production-work
js-003217,job-02215,sk-administration
js-003218,job-02216,sk-speech-therapy
js-003219,job-02216,sk-teaching
js-003220,job-02217,sk-social-work
js-003221,job-02218,sk-accounting
js-003222,job-02219,sk-warehouse-operations
js-003223,job-02220,sk-cash-handling
js-003224,job-02220,sk-sales
js-003225,job-02221,sk-technical-maintenance
js-003226,job-02222,sk-patient-care
js-003227,job-02223,sk-driving
js-003228,job-02224,sk-general-work
js-003229,job-02225,sk-production-work
js-003230,job-02226,sk-warehouse-operations
js-003231,job-02227,sk-general-work
js-003232,job-02228,sk-patient-care
js-003233,job-02229,sk-accounting
js-003234,job-02230,sk-driving
js-003235,job-02231,sk-cooking
js-003236,job-02231,sk-dietary-cooking
js-003237,job-02232,sk-technical-maintenance
js-003238,job-02233,sk-management
js-003239,job-02234,sk-teaching
js-003240,job-02235,sk-administration
js-003241,job-02236,sk-cash-handling
js-003242,job-02236,sk-sales
js-003243,job-02237,sk-general-work
js-003244,job-02238,sk-general-work
js-003245,job-02239,sk-administration
js-003246,job-02239,sk-microsoft-office
js-003247,job-02240,sk-general-work
js-003248,job-02241,sk-general-work
js-003249,job-02242,sk-general-work
js-003250,job-02243,sk-nursing
js-003251,job-02244,sk-nursing
js-003252,job-02245,sk-production-work
js-003253,job-02246,sk-general-work
js-003254,job-02247,sk-general-work
js-003255,job-02248,sk-general-work
js-003256,job-02249,sk-warehouse-operations
js-003257,job-02250,sk-assembly
js-003258,job-02251,sk-accounting
js-003259,job-02252,sk-management
js-003260,job-02253,sk-general-work
js-003261,job-02254,sk-technical-maintenance
js-003262,job-02255,sk-management
js-003263,job-02256,sk-management
js-003264,job-02257,sk-general-work
js-003265,job-02257,sk-slovenian-language
js-003266,job-02258,sk-inventory-management
js-003267,job-02258,sk-warehouse-operations
js-003268,job-02259,sk-assembly
js-003269,job-02260,sk-general-work
js-003270,job-02261,sk-administration
js-003271,job-02262,sk-technical-maintenance
js-003272,job-02263,sk-warehouse-operations
js-003273,job-02264,sk-general-work
js-003274,job-02265,sk-general-work
js-003275,job-02266,sk-general-work
js-003276,job-02267,sk-sales
js-003277,job-02268,sk-general-work
js-003278,job-02269,sk-accounting
js-003279,job-02270,sk-general-work
js-003280,job-02271,sk-general-work
js-003281,job-02272,sk-general-work
js-003282,job-02273,sk-general-work
js-003283,job-02274,sk-general-work
js-003284,job-02275,sk-warehouse-operations
js-003285,job-02276,sk-cash-handling
js-003286,job-02276,sk-sales
js-003287,job-02277,sk-management
js-003288,job-02278,sk-medicine
js-003289,job-02279,sk-medicine
js-003290,job-02280,sk-medicine
js-003291,job-02281,sk-medicine
js-003292,job-02282,sk-general-work
js-003293,job-02283,sk-general-work
js-003294,job-02284,sk-general-work
js-003295,job-02285,sk-medicine
js-003296,job-02286,sk-medicine
js-003297,job-02287,sk-general-work
js-003298,job-02288,sk-production-work
js-003299,job-02289,sk-production-work
js-003300,job-02290,sk-cleaning
js-003301,job-02291,sk-general-work
js-003302,job-02292,sk-driving
js-003303,job-02293,sk-medicine
js-003304,job-02294,sk-legal-work
js-003305,job-02295,sk-general-work
js-003306,job-02296,sk-management
js-003307,job-02297,sk-teaching
js-003308,job-02298,sk-general-work
js-003309,job-02299,sk-general-work
js-003310,job-02300,sk-patient-care
js-003311,job-02301,sk-production-work
js-003312,job-02302,sk-management
js-003313,job-02303,sk-management
js-003314,job-02304,sk-technical-maintenance
js-003315,job-02305,sk-general-work
js-003316,job-02306,sk-management
js-003317,job-02307,sk-production-work
js-003318,job-02308,sk-general-work
js-003319,job-02309,sk-general-work
js-003320,job-02310,sk-technical-maintenance
js-003321,job-02311,sk-general-work
js-003322,job-02312,sk-management
js-003323,job-02313,sk-production-work
js-003324,job-02314,sk-speech-therapy
js-003325,job-02314,sk-teaching
js-003326,job-02315,sk-patient-care
js-003327,job-02316,sk-technical-maintenance
js-003328,job-02317,sk-medicine
js-003329,job-02317,sk-patient-care
js-003330,job-02318,sk-general-work
js-003331,job-02319,sk-general-work
js-003332,job-02320,sk-physiotherapy
js-003333,job-02321,sk-cleaning
js-003334,job-02322,sk-nursing
js-003335,job-02322,sk-slovenian-language
js-003336,job-02323,sk-patient-care
js-003337,job-02324,sk-cash-handling
js-003338,job-02324,sk-sales
js-003339,job-02325,sk-english-language
js-003340,job-02325,sk-general-work
js-003341,job-02326,sk-medicine
js-003342,job-02327,sk-medicine
js-003343,job-02328,sk-medicine
js-003344,job-02329,sk-medicine
js-003345,job-02330,sk-medicine
js-003346,job-02331,sk-legal-work
js-003347,job-02332,sk-general-work
js-003348,job-02333,sk-general-work
js-003349,job-02334,sk-production-work
js-003350,job-02335,sk-production-work
js-003351,job-02336,sk-customer-service
js-003352,job-02336,sk-hospitality
js-003353,job-02337,sk-production-work
js-003354,job-02338,sk-general-work
js-003355,job-02339,sk-general-work
js-003356,job-02340,sk-general-work
js-003357,job-02341,sk-general-work
js-003358,job-02342,sk-general-work
js-003359,job-02343,sk-general-work
js-003360,job-02344,sk-administration
js-003361,job-02344,sk-microsoft-office
js-003362,job-02345,sk-cleaning
js-003363,job-02346,sk-general-work
js-003364,job-02347,sk-technical-maintenance
js-003365,job-02348,sk-general-work
js-003366,job-02349,sk-general-work
js-003367,job-02350,sk-nursing
js-003368,job-02350,sk-slovenian-language
js-003369,job-02351,sk-general-work
js-003370,job-02352,sk-general-work
js-003371,job-02353,sk-physiotherapy
js-003372,job-02353,sk-slovenian-language
js-003373,job-02354,sk-warehouse-operations
js-003374,job-02355,sk-general-work
js-003375,job-02356,sk-patient-care
js-003376,job-02357,sk-general-work
js-003377,job-02358,sk-patient-care
js-003378,job-02359,sk-technical-maintenance
js-003379,job-02360,sk-accounting
js-003380,job-02361,sk-administration
js-003381,job-02361,sk-microsoft-office
js-003382,job-02362,sk-general-work
js-003383,job-02363,sk-management
js-003384,job-02364,sk-management
js-003385,job-02365,sk-general-work
js-003386,job-02366,sk-cash-handling
js-003387,job-02366,sk-sales
js-003388,job-02367,sk-assembly
js-003389,job-02368,sk-general-work
js-003390,job-02369,sk-administration
js-003391,job-02370,sk-warehouse-operations
js-003392,job-02371,sk-general-work
js-003393,job-02372,sk-driving
js-003394,job-02373,sk-early-childhood-education
js-003395,job-02373,sk-teaching
js-003396,job-02374,sk-general-work
js-003397,job-02375,sk-accounting
js-003398,job-02376,sk-general-work
js-003399,job-02377,sk-general-work
js-003400,job-02378,sk-patient-care
js-003401,job-02379,sk-warehouse-operations
js-003402,job-02380,sk-general-work
js-003403,job-02381,sk-hospitality
js-003404,job-02382,sk-assembly
js-003405,job-02383,sk-general-work
js-003406,job-02384,sk-driving
js-003407,job-02385,sk-administration
js-003408,job-02386,sk-pharmacy
js-003409,job-02387,sk-machine-operation
js-003410,job-02387,sk-production-work
js-003411,job-02388,sk-administration
js-003412,job-02389,sk-general-work
js-003413,job-02390,sk-warehouse-operations
js-003414,job-02391,sk-administration
js-003415,job-02391,sk-microsoft-office
js-003416,job-02392,sk-general-work
js-003417,job-02393,sk-information-technology
js-003418,job-02394,sk-general-work
js-003419,job-02395,sk-general-work
js-003420,job-02396,sk-cash-handling
js-003421,job-02396,sk-sales
js-003422,job-02397,sk-hospitality
js-003423,job-02398,sk-driving
js-003424,job-02399,sk-general-work
js-003425,job-02400,sk-machine-operation
js-003426,job-02400,sk-production-work
js-003427,job-02401,sk-cleaning
js-003428,job-02402,sk-machine-operation
js-003429,job-02402,sk-production-work
js-003430,job-02403,sk-nursing
js-003431,job-02403,sk-patient-care
js-003432,job-02404,sk-administration
js-003433,job-02404,sk-microsoft-office
js-003434,job-02405,sk-warehouse-operations
js-003435,job-02406,sk-management
js-003436,job-02407,sk-teaching
js-003437,job-02408,sk-sales
js-003438,job-02409,sk-physiotherapy
js-003439,job-02410,sk-general-work
js-003440,job-02411,sk-pharmacy
js-003441,job-02412,sk-general-work
js-003442,job-02413,sk-production-work
js-003443,job-02414,sk-electrical-work
js-003444,job-02415,sk-general-work
js-003445,job-02416,sk-general-work
js-003446,job-02417,sk-nursing
js-003447,job-02418,sk-machine-operation
js-003448,job-02418,sk-production-work
js-003449,job-02419,sk-management
js-003450,job-02420,sk-machine-operation
js-003451,job-02420,sk-production-work
js-003452,job-02421,sk-general-work
js-003453,job-02422,sk-cleaning
js-003454,job-02423,sk-administration
js-003455,job-02424,sk-general-work
js-003456,job-02425,sk-general-work
js-003457,job-02426,sk-general-work
js-003458,job-02427,sk-cleaning
js-003459,job-02428,sk-general-work
js-003460,job-02429,sk-cnc-machining
js-003461,job-02429,sk-machine-operation
js-003462,job-02429,sk-production-work
js-003463,job-02430,sk-management
js-003464,job-02431,sk-driving
js-003465,job-02432,sk-forklift-operation
js-003466,job-02432,sk-warehouse-operations
js-003467,job-02433,sk-general-work
js-003468,job-02434,sk-technical-maintenance
js-003469,job-02435,sk-general-work
js-003470,job-02436,sk-general-work
js-003471,job-02437,sk-machine-operation
js-003472,job-02437,sk-production-work
js-003473,job-02438,sk-production-work
js-003474,job-02439,sk-general-work
js-003475,job-02440,sk-warehouse-operations
js-003476,job-02441,sk-general-work
js-003477,job-02442,sk-machine-operation
js-003478,job-02442,sk-production-work
js-003479,job-02443,sk-warehouse-operations
js-003480,job-02444,sk-general-work
js-003481,job-02445,sk-inventory-management
js-003482,job-02445,sk-warehouse-operations
js-003483,job-02446,sk-general-work
js-003484,job-02447,sk-general-work
js-003485,job-02448,sk-general-work
js-003486,job-02449,sk-general-work
js-003487,job-02450,sk-technical-maintenance
js-003488,job-02451,sk-administration
js-003489,job-02451,sk-microsoft-office
js-003490,job-02452,sk-general-work
js-003491,job-02453,sk-warehouse-operations
js-003492,job-02454,sk-administration
js-003493,job-02454,sk-microsoft-office
js-003494,job-02455,sk-general-work
js-003495,job-02456,sk-general-work
js-003496,job-02457,sk-technical-maintenance
js-003497,job-02458,sk-cnc-machining
js-003498,job-02458,sk-machine-operation
js-003499,job-02458,sk-production-work
js-003500,job-02459,sk-pharmacy
js-003501,job-02460,sk-technical-maintenance
js-003502,job-02461,sk-management
js-003503,job-02462,sk-management
js-003504,job-02463,sk-general-work
js-003505,job-02464,sk-general-work
js-003506,job-02465,sk-general-work
js-003507,job-02466,sk-administration
js-003508,job-02466,sk-microsoft-office
js-003509,job-02467,sk-technical-maintenance
js-003510,job-02468,sk-warehouse-operations
js-003511,job-02469,sk-accounting
js-003512,job-02470,sk-general-work
js-003513,job-02471,sk-general-work
js-003514,job-02472,sk-medicine
js-003515,job-02472,sk-nursing
js-003516,job-02473,sk-general-work
js-003517,job-02474,sk-general-work
js-003518,job-02475,sk-production-work
js-003519,job-02476,sk-pharmacy
js-003520,job-02477,sk-general-work
js-003521,job-02478,sk-machine-operation
js-003522,job-02478,sk-production-work
js-003523,job-02479,sk-production-work
js-003524,job-02480,sk-pharmacy
js-003525,job-02481,sk-general-work
js-003526,job-02482,sk-general-work
js-003527,job-02483,sk-general-work
js-003528,job-02484,sk-general-work
js-003529,job-02485,sk-cnc-machining
js-003530,job-02485,sk-machine-operation
js-003531,job-02485,sk-production-work
js-003532,job-02486,sk-production-work
js-003533,job-02487,sk-hospitality
js-003534,job-02488,sk-administration
js-003535,job-02489,sk-technical-maintenance
js-003536,job-02490,sk-administration
js-003537,job-02491,sk-management
js-003538,job-02492,sk-general-work
js-003539,job-02493,sk-general-work
js-003540,job-02494,sk-general-work
js-003541,job-02495,sk-general-work
js-003542,job-02496,sk-cnc-machining
js-003543,job-02496,sk-machine-operation
js-003544,job-02496,sk-production-work
js-003545,job-02497,sk-machine-operation
js-003546,job-02497,sk-production-work
js-003547,job-02498,sk-production-work
js-003548,job-02499,sk-general-work
js-003549,job-02500,sk-cleaning
js-003550,job-02501,sk-forklift-operation
js-003551,job-02501,sk-warehouse-operations
js-003552,job-02502,sk-general-work
js-003553,job-02503,sk-general-work
js-003554,job-02504,sk-machine-operation
js-003555,job-02504,sk-production-work
js-003556,job-02505,sk-warehouse-operations
js-003557,job-02506,sk-general-work
js-003558,job-02507,sk-general-work
js-003559,job-02508,sk-physiotherapy
js-003560,job-02509,sk-general-work
js-003561,job-02510,sk-general-work
js-003562,job-02511,sk-teaching
js-003563,job-02512,sk-general-work
js-003564,job-02513,sk-general-work
js-003565,job-02514,sk-general-work
js-003566,job-02515,sk-general-work
js-003567,job-02516,sk-general-work
js-003568,job-02517,sk-medicine
js-003569,job-02518,sk-general-work
js-003570,job-02519,sk-medicine
js-003571,job-02520,sk-early-childhood-education
js-003572,job-02520,sk-speech-therapy
js-003573,job-02520,sk-teaching
js-003574,job-02521,sk-medicine
js-003575,job-02522,sk-general-work
js-003576,job-02523,sk-medicine
js-003577,job-02524,sk-legal-work
js-003578,job-02525,sk-medicine
js-003579,job-02526,sk-management
js-003580,job-02527,sk-general-work
js-003581,job-02528,sk-medicine
js-003582,job-02529,sk-physiotherapy
js-003583,job-02530,sk-nursing
js-003584,job-02531,sk-assembly
js-003585,job-02532,sk-medicine
js-003586,job-02533,sk-general-work
js-003587,job-02534,sk-cnc-machining
js-003588,job-02534,sk-machine-operation
js-003589,job-02534,sk-production-work
js-003590,job-02535,sk-medicine
js-003591,job-02536,sk-medicine
js-003592,job-02536,sk-nursing
js-003593,job-02537,sk-management
js-003594,job-02538,sk-driving
js-003595,job-02539,sk-management
js-003596,job-02540,sk-insurance-sales
js-003597,job-02541,sk-general-work
js-003598,job-02542,sk-general-work
js-003599,job-02543,sk-general-work
js-003600,job-02544,sk-machine-operation
js-003601,job-02544,sk-production-work
js-003602,job-02545,sk-cooking
js-003603,job-02546,sk-patient-care
js-003604,job-02547,sk-administration
js-003605,job-02548,sk-general-work
js-003606,job-02549,sk-nursing
js-003607,job-02550,sk-nursing
js-003608,job-02551,sk-administration
js-003609,job-02552,sk-construction-work
js-003610,job-02553,sk-general-work
js-003611,job-02554,sk-administration
js-003612,job-02555,sk-general-work
js-003613,job-02556,sk-administration
js-003614,job-02556,sk-microsoft-office
js-003615,job-02557,sk-warehouse-operations
js-003616,job-02558,sk-management
js-003617,job-02559,sk-driving
js-003618,job-02560,sk-general-work
js-003619,job-02561,sk-driving
js-003620,job-02562,sk-accounting
js-003621,job-02563,sk-machine-operation
js-003622,job-02563,sk-production-work
js-003623,job-02564,sk-machine-operation
js-003624,job-02564,sk-production-work
js-003625,job-02565,sk-general-work
js-003626,job-02566,sk-medicine
js-003627,job-02567,sk-medicine
js-003628,job-02568,sk-medicine
js-003629,job-02569,sk-medicine
js-003630,job-02570,sk-medicine
js-003631,job-02571,sk-accounting
js-003632,job-02572,sk-cnc-machining
js-003633,job-02572,sk-machine-operation
js-003634,job-02572,sk-production-work
js-003635,job-02573,sk-general-work
js-003636,job-02574,sk-general-work
js-003637,job-02575,sk-machine-operation
js-003638,job-02575,sk-production-work
js-003639,job-02576,sk-general-work
js-003640,job-02577,sk-technical-maintenance
js-003641,job-02578,sk-machine-operation
js-003642,job-02578,sk-production-work
js-003643,job-02579,sk-general-work
js-003644,job-02580,sk-technical-maintenance
js-003645,job-02581,sk-general-work
js-003646,job-02582,sk-administration
js-003647,job-02583,sk-warehouse-operations
js-003648,job-02584,sk-administration
js-003649,job-02585,sk-general-work
js-003650,job-02586,sk-general-work
js-003651,job-02587,sk-general-work
js-003652,job-02588,sk-general-work
js-003653,job-02589,sk-general-work
js-003654,job-02590,sk-general-work
js-003655,job-02591,sk-general-work
js-003656,job-02592,sk-general-work
js-003657,job-02593,sk-general-work
js-003658,job-02594,sk-warehouse-operations
js-003659,job-02595,sk-administration
js-003660,job-02595,sk-microsoft-office
js-003661,job-02596,sk-general-work
js-003662,job-02597,sk-general-work
js-003663,job-02598,sk-general-work
js-003664,job-02599,sk-warehouse-operations
js-003665,job-02600,sk-general-work
js-003666,job-02601,sk-general-work
js-003667,job-02602,sk-general-work
js-003668,job-02603,sk-general-work
js-003669,job-02604,sk-cooking
js-003670,job-02604,sk-food-preparation
js-003671,job-02605,sk-general-work
js-003672,job-02606,sk-general-work
js-003673,job-02607,sk-cooking
js-003674,job-02608,sk-general-work
js-003675,job-02609,sk-management
js-003676,job-02610,sk-general-work
js-003677,job-02611,sk-forklift-operation
js-003678,job-02611,sk-warehouse-operations
js-003679,job-02612,sk-general-work
js-003680,job-02613,sk-warehouse-operations
js-003681,job-02614,sk-warehouse-operations
js-003682,job-02615,sk-general-work
js-003683,job-02616,sk-forklift-operation
js-003684,job-02616,sk-warehouse-operations
js-003685,job-02617,sk-general-work
js-003686,job-02618,sk-general-work
js-003687,job-02619,sk-medicine
js-003688,job-02620,sk-warehouse-operations
js-003689,job-02621,sk-medicine
js-003690,job-02622,sk-general-work
js-003691,job-02623,sk-teaching
js-003692,job-02624,sk-early-childhood-education
js-003693,job-02624,sk-teaching
js-003694,job-02625,sk-warehouse-operations
js-003695,job-02626,sk-nursing
js-003696,job-02627,sk-accounting
js-003697,job-02628,sk-management
js-003698,job-02629,sk-general-work
js-003699,job-02630,sk-nursing
js-003700,job-02631,sk-construction-work
js-003701,job-02632,sk-technical-maintenance
js-003702,job-02633,sk-general-work
js-003703,job-02634,sk-medicine
js-003704,job-02634,sk-nursing
js-003705,job-02635,sk-general-work
js-003706,job-02636,sk-general-work
js-003707,job-02637,sk-general-work
js-003708,job-02638,sk-forklift-operation
js-003709,job-02638,sk-warehouse-operations
js-003710,job-02639,sk-assembly
js-003711,job-02640,sk-general-work
js-003712,job-02641,sk-general-work
js-003713,job-02642,sk-hospitality
js-003714,job-02643,sk-general-work
js-003715,job-02644,sk-administration
js-003716,job-02644,sk-microsoft-office
js-003717,job-02645,sk-general-work
js-003718,job-02646,sk-machine-operation
js-003719,job-02646,sk-production-work
js-003720,job-02647,sk-construction-work
js-003721,job-02648,sk-general-work
js-003722,job-02649,sk-teaching
js-003723,job-02650,sk-teaching
js-003724,job-02651,sk-general-work
js-003725,job-02652,sk-management
js-003726,job-02653,sk-general-work
js-003727,job-02654,sk-administration
js-003728,job-02654,sk-microsoft-office
js-003729,job-02655,sk-general-work
js-003730,job-02656,sk-general-work
js-003731,job-02657,sk-production-work
js-003732,job-02658,sk-machine-operation
js-003733,job-02658,sk-production-work
js-003734,job-02659,sk-driving
js-003735,job-02660,sk-technical-maintenance
js-003736,job-02661,sk-forklift-operation
js-003737,job-02661,sk-warehouse-operations
js-003738,job-02662,sk-medicine
js-003739,job-02662,sk-nursing
js-003740,job-02663,sk-general-work
js-003741,job-02664,sk-forklift-operation
js-003742,job-02664,sk-warehouse-operations
js-003743,job-02665,sk-forklift-operation
js-003744,job-02665,sk-warehouse-operations
js-003745,job-02666,sk-administration
js-003746,job-02667,sk-driving
js-003747,job-02668,sk-cnc-machining
js-003748,job-02668,sk-machine-operation
js-003749,job-02668,sk-production-work
js-003750,job-02669,sk-warehouse-operations
js-003751,job-02670,sk-general-work
js-003752,job-02671,sk-accounting
js-003753,job-02672,sk-general-work
js-003754,job-02673,sk-administration
js-003755,job-02673,sk-microsoft-office
js-003756,job-02674,sk-forklift-operation
js-003757,job-02674,sk-warehouse-operations
js-003758,job-02675,sk-general-work
js-003759,job-02676,sk-general-work
js-003760,job-02677,sk-general-work
js-003761,job-02678,sk-general-work
js-003762,job-02679,sk-general-work
js-003763,job-02680,sk-legal-work
js-003764,job-02681,sk-administration
js-003765,job-02682,sk-general-work
js-003766,job-02683,sk-teaching
js-003767,job-02684,sk-cleaning
js-003768,job-02685,sk-assembly
js-003769,job-02686,sk-hospitality
js-003770,job-02687,sk-management
js-003771,job-02688,sk-management
js-003772,job-02689,sk-general-work
js-003773,job-02690,sk-driving
js-003774,job-02691,sk-general-work
js-003775,job-02692,sk-customer-service
js-003776,job-02692,sk-sales
js-003777,job-02693,sk-cleaning
js-003778,job-02694,sk-general-work
js-003779,job-02695,sk-general-work
js-003780,job-02695,sk-slovenian-language
js-003781,job-02696,sk-general-work
js-003782,job-02697,sk-nursing
js-003783,job-02698,sk-customer-service
js-003784,job-02698,sk-hospitality
js-003785,job-02699,sk-general-work
js-003786,job-02700,sk-general-work
js-003787,job-02701,sk-machine-operation
js-003788,job-02701,sk-production-work
js-003789,job-02702,sk-mechanical-repair
js-003790,job-02703,sk-nursing
js-003791,job-02704,sk-nursing
js-003792,job-02705,sk-nursing
js-003793,job-02706,sk-nursing
js-003794,job-02707,sk-production-work
js-003795,job-02708,sk-cleaning
js-003796,job-02709,sk-cleaning
js-003797,job-02710,sk-customer-service
js-003798,job-02710,sk-hospitality
js-003799,job-02711,sk-general-work
js-003800,job-02712,sk-cooking
js-003801,job-02713,sk-cooking
js-003802,job-02714,sk-general-work
js-003803,job-02715,sk-general-work
js-003804,job-02716,sk-construction-work
js-003805,job-02717,sk-general-work
js-003806,job-02718,sk-administration
js-003807,job-02719,sk-general-work
js-003808,job-02720,sk-administration
js-003809,job-02721,sk-administration
js-003810,job-02722,sk-general-work
js-003811,job-02723,sk-nursing
js-003812,job-02724,sk-general-work
js-003813,job-02725,sk-speech-therapy
js-003814,job-02725,sk-teaching
js-003815,job-02726,sk-social-work
js-003816,job-02727,sk-slovenian-language
js-003817,job-02727,sk-social-work
js-003818,job-02728,sk-social-work
js-003819,job-02729,sk-cnc-machining
js-003820,job-02729,sk-machine-operation
js-003821,job-02729,sk-production-work
js-003822,job-02730,sk-general-work
js-003823,job-02731,sk-general-work
js-003824,job-02732,sk-general-work
js-003825,job-02733,sk-technical-maintenance
js-003826,job-02734,sk-early-childhood-education
js-003827,job-02734,sk-teaching
js-003828,job-02735,sk-forklift-operation
js-003829,job-02735,sk-warehouse-operations
js-003830,job-02736,sk-general-work
js-003831,job-02737,sk-nursing
js-003832,job-02738,sk-general-work
js-003833,job-02739,sk-general-work
js-003834,job-02740,sk-general-work
js-003835,job-02741,sk-technical-maintenance
js-003836,job-02742,sk-general-work
js-003837,job-02743,sk-machine-operation
js-003838,job-02743,sk-production-work
js-003839,job-02744,sk-management
js-003840,job-02745,sk-teaching
js-003841,job-02746,sk-information-technology
js-003842,job-02746,sk-teaching
js-003843,job-02747,sk-legal-work
js-003844,job-02748,sk-general-work
js-003845,job-02749,sk-technical-maintenance
js-003846,job-02750,sk-technical-maintenance
js-003847,job-02751,sk-nursing
js-003848,job-02752,sk-general-work
js-003849,job-02753,sk-medicine
js-003850,job-02754,sk-forklift-operation
js-003851,job-02754,sk-warehouse-operations
js-003852,job-02755,sk-nursing
js-003853,job-02756,sk-general-work
js-003854,job-02757,sk-management
js-003855,job-02758,sk-general-work
js-003856,job-02759,sk-administration
js-003857,job-02760,sk-general-work
js-003858,job-02761,sk-general-work
js-003859,job-02762,sk-warehouse-operations
js-003860,job-02763,sk-cnc-machining
js-003861,job-02763,sk-machine-operation
js-003862,job-02763,sk-production-work
js-003863,job-02764,sk-general-work
js-003864,job-02765,sk-technical-maintenance
js-003865,job-02766,sk-general-work
js-003866,job-02767,sk-medicine
js-003867,job-02768,sk-general-work
js-003868,job-02769,sk-nursing
js-003869,job-02770,sk-customer-service
js-003870,job-02770,sk-sales
js-003871,job-02771,sk-accounting
js-003872,job-02772,sk-nursing
js-003873,job-02773,sk-sales
js-003874,job-02774,sk-accounting
js-003875,job-02775,sk-administration
js-003876,job-02775,sk-microsoft-office
js-003877,job-02776,sk-general-work
js-003878,job-02777,sk-administration
js-003879,job-02778,sk-general-work
js-003880,job-02779,sk-technical-maintenance
js-003881,job-02780,sk-machine-operation
js-003882,job-02780,sk-production-work
js-003883,job-02781,sk-general-work
js-003884,job-02782,sk-warehouse-operations
js-003885,job-02783,sk-machine-operation
js-003886,job-02783,sk-production-work
js-003887,job-02784,sk-general-work
js-003888,job-02785,sk-general-work
js-003889,job-02786,sk-machine-operation
js-003890,job-02786,sk-production-work
js-003891,job-02787,sk-general-work
js-003892,job-02788,sk-nursing
js-003893,job-02789,sk-machine-operation
js-003894,job-02789,sk-production-work
js-003895,job-02790,sk-general-work
js-003896,job-02791,sk-general-work
js-003897,job-02792,sk-general-work
js-003898,job-02793,sk-administration
js-003899,job-02794,sk-general-work
js-003900,job-02795,sk-medicine
js-003901,job-02796,sk-medicine
js-003902,job-02797,sk-medicine
js-003903,job-02798,sk-medicine
js-003904,job-02799,sk-medicine
js-003905,job-02800,sk-medicine
js-003906,job-02801,sk-medicine
js-003907,job-02802,sk-general-work
js-003908,job-02803,sk-speech-therapy
js-003909,job-02803,sk-teaching
js-003910,job-02804,sk-medicine
js-003911,job-02805,sk-medicine
js-003912,job-02806,sk-legal-work
js-003913,job-02807,sk-general-work
js-003914,job-02808,sk-general-work
js-003915,job-02809,sk-nursing
js-003916,job-02810,sk-general-work
js-003917,job-02811,sk-medicine
js-003918,job-02812,sk-medicine
js-003919,job-02813,sk-medicine
js-003920,job-02814,sk-general-work
js-003921,job-02815,sk-medicine
js-003922,job-02816,sk-medicine
js-003923,job-02816,sk-patient-care
js-003924,job-02817,sk-medicine
js-003925,job-02818,sk-medicine
js-003926,job-02818,sk-patient-care
js-003927,job-02819,sk-medicine
js-003928,job-02819,sk-patient-care
js-003929,job-02820,sk-medicine
js-003930,job-02821,sk-medicine
js-003931,job-02822,sk-medicine
js-003932,job-02822,sk-patient-care
js-003933,job-02823,sk-medicine
js-003934,job-02823,sk-patient-care
js-003935,job-02824,sk-medicine
js-003936,job-02824,sk-patient-care
js-003937,job-02825,sk-medicine
js-003938,job-02825,sk-patient-care
js-003939,job-02826,sk-medicine
js-003940,job-02826,sk-patient-care
js-003941,job-02827,sk-medicine
js-003942,job-02828,sk-medicine
js-003943,job-02829,sk-medicine
js-003944,job-02829,sk-patient-care
js-003945,job-02830,sk-medicine
js-003946,job-02830,sk-patient-care
js-003947,job-02831,sk-medicine
js-003948,job-02832,sk-medicine
js-003949,job-02832,sk-slovenian-language
js-003950,job-02833,sk-medicine
js-003951,job-02834,sk-medicine
js-003952,job-02834,sk-slovenian-language
js-003953,job-02835,sk-medicine
js-003954,job-02836,sk-medicine
js-003955,job-02836,sk-patient-care
js-003956,job-02837,sk-medicine
js-003957,job-02838,sk-medicine
js-003958,job-02839,sk-laboratory-diagnostics
js-003959,job-02839,sk-medicine
js-003960,job-02839,sk-patient-care
js-003961,job-02840,sk-medicine
js-003962,job-02841,sk-medicine
js-003963,job-02841,sk-slovenian-language
js-003964,job-02842,sk-medicine
js-003965,job-02842,sk-patient-care
js-003966,job-02843,sk-medicine
js-003967,job-02844,sk-medicine
js-003968,job-02845,sk-medicine
js-003969,job-02845,sk-slovenian-language
js-003970,job-02846,sk-medicine
js-003971,job-02846,sk-patient-care
js-003972,job-02847,sk-medicine
js-003973,job-02848,sk-medicine
js-003974,job-02849,sk-medicine
js-003975,job-02849,sk-patient-care
js-003976,job-02850,sk-medicine
js-003977,job-02851,sk-medicine
js-003978,job-02852,sk-medicine
js-003979,job-02853,sk-medicine
js-003980,job-02853,sk-patient-care
js-003981,job-02854,sk-medicine
js-003982,job-02854,sk-patient-care
js-003983,job-02855,sk-medicine
js-003984,job-02856,sk-medicine
js-003985,job-02857,sk-medicine
js-003986,job-02858,sk-medicine
js-003987,job-02859,sk-medicine
js-003988,job-02860,sk-medicine
js-003989,job-02861,sk-technical-maintenance
js-003990,job-02862,sk-medicine
js-003991,job-02863,sk-medicine
js-003992,job-02863,sk-slovenian-language
js-003993,job-02864,sk-medicine
js-003994,job-02865,sk-medicine
js-003995,job-02866,sk-medicine
js-003996,job-02867,sk-medicine
js-003997,job-02868,sk-medicine
js-003998,job-02868,sk-slovenian-language
js-003999,job-02869,sk-medicine
js-004000,job-02869,sk-slovenian-language
js-004001,job-02870,sk-medicine
js-004002,job-02871,sk-medicine
js-004003,job-02872,sk-medicine
js-004004,job-02873,sk-medicine
js-004005,job-02874,sk-medicine
js-004006,job-02875,sk-medicine
js-004007,job-02876,sk-medicine
js-004008,job-02877,sk-medicine
js-004009,job-02878,sk-medicine
js-004010,job-02878,sk-slovenian-language
js-004011,job-02879,sk-medicine
js-004012,job-02880,sk-medicine
js-004013,job-02880,sk-patient-care
js-004014,job-02881,sk-medicine
js-004015,job-02881,sk-slovenian-language
js-004016,job-02882,sk-medicine
js-004017,job-02882,sk-patient-care
js-004018,job-02883,sk-medicine
js-004019,job-02884,sk-medicine
js-004020,job-02885,sk-medicine
js-004021,job-02886,sk-medicine
js-004022,job-02887,sk-medicine
js-004023,job-02888,sk-medicine
js-004024,job-02889,sk-medicine
js-004025,job-02890,sk-medicine
js-004026,job-02891,sk-medicine
js-004027,job-02892,sk-medicine
js-004028,job-02892,sk-patient-care
js-004029,job-02893,sk-medicine
js-004030,job-02894,sk-medicine
js-004031,job-02894,sk-slovenian-language
js-004032,job-02895,sk-medicine
js-004033,job-02896,sk-medicine
js-004034,job-02897,sk-medicine
js-004035,job-02898,sk-medicine
js-004036,job-02899,sk-medicine
js-004037,job-02899,sk-patient-care
js-004038,job-02900,sk-medicine
js-004039,job-02901,sk-medicine
js-004040,job-02901,sk-slovenian-language
js-004041,job-02902,sk-medicine
js-004042,job-02903,sk-medicine
js-004043,job-02903,sk-slovenian-language
js-004044,job-02904,sk-medicine
js-004045,job-02905,sk-medicine
js-004046,job-02905,sk-slovenian-language
js-004047,job-02906,sk-medicine
js-004048,job-02907,sk-medicine
js-004049,job-02907,sk-slovenian-language
js-004050,job-02908,sk-medicine
js-004051,job-02908,sk-slovenian-language
js-004052,job-02909,sk-medicine
js-004053,job-02909,sk-slovenian-language
js-004054,job-02910,sk-medicine
js-004055,job-02910,sk-slovenian-language
js-004056,job-02911,sk-medicine
js-004057,job-02912,sk-medicine
js-004058,job-02913,sk-medicine
js-004059,job-02913,sk-slovenian-language
js-004060,job-02914,sk-medicine
js-004061,job-02915,sk-medicine
js-004062,job-02916,sk-medicine
js-004063,job-02917,sk-medicine
js-004064,job-02917,sk-slovenian-language
js-004065,job-02918,sk-medicine
js-004066,job-02918,sk-slovenian-language
js-004067,job-02919,sk-medicine
js-004068,job-02920,sk-medicine
js-004069,job-02920,sk-slovenian-language
js-004070,job-02921,sk-medicine
js-004071,job-02922,sk-medicine
js-004072,job-02923,sk-medicine
js-004073,job-02923,sk-slovenian-language
js-004074,job-02924,sk-medicine
js-004075,job-02924,sk-slovenian-language
js-004076,job-02925,sk-english-language
js-004077,job-02925,sk-medicine
js-004078,job-02926,sk-medicine
js-004079,job-02926,sk-slovenian-language
js-004080,job-02927,sk-medicine
js-004081,job-02927,sk-slovenian-language
js-004082,job-02928,sk-medicine
js-004083,job-02929,sk-medicine
js-004084,job-02929,sk-slovenian-language
js-004085,job-02930,sk-medicine
js-004086,job-02931,sk-medicine
js-004087,job-02932,sk-medicine
js-004088,job-02933,sk-medicine
js-004089,job-02934,sk-medicine
js-004090,job-02935,sk-medicine
js-004091,job-02936,sk-medicine
js-004092,job-02937,sk-medicine
js-004093,job-02937,sk-patient-care
js-004094,job-02938,sk-medicine
js-004095,job-02939,sk-information-technology
js-004096,job-02940,sk-information-technology
js-004097,job-02941,sk-information-technology
js-004098,job-02942,sk-information-technology
js-004099,job-02943,sk-information-technology
js-004100,job-02943,sk-javascript
js-004101,job-02943,sk-python
js-004102,job-02944,sk-cnc-machining
js-004103,job-02944,sk-machine-operation
js-004104,job-02944,sk-production-work
js-004105,job-02945,sk-information-technology
js-004106,job-02946,sk-information-technology
js-004107,job-02947,sk-cnc-machining
js-004108,job-02947,sk-machine-operation
js-004109,job-02947,sk-production-work
js-004110,job-02948,sk-information-technology
js-004111,job-02949,sk-information-technology
js-004112,job-02950,sk-technical-maintenance
js-004113,job-02951,sk-cnc-machining
js-004114,job-02951,sk-machine-operation
js-004115,job-02951,sk-production-work
js-004116,job-02952,sk-information-technology
js-004117,job-02953,sk-information-technology
js-004118,job-02954,sk-information-technology
js-004119,job-02954,sk-javascript
js-004120,job-02954,sk-sql
js-004121,job-02955,sk-cnc-machining
js-004122,job-02955,sk-machine-operation
js-004123,job-02955,sk-production-work
js-004124,job-02956,sk-information-technology
js-004125,job-02957,sk-cnc-machining
js-004126,job-02957,sk-machine-operation
js-004127,job-02957,sk-production-work
js-004128,job-02958,sk-cnc-machining
js-004129,job-02958,sk-machine-operation
js-004130,job-02958,sk-production-work
js-004131,job-02959,sk-cnc-machining
js-004132,job-02959,sk-machine-operation
js-004133,job-02959,sk-production-work
js-004134,job-02960,sk-warehouse-operations
js-004135,job-02961,sk-forklift-operation
js-004136,job-02961,sk-warehouse-operations
js-004137,job-02962,sk-forklift-operation
js-004138,job-02962,sk-warehouse-operations
js-004139,job-02963,sk-warehouse-operations
js-004140,job-02964,sk-forklift-operation
js-004141,job-02964,sk-warehouse-operations
js-004142,job-02965,sk-warehouse-operations
js-004143,job-02966,sk-warehouse-operations
js-004144,job-02967,sk-forklift-operation
js-004145,job-02967,sk-warehouse-operations
js-004146,job-02968,sk-warehouse-operations
js-004147,job-02969,sk-warehouse-operations
js-004148,job-02970,sk-forklift-operation
js-004149,job-02970,sk-warehouse-operations
js-004150,job-02971,sk-warehouse-operations
js-004151,job-02972,sk-forklift-operation
js-004152,job-02972,sk-warehouse-operations
js-004153,job-02973,sk-inventory-management
js-004154,job-02973,sk-warehouse-operations
js-004155,job-02974,sk-inventory-management
js-004156,job-02974,sk-warehouse-operations
js-004157,job-02975,sk-inventory-management
js-004158,job-02975,sk-warehouse-operations
js-004159,job-02976,sk-inventory-management
js-004160,job-02976,sk-warehouse-operations
js-004161,job-02977,sk-forklift-operation
js-004162,job-02977,sk-warehouse-operations
js-004163,job-02978,sk-forklift-operation
js-004164,job-02978,sk-inventory-management
js-004165,job-02978,sk-warehouse-operations
js-004166,job-02979,sk-inventory-management
js-004167,job-02979,sk-warehouse-operations
js-004168,job-02980,sk-forklift-operation
js-004169,job-02980,sk-inventory-management
js-004170,job-02980,sk-warehouse-operations
js-004171,job-02981,sk-driving
js-004172,job-02982,sk-warehouse-operations
js-004173,job-02983,sk-warehouse-operations
js-004174,job-02984,sk-warehouse-operations
js-004175,job-02985,sk-warehouse-operations
js-004176,job-02986,sk-inventory-management
js-004177,job-02986,sk-warehouse-operations
js-004178,job-02987,sk-driving
js-004179,job-02987,sk-slovenian-language
js-004180,job-02988,sk-warehouse-operations
js-004181,job-02989,sk-warehouse-operations
js-004182,job-02990,sk-warehouse-operations
js-004183,job-02991,sk-inventory-management
js-004184,job-02991,sk-warehouse-operations
js-004185,job-02992,sk-warehouse-operations
js-004186,job-02993,sk-warehouse-operations
js-004187,job-02994,sk-warehouse-operations
js-004188,job-02995,sk-warehouse-operations
js-004189,job-02996,sk-driving
js-004190,job-02997,sk-warehouse-operations
js-004191,job-02998,sk-forklift-operation
js-004192,job-02998,sk-warehouse-operations
js-004193,job-02999,sk-warehouse-operations
js-004194,job-03000,sk-inventory-management
js-004195,job-03000,sk-warehouse-operations
js-004196,job-03001,sk-warehouse-operations
js-004197,job-03002,sk-warehouse-operations
js-004198,job-03003,sk-forklift-operation
js-004199,job-03003,sk-inventory-management
js-004200,job-03003,sk-warehouse-operations
js-004201,job-03004,sk-forklift-operation
js-004202,job-03004,sk-warehouse-operations
js-004203,job-03005,sk-forklift-operation
js-004204,job-03005,sk-inventory-management
js-004205,job-03005,sk-warehouse-operations
js-004206,job-03006,sk-warehouse-operations
js-004207,job-03007,sk-inventory-management
js-004208,job-03007,sk-warehouse-operations
js-004209,job-03008,sk-inventory-management
js-004210,job-03008,sk-warehouse-operations
js-004211,job-03009,sk-inventory-management
js-004212,job-03009,sk-warehouse-operations
js-004213,job-03010,sk-forklift-operation
js-004214,job-03010,sk-inventory-management
js-004215,job-03010,sk-warehouse-operations
js-004216,job-03011,sk-inventory-management
js-004217,job-03011,sk-warehouse-operations
js-004218,job-03012,sk-forklift-operation
js-004219,job-03012,sk-inventory-management
js-004220,job-03012,sk-warehouse-operations
js-004221,job-03013,sk-forklift-operation
js-004222,job-03013,sk-warehouse-operations
js-004223,job-03014,sk-inventory-management
js-004224,job-03014,sk-warehouse-operations
js-004225,job-03015,sk-forklift-operation
js-004226,job-03015,sk-warehouse-operations
js-004227,job-03016,sk-warehouse-operations
js-004228,job-03017,sk-warehouse-operations
js-004229,job-03018,sk-inventory-management
js-004230,job-03018,sk-warehouse-operations
js-004231,job-03019,sk-warehouse-operations
js-004232,job-03020,sk-inventory-management
js-004233,job-03020,sk-warehouse-operations
js-004234,job-03021,sk-inventory-management
js-004235,job-03021,sk-warehouse-operations
js-004236,job-03022,sk-warehouse-operations
js-004237,job-03023,sk-warehouse-operations
js-004238,job-03024,sk-warehouse-operations
js-004239,job-03025,sk-inventory-management
js-004240,job-03025,sk-warehouse-operations
js-004241,job-03026,sk-forklift-operation
js-004242,job-03026,sk-warehouse-operations
js-004243,job-03027,sk-warehouse-operations
js-004244,job-03028,sk-warehouse-operations
js-004245,job-03029,sk-inventory-management
js-004246,job-03029,sk-warehouse-operations
js-004247,job-03030,sk-slovenian-language
js-004248,job-03030,sk-warehouse-operations
js-004249,job-03031,sk-inventory-management
js-004250,job-03031,sk-warehouse-operations
js-004251,job-03032,sk-forklift-operation
js-004252,job-03032,sk-warehouse-operations
js-004253,job-03033,sk-forklift-operation
js-004254,job-03033,sk-warehouse-operations
js-004255,job-03034,sk-warehouse-operations
js-004256,job-03035,sk-inventory-management
js-004257,job-03035,sk-warehouse-operations
js-004258,job-03036,sk-warehouse-operations
js-004259,job-03037,sk-inventory-management
js-004260,job-03037,sk-warehouse-operations
js-004261,job-03038,sk-warehouse-operations
js-004262,job-03039,sk-warehouse-operations
js-004263,job-03040,sk-warehouse-operations
js-004264,job-03041,sk-warehouse-operations
js-004265,job-03042,sk-warehouse-operations
js-004266,job-03043,sk-inventory-management
js-004267,job-03043,sk-warehouse-operations
js-004268,job-03044,sk-warehouse-operations
js-004269,job-03045,sk-inventory-management
js-004270,job-03045,sk-warehouse-operations
js-004271,job-03046,sk-warehouse-operations
js-004272,job-03047,sk-warehouse-operations
js-004273,job-03048,sk-warehouse-operations
js-004274,job-03049,sk-warehouse-operations
js-004275,job-03050,sk-inventory-management
js-004276,job-03050,sk-warehouse-operations
js-004277,job-03051,sk-warehouse-operations
js-004278,job-03052,sk-inventory-management
js-004279,job-03052,sk-warehouse-operations
js-004280,job-03053,sk-warehouse-operations
js-004281,job-03054,sk-warehouse-operations
js-004282,job-03055,sk-forklift-operation
js-004283,job-03055,sk-inventory-management
js-004284,job-03055,sk-warehouse-operations
js-004285,job-03056,sk-forklift-operation
js-004286,job-03056,sk-warehouse-operations
js-004287,job-03057,sk-forklift-operation
js-004288,job-03057,sk-warehouse-operations
js-004289,job-03058,sk-warehouse-operations
js-004290,job-03059,sk-forklift-operation
js-004291,job-03059,sk-inventory-management
js-004292,job-03059,sk-warehouse-operations
js-004293,job-03060,sk-forklift-operation
js-004294,job-03060,sk-inventory-management
js-004295,job-03060,sk-warehouse-operations
js-004296,job-03061,sk-forklift-operation
js-004297,job-03061,sk-inventory-management
js-004298,job-03061,sk-warehouse-operations
js-004299,job-03062,sk-driving
js-004300,job-03063,sk-inventory-management
js-004301,job-03063,sk-warehouse-operations
js-004302,job-03064,sk-warehouse-operations
js-004303,job-03065,sk-warehouse-operations
js-004304,job-03066,sk-forklift-operation
js-004305,job-03066,sk-inventory-management
js-004306,job-03066,sk-warehouse-operations
js-004307,job-03067,sk-general-work
js-004308,job-03068,sk-warehouse-operations
js-004309,job-03069,sk-inventory-management
js-004310,job-03069,sk-warehouse-operations
js-004311,job-03070,sk-forklift-operation
js-004312,job-03070,sk-inventory-management
js-004313,job-03070,sk-warehouse-operations
js-004314,job-03071,sk-forklift-operation
js-004315,job-03071,sk-inventory-management
js-004316,job-03071,sk-warehouse-operations
js-004317,job-03072,sk-forklift-operation
js-004318,job-03072,sk-warehouse-operations
js-004319,job-03073,sk-inventory-management
js-004320,job-03073,sk-warehouse-operations
js-004321,job-03074,sk-inventory-management
js-004322,job-03074,sk-warehouse-operations
js-004323,job-03075,sk-warehouse-operations
js-004324,job-03076,sk-warehouse-operations
js-004325,job-03077,sk-driving
js-004326,job-03078,sk-driving
js-004327,job-03078,sk-inventory-management
js-004328,job-03078,sk-warehouse-operations
js-004329,job-03079,sk-forklift-operation
js-004330,job-03079,sk-inventory-management
js-004331,job-03079,sk-warehouse-operations
js-004332,job-03080,sk-forklift-operation
js-004333,job-03080,sk-warehouse-operations
js-004334,job-03081,sk-customer-service
js-004335,job-03081,sk-hospitality
js-004336,job-03082,sk-cash-handling
js-004337,job-03082,sk-sales
js-004338,job-03083,sk-cooking
js-004339,job-03083,sk-food-preparation
js-004340,job-03084,sk-cash-handling
js-004341,job-03084,sk-customer-service
js-004342,job-03084,sk-hospitality
js-004343,job-03085,sk-customer-service
js-004344,job-03085,sk-hospitality
js-004345,job-03086,sk-customer-service
js-004346,job-03086,sk-hospitality
js-004347,job-03087,sk-hospitality
js-004348,job-03088,sk-customer-service
js-004349,job-03088,sk-hospitality
js-004350,job-03089,sk-customer-service
js-004351,job-03089,sk-hospitality
js-004352,job-03090,sk-hospitality
js-004353,job-03090,sk-slovenian-language
js-004354,job-03091,sk-customer-service
js-004355,job-03091,sk-hospitality
js-004356,job-03092,sk-customer-service
js-004357,job-03092,sk-hospitality
js-004358,job-03093,sk-hospitality
js-004359,job-03094,sk-customer-service
js-004360,job-03094,sk-hospitality
js-004361,job-03095,sk-customer-service
js-004362,job-03095,sk-hospitality
js-004363,job-03096,sk-cash-handling
js-004364,job-03096,sk-customer-service
js-004365,job-03096,sk-hospitality
js-004366,job-03096,sk-slovenian-language
js-004367,job-03097,sk-customer-service
js-004368,job-03097,sk-hospitality
js-004369,job-03098,sk-customer-service
js-004370,job-03098,sk-hospitality
js-004371,job-03099,sk-customer-service
js-004372,job-03099,sk-hospitality
js-004373,job-03100,sk-customer-service
js-004374,job-03100,sk-hospitality
js-004375,job-03101,sk-cash-handling
js-004376,job-03101,sk-customer-service
js-004377,job-03101,sk-hospitality
js-004378,job-03102,sk-customer-service
js-004379,job-03102,sk-hospitality
js-004380,job-03103,sk-cooking
js-004381,job-03103,sk-food-preparation
js-004382,job-03104,sk-driving
js-004383,job-03105,sk-driving
js-004384,job-03105,sk-truck-driving
js-004385,job-03106,sk-driving
js-004386,job-03106,sk-truck-driving
js-004387,job-03107,sk-driving
js-004388,job-03107,sk-truck-driving
js-004389,job-03108,sk-driving
js-004390,job-03109,sk-driving
js-004391,job-03110,sk-driving
js-004392,job-03110,sk-van-driving
js-004393,job-03111,sk-driving
js-004394,job-03112,sk-driving
js-004395,job-03112,sk-truck-driving
js-004396,job-03113,sk-driving
js-004397,job-03114,sk-driving
js-004398,job-03115,sk-driving
js-004399,job-03115,sk-truck-driving
js-004400,job-03116,sk-driving
js-004401,job-03117,sk-driving
js-004402,job-03118,sk-driving
js-004403,job-03118,sk-van-driving
js-004404,job-03119,sk-driving
js-004405,job-03120,sk-driving
js-004406,job-03121,sk-driving
js-004407,job-03122,sk-driving
js-004408,job-03122,sk-truck-driving
js-004409,job-03123,sk-driving
js-004410,job-03124,sk-driving
js-004411,job-03124,sk-truck-driving
js-004412,job-03125,sk-driving
js-004413,job-03125,sk-truck-driving
js-004414,job-03126,sk-driving
js-004415,job-03127,sk-driving
js-004416,job-03127,sk-truck-driving
js-004417,job-03128,sk-driving
js-004418,job-03129,sk-driving
js-004419,job-03130,sk-driving
js-004420,job-03131,sk-driving
js-004421,job-03131,sk-truck-driving
js-004422,job-03132,sk-driving
js-004423,job-03133,sk-driving
js-004424,job-03133,sk-truck-driving
js-004425,job-03134,sk-driving
js-004426,job-03135,sk-driving
js-004427,job-03136,sk-driving
js-004428,job-03137,sk-driving
js-004429,job-03138,sk-driving
js-004430,job-03139,sk-driving
js-004431,job-03140,sk-driving
js-004432,job-03141,sk-driving
js-004433,job-03142,sk-driving
js-004434,job-03143,sk-driving
js-004435,job-03144,sk-driving
js-004436,job-03144,sk-truck-driving
js-004437,job-03145,sk-driving
js-004438,job-03145,sk-slovenian-language
js-004439,job-03145,sk-truck-driving
js-004440,job-03146,sk-driving
js-004441,job-03147,sk-driving
js-004442,job-03147,sk-van-driving
js-004443,job-03148,sk-driving
js-004444,job-03148,sk-slovenian-language
js-004445,job-03148,sk-truck-driving
js-004446,job-03149,sk-driving
js-004447,job-03149,sk-truck-driving
js-004448,job-03150,sk-driving
js-004449,job-03151,sk-driving
js-004450,job-03152,sk-driving
js-004451,job-03153,sk-driving
js-004452,job-03153,sk-truck-driving
js-004453,job-03154,sk-driving
js-004454,job-03154,sk-truck-driving
js-004455,job-03155,sk-driving
js-004456,job-03155,sk-truck-driving
js-004457,job-03156,sk-driving
js-004458,job-03156,sk-van-driving
js-004459,job-03157,sk-driving
js-004460,job-03158,sk-driving
js-004461,job-03158,sk-truck-driving
js-004462,job-03159,sk-driving
js-004463,job-03159,sk-slovenian-language
js-004464,job-03160,sk-driving
js-004465,job-03161,sk-driving
js-004466,job-03161,sk-slovenian-language
js-004467,job-03161,sk-truck-driving
js-004468,job-03162,sk-driving
js-004469,job-03163,sk-driving
js-004470,job-03164,sk-driving
js-004471,job-03164,sk-slovenian-language
js-004472,job-03164,sk-truck-driving
js-004473,job-03165,sk-driving
js-004474,job-03166,sk-driving
js-004475,job-03167,sk-driving
js-004476,job-03167,sk-slovenian-language
js-004477,job-03167,sk-truck-driving
js-004478,job-03168,sk-driving
js-004479,job-03169,sk-driving
js-004480,job-03169,sk-slovenian-language
js-004481,job-03169,sk-truck-driving
js-004482,job-03170,sk-driving
js-004483,job-03170,sk-van-driving
js-004484,job-03171,sk-construction-work
js-004485,job-03171,sk-driving
js-004486,job-03172,sk-forklift-operation
js-004487,job-03172,sk-warehouse-operations
js-004488,job-03173,sk-general-work
js-004489,job-03174,sk-driving
js-004490,job-03175,sk-driving
js-004491,job-03176,sk-driving
js-004492,job-03177,sk-driving
js-004493,job-03177,sk-van-driving
js-004494,job-03178,sk-driving
js-004495,job-03178,sk-truck-driving
js-004496,job-03179,sk-driving
js-004497,job-03180,sk-driving
js-004498,job-03181,sk-driving
js-004499,job-03182,sk-driving
js-004500,job-03182,sk-slovenian-language
js-004501,job-03183,sk-driving
js-004502,job-03183,sk-slovenian-language
js-004503,job-03183,sk-truck-driving
js-004504,job-03184,sk-driving
js-004505,job-03185,sk-driving
js-004506,job-03186,sk-driving
js-004507,job-03186,sk-truck-driving
js-004508,job-03187,sk-driving
js-004509,job-03187,sk-truck-driving
js-004510,job-03188,sk-driving
js-004511,job-03188,sk-van-driving
js-004512,job-03189,sk-general-work
js-004513,job-03190,sk-driving
js-004514,job-03190,sk-truck-driving
js-004515,job-03191,sk-driving
js-004516,job-03191,sk-truck-driving
js-004517,job-03192,sk-driving
js-004518,job-03193,sk-driving
js-004519,job-03194,sk-driving
js-004520,job-03194,sk-truck-driving
js-004521,job-03195,sk-driving
js-004522,job-03195,sk-truck-driving
js-004523,job-03196,sk-driving
js-004524,job-03197,sk-driving
js-004525,job-03197,sk-truck-driving
js-004526,job-03198,sk-driving
js-004527,job-03199,sk-driving
js-004528,job-03200,sk-driving
js-004529,job-03200,sk-truck-driving
js-004530,job-03201,sk-driving
js-004531,job-03201,sk-truck-driving
js-004532,job-03202,sk-driving
js-004533,job-03202,sk-slovenian-language
js-004534,job-03202,sk-van-driving
js-004535,job-03203,sk-driving
js-004536,job-03203,sk-truck-driving
js-004537,job-03204,sk-driving
js-004538,job-03204,sk-truck-driving
js-004539,job-03205,sk-driving
js-004540,job-03205,sk-truck-driving
js-004541,job-03206,sk-mechanical-repair
js-004542,job-03207,sk-driving
js-004543,job-03207,sk-truck-driving
js-004544,job-03208,sk-driving
js-004545,job-03209,sk-driving
js-004546,job-03210,sk-driving
js-004547,job-03210,sk-truck-driving
js-004548,job-03211,sk-driving
js-004549,job-03212,sk-driving
js-004550,job-03212,sk-slovenian-language
js-004551,job-03213,sk-driving
js-004552,job-03214,sk-driving
js-004553,job-03214,sk-truck-driving
js-004554,job-03215,sk-driving
js-004555,job-03216,sk-driving
js-004556,job-03216,sk-truck-driving
js-004557,job-03217,sk-driving
js-004558,job-03217,sk-slovenian-language
js-004559,job-03217,sk-truck-driving
js-004560,job-03218,sk-driving
js-004561,job-03218,sk-english-language
js-004562,job-03218,sk-german-language
js-004563,job-03219,sk-driving
js-004564,job-03219,sk-truck-driving
js-004565,job-03220,sk-driving
js-004566,job-03221,sk-driving
js-004567,job-03222,sk-driving
js-004568,job-03223,sk-driving
js-004569,job-03223,sk-truck-driving
js-004570,job-03224,sk-driving
js-004571,job-03224,sk-truck-driving
js-004572,job-03225,sk-driving
js-004573,job-03226,sk-driving
js-004574,job-03227,sk-driving
js-004575,job-03228,sk-driving
js-004576,job-03228,sk-english-language
js-004577,job-03228,sk-truck-driving
js-004578,job-03229,sk-driving
js-004579,job-03230,sk-driving
js-004580,job-03231,sk-driving
js-004581,job-03232,sk-driving
js-004582,job-03232,sk-van-driving
js-004583,job-03233,sk-driving
js-004584,job-03234,sk-driving
js-004585,job-03235,sk-driving
js-004586,job-03236,sk-driving
js-004587,job-03237,sk-driving
js-004588,job-03237,sk-truck-driving
js-004589,job-03238,sk-driving
js-004590,job-03238,sk-truck-driving
js-004591,job-03239,sk-driving
js-004592,job-03240,sk-driving
js-004593,job-03240,sk-truck-driving
js-004594,job-03241,sk-driving
js-004595,job-03241,sk-slovenian-language
js-004596,job-03241,sk-van-driving
js-004597,job-03242,sk-driving
js-004598,job-03242,sk-truck-driving
js-004599,job-03243,sk-driving
js-004600,job-03243,sk-van-driving
js-004601,job-03244,sk-driving
js-004602,job-03245,sk-driving
js-004603,job-03245,sk-truck-driving
js-004604,job-03246,sk-driving
js-004605,job-03247,sk-driving
js-004606,job-03248,sk-driving
js-004607,job-03249,sk-driving
js-004608,job-03249,sk-truck-driving
js-004609,job-03250,sk-driving
js-004610,job-03251,sk-driving
js-004611,job-03251,sk-van-driving
js-004612,job-03252,sk-driving
js-004613,job-03252,sk-truck-driving
js-004614,job-03253,sk-driving
js-004615,job-03253,sk-truck-driving
js-004616,job-03254,sk-driving
js-004617,job-03254,sk-truck-driving
js-004618,job-03255,sk-driving
js-004619,job-03256,sk-driving
js-004620,job-03256,sk-english-language
js-004621,job-03257,sk-driving
js-004622,job-03258,sk-driving
js-004623,job-03258,sk-truck-driving
js-004624,job-03259,sk-driving
js-004625,job-03260,sk-driving
js-004626,job-03260,sk-van-driving
js-004627,job-03261,sk-driving
js-004628,job-03261,sk-truck-driving
js-004629,job-03262,sk-driving
js-004630,job-03262,sk-truck-driving
js-004631,job-03263,sk-driving
js-004632,job-03264,sk-driving
js-004633,job-03264,sk-truck-driving
js-004634,job-03265,sk-driving
js-004635,job-03265,sk-truck-driving
js-004636,job-03266,sk-driving
js-004637,job-03266,sk-truck-driving
js-004638,job-03267,sk-driving
js-004639,job-03267,sk-truck-driving
js-004640,job-03268,sk-driving
js-004641,job-03268,sk-truck-driving
js-004642,job-03269,sk-driving
js-004643,job-03269,sk-slovenian-language
js-004644,job-03270,sk-driving
js-004645,job-03270,sk-truck-driving
js-004646,job-03271,sk-driving
js-004647,job-03272,sk-driving
js-004648,job-03272,sk-truck-driving
js-004649,job-03273,sk-accounting
js-004650,job-03274,sk-accounting
js-004651,job-03275,sk-accounting
js-004652,job-03276,sk-accounting
js-004653,job-03277,sk-accounting
js-004654,job-03278,sk-accounting
js-004655,job-03279,sk-accounting
js-004656,job-03280,sk-accounting
js-004657,job-03281,sk-accounting
js-004658,job-03282,sk-accounting
js-004659,job-03283,sk-accounting
js-004660,job-03284,sk-accounting
js-004661,job-03285,sk-accounting
js-004662,job-03286,sk-accounting
js-004663,job-03287,sk-accounting
js-004664,job-03288,sk-accounting
js-004665,job-03289,sk-accounting
js-004666,job-03290,sk-accounting
js-004667,job-03291,sk-accounting
js-004668,job-03292,sk-accounting
js-004669,job-03293,sk-accounting
js-004670,job-03294,sk-accounting
js-004671,job-03295,sk-accounting
js-004672,job-03296,sk-accounting
js-004673,job-03297,sk-accounting
js-004674,job-03298,sk-accounting
js-004675,job-03299,sk-accounting
js-004676,job-03300,sk-accounting
js-004677,job-03301,sk-accounting
js-004678,job-03302,sk-accounting
js-004679,job-03303,sk-accounting
js-004680,job-03304,sk-accounting
js-004681,job-03305,sk-accounting
js-004682,job-03306,sk-accounting
js-004683,job-03307,sk-accounting
js-004684,job-03308,sk-accounting
js-004685,job-03309,sk-accounting
js-004686,job-03310,sk-accounting
js-004687,job-03311,sk-accounting
js-004688,job-03312,sk-accounting
js-004689,job-03313,sk-accounting
js-004690,job-03314,sk-accounting
js-004691,job-03315,sk-accounting
js-004692,job-03316,sk-accounting
js-004693,job-03317,sk-accounting
js-004694,job-03318,sk-accounting
js-004695,job-03319,sk-accounting
js-004696,job-03320,sk-administration
js-004697,job-03320,sk-payroll-administration
js-004698,job-03321,sk-accounting
js-004699,job-03322,sk-accounting
js-004700,job-03323,sk-accounting
js-004701,job-03324,sk-accounting
js-004702,job-03325,sk-accounting
js-004703,job-03326,sk-accounting
js-004704,job-03327,sk-administration
js-004705,job-03328,sk-administration
js-004706,job-03329,sk-administration
js-004707,job-03330,sk-administration
js-004708,job-03331,sk-administration
js-004709,job-03332,sk-production-work
js-004710,job-03333,sk-administration
js-004711,job-03334,sk-administration
js-004712,job-03335,sk-administration
js-004713,job-03336,sk-administration
js-004714,job-03337,sk-administration
js-004715,job-03338,sk-administration
js-004716,job-03339,sk-cash-handling
js-004717,job-03339,sk-inventory-management
js-004718,job-03339,sk-sales
js-004719,job-03340,sk-administration
js-004720,job-03341,sk-administration
js-004721,job-03342,sk-warehouse-operations
js-004722,job-03343,sk-administration
js-004723,job-03344,sk-administration
js-004724,job-03345,sk-administration
js-004725,job-03346,sk-management
js-004726,job-03347,sk-administration
js-004727,job-03348,sk-sales
js-004728,job-03349,sk-administration
js-004729,job-03350,sk-administration
js-004730,job-03351,sk-administration
js-004731,job-03352,sk-administration
js-004732,job-03353,sk-administration
js-004733,job-03354,sk-patient-care
js-004734,job-03355,sk-nursing
js-004735,job-03356,sk-general-work
js-004736,job-03357,sk-general-work
js-004737,job-03358,sk-patient-care
js-004738,job-03359,sk-nursing
js-004739,job-03360,sk-administration
js-004740,job-03361,sk-administration
js-004741,job-03362,sk-administration
js-004742,job-03363,sk-administration
js-004743,job-03364,sk-administration
js-004744,job-03365,sk-administration
js-004745,job-03366,sk-administration
js-004746,job-03367,sk-administration
js-004747,job-03368,sk-administration
js-004748,job-03369,sk-machine-operation
js-004749,job-03369,sk-production-work
js-004750,job-03370,sk-machine-operation
js-004751,job-03370,sk-production-work
js-004752,job-03371,sk-cnc-machining
js-004753,job-03371,sk-machine-operation
js-004754,job-03371,sk-production-work
js-004755,job-03372,sk-machine-operation
js-004756,job-03372,sk-production-work
js-004757,job-03373,sk-machine-operation
js-004758,job-03373,sk-production-work
js-004759,job-03374,sk-machine-operation
js-004760,job-03374,sk-production-work
js-004761,job-03375,sk-machine-operation
js-004762,job-03375,sk-production-work
js-004763,job-03376,sk-cnc-machining
js-004764,job-03376,sk-machine-operation
js-004765,job-03376,sk-production-work
js-004766,job-03377,sk-machine-operation
js-004767,job-03377,sk-production-work
js-004768,job-03378,sk-machine-operation
js-004769,job-03378,sk-production-work
js-004770,job-03379,sk-machine-operation
js-004771,job-03379,sk-production-work
js-004772,job-03380,sk-machine-operation
js-004773,job-03380,sk-production-work
js-004774,job-03381,sk-machine-operation
js-004775,job-03381,sk-production-work
js-004776,job-03382,sk-machine-operation
js-004777,job-03382,sk-production-work
js-004778,job-03383,sk-pharmacy
js-004779,job-03384,sk-machine-operation
js-004780,job-03384,sk-production-work
js-004781,job-03385,sk-machine-operation
js-004782,job-03385,sk-production-work
js-004783,job-03386,sk-cnc-machining
js-004784,job-03386,sk-machine-operation
js-004785,job-03386,sk-production-work
js-004786,job-03387,sk-cnc-machining
js-004787,job-03387,sk-machine-operation
js-004788,job-03387,sk-production-work
js-004789,job-03388,sk-machine-operation
js-004790,job-03388,sk-production-work
js-004791,job-03389,sk-machine-operation
js-004792,job-03389,sk-production-work
js-004793,job-03390,sk-machine-operation
js-004794,job-03390,sk-production-work
js-004795,job-03391,sk-machine-operation
js-004796,job-03391,sk-production-work
js-004797,job-03392,sk-machine-operation
js-004798,job-03392,sk-production-work
js-004799,job-03393,sk-machine-operation
js-004800,job-03393,sk-production-work
js-004801,job-03394,sk-machine-operation
js-004802,job-03394,sk-production-work
js-004803,job-03395,sk-machine-operation
js-004804,job-03395,sk-production-work
js-004805,job-03396,sk-machine-operation
js-004806,job-03396,sk-production-work
js-004807,job-03397,sk-machine-operation
js-004808,job-03397,sk-production-work
js-004809,job-03398,sk-machine-operation
js-004810,job-03398,sk-production-work
js-004811,job-03399,sk-cnc-machining
js-004812,job-03399,sk-machine-operation
js-004813,job-03399,sk-production-work
js-004814,job-03400,sk-machine-operation
js-004815,job-03400,sk-production-work
js-004816,job-03401,sk-machine-operation
js-004817,job-03401,sk-production-work
js-004818,job-03402,sk-machine-operation
js-004819,job-03402,sk-production-work
js-004820,job-03403,sk-warehouse-operations
js-004821,job-03404,sk-machine-operation
js-004822,job-03404,sk-production-work
js-004823,job-03405,sk-machine-operation
js-004824,job-03405,sk-production-work
js-004825,job-03406,sk-cnc-machining
js-004826,job-03406,sk-machine-operation
js-004827,job-03406,sk-production-work
js-004828,job-03407,sk-machine-operation
js-004829,job-03407,sk-production-work
js-004830,job-03408,sk-machine-operation
js-004831,job-03408,sk-production-work
js-004832,job-03409,sk-machine-operation
js-004833,job-03409,sk-production-work
js-004834,job-03410,sk-machine-operation
js-004835,job-03410,sk-production-work
js-004836,job-03411,sk-machine-operation
js-004837,job-03411,sk-production-work
js-004838,job-03412,sk-cnc-machining
js-004839,job-03412,sk-machine-operation
js-004840,job-03412,sk-production-work
js-004841,job-03413,sk-machine-operation
js-004842,job-03413,sk-production-work
js-004843,job-03414,sk-cnc-machining
js-004844,job-03414,sk-machine-operation
js-004845,job-03414,sk-production-work
js-004846,job-03415,sk-cnc-machining
js-004847,job-03415,sk-machine-operation
js-004848,job-03415,sk-production-work
js-004849,job-03416,sk-machine-operation
js-004850,job-03416,sk-production-work
js-004851,job-03417,sk-machine-operation
js-004852,job-03417,sk-production-work
js-004853,job-03418,sk-machine-operation
js-004854,job-03418,sk-production-work
js-004855,job-03419,sk-cnc-machining
js-004856,job-03419,sk-machine-operation
js-004857,job-03419,sk-production-work
js-004858,job-03420,sk-cnc-machining
js-004859,job-03420,sk-machine-operation
js-004860,job-03420,sk-production-work
js-004861,job-03421,sk-english-language
js-004862,job-03421,sk-machine-operation
js-004863,job-03421,sk-production-work
js-004864,job-03422,sk-cnc-machining
js-004865,job-03422,sk-machine-operation
js-004866,job-03422,sk-production-work
js-004867,job-03423,sk-cnc-machining
js-004868,job-03423,sk-machine-operation
js-004869,job-03423,sk-production-work
js-004870,job-03424,sk-machine-operation
js-004871,job-03424,sk-production-work
js-004872,job-03425,sk-machine-operation
js-004873,job-03425,sk-production-work
js-004874,job-03426,sk-machine-operation
js-004875,job-03426,sk-production-work
js-004876,job-03427,sk-machine-operation
js-004877,job-03427,sk-production-work
js-004878,job-03428,sk-machine-operation
js-004879,job-03428,sk-production-work
js-004880,job-03429,sk-warehouse-operations
js-004881,job-03430,sk-machine-operation
js-004882,job-03430,sk-production-work
js-004883,job-03431,sk-cnc-machining
js-004884,job-03431,sk-machine-operation
js-004885,job-03431,sk-production-work
js-004886,job-03432,sk-machine-operation
js-004887,job-03432,sk-production-work
js-004888,job-03432,sk-slovenian-language
js-004889,job-03433,sk-general-work
js-004890,job-03434,sk-technical-maintenance
js-004891,job-03435,sk-technical-maintenance
js-004892,job-03436,sk-accounting
js-004893,job-03437,sk-general-work
js-004894,job-03438,sk-general-work
js-004895,job-03439,sk-general-work
js-004896,job-03440,sk-general-work
js-004897,job-03441,sk-general-work
js-004898,job-03442,sk-general-work
js-004899,job-03443,sk-general-work
js-004900,job-03444,sk-general-work
js-004901,job-03445,sk-general-work
js-004902,job-03446,sk-general-work
js-004903,job-03447,sk-general-work
js-004904,job-03448,sk-general-work
js-004905,job-03449,sk-general-work
js-004906,job-03450,sk-administration
js-004907,job-03451,sk-general-work
js-004908,job-03452,sk-general-work
js-004909,job-03453,sk-general-work
js-004910,job-03454,sk-general-work
js-004911,job-03455,sk-general-work
js-004912,job-03456,sk-warehouse-operations
js-004913,job-03457,sk-machine-operation
js-004914,job-03457,sk-production-work
js-004915,job-03458,sk-machine-operation
js-004916,job-03458,sk-production-work
js-004917,job-03459,sk-machine-operation
js-004918,job-03459,sk-production-work
js-004919,job-03460,sk-cnc-machining
js-004920,job-03460,sk-machine-operation
js-004921,job-03460,sk-production-work
js-004922,job-03461,sk-machine-operation
js-004923,job-03461,sk-production-work
js-004924,job-03462,sk-machine-operation
js-004925,job-03462,sk-production-work
js-004926,job-03463,sk-machine-operation
js-004927,job-03463,sk-production-work
js-004928,job-03464,sk-machine-operation
js-004929,job-03464,sk-production-work
js-004930,job-03465,sk-cnc-machining
js-004931,job-03465,sk-machine-operation
js-004932,job-03465,sk-production-work
js-004933,job-03466,sk-machine-operation
js-004934,job-03466,sk-production-work
js-004935,job-03467,sk-machine-operation
js-004936,job-03467,sk-production-work
js-004937,job-03468,sk-machine-operation
js-004938,job-03468,sk-production-work
js-004939,job-03469,sk-machine-operation
js-004940,job-03469,sk-production-work
js-004941,job-03470,sk-machine-operation
js-004942,job-03470,sk-production-work
js-004943,job-03471,sk-machine-operation
js-004944,job-03471,sk-production-work
js-004945,job-03472,sk-machine-operation
js-004946,job-03472,sk-production-work
js-004947,job-03472,sk-slovenian-language
js-004948,job-03473,sk-cnc-machining
js-004949,job-03473,sk-machine-operation
js-004950,job-03473,sk-production-work
js-004951,job-03474,sk-machine-operation
js-004952,job-03474,sk-production-work
js-004953,job-03475,sk-machine-operation
js-004954,job-03475,sk-production-work
js-004955,job-03476,sk-machine-operation
js-004956,job-03476,sk-production-work
js-004957,job-03477,sk-machine-operation
js-004958,job-03477,sk-production-work
js-004959,job-03478,sk-machine-operation
js-004960,job-03478,sk-production-work
js-004961,job-03479,sk-machine-operation
js-004962,job-03479,sk-production-work
js-004963,job-03480,sk-machine-operation
js-004964,job-03480,sk-production-work
js-004965,job-03481,sk-machine-operation
js-004966,job-03481,sk-production-work
js-004967,job-03482,sk-cnc-machining
js-004968,job-03482,sk-machine-operation
js-004969,job-03482,sk-production-work
js-004970,job-03483,sk-machine-operation
js-004971,job-03483,sk-production-work
js-004972,job-03484,sk-machine-operation
js-004973,job-03484,sk-production-work
js-004974,job-03485,sk-machine-operation
js-004975,job-03485,sk-production-work
js-004976,job-03486,sk-machine-operation
js-004977,job-03486,sk-production-work
js-004978,job-03487,sk-machine-operation
js-004979,job-03487,sk-production-work
js-004980,job-03488,sk-machine-operation
js-004981,job-03488,sk-production-work
js-004982,job-03489,sk-machine-operation
js-004983,job-03489,sk-production-work
js-004984,job-03490,sk-machine-operation
js-004985,job-03490,sk-production-work
js-004986,job-03491,sk-machine-operation
js-004987,job-03491,sk-production-work
js-004988,job-03492,sk-cnc-machining
js-004989,job-03492,sk-machine-operation
js-004990,job-03492,sk-production-work
js-004991,job-03493,sk-machine-operation
js-004992,job-03493,sk-production-work
js-004993,job-03493,sk-slovenian-language
js-004994,job-03494,sk-cnc-machining
js-004995,job-03494,sk-machine-operation
js-004996,job-03494,sk-production-work
js-004997,job-03495,sk-machine-operation
js-004998,job-03495,sk-production-work
js-004999,job-03496,sk-machine-operation
js-005000,job-03496,sk-production-work
js-005001,job-03497,sk-machine-operation
js-005002,job-03497,sk-production-work
js-005003,job-03498,sk-machine-operation
js-005004,job-03498,sk-production-work
js-005005,job-03499,sk-machine-operation
js-005006,job-03499,sk-production-work
js-005007,job-03500,sk-machine-operation
js-005008,job-03500,sk-production-work
js-005009,job-03501,sk-machine-operation
js-005010,job-03501,sk-production-work
js-005011,job-03502,sk-machine-operation
js-005012,job-03502,sk-production-work
js-005013,job-03503,sk-general-work
js-005014,job-03504,sk-general-work
js-005015,job-03505,sk-warehouse-operations
js-005016,job-03506,sk-cnc-machining
js-005017,job-03506,sk-machine-operation
js-005018,job-03506,sk-production-work
js-005019,job-03507,sk-cnc-machining
js-005020,job-03507,sk-machine-operation
js-005021,job-03507,sk-production-work
js-005022,job-03508,sk-machine-operation
js-005023,job-03508,sk-production-work
js-005024,job-03509,sk-machine-operation
js-005025,job-03509,sk-production-work
js-005026,job-03510,sk-cnc-machining
js-005027,job-03510,sk-machine-operation
js-005028,job-03510,sk-production-work
js-005029,job-03511,sk-cnc-machining
js-005030,job-03511,sk-machine-operation
js-005031,job-03511,sk-production-work
js-005032,job-03512,sk-cnc-machining
js-005033,job-03512,sk-machine-operation
js-005034,job-03512,sk-production-work
js-005035,job-03513,sk-machine-operation
js-005036,job-03513,sk-production-work
js-005037,job-03514,sk-machine-operation
js-005038,job-03514,sk-production-work
js-005039,job-03515,sk-machine-operation
js-005040,job-03515,sk-production-work
js-005041,job-03516,sk-machine-operation
js-005042,job-03516,sk-production-work
js-005043,job-03517,sk-machine-operation
js-005044,job-03517,sk-production-work
js-005045,job-03518,sk-machine-operation
js-005046,job-03518,sk-production-work
js-005047,job-03519,sk-machine-operation
js-005048,job-03519,sk-production-work
js-005049,job-03520,sk-machine-operation
js-005050,job-03520,sk-production-work
js-005051,job-03521,sk-machine-operation
js-005052,job-03521,sk-production-work
js-005053,job-03522,sk-machine-operation
js-005054,job-03522,sk-production-work
js-005055,job-03523,sk-machine-operation
js-005056,job-03523,sk-production-work
js-005057,job-03524,sk-machine-operation
js-005058,job-03524,sk-production-work
js-005059,job-03525,sk-machine-operation
js-005060,job-03525,sk-production-work
js-005061,job-03526,sk-cnc-machining
js-005062,job-03526,sk-machine-operation
js-005063,job-03526,sk-production-work
js-005064,job-03527,sk-teaching
js-005065,job-03528,sk-cnc-machining
js-005066,job-03528,sk-machine-operation
js-005067,job-03528,sk-production-work
js-005068,job-03529,sk-machine-operation
js-005069,job-03529,sk-production-work
js-005070,job-03530,sk-machine-operation
js-005071,job-03530,sk-production-work
js-005072,job-03531,sk-cnc-machining
js-005073,job-03531,sk-machine-operation
js-005074,job-03531,sk-production-work
js-005075,job-03532,sk-cnc-machining
js-005076,job-03532,sk-machine-operation
js-005077,job-03532,sk-production-work
js-005078,job-03533,sk-machine-operation
js-005079,job-03533,sk-production-work
js-005080,job-03534,sk-machine-operation
js-005081,job-03534,sk-production-work
js-005082,job-03535,sk-machine-operation
js-005083,job-03535,sk-production-work
js-005084,job-03536,sk-cnc-machining
js-005085,job-03536,sk-machine-operation
js-005086,job-03536,sk-production-work
js-005087,job-03537,sk-machine-operation
js-005088,job-03537,sk-production-work
js-005089,job-03538,sk-machine-operation
js-005090,job-03538,sk-production-work
js-005091,job-03539,sk-cnc-machining
js-005092,job-03539,sk-machine-operation
js-005093,job-03539,sk-production-work
js-005094,job-03540,sk-machine-operation
js-005095,job-03540,sk-production-work
js-005096,job-03541,sk-technical-maintenance
js-005097,job-03542,sk-technical-maintenance
js-005098,job-03543,sk-technical-maintenance
js-005099,job-03544,sk-pharmacy
js-005100,job-03545,sk-laboratory-diagnostics
js-005101,job-03545,sk-nursing
js-005102,job-03546,sk-technical-maintenance
js-005103,job-03547,sk-pharmacy
js-005104,job-03548,sk-technical-maintenance
js-005105,job-03549,sk-technical-maintenance
js-005106,job-03550,sk-pharmacy
js-005107,job-03551,sk-legal-work
js-005108,job-03552,sk-technical-maintenance
js-005109,job-03553,sk-technical-maintenance
js-005110,job-03554,sk-legal-work
js-005111,job-03555,sk-technical-maintenance
js-005112,job-03556,sk-technical-maintenance
js-005113,job-03557,sk-technical-maintenance
js-005114,job-03558,sk-technical-maintenance
js-005115,job-03559,sk-technical-maintenance
js-005116,job-03560,sk-nursing
js-005117,job-03561,sk-technical-maintenance
js-005118,job-03562,sk-technical-maintenance
js-005119,job-03563,sk-technical-maintenance
js-005120,job-03564,sk-technical-maintenance
js-005121,job-03565,sk-technical-maintenance
js-005122,job-03566,sk-technical-maintenance
js-005123,job-03567,sk-technical-maintenance
js-005124,job-03568,sk-assembly
js-005125,job-03569,sk-technical-maintenance
js-005126,job-03570,sk-technical-maintenance
js-005127,job-03571,sk-technical-maintenance
js-005128,job-03572,sk-technical-maintenance
js-005129,job-03573,sk-technical-maintenance
js-005130,job-03574,sk-pharmacy
js-005131,job-03575,sk-construction-work
js-005132,job-03576,sk-medicine
js-005133,job-03576,sk-nursing
js-005134,job-03577,sk-technical-maintenance
js-005135,job-03578,sk-production-work
js-005136,job-03579,sk-english-language
js-005137,job-03579,sk-technical-maintenance
js-005138,job-03580,sk-technical-maintenance
js-005139,job-03581,sk-technical-maintenance
js-005140,job-03582,sk-technical-maintenance
js-005141,job-03583,sk-technical-maintenance
js-005142,job-03584,sk-technical-maintenance
js-005143,job-03585,sk-nursing
js-005144,job-03585,sk-patient-care
js-005145,job-03586,sk-assembly
js-005146,job-03587,sk-pharmacy
js-005147,job-03588,sk-technical-maintenance
js-005148,job-03589,sk-technical-maintenance
js-005149,job-03590,sk-technical-maintenance
js-005150,job-03591,sk-technical-maintenance
js-005151,job-03592,sk-technical-maintenance
js-005152,job-03593,sk-technical-maintenance
js-005153,job-03594,sk-technical-maintenance
js-005154,job-03595,sk-technical-maintenance
js-005155,job-03596,sk-technical-maintenance
js-005156,job-03597,sk-technical-maintenance
js-005157,job-03598,sk-technical-maintenance
js-005158,job-03599,sk-production-work
js-005159,job-03600,sk-technical-maintenance
js-005160,job-03601,sk-hospitality
js-005161,job-03602,sk-english-language
js-005162,job-03602,sk-technical-maintenance
js-005163,job-03603,sk-technical-maintenance
js-005164,job-03604,sk-production-work
js-005165,job-03605,sk-technical-maintenance
js-005166,job-03606,sk-general-work
js-005167,job-03607,sk-technical-maintenance
js-005168,job-03608,sk-nursing
js-005169,job-03609,sk-general-work
js-005170,job-03610,sk-general-work
js-005171,job-03611,sk-nursing
js-005172,job-03612,sk-nursing
js-005173,job-03613,sk-administration
js-005174,job-03614,sk-nursing
js-005175,job-03615,sk-cooking
js-005176,job-03615,sk-food-preparation
js-005177,job-03616,sk-welding
js-005178,job-03617,sk-nursing
js-005179,job-03618,sk-general-work
js-005180,job-03619,sk-nursing
js-005181,job-03620,sk-nursing
js-005182,job-03621,sk-general-work
js-005183,job-03622,sk-accounting
js-005184,job-03623,sk-nursing
js-005185,job-03624,sk-accounting
js-005186,job-03625,sk-general-work
js-005187,job-03626,sk-nursing
js-005188,job-03627,sk-technical-maintenance
js-005189,job-03628,sk-nursing
js-005190,job-03629,sk-nursing
js-005191,job-03630,sk-nursing
js-005192,job-03631,sk-nursing
js-005193,job-03632,sk-social-work
js-005194,job-03633,sk-nursing
js-005195,job-03634,sk-general-work
js-005196,job-03635,sk-nursing
js-005197,job-03636,sk-general-work
js-005198,job-03637,sk-general-work
js-005199,job-03638,sk-nursing
js-005200,job-03639,sk-nursing
js-005201,job-03640,sk-nursing
js-005202,job-03641,sk-management
js-005203,job-03642,sk-nursing
js-005204,job-03643,sk-nursing
js-005205,job-03644,sk-general-work
js-005206,job-03645,sk-nursing
js-005207,job-03646,sk-warehouse-operations
js-005208,job-03647,sk-accounting
js-005209,job-03648,sk-general-work
js-005210,job-03649,sk-nursing
js-005211,job-03650,sk-administration
js-005212,job-03651,sk-nursing
js-005213,job-03652,sk-administration
js-005214,job-03653,sk-nursing
js-005215,job-03654,sk-nursing
js-005216,job-03655,sk-general-work
js-005217,job-03656,sk-general-work
js-005218,job-03657,sk-management
js-005219,job-03658,sk-nursing
js-005220,job-03659,sk-technical-maintenance
js-005221,job-03660,sk-general-work
js-005222,job-03661,sk-nursing
js-005223,job-03662,sk-nursing
js-005224,job-03663,sk-nursing
js-005225,job-03664,sk-nursing
js-005226,job-03665,sk-nursing
js-005227,job-03666,sk-nursing
js-005228,job-03667,sk-general-work
js-005229,job-03668,sk-technical-maintenance
js-005230,job-03669,sk-pharmacy
js-005231,job-03670,sk-technical-maintenance
js-005232,job-03671,sk-technical-maintenance
js-005233,job-03672,sk-technical-maintenance
js-005234,job-03673,sk-construction-work
js-005235,job-03674,sk-technical-maintenance
js-005236,job-03675,sk-cnc-machining
js-005237,job-03675,sk-machine-operation
js-005238,job-03675,sk-production-work
js-005239,job-03676,sk-assembly
js-005240,job-03677,sk-pharmacy
js-005241,job-03678,sk-technical-maintenance
js-005242,job-03679,sk-legal-work
js-005243,job-03680,sk-general-work
js-005244,job-03681,sk-cooking
js-005245,job-03682,sk-general-work
js-005246,job-03683,sk-general-work
js-005247,job-03684,sk-nursing
js-005248,job-03685,sk-management
js-005249,job-03686,sk-management
js-005250,job-03687,sk-nursing
js-005251,job-03688,sk-technical-maintenance
js-005252,job-03689,sk-technical-maintenance
js-005253,job-03690,sk-technical-maintenance
js-005254,job-03691,sk-legal-work
js-005255,job-03691,sk-slovenian-language
js-005256,job-03692,sk-pharmacy
js-005257,job-03693,sk-slovenian-language
js-005258,job-03693,sk-technical-maintenance
js-005259,job-03694,sk-english-language
js-005260,job-03694,sk-german-language
js-005261,job-03694,sk-technical-maintenance
js-005262,job-03695,sk-technical-maintenance
js-005263,job-03696,sk-nursing
js-005264,job-03696,sk-slovenian-language
js-005265,job-03697,sk-nursing
js-005266,job-03697,sk-slovenian-language
js-005267,job-03698,sk-nursing
js-005268,job-03698,sk-slovenian-language
js-005269,job-03699,sk-nursing
js-005270,job-03699,sk-slovenian-language
js-005271,job-03700,sk-general-work
js-005272,job-03701,sk-cooking
js-005273,job-03702,sk-cooking
js-005274,job-03702,sk-pizza-preparation
js-005275,job-03703,sk-welding
js-005276,job-03704,sk-cooking
js-005277,job-03705,sk-welding
js-005278,job-03706,sk-assembly
js-005279,job-03707,sk-assembly
js-005280,job-03708,sk-welding
js-005281,job-03709,sk-nursing
js-005282,job-03710,sk-nursing
js-005283,job-03711,sk-construction-work
js-005284,job-03712,sk-technical-maintenance
js-005285,job-03713,sk-administration
js-005286,job-03714,sk-technical-maintenance
js-005287,job-03715,sk-technical-maintenance
js-005288,job-03716,sk-technical-maintenance
js-005289,job-03717,sk-technical-maintenance
js-005290,job-03718,sk-nursing
js-005291,job-03719,sk-general-work
js-005292,job-03720,sk-physiotherapy
js-005293,job-03721,sk-production-work
js-005294,job-03722,sk-technical-maintenance
js-005295,job-03723,sk-machine-operation
js-005296,job-03723,sk-production-work
js-005297,job-03724,sk-general-work
js-005298,job-03725,sk-management
js-005299,job-03726,sk-legal-work
js-005300,job-03727,sk-machine-operation
js-005301,job-03727,sk-production-work
js-005302,job-03728,sk-machine-operation
js-005303,job-03728,sk-production-work
js-005304,job-03729,sk-technical-maintenance
js-005305,job-03730,sk-nursing
js-005306,job-03730,sk-patient-care
js-005307,job-03731,sk-technical-maintenance
js-005308,job-03732,sk-technical-maintenance
js-005309,job-03733,sk-nursing
js-005310,job-03733,sk-patient-care
js-005311,job-03734,sk-technical-maintenance
js-005312,job-03735,sk-technical-maintenance
js-005313,job-03736,sk-technical-maintenance
js-005314,job-03737,sk-legal-work
js-005315,job-03738,sk-slovenian-language
js-005316,job-03738,sk-technical-maintenance
js-005317,job-03739,sk-legal-work
js-005318,job-03739,sk-slovenian-language
js-005319,job-03740,sk-cooking
js-005320,job-03741,sk-general-work
js-005321,job-03742,sk-general-work
js-005322,job-03743,sk-general-work
js-005323,job-03744,sk-general-work
js-005324,job-03745,sk-welding
js-005325,job-03746,sk-technical-maintenance
js-005326,job-03747,sk-production-work
js-005327,job-03748,sk-technical-maintenance
js-005328,job-03749,sk-management
js-005329,job-03750,sk-general-work
js-005330,job-03751,sk-general-work
js-005331,job-03752,sk-legal-work
js-005332,job-03752,sk-slovenian-language
js-005333,job-03753,sk-general-work
js-005334,job-03754,sk-technical-maintenance
js-005335,job-03755,sk-nursing
js-005336,job-03756,sk-nursing
js-005337,job-03757,sk-nursing
js-005338,job-03758,sk-general-work
js-005339,job-03759,sk-general-work
js-005340,job-03760,sk-information-technology
js-005341,job-03761,sk-information-technology
js-005342,job-03762,sk-general-work
js-005343,job-03763,sk-general-work
js-005344,job-03764,sk-general-work
js-005345,job-03765,sk-general-work
js-005346,job-03766,sk-general-work
js-005347,job-03767,sk-general-work
js-005348,job-03768,sk-general-work
js-005349,job-03769,sk-general-work
js-005350,job-03770,sk-general-work
js-005351,job-03771,sk-general-work
js-005352,job-03772,sk-general-work
js-005353,job-03773,sk-general-work
js-005354,job-03774,sk-general-work
js-005355,job-03775,sk-general-work
js-005356,job-03776,sk-general-work
js-005357,job-03777,sk-general-work
js-005358,job-03778,sk-general-work
js-005359,job-03779,sk-general-work
js-005360,job-03780,sk-general-work
js-005361,job-03781,sk-legal-work
js-005362,job-03782,sk-general-work
js-005363,job-03783,sk-general-work
js-005364,job-03784,sk-general-work
js-005365,job-03785,sk-general-work
js-005366,job-03786,sk-general-work
js-005367,job-03787,sk-construction-work
js-005368,job-03788,sk-general-work
js-005369,job-03789,sk-general-work
js-005370,job-03790,sk-information-technology
js-005371,job-03791,sk-general-work
js-005372,job-03792,sk-general-work
js-005373,job-03793,sk-general-work
js-005374,job-03794,sk-general-work
js-005375,job-03795,sk-general-work
js-005376,job-03796,sk-general-work
js-005377,job-03797,sk-general-work
js-005378,job-03798,sk-general-work
js-005379,job-03799,sk-production-work
js-005380,job-03800,sk-general-work
js-005381,job-03801,sk-general-work
js-005382,job-03802,sk-general-work
js-005383,job-03803,sk-technical-maintenance
js-005384,job-03804,sk-general-work
js-005385,job-03805,sk-general-work
js-005386,job-03806,sk-general-work
js-005387,job-03807,sk-construction-work
js-005388,job-03808,sk-general-work
js-005389,job-03809,sk-technical-maintenance
js-005390,job-03810,sk-legal-work
js-005391,job-03811,sk-general-work
js-005392,job-03812,sk-general-work
js-005393,job-03813,sk-general-work
js-005394,job-03814,sk-general-work
js-005395,job-03815,sk-production-work
js-005396,job-03816,sk-general-work
js-005397,job-03817,sk-general-work
js-005398,job-03818,sk-general-work
js-005399,job-03819,sk-general-work
js-005400,job-03820,sk-general-work
js-005401,job-03821,sk-general-work
js-005402,job-03821,sk-slovenian-language
js-005403,job-03822,sk-general-work
js-005404,job-03823,sk-general-work
js-005405,job-03824,sk-construction-work
js-005406,job-03825,sk-general-work
js-005407,job-03826,sk-legal-work
js-005408,job-03827,sk-legal-work
js-005409,job-03828,sk-general-work
js-005410,job-03829,sk-general-work
js-005411,job-03830,sk-general-work
js-005412,job-03831,sk-general-work
js-005413,job-03832,sk-management
js-005414,job-03833,sk-technical-maintenance
js-005415,job-03834,sk-administration
js-005416,job-03835,sk-general-work
js-005417,job-03836,sk-technical-maintenance
js-005418,job-03837,sk-general-work
js-005419,job-03838,sk-general-work
js-005420,job-03839,sk-general-work
js-005421,job-03840,sk-general-work
js-005422,job-03841,sk-general-work
js-005423,job-03842,sk-construction-work
js-005424,job-03843,sk-general-work
js-005425,job-03844,sk-general-work
js-005426,job-03845,sk-general-work
js-005427,job-03846,sk-general-work
js-005428,job-03847,sk-general-work
js-005429,job-03848,sk-technical-maintenance
js-005430,job-03849,sk-administration
js-005431,job-03850,sk-management
js-005432,job-03851,sk-general-work
js-005433,job-03852,sk-general-work
js-005434,job-03853,sk-general-work
js-005435,job-03854,sk-administration
js-005436,job-03855,sk-administration
js-005437,job-03856,sk-general-work
js-005438,job-03857,sk-general-work
js-005439,job-03858,sk-general-work
js-005440,job-03859,sk-general-work
js-005441,job-03860,sk-general-work
js-005442,job-03861,sk-construction-work
js-005443,job-03862,sk-cnc-machining
js-005444,job-03862,sk-machine-operation
js-005445,job-03862,sk-production-work
js-005446,job-03863,sk-general-work
js-005447,job-03864,sk-general-work
js-005448,job-03865,sk-technical-maintenance
js-005449,job-03866,sk-general-work
js-005450,job-03867,sk-general-work
js-005451,job-03868,sk-general-work
js-005452,job-03869,sk-general-work
js-005453,job-03870,sk-general-work
js-005454,job-03871,sk-technical-maintenance
js-005455,job-03872,sk-general-work
js-005456,job-03873,sk-general-work
js-005457,job-03874,sk-general-work
js-005458,job-03875,sk-general-work
js-005459,job-03876,sk-general-work
js-005460,job-03877,sk-general-work
js-005461,job-03878,sk-general-work
js-005462,job-03879,sk-general-work
js-005463,job-03880,sk-information-technology
js-005464,job-03881,sk-general-work
js-005465,job-03882,sk-general-work
js-005466,job-03883,sk-general-work
js-005467,job-03884,sk-general-work
js-005468,job-03885,sk-legal-work
js-005469,job-03886,sk-sales
js-005470,job-03887,sk-sales
js-005471,job-03888,sk-sales
js-005472,job-03889,sk-sales
js-005473,job-03890,sk-sales
js-005474,job-03891,sk-sales
js-005475,job-03892,sk-customer-service
js-005476,job-03892,sk-sales
js-005477,job-03893,sk-customer-service
js-005478,job-03893,sk-sales
js-005479,job-03894,sk-customer-service
js-005480,job-03894,sk-sales
js-005481,job-03895,sk-customer-service
js-005482,job-03895,sk-sales
js-005483,job-03896,sk-customer-service
js-005484,job-03896,sk-sales
js-005485,job-03897,sk-customer-service
js-005486,job-03897,sk-sales
js-005487,job-03898,sk-sales
js-005488,job-03899,sk-sales
js-005489,job-03900,sk-sales
js-005490,job-03901,sk-sales
js-005491,job-03902,sk-sales
js-005492,job-03903,sk-sales
js-005493,job-03904,sk-customer-service
js-005494,job-03904,sk-sales
js-005495,job-03905,sk-sales
js-005496,job-03906,sk-sales
js-005497,job-03907,sk-sales
js-005498,job-03908,sk-sales
js-005499,job-03909,sk-customer-service
js-005500,job-03909,sk-sales
js-005501,job-03910,sk-customer-service
js-005502,job-03910,sk-sales
js-005503,job-03911,sk-customer-service
js-005504,job-03911,sk-sales
js-005505,job-03912,sk-customer-service
js-005506,job-03912,sk-sales
js-005507,job-03913,sk-customer-service
js-005508,job-03913,sk-sales
js-005509,job-03914,sk-customer-service
js-005510,job-03914,sk-sales
js-005511,job-03915,sk-general-work
js-005512,job-03916,sk-sales
js-005513,job-03917,sk-sales
js-005514,job-03918,sk-sales
js-005515,job-03919,sk-customer-service
js-005516,job-03919,sk-sales
js-005517,job-03920,sk-sales
js-005518,job-03921,sk-sales
js-005519,job-03922,sk-customer-service
js-005520,job-03922,sk-sales
js-005521,job-03923,sk-customer-service
js-005522,job-03923,sk-sales
js-005523,job-03924,sk-sales
js-005524,job-03925,sk-customer-service
js-005525,job-03925,sk-sales
js-005526,job-03926,sk-customer-service
js-005527,job-03926,sk-sales
js-005528,job-03927,sk-customer-service
js-005529,job-03927,sk-sales
js-005530,job-03928,sk-customer-service
js-005531,job-03928,sk-sales
js-005532,job-03929,sk-sales
js-005533,job-03930,sk-customer-service
js-005534,job-03930,sk-sales
js-005535,job-03931,sk-customer-service
js-005536,job-03931,sk-sales
js-005537,job-03932,sk-sales
js-005538,job-03933,sk-sales
js-005539,job-03934,sk-inventory-management
js-005540,job-03934,sk-sales
js-005541,job-03935,sk-customer-service
js-005542,job-03935,sk-sales
js-005543,job-03936,sk-customer-service
js-005544,job-03936,sk-sales
js-005545,job-03937,sk-electrical-work
js-005546,job-03938,sk-electrical-work
js-005547,job-03939,sk-electrical-work
js-005548,job-03940,sk-electrical-work
js-005549,job-03941,sk-technical-maintenance
js-005550,job-03942,sk-technical-maintenance
js-005551,job-03943,sk-technical-maintenance
js-005552,job-03944,sk-technical-maintenance
js-005553,job-03945,sk-technical-maintenance
js-005554,job-03946,sk-electrical-work
js-005555,job-03947,sk-electrical-work
js-005556,job-03948,sk-electrical-work
js-005557,job-03949,sk-electrical-work
js-005558,job-03950,sk-electrical-work
js-005559,job-03951,sk-electrical-work
js-005560,job-03952,sk-electrical-work
js-005561,job-03953,sk-electrical-work
js-005562,job-03953,sk-english-language
js-005563,job-03954,sk-electrical-work
js-005564,job-03954,sk-slovenian-language
js-005565,job-03955,sk-electrical-work
js-005566,job-03956,sk-electrical-work
js-005567,job-03957,sk-technical-maintenance
js-005568,job-03958,sk-cleaning
js-005569,job-03959,sk-cleaning
js-005570,job-03960,sk-cleaning
js-005571,job-03961,sk-cleaning
js-005572,job-03962,sk-cleaning
js-005573,job-03962,sk-slovenian-language
js-005574,job-03963,sk-cleaning
js-005575,job-03964,sk-cleaning
js-005576,job-03965,sk-cleaning
js-005577,job-03966,sk-cleaning
js-005578,job-03967,sk-cleaning
js-005579,job-03968,sk-cleaning
js-005580,job-03969,sk-cleaning
js-005581,job-03969,sk-slovenian-language
js-005582,job-03970,sk-cleaning
js-005583,job-03971,sk-cleaning
js-005584,job-03972,sk-cleaning
js-005585,job-03972,sk-slovenian-language
js-005586,job-03973,sk-cleaning
js-005587,job-03974,sk-cleaning
js-005588,job-03975,sk-cleaning
js-005589,job-03976,sk-cleaning
js-005590,job-03977,sk-cleaning
js-005591,job-03978,sk-cleaning
js-005592,job-03979,sk-cleaning
js-005593,job-03980,sk-cleaning
js-005594,job-03981,sk-cleaning
js-005595,job-03982,sk-cleaning
js-005596,job-03982,sk-slovenian-language
js-005597,job-03983,sk-cleaning
js-005598,job-03984,sk-cleaning
js-005599,job-03985,sk-cleaning
js-005600,job-03986,sk-cleaning
js-005601,job-03987,sk-cleaning
js-005602,job-03987,sk-slovenian-language
js-005603,job-03988,sk-cleaning
js-005604,job-03989,sk-cleaning
js-005605,job-03990,sk-cleaning
js-005606,job-03991,sk-cooking
js-005607,job-03991,sk-food-preparation
js-005608,job-03992,sk-cleaning
js-005609,job-03993,sk-cleaning
js-005610,job-03994,sk-cleaning
js-005611,job-03995,sk-cleaning
js-005612,job-03996,sk-cleaning
js-005613,job-03997,sk-cleaning
js-005614,job-03998,sk-cleaning
js-005615,job-03999,sk-cleaning
js-005616,job-03999,sk-slovenian-language
js-005617,job-04000,sk-cleaning
js-005618,job-04001,sk-cleaning
js-005619,job-04002,sk-cleaning
js-005620,job-04002,sk-slovenian-language
js-005621,job-04003,sk-cleaning
js-005622,job-04004,sk-cleaning
js-005623,job-04005,sk-cleaning
js-005624,job-04006,sk-cleaning
js-005625,job-04007,sk-cleaning
js-005626,job-04008,sk-cleaning
js-005627,job-04009,sk-cleaning
js-005628,job-04010,sk-cleaning
js-005629,job-04011,sk-cleaning
js-005630,job-04012,sk-cleaning
js-005631,job-04013,sk-cleaning
js-005632,job-04014,sk-cleaning
js-005633,job-04015,sk-cleaning
js-005634,job-04016,sk-cleaning
js-005635,job-04017,sk-cleaning
js-005636,job-04018,sk-cleaning
js-005637,job-04019,sk-cleaning
js-005638,job-04020,sk-cleaning
js-005639,job-04021,sk-cleaning
js-005640,job-04022,sk-cooking
js-005641,job-04022,sk-slovenian-language
js-005642,job-04023,sk-cleaning
js-005643,job-04023,sk-slovenian-language
js-005644,job-04024,sk-cleaning
js-005645,job-04025,sk-cleaning
js-005646,job-04026,sk-cleaning
js-005647,job-04027,sk-cleaning
js-005648,job-04027,sk-slovenian-language
js-005649,job-04028,sk-cleaning
js-005650,job-04029,sk-cleaning
js-005651,job-04030,sk-cleaning
js-005652,job-04030,sk-slovenian-language
js-005653,job-04031,sk-cleaning
js-005654,job-04032,sk-assembly
js-005655,job-04033,sk-assembly
js-005656,job-04034,sk-machine-operation
js-005657,job-04034,sk-production-work
js-005658,job-04035,sk-assembly
js-005659,job-04036,sk-assembly
js-005660,job-04037,sk-assembly
js-005661,job-04038,sk-assembly
js-005662,job-04039,sk-assembly
js-005663,job-04040,sk-assembly
js-005664,job-04041,sk-assembly
js-005665,job-04042,sk-assembly
js-005666,job-04043,sk-assembly
js-005667,job-04044,sk-assembly
js-005668,job-04045,sk-assembly
js-005669,job-04046,sk-assembly
js-005670,job-04047,sk-assembly
js-005671,job-04048,sk-assembly
js-005672,job-04049,sk-assembly
js-005673,job-04050,sk-assembly
js-005674,job-04051,sk-assembly
js-005675,job-04052,sk-assembly
js-005676,job-04053,sk-assembly
js-005677,job-04054,sk-assembly
js-005678,job-04055,sk-assembly
js-005679,job-04056,sk-assembly
js-005680,job-04057,sk-assembly
js-005681,job-04058,sk-welding
js-005682,job-04059,sk-general-work
js-005683,job-04060,sk-assembly
js-005684,job-04061,sk-assembly
js-005685,job-04062,sk-assembly
js-005686,job-04063,sk-assembly
js-005687,job-04064,sk-assembly
js-005688,job-04065,sk-assembly
js-005689,job-04066,sk-assembly
js-005690,job-04067,sk-assembly
js-005691,job-04068,sk-assembly
js-005692,job-04069,sk-assembly
js-005693,job-04069,sk-german-language
js-005694,job-04070,sk-assembly
js-005695,job-04071,sk-assembly
js-005696,job-04072,sk-assembly
js-005697,job-04072,sk-slovenian-language
js-005698,job-04073,sk-assembly
js-005699,job-04074,sk-assembly
js-005700,job-04075,sk-assembly
js-005701,job-04076,sk-assembly
js-005702,job-04077,sk-assembly
js-005703,job-04078,sk-assembly
js-005704,job-04079,sk-assembly
js-005705,job-04080,sk-assembly
js-005706,job-04081,sk-assembly
js-005707,job-04082,sk-assembly
js-005708,job-04083,sk-assembly
js-005709,job-04084,sk-assembly
js-005710,job-04085,sk-assembly
js-005711,job-04086,sk-assembly
js-005712,job-04087,sk-assembly
js-005713,job-04088,sk-assembly
js-005714,job-04089,sk-assembly
js-005715,job-04090,sk-assembly
js-005716,job-04091,sk-assembly
js-005717,job-04092,sk-general-work
js-005718,job-04093,sk-general-work
js-005719,job-04094,sk-welding
js-005720,job-04095,sk-assembly
js-005721,job-04096,sk-assembly
js-005722,job-04097,sk-assembly
js-005723,job-04098,sk-assembly
js-005724,job-04099,sk-welding
js-005725,job-04100,sk-general-work
js-005726,job-04101,sk-general-work
js-005727,job-04102,sk-general-work
js-005728,job-04103,sk-general-work
js-005729,job-04104,sk-general-work
js-005730,job-04105,sk-general-work
js-005731,job-04106,sk-general-work
js-005732,job-04107,sk-general-work
js-005733,job-04108,sk-general-work
js-005734,job-04109,sk-general-work
js-005735,job-04110,sk-general-work
js-005736,job-04111,sk-general-work
js-005737,job-04112,sk-general-work
js-005738,job-04113,sk-technical-maintenance
js-005739,job-04114,sk-general-work
js-005740,job-04115,sk-general-work
js-005741,job-04116,sk-general-work
js-005742,job-04117,sk-general-work
js-005743,job-04118,sk-general-work
js-005744,job-04119,sk-cash-handling
js-005745,job-04119,sk-customer-service
js-005746,job-04119,sk-sales
js-005747,job-04120,sk-cash-handling
js-005748,job-04120,sk-customer-service
js-005749,job-04120,sk-sales
js-005750,job-04121,sk-general-work
js-005751,job-04122,sk-cash-handling
js-005752,job-04122,sk-customer-service
js-005753,job-04122,sk-sales
js-005754,job-04123,sk-accounting
js-005755,job-04124,sk-general-work
js-005756,job-04125,sk-general-work
js-005757,job-04126,sk-general-work
js-005758,job-04127,sk-general-work
js-005759,job-04128,sk-general-work
js-005760,job-04129,sk-general-work
js-005761,job-04130,sk-general-work
js-005762,job-04131,sk-general-work
js-005763,job-04132,sk-general-work
js-005764,job-04133,sk-management
js-005765,job-04134,sk-management
js-005766,job-04135,sk-general-work
js-005767,job-04136,sk-general-work
js-005768,job-04137,sk-general-work
js-005769,job-04138,sk-general-work
js-005770,job-04139,sk-general-work
js-005771,job-04140,sk-general-work
js-005772,job-04141,sk-general-work
js-005773,job-04142,sk-general-work
js-005774,job-04143,sk-general-work
js-005775,job-04144,sk-general-work
js-005776,job-04145,sk-general-work
js-005777,job-04146,sk-general-work
js-005778,job-04147,sk-general-work
js-005779,job-04148,sk-general-work
js-005780,job-04149,sk-general-work
js-005781,job-04150,sk-general-work
js-005782,job-04151,sk-general-work
js-005783,job-04152,sk-general-work
js-005784,job-04153,sk-general-work
js-005785,job-04154,sk-accounting
js-005786,job-04155,sk-general-work
js-005787,job-04156,sk-management
js-005788,job-04157,sk-management
js-005789,job-04158,sk-general-work
js-005790,job-04159,sk-accounting
js-005791,job-04160,sk-general-work
js-005792,job-04161,sk-management
js-005793,job-04162,sk-general-work
js-005794,job-04163,sk-general-work
js-005795,job-04164,sk-general-work
js-005796,job-04165,sk-accounting
js-005797,job-04166,sk-general-work
js-005798,job-04167,sk-general-work
js-005799,job-04168,sk-general-work
js-005800,job-04169,sk-general-work
js-005801,job-04170,sk-warehouse-operations
js-005802,job-04171,sk-general-work
js-005803,job-04172,sk-general-work
js-005804,job-04173,sk-general-work
js-005805,job-04174,sk-general-work
js-005806,job-04175,sk-management
js-005807,job-04176,sk-accounting
js-005808,job-04177,sk-general-work
js-005809,job-04178,sk-general-work
js-005810,job-04179,sk-general-work
js-005811,job-04180,sk-general-work
js-005812,job-04181,sk-general-work
js-005813,job-04182,sk-general-work
js-005814,job-04183,sk-general-work
js-005815,job-04184,sk-general-work
js-005816,job-04185,sk-general-work
js-005817,job-04186,sk-general-work
js-005818,job-04187,sk-general-work
js-005819,job-04188,sk-management
js-005820,job-04189,sk-general-work
js-005821,job-04190,sk-general-work
js-005822,job-04191,sk-general-work
js-005823,job-04192,sk-information-technology
js-005824,job-04193,sk-general-work
js-005825,job-04194,sk-general-work
js-005826,job-04195,sk-general-work
js-005827,job-04196,sk-general-work
js-005828,job-04197,sk-general-work
js-005829,job-04198,sk-general-work
js-005830,job-04199,sk-information-technology
js-005831,job-04200,sk-medicine
js-005832,job-04201,sk-construction-work
js-005833,job-04202,sk-accounting
js-005834,job-04203,sk-management
js-005835,job-04204,sk-general-work
js-005836,job-04205,sk-general-work
js-005837,job-04206,sk-general-work
js-005838,job-04207,sk-general-work
js-005839,job-04208,sk-general-work
js-005840,job-04209,sk-technical-maintenance
js-005841,job-04210,sk-general-work
js-005842,job-04211,sk-general-work
js-005843,job-04212,sk-general-work
js-005844,job-04213,sk-general-work
js-005845,job-04214,sk-legal-work
js-005846,job-04215,sk-general-work
js-005847,job-04216,sk-general-work
js-005848,job-04217,sk-general-work
js-005849,job-04218,sk-general-work
js-005850,job-04219,sk-general-work
js-005851,job-04220,sk-general-work
js-005852,job-04221,sk-general-work
js-005853,job-04222,sk-general-work
js-005854,job-04223,sk-general-work
js-005855,job-04224,sk-general-work
js-005856,job-04225,sk-general-work
js-005857,job-04226,sk-general-work
js-005858,job-04227,sk-general-work
js-005859,job-04228,sk-production-work
js-005860,job-04229,sk-machine-operation
js-005861,job-04229,sk-production-work
js-005862,job-04230,sk-general-work
js-005863,job-04231,sk-general-work
js-005864,job-04232,sk-management
js-005865,job-04233,sk-general-work
js-005866,job-04234,sk-general-work
js-005867,job-04235,sk-general-work
js-005868,job-04236,sk-general-work
js-005869,job-04237,sk-general-work
js-005870,job-04238,sk-general-work
js-005871,job-04239,sk-general-work
js-005872,job-04240,sk-general-work
js-005873,job-04241,sk-general-work
js-005874,job-04242,sk-general-work
js-005875,job-04243,sk-general-work
js-005876,job-04244,sk-general-work
js-005877,job-04245,sk-general-work
js-005878,job-04246,sk-technical-maintenance
js-005879,job-04247,sk-general-work
js-005880,job-04248,sk-general-work
js-005881,job-04249,sk-legal-work
js-005882,job-04250,sk-general-work
js-005883,job-04251,sk-general-work
js-005884,job-04252,sk-general-work
js-005885,job-04253,sk-general-work
js-005886,job-04254,sk-general-work
js-005887,job-04255,sk-general-work
js-005888,job-04256,sk-general-work
js-005889,job-04257,sk-general-work
js-005890,job-04258,sk-general-work
js-005891,job-04259,sk-general-work
js-005892,job-04260,sk-general-work
js-005893,job-04261,sk-general-work
js-005894,job-04262,sk-general-work
js-005895,job-04263,sk-warehouse-operations
js-005896,job-04264,sk-warehouse-operations
js-005897,job-04265,sk-general-work
js-005898,job-04266,sk-general-work
js-005899,job-04267,sk-general-work
js-005900,job-04268,sk-general-work
js-005901,job-04269,sk-general-work
js-005902,job-04270,sk-general-work
js-005903,job-04271,sk-general-work
js-005904,job-04272,sk-general-work
js-005905,job-04273,sk-technical-maintenance
js-005906,job-04274,sk-technical-maintenance
js-005907,job-04275,sk-general-work
js-005908,job-04276,sk-general-work
js-005909,job-04277,sk-general-work
js-005910,job-04278,sk-general-work
js-005911,job-04279,sk-accounting
js-005912,job-04280,sk-general-work
js-005913,job-04281,sk-general-work
js-005914,job-04282,sk-general-work
js-005915,job-04283,sk-general-work
js-005916,job-04284,sk-general-work
js-005917,job-04285,sk-general-work
js-005918,job-04286,sk-general-work
js-005919,job-04287,sk-general-work
js-005920,job-04288,sk-general-work
js-005921,job-04289,sk-sales
js-005922,job-04290,sk-general-work
js-005923,job-04291,sk-general-work
js-005924,job-04292,sk-general-work
js-005925,job-04293,sk-accounting
js-005926,job-04294,sk-legal-work
js-005927,job-04295,sk-general-work
js-005928,job-04296,sk-general-work
js-005929,job-04297,sk-general-work
js-005930,job-04298,sk-general-work
js-005931,job-04299,sk-patient-care
js-005932,job-04300,sk-patient-care
js-005933,job-04301,sk-patient-care
js-005934,job-04302,sk-patient-care
js-005935,job-04303,sk-patient-care
js-005936,job-04304,sk-patient-care
js-005937,job-04305,sk-patient-care
js-005938,job-04306,sk-patient-care
js-005939,job-04307,sk-patient-care
js-005940,job-04308,sk-patient-care
js-005941,job-04309,sk-patient-care
js-005942,job-04310,sk-patient-care
js-005943,job-04311,sk-patient-care
js-005944,job-04312,sk-patient-care
js-005945,job-04313,sk-patient-care
js-005946,job-04314,sk-patient-care
js-005947,job-04315,sk-patient-care
js-005948,job-04316,sk-patient-care
js-005949,job-04317,sk-patient-care
js-005950,job-04318,sk-patient-care
js-005951,job-04319,sk-patient-care
js-005952,job-04320,sk-patient-care
js-005953,job-04321,sk-patient-care
js-005954,job-04322,sk-patient-care
js-005955,job-04323,sk-patient-care
js-005956,job-04324,sk-patient-care
js-005957,job-04325,sk-patient-care
js-005958,job-04326,sk-patient-care
js-005959,job-04327,sk-patient-care
js-005960,job-04328,sk-general-work
js-005961,job-04329,sk-patient-care
js-005962,job-04330,sk-patient-care
js-005963,job-04331,sk-patient-care
js-005964,job-04332,sk-patient-care
js-005965,job-04333,sk-patient-care
js-005966,job-04334,sk-patient-care
js-005967,job-04335,sk-patient-care
js-005968,job-04335,sk-slovenian-language
js-005969,job-04336,sk-patient-care
js-005970,job-04337,sk-patient-care
js-005971,job-04338,sk-patient-care
js-005972,job-04339,sk-patient-care
js-005973,job-04340,sk-patient-care
js-005974,job-04341,sk-general-work
js-005975,job-04342,sk-general-work
js-005976,job-04343,sk-general-work
js-005977,job-04344,sk-patient-care
js-005978,job-04345,sk-patient-care
js-005979,job-04346,sk-patient-care
js-005980,job-04347,sk-patient-care
js-005981,job-04348,sk-patient-care
js-005982,job-04349,sk-patient-care
js-005983,job-04350,sk-patient-care
js-005984,job-04351,sk-patient-care
js-005985,job-04352,sk-patient-care
js-005986,job-04353,sk-patient-care
js-005987,job-04354,sk-patient-care
js-005988,job-04355,sk-patient-care
js-005989,job-04356,sk-patient-care
js-005990,job-04357,sk-patient-care
js-005991,job-04358,sk-patient-care
js-005992,job-04359,sk-patient-care
js-005993,job-04359,sk-slovenian-language
js-005994,job-04360,sk-patient-care
js-005995,job-04361,sk-patient-care
js-005996,job-04362,sk-patient-care
js-005997,job-04363,sk-patient-care
js-005998,job-04364,sk-patient-care
js-005999,job-04365,sk-patient-care
js-006000,job-04366,sk-patient-care
js-006001,job-04367,sk-patient-care
js-006002,job-04368,sk-patient-care
js-006003,job-04369,sk-patient-care
js-006004,job-04370,sk-patient-care
js-006005,job-04371,sk-patient-care
js-006006,job-04372,sk-patient-care
js-006007,job-04373,sk-patient-care
js-006008,job-04374,sk-patient-care
js-006009,job-04375,sk-patient-care
js-006010,job-04376,sk-patient-care
js-006011,job-04377,sk-patient-care
js-006012,job-04378,sk-patient-care
js-006013,job-04379,sk-patient-care
js-006014,job-04380,sk-early-childhood-education
js-006015,job-04380,sk-teaching
js-006016,job-04381,sk-early-childhood-education
js-006017,job-04381,sk-teaching
js-006018,job-04382,sk-early-childhood-education
js-006019,job-04382,sk-teaching
js-006020,job-04383,sk-early-childhood-education
js-006021,job-04383,sk-teaching
js-006022,job-04384,sk-early-childhood-education
js-006023,job-04384,sk-teaching
js-006024,job-04385,sk-early-childhood-education
js-006025,job-04385,sk-teaching
js-006026,job-04386,sk-early-childhood-education
js-006027,job-04386,sk-teaching
js-006028,job-04387,sk-early-childhood-education
js-006029,job-04387,sk-teaching
js-006030,job-04388,sk-early-childhood-education
js-006031,job-04388,sk-teaching
js-006032,job-04389,sk-early-childhood-education
js-006033,job-04389,sk-teaching
js-006034,job-04390,sk-early-childhood-education
js-006035,job-04390,sk-teaching
js-006036,job-04391,sk-early-childhood-education
js-006037,job-04391,sk-teaching
js-006038,job-04392,sk-early-childhood-education
js-006039,job-04392,sk-teaching
js-006040,job-04393,sk-early-childhood-education
js-006041,job-04393,sk-teaching
js-006042,job-04394,sk-early-childhood-education
js-006043,job-04394,sk-teaching
js-006044,job-04395,sk-early-childhood-education
js-006045,job-04395,sk-slovenian-language
js-006046,job-04395,sk-teaching
js-006047,job-04396,sk-early-childhood-education
js-006048,job-04396,sk-teaching
js-006049,job-04397,sk-early-childhood-education
js-006050,job-04397,sk-teaching
js-006051,job-04398,sk-early-childhood-education
js-006052,job-04398,sk-teaching
js-006053,job-04399,sk-early-childhood-education
js-006054,job-04399,sk-teaching
js-006055,job-04400,sk-early-childhood-education
js-006056,job-04400,sk-teaching
js-006057,job-04401,sk-early-childhood-education
js-006058,job-04401,sk-teaching
js-006059,job-04402,sk-early-childhood-education
js-006060,job-04402,sk-teaching
js-006061,job-04403,sk-early-childhood-education
js-006062,job-04403,sk-teaching
js-006063,job-04404,sk-early-childhood-education
js-006064,job-04404,sk-teaching
js-006065,job-04405,sk-early-childhood-education
js-006066,job-04405,sk-teaching
js-006067,job-04406,sk-early-childhood-education
js-006068,job-04406,sk-teaching
js-006069,job-04407,sk-teaching
js-006070,job-04408,sk-teaching
js-006071,job-04409,sk-teaching
js-006072,job-04410,sk-teaching
js-006073,job-04411,sk-teaching
js-006074,job-04412,sk-teaching
js-006075,job-04413,sk-teaching
js-006076,job-04414,sk-teaching
js-006077,job-04415,sk-teaching
js-006078,job-04416,sk-teaching
js-006079,job-04417,sk-teaching
js-006080,job-04418,sk-speech-therapy
js-006081,job-04418,sk-teaching
js-006082,job-04419,sk-teaching
js-006083,job-04420,sk-teaching
js-006084,job-04421,sk-teaching
js-006085,job-04422,sk-teaching
js-006086,job-04423,sk-teaching
js-006087,job-04424,sk-accounting
js-006088,job-04425,sk-teaching
js-006089,job-04426,sk-teaching
js-006090,job-04427,sk-teaching
js-006091,job-04428,sk-teaching
js-006092,job-04429,sk-teaching
js-006093,job-04430,sk-teaching
js-006094,job-04431,sk-accounting
js-006095,job-04432,sk-teaching
js-006096,job-04433,sk-teaching
js-006097,job-04434,sk-teaching
js-006098,job-04435,sk-teaching
js-006099,job-04436,sk-teaching
js-006100,job-04437,sk-teaching
js-006101,job-04438,sk-teaching
js-006102,job-04439,sk-teaching
js-006103,job-04440,sk-teaching
js-006104,job-04441,sk-teaching
js-006105,job-04442,sk-teaching
js-006106,job-04443,sk-teaching
js-006107,job-04444,sk-teaching
js-006108,job-04445,sk-teaching
js-006109,job-04446,sk-teaching
js-006110,job-04447,sk-teaching
js-006111,job-04448,sk-teaching
js-006112,job-04449,sk-teaching
js-006113,job-04450,sk-teaching
js-006114,job-04451,sk-teaching
js-006115,job-04452,sk-teaching
js-006116,job-04453,sk-teaching
js-006117,job-04454,sk-slovenian-language
js-006118,job-04454,sk-teaching
js-006119,job-04455,sk-teaching
js-006120,job-04456,sk-teaching
js-006121,job-04457,sk-teaching
js-006122,job-04458,sk-construction-work
js-006123,job-04459,sk-teaching
js-006124,job-04460,sk-teaching
js-006125,job-04461,sk-teaching
js-006126,job-04462,sk-teaching
js-006127,job-04463,sk-teaching
js-006128,job-04464,sk-teaching
js-006129,job-04465,sk-slovenian-language
js-006130,job-04465,sk-teaching
js-006131,job-04466,sk-teaching
js-006132,job-04467,sk-teaching
js-006133,job-04468,sk-teaching
js-006134,job-04469,sk-teaching
js-006135,job-04470,sk-teaching
js-006136,job-04471,sk-teaching
js-006137,job-04472,sk-teaching
js-006138,job-04473,sk-slovenian-language
js-006139,job-04473,sk-teaching
js-006140,job-04474,sk-teaching
js-006141,job-04475,sk-teaching
js-006142,job-04476,sk-accounting
js-006143,job-04477,sk-english-language
js-006144,job-04477,sk-teaching
js-006145,job-04478,sk-teaching
js-006146,job-04479,sk-teaching
js-006147,job-04480,sk-slovenian-language
js-006148,job-04480,sk-teaching
js-006149,job-04481,sk-teaching
js-006150,job-04482,sk-teaching
js-006151,job-04483,sk-teaching
js-006152,job-04484,sk-teaching
js-006153,job-04485,sk-teaching
js-006154,job-04486,sk-teaching
js-006155,job-04487,sk-teaching
js-006156,job-04488,sk-accounting
js-006157,job-04489,sk-teaching
js-006158,job-04490,sk-teaching
js-006159,job-04491,sk-teaching
js-006160,job-04492,sk-teaching
js-006161,job-04493,sk-teaching
js-006162,job-04494,sk-teaching
js-006163,job-04495,sk-teaching
js-006164,job-04496,sk-teaching
js-006165,job-04497,sk-teaching
js-006166,job-04498,sk-teaching
js-006167,job-04499,sk-teaching
js-006168,job-04500,sk-teaching
js-006169,job-04501,sk-teaching
js-006170,job-04502,sk-accounting
js-006171,job-04503,sk-teaching
js-006172,job-04504,sk-teaching
js-006173,job-04505,sk-teaching
js-006174,job-04506,sk-teaching
js-006175,job-04507,sk-slovenian-language
js-006176,job-04507,sk-teaching
js-006177,job-04508,sk-teaching
js-006178,job-04509,sk-general-work
js-006179,job-04510,sk-administration
js-006180,job-04511,sk-general-work
js-006181,job-04512,sk-general-work
js-006182,job-04513,sk-general-work
js-006183,job-04514,sk-administration
js-006184,job-04515,sk-construction-work
js-006185,job-04516,sk-teaching
js-006186,job-04517,sk-teaching
js-006187,job-04518,sk-teaching
js-006188,job-04519,sk-teaching
js-006189,job-04520,sk-teaching
js-006190,job-04521,sk-teaching
js-006191,job-04522,sk-teaching
js-006192,job-04523,sk-teaching
js-006193,job-04524,sk-english-language
js-006194,job-04524,sk-teaching
js-006195,job-04525,sk-teaching
js-006196,job-04526,sk-teaching
js-006197,job-04527,sk-teaching
js-006198,job-04528,sk-teaching
js-006199,job-04529,sk-slovenian-language
js-006200,job-04529,sk-teaching
js-006201,job-04530,sk-teaching
js-006202,job-04531,sk-teaching
js-006203,job-04532,sk-teaching
js-006204,job-04533,sk-teaching
js-006205,job-04534,sk-teaching
js-006206,job-04535,sk-teaching
js-006207,job-04536,sk-teaching
js-006208,job-04537,sk-slovenian-language
js-006209,job-04537,sk-teaching
js-006210,job-04538,sk-teaching
js-006211,job-04539,sk-speech-therapy
js-006212,job-04539,sk-teaching
js-006213,job-04540,sk-teaching
js-006214,job-04541,sk-teaching
js-006215,job-04542,sk-teaching
js-006216,job-04543,sk-teaching
js-006217,job-04544,sk-teaching
js-006218,job-04545,sk-teaching
js-006219,job-04546,sk-slovenian-language
js-006220,job-04546,sk-teaching
js-006221,job-04547,sk-teaching
js-006222,job-04548,sk-teaching
js-006223,job-04549,sk-teaching
js-006224,job-04550,sk-speech-therapy
js-006225,job-04550,sk-teaching
js-006226,job-04551,sk-teaching
js-006227,job-04552,sk-teaching
js-006228,job-04553,sk-teaching
js-006229,job-04554,sk-general-work
js-006230,job-04555,sk-general-work
js-006231,job-04556,sk-teaching
js-006232,job-04557,sk-teaching
js-006233,job-04558,sk-teaching
js-006234,job-04559,sk-teaching
js-006235,job-04560,sk-slovenian-language
js-006236,job-04560,sk-teaching
js-006237,job-04561,sk-english-language
js-006238,job-04561,sk-teaching
js-006239,job-04562,sk-slovenian-language
js-006240,job-04562,sk-teaching
js-006241,job-04563,sk-teaching
js-006242,job-04564,sk-teaching
js-006243,job-04565,sk-teaching
js-006244,job-04566,sk-english-language
js-006245,job-04566,sk-teaching
js-006246,job-04567,sk-teaching
js-006247,job-04568,sk-teaching
js-006248,job-04569,sk-english-language
js-006249,job-04569,sk-teaching
js-006250,job-04570,sk-slovenian-language
js-006251,job-04570,sk-teaching
js-006252,job-04571,sk-teaching
js-006253,job-04572,sk-teaching
js-006254,job-04573,sk-teaching
js-006255,job-04574,sk-teaching
js-006256,job-04575,sk-management
js-006257,job-04576,sk-management
js-006258,job-04577,sk-pharmacy
js-006259,job-04578,sk-pharmacy
js-006260,job-04579,sk-pharmacy
js-006261,job-04580,sk-pharmacy
js-006262,job-04581,sk-pharmacy
js-006263,job-04582,sk-welding
js-006264,job-04583,sk-welding
js-006265,job-04584,sk-welding
js-006266,job-04585,sk-welding
js-006267,job-04586,sk-welding
js-006268,job-04587,sk-welding
js-006269,job-04588,sk-welding
js-006270,job-04589,sk-welding
js-006271,job-04590,sk-welding
js-006272,job-04591,sk-welding
js-006273,job-04592,sk-welding
js-006274,job-04593,sk-welding
js-006275,job-04594,sk-slovenian-language
js-006276,job-04594,sk-welding
js-006277,job-04595,sk-welding
js-006278,job-04596,sk-welding
js-006279,job-04597,sk-welding
js-006280,job-04598,sk-welding
js-006281,job-04599,sk-welding
js-006282,job-04600,sk-welding
js-006283,job-04601,sk-welding
js-006284,job-04602,sk-welding
js-006285,job-04603,sk-welding
js-006286,job-04604,sk-welding
js-006287,job-04605,sk-welding
js-006288,job-04606,sk-welding
js-006289,job-04607,sk-welding
js-006290,job-04608,sk-welding
js-006291,job-04609,sk-welding
js-006292,job-04610,sk-welding
js-006293,job-04611,sk-welding
js-006294,job-04612,sk-welding
js-006295,job-04613,sk-welding
js-006296,job-04614,sk-welding
js-006297,job-04615,sk-welding
js-006298,job-04616,sk-welding
js-006299,job-04617,sk-welding
js-006300,job-04618,sk-production-work
js-006301,job-04619,sk-mechanical-repair
js-006302,job-04620,sk-mechanical-repair
js-006303,job-04621,sk-mechanical-repair
js-006304,job-04622,sk-cnc-machining
js-006305,job-04622,sk-machine-operation
js-006306,job-04622,sk-production-work
js-006307,job-04623,sk-mechanical-repair
js-006308,job-04623,sk-slovenian-language
js-006309,job-04624,sk-technical-maintenance
js-006310,job-04625,sk-technical-maintenance
js-006311,job-04626,sk-mechanical-repair
js-006312,job-04627,sk-mechanical-repair
js-006313,job-04628,sk-mechanical-repair
js-006314,job-04629,sk-technical-maintenance
js-006315,job-04630,sk-mechanical-repair
js-006316,job-04631,sk-mechanical-repair
js-006317,job-04631,sk-vehicle-diagnostics
js-006318,job-04632,sk-mechanical-repair
js-006319,job-04632,sk-vehicle-diagnostics
js-006320,job-04633,sk-mechanical-repair
js-006321,job-04633,sk-vehicle-diagnostics
js-006322,job-04634,sk-mechanical-repair
js-006323,job-04635,sk-mechanical-repair
js-006324,job-04636,sk-technical-maintenance
js-006325,job-04637,sk-technical-maintenance
js-006326,job-04638,sk-general-work
js-006327,job-04639,sk-mechanical-repair
js-006328,job-04640,sk-mechanical-repair
js-006329,job-04641,sk-hairdressing
js-006330,job-04642,sk-hairdressing
js-006331,job-04643,sk-hairdressing
js-006332,job-04644,sk-hairdressing
js-006333,job-04645,sk-hairdressing
js-006334,job-04645,sk-slovenian-language
js-006335,job-01850,sk-biology
js-006336,job-01947,sk-biology
js-006337,job-02112,sk-biology
js-006338,job-04560,sk-biology
js-006339,job-01850,sk-chemistry
js-006340,job-01947,sk-chemistry
js-006341,job-01967,sk-chemistry
js-006342,job-01976,sk-chemistry
js-006343,job-02132,sk-chemistry
js-006344,job-04545,sk-chemistry
js-006345,job-04560,sk-chemistry
js-006346,job-04563,sk-chemistry
js-006347,job-01431,sk-physics
js-006348,job-01563,sk-physics
js-006349,job-01661,sk-physics
js-006350,job-01867,sk-physics
js-006351,job-01881,sk-physics
js-006352,job-02144,sk-physics
js-006353,job-02407,sk-physics
js-006354,job-04443,sk-physics
js-006355,job-04464,sk-physics
js-006356,job-04474,sk-physics
js-006357,job-04489,sk-physics
js-006358,job-04494,sk-physics
js-006359,job-04545,sk-physics
js-006360,job-04546,sk-physics
js-006361,job-04551,sk-physics
js-006362,job-04564,sk-physics
js-006363,job-01431,sk-mathematics
js-006364,job-01563,sk-mathematics
js-006365,job-01654,sk-mathematics
js-006366,job-01702,sk-mathematics
js-006367,job-01706,sk-mathematics
js-006368,job-01872,sk-mathematics
js-006369,job-01874,sk-mathematics
js-006370,job-02085,sk-mathematics
js-006371,job-02145,sk-mathematics
js-006372,job-02376,sk-mathematics
js-006373,job-02746,sk-mathematics
js-006374,job-04409,sk-mathematics
js-006375,job-04411,sk-mathematics
js-006376,job-04414,sk-mathematics
js-006377,job-04419,sk-mathematics
js-006378,job-04421,sk-mathematics
js-006379,job-04426,sk-mathematics
js-006380,job-04438,sk-mathematics
js-006381,job-04448,sk-mathematics
js-006382,job-04451,sk-mathematics
js-006383,job-04454,sk-mathematics
js-006384,job-04455,sk-mathematics
js-006385,job-04462,sk-mathematics
js-006386,job-04464,sk-mathematics
js-006387,job-04467,sk-mathematics
js-006388,job-04472,sk-mathematics
js-006389,job-04474,sk-mathematics
js-006390,job-04483,sk-mathematics
js-006391,job-04485,sk-mathematics
js-006392,job-04489,sk-mathematics
js-006393,job-04490,sk-mathematics
js-006394,job-04491,sk-mathematics
js-006395,job-04492,sk-mathematics
js-006396,job-04507,sk-mathematics
js-006397,job-04520,sk-mathematics
js-006398,job-04523,sk-mathematics
js-006399,job-04525,sk-mathematics
js-006400,job-04533,sk-mathematics
js-006401,job-04551,sk-mathematics
js-006402,job-04553,sk-mathematics
js-006403,job-04556,sk-mathematics
js-006404,job-04559,sk-mathematics
js-006405,job-04567,sk-mathematics
js-006406,job-04570,sk-mathematics
js-006407,job-04574,sk-mathematics
js-006408,job-01899,sk-geography
js-006409,job-01945,sk-geography
js-006410,job-02115,sk-geography
js-006411,job-04453,sk-geography
js-006412,job-04527,sk-geography
js-006413,job-04549,sk-geography
js-006414,job-04558,sk-geography
js-006415,job-01899,sk-history
js-006416,job-01945,sk-history
js-006417,job-04536,sk-history
js-006418,job-04549,sk-history
js-006419,job-01632,sk-psychology
js-006420,job-04427,sk-psychology
js-006421,job-04428,sk-psychology
js-006422,job-04434,sk-psychology
js-006423,job-04498,sk-psychology
js-006424,job-04499,sk-psychology
js-006425,job-04506,sk-psychology
js-006426,job-04562,sk-psychology
js-006427,job-04432,sk-philosophy
js-006428,job-04503,sk-philosophy
js-006429,job-01472,sk-art-education
js-006430,job-01498,sk-art-education
js-006431,job-01586,sk-art-education
js-006432,job-01851,sk-art-education
js-006433,job-01861,sk-art-education
js-006434,job-02234,sk-art-education
js-006435,job-04471,sk-art-education
js-006436,job-04529,sk-art-education
js-006437,job-04547,sk-art-education
js-006438,job-04571,sk-art-education
js-006439,job-01472,sk-music-education
js-006440,job-01498,sk-music-education
js-006441,job-01861,sk-music-education
js-006442,job-02121,sk-music-education
js-006443,job-02234,sk-music-education
js-006444,job-04410,sk-music-education
js-006445,job-04420,sk-music-education
js-006446,job-04571,sk-music-education
js-006447,job-01548,sk-physical-education
js-006448,job-01961,sk-physical-education
js-006449,job-04568,sk-physical-education
js-006450,job-01582,sk-computer-science
js-006451,job-01702,sk-computer-science
js-006452,job-02746,sk-computer-science
js-006453,job-04419,sk-computer-science
js-006454,job-04492,sk-computer-science
js-006455,job-04547,sk-computer-science
js-006456,job-04565,sk-computer-science
js-006457,job-01424,sk-primary-education
js-006458,job-01428,sk-primary-education
js-006459,job-01498,sk-primary-education
js-006460,job-01657,sk-primary-education
js-006461,job-01849,sk-primary-education
js-006462,job-01897,sk-primary-education
js-006463,job-01998,sk-primary-education
js-006464,job-02108,sk-primary-education
js-006465,job-04408,sk-primary-education
js-006466,job-04409,sk-primary-education
js-006467,job-04412,sk-primary-education
js-006468,job-04422,sk-primary-education
js-006469,job-04426,sk-primary-education
js-006470,job-04446,sk-primary-education
js-006471,job-04447,sk-primary-education
js-006472,job-04457,sk-primary-education
js-006473,job-04460,sk-primary-education
js-006474,job-04470,sk-primary-education
js-006475,job-04482,sk-primary-education
js-006476,job-04539,sk-primary-education
js-006477,job-04541,sk-primary-education
js-006478,job-04542,sk-primary-education
js-006479,job-04543,sk-primary-education
js-006480,job-04545,sk-primary-education
js-006481,job-04547,sk-primary-education
js-006482,job-04548,sk-primary-education
js-006483,job-04550,sk-primary-education
js-006484,job-04557,sk-primary-education
js-006485,job-04566,sk-primary-education
js-006486,job-01568,sk-special-education
js-006487,job-01663,sk-special-education
js-006488,job-01720,sk-special-education
js-006489,job-01978,sk-special-education
js-006490,job-02297,sk-special-education
js-006491,job-02511,sk-special-education
js-006492,job-04384,sk-special-education
js-006493,job-04385,sk-special-education
js-006494,job-04389,sk-special-education
js-006495,job-04450,sk-special-education
js-006496,job-04463,sk-special-education
js-006497,job-04466,sk-special-education
js-006498,job-04473,sk-special-education
js-006499,job-04520,sk-special-education
js-006500,job-04539,sk-special-education
js-006501,job-04540,sk-special-education
js-006502,job-04550,sk-special-education
js-006503,job-01388,sk-technical-education
js-006504,job-01980,sk-technical-education
js-006505,job-03527,sk-technical-education
js-006506,job-04449,sk-technical-education
js-006507,job-04458,sk-technical-education
js-006508,job-04475,sk-technical-education
js-006509,job-04515,sk-technical-education
js-006510,job-04516,sk-technical-education
js-006511,job-04517,sk-technical-education
js-006512,job-04519,sk-technical-education
js-006513,job-04521,sk-technical-education
js-006514,job-04522,sk-technical-education
js-006515,job-04526,sk-technical-education
js-006516,job-04531,sk-technical-education
js-006517,job-04532,sk-technical-education
js-006518,job-04534,sk-technical-education
js-006519,job-04537,sk-technical-education
js-006520,job-04538,sk-technical-education
js-006521,job-04572,sk-technical-education
js-006522,job-04573,sk-technical-education
js-006523,job-00171,sk-mechanical-engineering
js-006524,job-00185,sk-mechanical-engineering
js-006525,job-00187,sk-mechanical-engineering
js-006526,job-00465,sk-mechanical-engineering
js-006527,job-01333,sk-mechanical-engineering
js-006528,job-01388,sk-mechanical-engineering
js-006529,job-01650,sk-mechanical-engineering
js-006530,job-01721,sk-mechanical-engineering
js-006531,job-01736,sk-mechanical-engineering
js-006532,job-01855,sk-mechanical-engineering
js-006533,job-01889,sk-mechanical-engineering
js-006534,job-01980,sk-mechanical-engineering
js-006535,job-02012,sk-mechanical-engineering
js-006536,job-02069,sk-mechanical-engineering
js-006537,job-02185,sk-mechanical-engineering
js-006538,job-02442,sk-mechanical-engineering
js-006539,job-02463,sk-mechanical-engineering
js-006540,job-02474,sk-mechanical-engineering
js-006541,job-02497,sk-mechanical-engineering
js-006542,job-02514,sk-mechanical-engineering
js-006543,job-02729,sk-mechanical-engineering
js-006544,job-03052,sk-mechanical-engineering
js-006545,job-03206,sk-mechanical-engineering
js-006546,job-03411,sk-mechanical-engineering
js-006547,job-03432,sk-mechanical-engineering
js-006548,job-03472,sk-mechanical-engineering
js-006549,job-03474,sk-mechanical-engineering
js-006550,job-03510,sk-mechanical-engineering
js-006551,job-03527,sk-mechanical-engineering
js-006552,job-03537,sk-mechanical-engineering
js-006553,job-03538,sk-mechanical-engineering
js-006554,job-03540,sk-mechanical-engineering
js-006555,job-03706,sk-mechanical-engineering
js-006556,job-03785,sk-mechanical-engineering
js-006557,job-03828,sk-mechanical-engineering
js-006558,job-03875,sk-mechanical-engineering
js-006559,job-03919,sk-mechanical-engineering
js-006560,job-03936,sk-mechanical-engineering
js-006561,job-04069,sk-mechanical-engineering
js-006562,job-04076,sk-mechanical-engineering
js-006563,job-04475,sk-mechanical-engineering
js-006564,job-04515,sk-mechanical-engineering
js-006565,job-04516,sk-mechanical-engineering
js-006566,job-04534,sk-mechanical-engineering
js-006567,job-04572,sk-mechanical-engineering
js-006568,job-04573,sk-mechanical-engineering
js-006569,job-04583,sk-mechanical-engineering
js-006570,job-04593,sk-mechanical-engineering
js-006571,job-04594,sk-mechanical-engineering
js-006572,job-04596,sk-mechanical-engineering
js-006573,job-01158,sk-electrical-engineering
js-006574,job-01160,sk-electrical-engineering
js-006575,job-01502,sk-electrical-engineering
js-006576,job-01594,sk-electrical-engineering
js-006577,job-01747,sk-electrical-engineering
js-006578,job-02088,sk-electrical-engineering
js-006579,job-02310,sk-electrical-engineering
js-006580,job-02414,sk-electrical-engineering
js-006581,job-02457,sk-electrical-engineering
js-006582,job-02475,sk-electrical-engineering
js-006583,job-02489,sk-electrical-engineering
js-006584,job-03607,sk-electrical-engineering
js-006585,job-03659,sk-electrical-engineering
js-006586,job-03690,sk-electrical-engineering
js-006587,job-03693,sk-electrical-engineering
js-006588,job-03723,sk-electrical-engineering
js-006589,job-03727,sk-electrical-engineering
js-006590,job-03753,sk-electrical-engineering
js-006591,job-03759,sk-electrical-engineering
js-006592,job-03763,sk-electrical-engineering
js-006593,job-03809,sk-electrical-engineering
js-006594,job-03848,sk-electrical-engineering
js-006595,job-03921,sk-electrical-engineering
js-006596,job-03941,sk-electrical-engineering
js-006597,job-03942,sk-electrical-engineering
js-006598,job-03952,sk-electrical-engineering
js-006599,job-03953,sk-electrical-engineering
js-006600,job-03954,sk-electrical-engineering
js-006601,job-03956,sk-electrical-engineering
js-006602,job-03957,sk-electrical-engineering
js-006603,job-04054,sk-electrical-engineering
js-006604,job-04449,sk-electrical-engineering
js-006605,job-04459,sk-electrical-engineering
js-006606,job-04461,sk-electrical-engineering
js-006607,job-04481,sk-electrical-engineering
js-006608,job-04484,sk-electrical-engineering
js-006609,job-04519,sk-electrical-engineering
js-006610,job-04526,sk-electrical-engineering
js-006611,job-04532,sk-electrical-engineering
js-006612,job-00150,sk-automation
js-006613,job-00186,sk-automation
js-006614,job-02093,sk-automation
js-006615,job-02095,sk-automation
js-006616,job-02349,sk-automation
js-006617,job-03799,sk-automation
js-006618,job-03802,sk-automation
js-006619,job-03814,sk-automation
js-006620,job-03846,sk-automation
js-006621,job-04053,sk-automation
js-006622,job-04519,sk-automation
js-006623,job-04522,sk-automation
js-006624,job-01237,sk-robotics
js-006625,job-04519,sk-robotics
js-006626,job-01158,sk-mechatronics
js-006627,job-01502,sk-mechatronics
js-006628,job-02457,sk-mechatronics
js-006629,job-03481,sk-mechatronics
js-006630,job-03527,sk-mechatronics
js-006631,job-03607,sk-mechatronics
js-006632,job-03659,sk-mechatronics
js-006633,job-03723,sk-mechatronics
js-006634,job-03727,sk-mechatronics
js-006635,job-03728,sk-mechatronics
js-006636,job-03957,sk-mechatronics
js-006637,job-04090,sk-mechatronics
js-006638,job-04459,sk-mechatronics
js-006639,job-04461,sk-mechatronics
js-006640,job-04519,sk-mechatronics
js-006641,job-04638,sk-mechatronics
js-006642,job-02588,sk-telecommunications
js-006643,job-02700,sk-telecommunications
js-006644,job-02719,sk-telecommunications
js-006645,job-03334,sk-telecommunications
js-006646,job-03336,sk-telecommunications
js-006647,job-03338,sk-telecommunications
js-006648,job-03558,sk-telecommunications
js-006649,job-03569,sk-telecommunications
js-006650,job-03603,sk-telecommunications
js-006651,job-03817,sk-telecommunications
js-006652,job-03900,sk-telecommunications
js-006653,job-04224,sk-telecommunications
js-006654,job-04230,sk-telecommunications
js-006655,job-04532,sk-telecommunications
js-006656,job-01404,sk-woodworking
js-006657,job-01416,sk-woodworking
js-006658,job-01821,sk-woodworking
js-006659,job-01822,sk-woodworking
js-006660,job-01890,sk-woodworking
js-006661,job-02017,sk-woodworking
js-006662,job-03606,sk-woodworking
js-006663,job-03706,sk-woodworking
js-006664,job-03743,sk-woodworking
js-006665,job-03902,sk-woodworking
js-006666,job-04044,sk-woodworking
js-006667,job-04051,sk-woodworking
js-006668,job-04517,sk-woodworking
js-006669,job-01889,sk-metalworking
js-006670,job-02012,sk-metalworking
js-006671,job-02069,sk-metalworking
js-006672,job-02474,sk-metalworking
js-006673,job-02497,sk-metalworking
js-006674,job-02514,sk-metalworking
js-006675,job-03206,sk-metalworking
js-006676,job-03432,sk-metalworking
js-006677,job-03472,sk-metalworking
js-006678,job-03474,sk-metalworking
js-006679,job-03510,sk-metalworking
js-006680,job-03537,sk-metalworking
js-006681,job-03538,sk-metalworking
js-006682,job-03540,sk-metalworking
js-006683,job-03745,sk-metalworking
js-006684,job-04515,sk-metalworking
js-006685,job-04534,sk-metalworking
js-006686,job-04593,sk-metalworking
js-006687,job-04594,sk-metalworking
js-006688,job-04596,sk-metalworking
js-006689,job-01562,sk-automotive-repair
js-006690,job-02702,sk-automotive-repair
js-006691,job-03659,sk-automotive-repair
js-006692,job-03689,sk-automotive-repair
js-006693,job-03746,sk-automotive-repair
js-006694,job-04521,sk-automotive-repair
js-006695,job-02953,sk-graphic-design
js-006696,job-04429,sk-graphic-design
js-006697,job-04437,sk-graphic-design
js-006698,job-04500,sk-graphic-design
js-006699,job-04433,sk-library-science
js-006700,job-04505,sk-library-science
js-006701,job-01556,sk-english-language
js-006702,job-01557,sk-english-language
js-006703,job-02108,sk-english-language
js-006704,job-02146,sk-english-language
js-006705,job-04470,sk-english-language
js-006706,job-04482,sk-english-language
js-006707,job-04496,sk-english-language
js-006708,job-04508,sk-english-language
js-006709,job-04518,sk-english-language
js-006710,job-04528,sk-english-language
js-006711,job-04536,sk-english-language
js-006712,job-04552,sk-english-language
js-006713,job-01556,sk-german-language
js-006714,job-01557,sk-german-language
js-006715,job-04518,sk-german-language
js-006716,job-01327,sk-slovenian-language
js-006717,job-01858,sk-slovenian-language
js-006718,job-01954,sk-slovenian-language
js-006719,job-01998,sk-slovenian-language
js-006720,job-02650,sk-slovenian-language
js-006721,job-04413,sk-slovenian-language
js-006722,job-04417,sk-slovenian-language
js-006723,job-04447,sk-slovenian-language
js-006724,job-04457,sk-slovenian-language
js-006725,job-04495,sk-slovenian-language
js-006726,job-04524,sk-slovenian-language
js-006727,job-04535,sk-slovenian-language
js-006728,job-04544,sk-slovenian-language
js-006729,job-04566,sk-slovenian-language
js-006730,job-01437,sk-teaching
js-006731,job-01516,sk-teaching
js-006732,job-02005,sk-teaching
js-006733,job-02376,sk-teaching
js-006734,job-04424,sk-teaching
js-006735,job-04431,sk-teaching
js-006736,job-04458,sk-teaching
js-006737,job-04476,sk-teaching
js-006738,job-04488,sk-teaching
js-006739,job-04502,sk-teaching
js-006740,job-04509,sk-teaching
js-006741,job-04510,sk-teaching
js-006742,job-04511,sk-teaching
js-006743,job-04512,sk-teaching
js-006744,job-04513,sk-teaching
js-006745,job-04514,sk-teaching
js-006746,job-04515,sk-teaching
js-006747,job-04554,sk-teaching
js-006748,job-04555,sk-teaching
js-006749,job-01156,sk-speech-therapy
js-006750,job-01185,sk-speech-therapy
js-006751,job-01225,sk-speech-therapy
js-006752,job-01437,sk-speech-therapy
