id,JobId,SkillId
js-000001,job-00001,sk-cooking
js-000002,job-00001,sk-pizza-preparation
js-000003,job-00002,sk-cooking
js-000004,job-00003,sk-cooking
js-000005,job-00004,sk-cooking
js-000006,job-00005,sk-cooking
js-000007,job-00006,sk-cooking
js-000008,job-00007,sk-cooking
js-000009,job-00007,sk-pizza-preparation
js-000010,job-00007,sk-slovenian-language
js-000011,job-00008,sk-cooking
js-000012,job-00009,sk-cooking
js-000013,job-00010,sk-cooking
js-000014,job-00010,sk-food-preparation
js-000015,job-00011,sk-cooking
js-000016,job-00011,sk-food-preparation
js-000017,job-00011,sk-kitchen-management
js-000018,job-00011,sk-menu-planning
js-000019,job-00012,sk-cooking
js-000020,job-00012,sk-food-preparation
js-000021,job-00013,sk-cooking
js-000022,job-00013,sk-food-preparation
js-000023,job-00013,sk-hospitality
js-000024,job-00014,sk-cooking
js-000025,job-00014,sk-food-preparation
js-000026,job-00014,sk-food-safety
js-000027,job-00014,sk-haccp
js-000028,job-00014,sk-hospitality
js-000029,job-00015,sk-cooking
js-000030,job-00015,sk-food-preparation
js-000031,job-00015,sk-inventory-management
js-000032,job-00015,sk-menu-planning
js-000033,job-00016,sk-cooking
js-000034,job-00017,sk-cooking
js-000035,job-00017,sk-dietary-cooking
js-000036,job-00017,sk-food-preparation
js-000037,job-00017,sk-food-safety
js-000038,job-00017,sk-haccp
js-000039,job-00017,sk-menu-planning
js-000040,job-00018,sk-cooking
js-000041,job-00018,sk-food-preparation
js-000042,job-00019,sk-cooking
js-000043,job-00019,sk-kitchen-management
js-000044,job-00020,sk-cooking
js-000045,job-00020,sk-food-preparation
js-000046,job-00020,sk-hospitality
js-000047,job-00021,sk-cooking
js-000048,job-00021,sk-food-preparation
js-000049,job-00021,sk-food-safety
js-000050,job-00021,sk-haccp
js-000051,job-00021,sk-hospitality
js-000052,job-00021,sk-kitchen-management
js-000053,job-00021,sk-slovenian-language
js-000054,job-00022,sk-cooking
js-000055,job-00022,sk-food-preparation
js-000056,job-00022,sk-kitchen-management
js-000057,job-00023,sk-cooking
js-000058,job-00023,sk-food-preparation
js-000059,job-00024,sk-cooking
js-000060,job-00024,sk-food-preparation
js-000061,job-00024,sk-food-safety
js-000062,job-00024,sk-haccp
js-000063,job-00024,sk-inventory-management
js-000064,job-00025,sk-cooking
js-000065,job-00025,sk-food-preparation
js-000066,job-00025,sk-food-safety
js-000067,job-00025,sk-haccp
js-000068,job-00025,sk-hospitality
js-000069,job-00025,sk-inventory-management
js-000070,job-00026,sk-cooking
js-000071,job-00026,sk-dietary-cooking
js-000072,job-00026,sk-food-preparation
js-000073,job-00027,sk-cooking
js-000074,job-00027,sk-food-preparation
js-000075,job-00028,sk-cooking
js-000076,job-00029,sk-cooking
js-000077,job-00029,sk-dietary-cooking
js-000078,job-00029,sk-food-preparation
js-000079,job-00029,sk-inventory-management
js-000080,job-00030,sk-cooking
js-000081,job-00030,sk-food-preparation
js-000082,job-00031,sk-cooking
js-000083,job-00031,sk-english-language
js-000084,job-00031,sk-food-preparation
js-000085,job-00031,sk-kitchen-management
js-000086,job-00031,sk-slovenian-language
js-000087,job-00032,sk-cooking
js-000088,job-00032,sk-food-preparation
js-000089,job-00032,sk-food-safety
js-000090,job-00032,sk-haccp
js-000091,job-00032,sk-hospitality
js-000092,job-00033,sk-cooking
js-000093,job-00033,sk-dietary-cooking
js-000094,job-00034,sk-cooking
js-000095,job-00034,sk-food-preparation
js-000096,job-00034,sk-hospitality
js-000097,job-00035,sk-cooking
js-000098,job-00035,sk-dietary-cooking
js-000099,job-00035,sk-food-preparation
js-000100,job-00036,sk-cooking
js-000101,job-00036,sk-dietary-cooking
js-000102,job-00036,sk-food-preparation
js-000103,job-00036,sk-inventory-management
js-000104,job-00037,sk-cooking
js-000105,job-00037,sk-food-preparation
js-000106,job-00037,sk-hospitality
js-000107,job-00038,sk-cooking
js-000108,job-00039,sk-cooking
js-000109,job-00039,sk-food-preparation
js-000110,job-00039,sk-hospitality
js-000111,job-00039,sk-menu-planning
js-000112,job-00040,sk-cooking
js-000113,job-00040,sk-food-preparation
js-000114,job-00040,sk-hospitality
js-000115,job-00041,sk-cooking
js-000116,job-00041,sk-food-preparation
js-000117,job-00041,sk-menu-planning
js-000118,job-00042,sk-cooking
js-000119,job-00043,sk-cooking
js-000120,job-00043,sk-dietary-cooking
js-000121,job-00043,sk-food-preparation
js-000122,job-00044,sk-cooking
js-000123,job-00045,sk-cooking
js-000124,job-00045,sk-food-preparation
js-000125,job-00046,sk-cooking
js-000126,job-00046,sk-food-preparation
js-000127,job-00047,sk-cooking
js-000128,job-00047,sk-dietary-cooking
js-000129,job-00048,sk-cooking
js-000130,job-00048,sk-hospitality
js-000131,job-00048,sk-kitchen-management
js-000132,job-00049,sk-cooking
js-000133,job-00049,sk-inventory-management
js-000134,job-00049,sk-kitchen-management
js-000135,job-00050,sk-cooking
js-000136,job-00050,sk-inventory-management
js-000137,job-00050,sk-kitchen-management
js-000138,job-00051,sk-cooking
js-000139,job-00051,sk-hospitality
js-000140,job-00052,sk-cooking
js-000141,job-00052,sk-food-preparation
js-000142,job-00053,sk-cooking
js-000143,job-00053,sk-dietary-cooking
js-000144,job-00054,sk-cooking
js-000145,job-00054,sk-food-preparation
js-000146,job-00054,sk-hospitality
js-000147,job-00054,sk-slovenian-language
js-000148,job-00055,sk-cooking
js-000149,job-00055,sk-food-preparation
js-000150,job-00055,sk-hospitality
js-000151,job-00056,sk-cooking
js-000152,job-00056,sk-food-preparation
js-000153,job-00056,sk-hospitality
js-000154,job-00057,sk-cooking
js-000155,job-00057,sk-dietary-cooking
js-000156,job-00057,sk-food-preparation
js-000157,job-00057,sk-menu-planning
js-000158,job-00058,sk-cooking
js-000159,job-00058,sk-hospitality
js-000160,job-00059,sk-cooking
js-000161,job-00059,sk-food-preparation
js-000162,job-00059,sk-hospitality
js-000163,job-00060,sk-cooking
js-000164,job-00061,sk-cooking
js-000165,job-00061,sk-food-preparation
js-000166,job-00061,sk-food-safety
js-000167,job-00061,sk-haccp
js-000168,job-00061,sk-hospitality
js-000169,job-00062,sk-cooking
js-000170,job-00062,sk-food-preparation
js-000171,job-00062,sk-food-safety
js-000172,job-00062,sk-haccp
js-000173,job-00062,sk-hospitality
js-000174,job-00063,sk-cooking
js-000175,job-00063,sk-food-preparation
js-000176,job-00063,sk-food-safety
js-000177,job-00063,sk-haccp
js-000178,job-00063,sk-hospitality
js-000179,job-00064,sk-cooking
js-000180,job-00064,sk-food-preparation
js-000181,job-00064,sk-food-safety
js-000182,job-00064,sk-haccp
js-000183,job-00064,sk-hospitality
js-000184,job-00065,sk-cooking
js-000185,job-00066,sk-cooking
js-000186,job-00066,sk-hospitality
js-000187,job-00067,sk-cooking
js-000188,job-00068,sk-cooking
js-000189,job-00068,sk-dietary-cooking
js-000190,job-00068,sk-food-preparation
js-000191,job-00069,sk-cooking
js-000192,job-00069,sk-food-preparation
js-000193,job-00069,sk-hospitality
js-000194,job-00070,sk-cooking
js-000195,job-00070,sk-food-preparation
js-000196,job-00070,sk-hospitality
js-000197,job-00070,sk-inventory-management
js-000198,job-00070,sk-menu-planning
js-000199,job-00071,sk-cooking
js-000200,job-00072,sk-cooking
js-000201,job-00072,sk-food-preparation
js-000202,job-00073,sk-cooking
js-000203,job-00073,sk-food-preparation
js-000204,job-00074,sk-cooking
js-000205,job-00074,sk-pizza-preparation
js-000206,job-00075,sk-cooking
js-000207,job-00075,sk-dietary-cooking
js-000208,job-00075,sk-food-preparation
js-000209,job-00076,sk-cooking
js-000210,job-00076,sk-dietary-cooking
js-000211,job-00076,sk-food-preparation
js-000212,job-00077,sk-cooking
js-000213,job-00077,sk-food-preparation
js-000214,job-00078,sk-cooking
js-000215,job-00079,sk-cooking
js-000216,job-00079,sk-dietary-cooking
js-000217,job-00080,sk-cooking
js-000218,job-00080,sk-food-preparation
js-000219,job-00080,sk-slovenian-language
js-000220,job-00081,sk-cooking
js-000221,job-00081,sk-food-preparation
js-000222,job-00081,sk-hospitality
js-000223,job-00082,sk-cooking
js-000224,job-00082,sk-dietary-cooking
js-000225,job-00082,sk-food-preparation
js-000226,job-00083,sk-cooking
js-000227,job-00083,sk-dietary-cooking
js-000228,job-00083,sk-food-preparation
js-000229,job-00084,sk-cooking
js-000230,job-00084,sk-pizza-preparation
js-000231,job-00085,sk-cooking
js-000232,job-00085,sk-dietary-cooking
js-000233,job-00085,sk-food-preparation
js-000234,job-00085,sk-food-safety
js-000235,job-00085,sk-haccp
js-000236,job-00086,sk-cooking
js-000237,job-00086,sk-food-preparation
js-000238,job-00087,sk-cooking
js-000239,job-00087,sk-food-preparation
js-000240,job-00088,sk-cooking
js-000241,job-00088,sk-food-preparation
js-000242,job-00088,sk-hospitality
js-000243,job-00089,sk-cooking
js-000244,job-00089,sk-dietary-cooking
js-000245,job-00089,sk-food-preparation
js-000246,job-00090,sk-cooking
js-000247,job-00090,sk-dietary-cooking
js-000248,job-00090,sk-food-preparation
js-000249,job-00091,sk-cooking
js-000250,job-00092,sk-cooking
js-000251,job-00092,sk-food-preparation
js-000252,job-00093,sk-cooking
js-000253,job-00093,sk-food-preparation
js-000254,job-00094,sk-general-work
js-000255,job-00095,sk-cooking
js-000256,job-00095,sk-kitchen-management
js-000257,job-00096,sk-cooking
js-000258,job-00096,sk-food-preparation
js-000259,job-00096,sk-hospitality
js-000260,job-00097,sk-cooking
js-000261,job-00097,sk-food-preparation
js-000262,job-00098,sk-cooking
js-000263,job-00098,sk-food-preparation
js-000264,job-00098,sk-hospitality
js-000265,job-00098,sk-menu-planning
js-000266,job-00099,sk-cooking
js-000267,job-00099,sk-food-preparation
js-000268,job-00100,sk-cooking
js-000269,job-00100,sk-food-preparation
js-000270,job-00100,sk-hospitality
js-000271,job-00101,sk-cooking
js-000272,job-00101,sk-hospitality
js-000273,job-00102,sk-cooking
js-000274,job-00102,sk-food-preparation
js-000275,job-00102,sk-hospitality
js-000276,job-00103,sk-cooking
js-000277,job-00103,sk-hospitality
js-000278,job-00104,sk-cooking
js-000279,job-00104,sk-food-preparation
js-000280,job-00104,sk-hospitality
js-000281,job-00105,sk-cooking
js-000282,job-00105,sk-food-preparation
js-000283,job-00106,sk-cooking
js-000284,job-00106,sk-kitchen-management
js-000285,job-00107,sk-cooking
js-000286,job-00107,sk-hospitality
js-000287,job-00108,sk-cooking
js-000288,job-00108,sk-dietary-cooking
js-000289,job-00109,sk-cooking
js-000290,job-00109,sk-food-preparation
js-000291,job-00109,sk-food-safety
js-000292,job-00109,sk-haccp
js-000293,job-00109,sk-hospitality
js-000294,job-00109,sk-kitchen-management
js-000295,job-00110,sk-cooking
js-000296,job-00110,sk-food-preparation
js-000297,job-00110,sk-hospitality
js-000298,job-00110,sk-kitchen-management
js-000299,job-00111,sk-cooking
js-000300,job-00111,sk-food-preparation
js-000301,job-00111,sk-inventory-management
js-000302,job-00111,sk-menu-planning
js-000303,job-00112,sk-cooking
js-000304,job-00112,sk-food-preparation
js-000305,job-00112,sk-menu-planning
js-000306,job-00113,sk-cooking
js-000307,job-00113,sk-food-preparation
js-000308,job-00113,sk-menu-planning
js-000309,job-00114,sk-cooking
js-000310,job-00114,sk-hospitality
js-000311,job-00115,sk-cooking
js-000312,job-00115,sk-dietary-cooking
js-000313,job-00115,sk-hospitality
js-000314,job-00116,sk-cooking
js-000315,job-00116,sk-dietary-cooking
js-000316,job-00116,sk-food-preparation
js-000317,job-00116,sk-menu-planning
js-000318,job-00117,sk-cooking
js-000319,job-00117,sk-food-preparation
js-000320,job-00117,sk-menu-planning
js-000321,job-00118,sk-machine-operation
js-000322,job-00118,sk-production-work
js-000323,job-00119,sk-production-work
js-000324,job-00120,sk-production-work
js-000325,job-00121,sk-machine-operation
js-000326,job-00121,sk-production-work
js-000327,job-00122,sk-production-work
js-000328,job-00123,sk-machine-operation
js-000329,job-00123,sk-production-work
js-000330,job-00124,sk-production-work
js-000331,job-00125,sk-machine-operation
js-000332,job-00125,sk-production-work
js-000333,job-00126,sk-production-work
js-000334,job-00127,sk-machine-operation
js-000335,job-00127,sk-production-work
js-000336,job-00128,sk-machine-operation
js-000337,job-00128,sk-production-work
js-000338,job-00129,sk-production-work
js-000339,job-00130,sk-production-work
js-000340,job-00131,sk-production-work
js-000341,job-00132,sk-production-work
js-000342,job-00133,sk-machine-operation
js-000343,job-00133,sk-production-work
js-000344,job-00134,sk-machine-operation
js-000345,job-00134,sk-production-work
js-000346,job-00135,sk-production-work
js-000347,job-00136,sk-production-work
js-000348,job-00137,sk-production-work
js-000349,job-00138,sk-production-work
js-000350,job-00139,sk-production-work
js-000351,job-00140,sk-production-work
js-000352,job-00141,sk-general-work
js-000353,job-00142,sk-production-work
js-000354,job-00143,sk-production-work
js-000355,job-00144,sk-machine-operation
js-000356,job-00144,sk-production-work
js-000357,job-00145,sk-production-work
js-000358,job-00146,sk-production-work
js-000359,job-00147,sk-production-work
js-000360,job-00148,sk-machine-operation
js-000361,job-00148,sk-production-work
js-000362,job-00149,sk-machine-operation
js-000363,job-00149,sk-production-work
js-000364,job-00150,sk-machine-operation
js-000365,job-00150,sk-production-work
js-000366,job-00151,sk-machine-operation
js-000367,job-00151,sk-production-work
js-000368,job-00152,sk-machine-operation
js-000369,job-00152,sk-production-work
js-000370,job-00153,sk-machine-operation
js-000371,job-00153,sk-production-work
js-000372,job-00154,sk-machine-operation
js-000373,job-00154,sk-production-work
js-000374,job-00155,sk-machine-operation
js-000375,job-00155,sk-production-work
js-000376,job-00156,sk-production-work
js-000377,job-00157,sk-production-work
js-000378,job-00158,sk-production-work
js-000379,job-00159,sk-machine-operation
js-000380,job-00159,sk-production-work
js-000381,job-00160,sk-production-work
js-000382,job-00161,sk-production-work
js-000383,job-00162,sk-production-work
js-000384,job-00163,sk-production-work
js-000385,job-00164,sk-production-work
js-000386,job-00165,sk-machine-operation
js-000387,job-00165,sk-production-work
js-000388,job-00166,sk-production-work
js-000389,job-00167,sk-production-work
js-000390,job-00168,sk-machine-operation
js-000391,job-00168,sk-production-work
js-000392,job-00169,sk-production-work
js-000393,job-00170,sk-production-work
js-000394,job-00171,sk-machine-operation
js-000395,job-00171,sk-production-work
js-000396,job-00172,sk-machine-operation
js-000397,job-00172,sk-production-work
js-000398,job-00173,sk-machine-operation
js-000399,job-00173,sk-production-work
js-000400,job-00174,sk-production-work
js-000401,job-00175,sk-machine-operation
js-000402,job-00175,sk-production-work
js-000403,job-00176,sk-machine-operation
js-000404,job-00176,sk-production-work
js-000405,job-00177,sk-production-work
js-000406,job-00178,sk-machine-operation
js-000407,job-00178,sk-production-work
js-000408,job-00179,sk-machine-operation
js-000409,job-00179,sk-production-work
js-000410,job-00180,sk-machine-operation
js-000411,job-00180,sk-production-work
js-000412,job-00181,sk-production-work
js-000413,job-00182,sk-machine-operation
js-000414,job-00182,sk-production-work
js-000415,job-00183,sk-machine-operation
js-000416,job-00183,sk-production-work
js-000417,job-00184,sk-production-work
js-000418,job-00185,sk-machine-operation
js-000419,job-00185,sk-production-work
js-000420,job-00186,sk-production-work
js-000421,job-00186,sk-slovenian-language
js-000422,job-00187,sk-machine-operation
js-000423,job-00187,sk-production-work
js-000424,job-00188,sk-machine-operation
js-000425,job-00188,sk-production-work
js-000426,job-00189,sk-machine-operation
js-000427,job-00189,sk-production-work
js-000428,job-00190,sk-machine-operation
js-000429,job-00190,sk-production-work
js-000430,job-00191,sk-machine-operation
js-000431,job-00191,sk-production-work
js-000432,job-00192,sk-production-work
js-000433,job-00193,sk-machine-operation
js-000434,job-00193,sk-production-work
js-000435,job-00194,sk-production-work
js-000436,job-00195,sk-warehouse-operations
js-000437,job-00196,sk-warehouse-operations
js-000438,job-00197,sk-production-work
js-000439,job-00198,sk-production-work
js-000440,job-00199,sk-production-work
js-000441,job-00200,sk-production-work
js-000442,job-00201,sk-nursing
js-000443,job-00202,sk-nursing
js-000444,job-00203,sk-nursing
js-000445,job-00204,sk-nursing
js-000446,job-00205,sk-nursing
js-000447,job-00206,sk-nursing
js-000448,job-00207,sk-nursing
js-000449,job-00208,sk-nursing
js-000450,job-00209,sk-nursing
js-000451,job-00210,sk-nursing
js-000452,job-00211,sk-nursing
js-000453,job-00212,sk-nursing
js-000454,job-00213,sk-nursing
js-000455,job-00214,sk-nursing
js-000456,job-00215,sk-nursing
js-000457,job-00216,sk-nursing
js-000458,job-00217,sk-nursing
js-000459,job-00218,sk-nursing
js-000460,job-00219,sk-nursing
js-000461,job-00220,sk-nursing
js-000462,job-00221,sk-nursing
js-000463,job-00222,sk-nursing
js-000464,job-00223,sk-nursing
js-000465,job-00224,sk-nursing
js-000466,job-00225,sk-nursing
js-000467,job-00225,sk-patient-care
js-000468,job-00226,sk-nursing
js-000469,job-00227,sk-nursing
js-000470,job-00228,sk-nursing
js-000471,job-00229,sk-nursing
js-000472,job-00230,sk-medicine
js-000473,job-00230,sk-nursing
js-000474,job-00231,sk-nursing
js-000475,job-00231,sk-patient-care
js-000476,job-00231,sk-slovenian-language
js-000477,job-00232,sk-nursing
js-000478,job-00233,sk-nursing
js-000479,job-00233,sk-patient-care
js-000480,job-00234,sk-nursing
js-000481,job-00235,sk-nursing
js-000482,job-00236,sk-nursing
js-000483,job-00236,sk-patient-care
js-000484,job-00237,sk-nursing
js-000485,job-00238,sk-nursing
js-000486,job-00238,sk-patient-care
js-000487,job-00239,sk-nursing
js-000488,job-00239,sk-patient-care
js-000489,job-00240,sk-nursing
js-000490,job-00241,sk-nursing
js-000491,job-00241,sk-patient-care
js-000492,job-00242,sk-nursing
js-000493,job-00243,sk-nursing
js-000494,job-00244,sk-nursing
js-000495,job-00245,sk-nursing
js-000496,job-00246,sk-nursing
js-000497,job-00247,sk-nursing
js-000498,job-00248,sk-nursing
js-000499,job-00248,sk-patient-care
js-000500,job-00249,sk-nursing
js-000501,job-00250,sk-nursing
js-000502,job-00251,sk-nursing
js-000503,job-00252,sk-nursing
js-000504,job-00253,sk-nursing
js-000505,job-00253,sk-patient-care
js-000506,job-00254,sk-nursing
js-000507,job-00254,sk-patient-care
js-000508,job-00255,sk-nursing
js-000509,job-00256,sk-nursing
js-000510,job-00257,sk-nursing
js-000511,job-00258,sk-nursing
js-000512,job-00259,sk-nursing
js-000513,job-00259,sk-patient-care
js-000514,job-00260,sk-general-work
js-000515,job-00261,sk-nursing
js-000516,job-00262,sk-nursing
js-000517,job-00263,sk-nursing
js-000518,job-00264,sk-nursing
js-000519,job-00265,sk-nursing
js-000520,job-00266,sk-nursing
js-000521,job-00267,sk-nursing
js-000522,job-00268,sk-nursing
js-000523,job-00269,sk-nursing
js-000524,job-00270,sk-nursing
js-000525,job-00271,sk-nursing
js-000526,job-00272,sk-nursing
js-000527,job-00273,sk-general-work
js-000528,job-00274,sk-nursing
js-000529,job-00275,sk-nursing
js-000530,job-00276,sk-nursing
js-000531,job-00277,sk-nursing
js-000532,job-00278,sk-nursing
js-000533,job-00279,sk-nursing
js-000534,job-00280,sk-general-work
js-000535,job-00281,sk-nursing
js-000536,job-00282,sk-nursing
js-000537,job-00283,sk-nursing
js-000538,job-00284,sk-nursing
js-000539,job-00285,sk-general-work
js-000540,job-00286,sk-general-work
js-000541,job-00287,sk-nursing
js-000542,job-00288,sk-nursing
js-000543,job-00289,sk-general-work
js-000544,job-00290,sk-general-work
js-000545,job-00291,sk-nursing
js-000546,job-00292,sk-nursing
js-000547,job-00293,sk-nursing
js-000548,job-00294,sk-nursing
js-000549,job-00295,sk-nursing
js-000550,job-00296,sk-nursing
js-000551,job-00297,sk-general-work
js-000552,job-00298,sk-nursing
js-000553,job-00299,sk-nursing
js-000554,job-00300,sk-nursing
js-000555,job-00300,sk-patient-care
js-000556,job-00301,sk-nursing
js-000557,job-00302,sk-nursing
js-000558,job-00302,sk-patient-care
js-000559,job-00303,sk-nursing
js-000560,job-00303,sk-patient-care
js-000561,job-00304,sk-nursing
js-000562,job-00305,sk-nursing
js-000563,job-00306,sk-nursing
js-000564,job-00307,sk-nursing
js-000565,job-00307,sk-patient-care
js-000566,job-00308,sk-medicine
js-000567,job-00308,sk-nursing
js-000568,job-00309,sk-nursing
js-000569,job-00309,sk-patient-care
js-000570,job-00310,sk-nursing
js-000571,job-00310,sk-patient-care
js-000572,job-00311,sk-medicine
js-000573,job-00311,sk-nursing
js-000574,job-00311,sk-patient-care
js-000575,job-00312,sk-nursing
js-000576,job-00313,sk-nursing
js-000577,job-00314,sk-nursing
js-000578,job-00315,sk-nursing
js-000579,job-00315,sk-slovenian-language
js-000580,job-00316,sk-nursing
js-000581,job-00316,sk-slovenian-language
js-000582,job-00317,sk-nursing
js-000583,job-00318,sk-nursing
js-000584,job-00319,sk-nursing
js-000585,job-00320,sk-nursing
js-000586,job-00321,sk-nursing
js-000587,job-00322,sk-nursing
js-000588,job-00322,sk-slovenian-language
js-000589,job-00323,sk-nursing
js-000590,job-00323,sk-patient-care
js-000591,job-00324,sk-nursing
js-000592,job-00325,sk-nursing
js-000593,job-00326,sk-nursing
js-000594,job-00326,sk-slovenian-language
js-000595,job-00327,sk-nursing
js-000596,job-00327,sk-slovenian-language
js-000597,job-00328,sk-nursing
js-000598,job-00329,sk-nursing
js-000599,job-00329,sk-slovenian-language
js-000600,job-00330,sk-nursing
js-000601,job-00330,sk-slovenian-language
js-000602,job-00331,sk-nursing
js-000603,job-00331,sk-slovenian-language
js-000604,job-00332,sk-nursing
js-000605,job-00332,sk-slovenian-language
js-000606,job-00333,sk-nursing
js-000607,job-00334,sk-nursing
js-000608,job-00334,sk-patient-care
js-000609,job-00335,sk-nursing
js-000610,job-00335,sk-patient-care
js-000611,job-00336,sk-nursing
js-000612,job-00337,sk-nursing
js-000613,job-00337,sk-patient-care
js-000614,job-00338,sk-nursing
js-000615,job-00339,sk-nursing
js-000616,job-00339,sk-patient-care
js-000617,job-00340,sk-nursing
js-000618,job-00341,sk-nursing
js-000619,job-00342,sk-nursing
js-000620,job-00342,sk-patient-care
js-000621,job-00343,sk-nursing
js-000622,job-00344,sk-nursing
js-000623,job-00345,sk-nursing
js-000624,job-00346,sk-nursing
js-000625,job-00346,sk-patient-care
js-000626,job-00347,sk-nursing
js-000627,job-00347,sk-patient-care
js-000628,job-00348,sk-nursing
js-000629,job-00348,sk-patient-care
js-000630,job-00349,sk-nursing
js-000631,job-00350,sk-nursing
js-000632,job-00350,sk-patient-care
js-000633,job-00351,sk-nursing
js-000634,job-00351,sk-patient-care
js-000635,job-00352,sk-nursing
js-000636,job-00352,sk-patient-care
js-000637,job-00353,sk-nursing
js-000638,job-00353,sk-patient-care
js-000639,job-00353,sk-slovenian-language
js-000640,job-00354,sk-nursing
js-000641,job-00354,sk-patient-care
js-000642,job-00355,sk-nursing
js-000643,job-00355,sk-patient-care
js-000644,job-00356,sk-nursing
js-000645,job-00357,sk-nursing
js-000646,job-00358,sk-medicine
js-000647,job-00358,sk-nursing
js-000648,job-00358,sk-patient-care
js-000649,job-00359,sk-nursing
js-000650,job-00360,sk-nursing
js-000651,job-00360,sk-patient-care
js-000652,job-00361,sk-nursing
js-000653,job-00361,sk-patient-care
js-000654,job-00362,sk-nursing
js-000655,job-00363,sk-nursing
js-000656,job-00364,sk-nursing
js-000657,job-00365,sk-nursing
js-000658,job-00366,sk-nursing
js-000659,job-00366,sk-patient-care
js-000660,job-00367,sk-nursing
js-000661,job-00367,sk-patient-care
js-000662,job-00368,sk-medicine
js-000663,job-00368,sk-nursing
js-000664,job-00368,sk-patient-care
js-000665,job-00369,sk-nursing
js-000666,job-00370,sk-nursing
js-000667,job-00370,sk-patient-care
js-000668,job-00371,sk-nursing
js-000669,job-00372,sk-nursing
js-000670,job-00372,sk-patient-care
js-000671,job-00373,sk-nursing
js-000672,job-00373,sk-patient-care
js-000673,job-00374,sk-nursing
js-000674,job-00374,sk-patient-care
js-000675,job-00375,sk-nursing
js-000676,job-00375,sk-patient-care
js-000677,job-00376,sk-nursing
js-000678,job-00376,sk-patient-care
js-000679,job-00377,sk-nursing
js-000680,job-00377,sk-patient-care
js-000681,job-00378,sk-nursing
js-000682,job-00378,sk-patient-care
js-000683,job-00379,sk-nursing
js-000684,job-00379,sk-patient-care
js-000685,job-00380,sk-nursing
js-000686,job-00380,sk-patient-care
js-000687,job-00381,sk-nursing
js-000688,job-00381,sk-patient-care
js-000689,job-00382,sk-nursing
js-000690,job-00382,sk-patient-care
js-000691,job-00383,sk-nursing
js-000692,job-00383,sk-patient-care
js-000693,job-00384,sk-nursing
js-000694,job-00384,sk-patient-care
js-000695,job-00385,sk-nursing
js-000696,job-00386,sk-nursing
js-000697,job-00386,sk-patient-care
js-000698,job-00387,sk-nursing
js-000699,job-00387,sk-patient-care
js-000700,job-00388,sk-teaching
js-000701,job-00389,sk-production-work
js-000702,job-00390,sk-production-work
js-000703,job-00391,sk-production-work
js-000704,job-00392,sk-production-work
js-000705,job-00393,sk-production-work
js-000706,job-00394,sk-english-language
js-000707,job-00394,sk-machine-operation
js-000708,job-00394,sk-production-work
js-000709,job-00395,sk-production-work
js-000710,job-00396,sk-machine-operation
js-000711,job-00396,sk-production-work
js-000712,job-00397,sk-production-work
js-000713,job-00398,sk-production-work
js-000714,job-00399,sk-production-work
js-000715,job-00400,sk-production-work
js-000716,job-00401,sk-machine-operation
js-000717,job-00401,sk-production-work
js-000718,job-00402,sk-production-work
js-000719,job-00403,sk-production-work
js-000720,job-00404,sk-production-work
js-000721,job-00405,sk-machine-operation
js-000722,job-00405,sk-production-work
js-000723,job-00406,sk-production-work
js-000724,job-00407,sk-production-work
js-000725,job-00408,sk-machine-operation
js-000726,job-00408,sk-production-work
js-000727,job-00408,sk-slovenian-language
js-000728,job-00409,sk-production-work
js-000729,job-00410,sk-production-work
js-000730,job-00411,sk-production-work
js-000731,job-00412,sk-machine-operation
js-000732,job-00412,sk-production-work
js-000733,job-00413,sk-production-work
js-000734,job-00414,sk-production-work
js-000735,job-00415,sk-production-work
js-000736,job-00416,sk-production-work
js-000737,job-00417,sk-production-work
js-000738,job-00418,sk-general-work
js-000739,job-00419,sk-production-work
js-000740,job-00420,sk-production-work
js-000741,job-00421,sk-production-work
js-000742,job-00422,sk-production-work
js-000743,job-00423,sk-machine-operation
js-000744,job-00423,sk-production-work
js-000745,job-00424,sk-machine-operation
js-000746,job-00424,sk-production-work
js-000747,job-00425,sk-production-work
js-000748,job-00426,sk-machine-operation
js-000749,job-00426,sk-production-work
js-000750,job-00427,sk-production-work
js-000751,job-00428,sk-production-work
js-000752,job-00429,sk-production-work
js-000753,job-00430,sk-production-work
js-000754,job-00430,sk-slovenian-language
js-000755,job-00431,sk-production-work
js-000756,job-00432,sk-production-work
js-000757,job-00433,sk-production-work
js-000758,job-00434,sk-production-work
js-000759,job-00435,sk-production-work
js-000760,job-00436,sk-production-work
js-000761,job-00437,sk-production-work
js-000762,job-00438,sk-production-work
js-000763,job-00439,sk-production-work
js-000764,job-00440,sk-production-work
js-000765,job-00441,sk-production-work
js-000766,job-00442,sk-production-work
js-000767,job-00443,sk-production-work
js-000768,job-00444,sk-production-work
js-000769,job-00445,sk-production-work
js-000770,job-00446,sk-production-work
js-000771,job-00447,sk-general-work
js-000772,job-00448,sk-general-work
js-000773,job-00449,sk-technical-maintenance
js-000774,job-00450,sk-production-work
js-000775,job-00451,sk-production-work
js-000776,job-00452,sk-machine-operation
js-000777,job-00452,sk-production-work
js-000778,job-00453,sk-production-work
js-000779,job-00454,sk-production-work
js-000780,job-00455,sk-production-work
js-000781,job-00456,sk-production-work
js-000782,job-00457,sk-production-work
js-000783,job-00458,sk-production-work
js-000784,job-00459,sk-pharmacy
js-000785,job-00460,sk-machine-operation
js-000786,job-00460,sk-production-work
js-000787,job-00461,sk-production-work
js-000788,job-00462,sk-pharmacy
js-000789,job-00463,sk-machine-operation
js-000790,job-00463,sk-production-work
js-000791,job-00464,sk-production-work
js-000792,job-00465,sk-machine-operation
js-000793,job-00465,sk-production-work
js-000794,job-00466,sk-pharmacy
js-000795,job-00467,sk-production-work
js-000796,job-00468,sk-production-work
js-000797,job-00469,sk-production-work
js-000798,job-00470,sk-machine-operation
js-000799,job-00470,sk-production-work
js-000800,job-00471,sk-machine-operation
js-000801,job-00471,sk-production-work
js-000802,job-00472,sk-production-work
js-000803,job-00473,sk-pharmacy
js-000804,job-00474,sk-machine-operation
js-000805,job-00474,sk-production-work
js-000806,job-00475,sk-machine-operation
js-000807,job-00475,sk-production-work
js-000808,job-00476,sk-production-work
js-000809,job-00477,sk-production-work
js-000810,job-00478,sk-production-work
js-000811,job-00479,sk-production-work
js-000812,job-00480,sk-machine-operation
js-000813,job-00480,sk-production-work
js-000814,job-00481,sk-machine-operation
js-000815,job-00481,sk-production-work
js-000816,job-00482,sk-machine-operation
js-000817,job-00482,sk-production-work
js-000818,job-00483,sk-machine-operation
js-000819,job-00483,sk-production-work
js-000820,job-00484,sk-machine-operation
js-000821,job-00484,sk-production-work
js-000822,job-00485,sk-machine-operation
js-000823,job-00485,sk-production-work
js-000824,job-00486,sk-production-work
js-000825,job-00487,sk-production-work
js-000826,job-00488,sk-machine-operation
js-000827,job-00488,sk-production-work
js-000828,job-00489,sk-production-work
js-000829,job-00490,sk-production-work
js-000830,job-00491,sk-machine-operation
js-000831,job-00491,sk-production-work
js-000832,job-00492,sk-machine-operation
js-000833,job-00492,sk-production-work
js-000834,job-00493,sk-machine-operation
js-000835,job-00493,sk-production-work
js-000836,job-00494,sk-machine-operation
js-000837,job-00494,sk-production-work
js-000838,job-00495,sk-machine-operation
js-000839,job-00495,sk-production-work
js-000840,job-00496,sk-production-work
js-000841,job-00497,sk-customer-service
js-000842,job-00497,sk-hospitality
js-000843,job-00498,sk-hospitality
js-000844,job-00499,sk-hospitality
js-000845,job-00500,sk-hospitality
js-000846,job-00501,sk-hospitality
js-000847,job-00502,sk-hospitality
js-000848,job-00503,sk-hospitality
js-000849,job-00504,sk-hospitality
js-000850,job-00505,sk-hospitality
js-000851,job-00506,sk-hospitality
js-000852,job-00507,sk-hospitality
js-000853,job-00508,sk-hospitality
js-000854,job-00509,sk-hospitality
js-000855,job-00510,sk-customer-service
js-000856,job-00510,sk-hospitality
js-000857,job-00511,sk-hospitality
js-000858,job-00512,sk-customer-service
js-000859,job-00512,sk-inventory-management
js-000860,job-00512,sk-sales
js-000861,job-00513,sk-inventory-management
js-000862,job-00513,sk-sales
js-000863,job-00514,sk-cash-handling
js-000864,job-00514,sk-customer-service
js-000865,job-00514,sk-sales
js-000866,job-00515,sk-customer-service
js-000867,job-00515,sk-inventory-management
js-000868,job-00515,sk-sales
js-000869,job-00516,sk-customer-service
js-000870,job-00516,sk-hospitality
js-000871,job-00517,sk-cash-handling
js-000872,job-00517,sk-customer-service
js-000873,job-00517,sk-sales
js-000874,job-00518,sk-cash-handling
js-000875,job-00518,sk-sales
js-000876,job-00519,sk-customer-service
js-000877,job-00519,sk-inventory-management
js-000878,job-00519,sk-sales
js-000879,job-00520,sk-general-work
js-000880,job-00521,sk-general-work
js-000881,job-00522,sk-cash-handling
js-000882,job-00522,sk-customer-service
js-000883,job-00522,sk-inventory-management
js-000884,job-00522,sk-sales
js-000885,job-00523,sk-cash-handling
js-000886,job-00523,sk-customer-service
js-000887,job-00523,sk-inventory-management
js-000888,job-00523,sk-sales
js-000889,job-00524,sk-cash-handling
js-000890,job-00524,sk-customer-service
js-000891,job-00524,sk-inventory-management
js-000892,job-00524,sk-sales
js-000893,job-00525,sk-cash-handling
js-000894,job-00525,sk-customer-service
js-000895,job-00525,sk-inventory-management
js-000896,job-00525,sk-sales
js-000897,job-00526,sk-cash-handling
js-000898,job-00526,sk-customer-service
js-000899,job-00526,sk-inventory-management
js-000900,job-00526,sk-sales
js-000901,job-00527,sk-cash-handling
js-000902,job-00527,sk-sales
js-000903,job-00528,sk-sales
js-000904,job-00529,sk-general-work
js-000905,job-00530,sk-hospitality
js-000906,job-00531,sk-cash-handling
js-000907,job-00531,sk-customer-service
js-000908,job-00531,sk-inventory-management
js-000909,job-00531,sk-sales
js-000910,job-00532,sk-customer-service
js-000911,job-00532,sk-hospitality
js-000912,job-00532,sk-slovenian-language
js-000913,job-00533,sk-hospitality
js-000914,job-00534,sk-customer-service
js-000915,job-00534,sk-hospitality
js-000916,job-00535,sk-cooking
js-000917,job-00535,sk-food-preparation
js-000918,job-00535,sk-hospitality
js-000919,job-00536,sk-general-work
js-000920,job-00537,sk-cash-handling
js-000921,job-00537,sk-sales
js-000922,job-00538,sk-cash-handling
js-000923,job-00538,sk-sales
js-000924,job-00539,sk-customer-service
js-000925,job-00539,sk-sales
js-000926,job-00540,sk-social-work
js-000927,job-00541,sk-cash-handling
js-000928,job-00541,sk-customer-service
js-000929,job-00541,sk-sales
js-000930,job-00542,sk-customer-service
js-000931,job-00542,sk-sales
js-000932,job-00543,sk-general-work
js-000933,job-00544,sk-general-work
js-000934,job-00545,sk-customer-service
js-000935,job-00545,sk-hospitality
js-000936,job-00546,sk-machine-operation
js-000937,job-00546,sk-production-work
js-000938,job-00547,sk-general-work
js-000939,job-00548,sk-customer-service
js-000940,job-00548,sk-hospitality
js-000941,job-00549,sk-customer-service
js-000942,job-00549,sk-sales
js-000943,job-00550,sk-general-work
js-000944,job-00550,sk-slovenian-language
js-000945,job-00551,sk-general-work
js-000946,job-00552,sk-general-work
js-000947,job-00553,sk-customer-service
js-000948,job-00553,sk-sales
js-000949,job-00554,sk-customer-service
js-000950,job-00554,sk-hospitality
js-000951,job-00555,sk-customer-service
js-000952,job-00555,sk-hospitality
js-000953,job-00556,sk-general-work
js-000954,job-00557,sk-general-work
js-000955,job-00558,sk-customer-service
js-000956,job-00558,sk-hospitality
js-000957,job-00559,sk-hospitality
js-000958,job-00560,sk-hospitality
js-000959,job-00561,sk-hospitality
js-000960,job-00562,sk-customer-service
js-000961,job-00562,sk-hospitality
js-000962,job-00563,sk-hospitality
js-000963,job-00563,sk-slovenian-language
js-000964,job-00564,sk-hospitality
js-000965,job-00565,sk-hospitality
js-000966,job-00566,sk-customer-service
js-000967,job-00566,sk-hospitality
js-000968,job-00567,sk-hospitality
js-000969,job-00568,sk-hospitality
js-000970,job-00569,sk-english-language
js-000971,job-00569,sk-hospitality
js-000972,job-00570,sk-hospitality
js-000973,job-00571,sk-hospitality
js-000974,job-00572,sk-hospitality
js-000975,job-00573,sk-hospitality
js-000976,job-00574,sk-hospitality
js-000977,job-00575,sk-hospitality
js-000978,job-00576,sk-hospitality
js-000979,job-00577,sk-customer-service
js-000980,job-00577,sk-hospitality
js-000981,job-00578,sk-general-work
js-000982,job-00579,sk-customer-service
js-000983,job-00579,sk-hospitality
js-000984,job-00580,sk-hospitality
js-000985,job-00581,sk-customer-service
js-000986,job-00581,sk-inventory-management
js-000987,job-00581,sk-sales
js-000988,job-00582,sk-hospitality
js-000989,job-00583,sk-general-work
js-000990,job-00584,sk-customer-service
js-000991,job-00584,sk-sales
js-000992,job-00585,sk-cash-handling
js-000993,job-00585,sk-sales
js-000994,job-00586,sk-hospitality
js-000995,job-00587,sk-hospitality
js-000996,job-00588,sk-customer-service
js-000997,job-00588,sk-hospitality
js-000998,job-00589,sk-general-work
js-000999,job-00590,sk-cooking
js-001000,job-00590,sk-hospitality
js-001001,job-00591,sk-technical-maintenance
js-001002,job-00592,sk-cooking
js-001003,job-00593,sk-cooking
js-001004,job-00594,sk-general-work
js-001005,job-00595,sk-general-work
js-001006,job-00596,sk-general-work
js-001007,job-00597,sk-general-work
js-001008,job-00598,sk-customer-service
js-001009,job-00598,sk-hospitality
js-001010,job-00599,sk-hospitality
js-001011,job-00600,sk-hospitality
js-001012,job-00601,sk-hospitality
js-001013,job-00602,sk-hospitality
js-001014,job-00603,sk-hospitality
js-001015,job-00604,sk-hospitality
js-001016,job-00605,sk-hospitality
js-001017,job-00606,sk-hospitality
js-001018,job-00607,sk-hospitality
js-001019,job-00608,sk-hospitality
js-001020,job-00609,sk-hospitality
js-001021,job-00610,sk-hospitality
js-001022,job-00611,sk-hospitality
js-001023,job-00612,sk-hospitality
js-001024,job-00613,sk-cash-handling
js-001025,job-00613,sk-customer-service
js-001026,job-00613,sk-inventory-management
js-001027,job-00613,sk-sales
js-001028,job-00614,sk-customer-service
js-001029,job-00614,sk-inventory-management
js-001030,job-00614,sk-sales
js-001031,job-00615,sk-cash-handling
js-001032,job-00615,sk-customer-service
js-001033,job-00615,sk-inventory-management
js-001034,job-00615,sk-sales
js-001035,job-00616,sk-customer-service
js-001036,job-00616,sk-inventory-management
js-001037,job-00616,sk-sales
js-001038,job-00617,sk-customer-service
js-001039,job-00617,sk-inventory-management
js-001040,job-00617,sk-sales
js-001041,job-00618,sk-customer-service
js-001042,job-00618,sk-inventory-management
js-001043,job-00618,sk-sales
js-001044,job-00619,sk-customer-service
js-001045,job-00619,sk-hospitality
js-001046,job-00620,sk-customer-service
js-001047,job-00620,sk-inventory-management
js-001048,job-00620,sk-sales
js-001049,job-00621,sk-cooking
js-001050,job-00621,sk-dietary-cooking
js-001051,job-00621,sk-food-preparation
js-001052,job-00621,sk-hospitality
js-001053,job-00622,sk-general-work
js-001054,job-00623,sk-customer-service
js-001055,job-00623,sk-hospitality
js-001056,job-00624,sk-sales
js-001057,job-00625,sk-cash-handling
js-001058,job-00625,sk-customer-service
js-001059,job-00625,sk-sales
js-001060,job-00626,sk-cash-handling
js-001061,job-00626,sk-sales
js-001062,job-00627,sk-cash-handling
js-001063,job-00627,sk-customer-service
js-001064,job-00627,sk-sales
js-001065,job-00628,sk-general-work
js-001066,job-00629,sk-general-work
js-001067,job-00630,sk-hospitality
js-001068,job-00631,sk-general-work
js-001069,job-00632,sk-customer-service
js-001070,job-00632,sk-hospitality
js-001071,job-00633,sk-general-work
js-001072,job-00634,sk-general-work
js-001073,job-00635,sk-hospitality
js-001074,job-00636,sk-general-work
js-001075,job-00637,sk-general-work
js-001076,job-00638,sk-hospitality
js-001077,job-00639,sk-hospitality
js-001078,job-00640,sk-hospitality
js-001079,job-00641,sk-hospitality
js-001080,job-00642,sk-hospitality
js-001081,job-00643,sk-hospitality
js-001082,job-00644,sk-hospitality
js-001083,job-00645,sk-hospitality
js-001084,job-00646,sk-hospitality
js-001085,job-00647,sk-customer-service
js-001086,job-00647,sk-hospitality
js-001087,job-00648,sk-customer-service
js-001088,job-00648,sk-hospitality
js-001089,job-00649,sk-customer-service
js-001090,job-00649,sk-hospitality
js-001091,job-00650,sk-customer-service
js-001092,job-00650,sk-hospitality
js-001093,job-00651,sk-customer-service
js-001094,job-00651,sk-hospitality
js-001095,job-00652,sk-customer-service
js-001096,job-00652,sk-hospitality
js-001097,job-00653,sk-hospitality
js-001098,job-00654,sk-hospitality
js-001099,job-00655,sk-customer-service
js-001100,job-00655,sk-inventory-management
js-001101,job-00655,sk-sales
js-001102,job-00656,sk-hospitality
js-001103,job-00657,sk-cooking
js-001104,job-00657,sk-hospitality
js-001105,job-00658,sk-customer-service
js-001106,job-00658,sk-inventory-management
js-001107,job-00658,sk-sales
js-001108,job-00659,sk-customer-service
js-001109,job-00659,sk-inventory-management
js-001110,job-00659,sk-sales
js-001111,job-00660,sk-customer-service
js-001112,job-00660,sk-inventory-management
js-001113,job-00660,sk-sales
js-001114,job-00661,sk-cash-handling
js-001115,job-00661,sk-customer-service
js-001116,job-00661,sk-inventory-management
js-001117,job-00661,sk-sales
js-001118,job-00662,sk-customer-service
js-001119,job-00662,sk-inventory-management
js-001120,job-00662,sk-sales
js-001121,job-00663,sk-customer-service
js-001122,job-00663,sk-inventory-management
js-001123,job-00663,sk-sales
js-001124,job-00664,sk-hospitality
js-001125,job-00665,sk-customer-service
js-001126,job-00665,sk-inventory-management
js-001127,job-00665,sk-sales
js-001128,job-00666,sk-general-work
js-001129,job-00667,sk-general-work
js-001130,job-00668,sk-cash-handling
js-001131,job-00668,sk-inventory-management
js-001132,job-00668,sk-sales
js-001133,job-00669,sk-cash-handling
js-001134,job-00669,sk-customer-service
js-001135,job-00669,sk-inventory-management
js-001136,job-00669,sk-sales
js-001137,job-00670,sk-customer-service
js-001138,job-00670,sk-inventory-management
js-001139,job-00670,sk-sales
js-001140,job-00671,sk-customer-service
js-001141,job-00671,sk-inventory-management
js-001142,job-00671,sk-sales
js-001143,job-00672,sk-customer-service
js-001144,job-00672,sk-hospitality
js-001145,job-00673,sk-customer-service
js-001146,job-00673,sk-hospitality
js-001147,job-00674,sk-general-work
js-001148,job-00675,sk-cash-handling
js-001149,job-00675,sk-customer-service
js-001150,job-00675,sk-sales
js-001151,job-00676,sk-hospitality
js-001152,job-00676,sk-slovenian-language
js-001153,job-00677,sk-customer-service
js-001154,job-00677,sk-sales
js-001155,job-00678,sk-customer-service
js-001156,job-00678,sk-sales
js-001157,job-00679,sk-customer-service
js-001158,job-00679,sk-hospitality
js-001159,job-00680,sk-hospitality
js-001160,job-00681,sk-customer-service
js-001161,job-00681,sk-hospitality
js-001162,job-00682,sk-general-work
js-001163,job-00683,sk-hospitality
js-001164,job-00684,sk-hospitality
js-001165,job-00685,sk-hospitality
js-001166,job-00686,sk-hospitality
js-001167,job-00687,sk-hospitality
js-001168,job-00688,sk-customer-service
js-001169,job-00688,sk-hospitality
js-001170,job-00689,sk-general-work
js-001171,job-00690,sk-hospitality
js-001172,job-00691,sk-hospitality
js-001173,job-00692,sk-customer-service
js-001174,job-00692,sk-hospitality
js-001175,job-00693,sk-customer-service
js-001176,job-00693,sk-hospitality
js-001177,job-00694,sk-hospitality
js-001178,job-00695,sk-hospitality
js-001179,job-00696,sk-hospitality
js-001180,job-00697,sk-hospitality
js-001181,job-00698,sk-customer-service
js-001182,job-00698,sk-hospitality
js-001183,job-00699,sk-customer-service
js-001184,job-00699,sk-inventory-management
js-001185,job-00699,sk-sales
js-001186,job-00700,sk-hospitality
js-001187,job-00700,sk-slovenian-language
js-001188,job-00701,sk-cooking
js-001189,job-00701,sk-dietary-cooking
js-001190,job-00701,sk-food-preparation
js-001191,job-00702,sk-customer-service
js-001192,job-00702,sk-hospitality
js-001193,job-00703,sk-cash-handling
js-001194,job-00703,sk-inventory-management
js-001195,job-00703,sk-sales
js-001196,job-00704,sk-general-work
js-001197,job-00705,sk-hospitality
js-001198,job-00706,sk-customer-service
js-001199,job-00706,sk-hospitality
js-001200,job-00707,sk-hospitality
js-001201,job-00708,sk-general-work
js-001202,job-00709,sk-customer-service
js-001203,job-00709,sk-hospitality
js-001204,job-00710,sk-general-work
js-001205,job-00711,sk-hospitality
js-001206,job-00712,sk-hospitality
js-001207,job-00713,sk-customer-service
js-001208,job-00713,sk-hospitality
js-001209,job-00714,sk-hospitality
js-001210,job-00715,sk-general-work
js-001211,job-00716,sk-general-work
js-001212,job-00717,sk-general-work
js-001213,job-00718,sk-customer-service
js-001214,job-00718,sk-hospitality
js-001215,job-00719,sk-customer-service
js-001216,job-00719,sk-hospitality
js-001217,job-00720,sk-hospitality
js-001218,job-00721,sk-hospitality
js-001219,job-00722,sk-hospitality
js-001220,job-00723,sk-hospitality
js-001221,job-00724,sk-hospitality
js-001222,job-00725,sk-hospitality
js-001223,job-00726,sk-hospitality
js-001224,job-00727,sk-hospitality
js-001225,job-00728,sk-hospitality
js-001226,job-00728,sk-slovenian-language
js-001227,job-00729,sk-english-language
js-001228,job-00729,sk-hospitality
js-001229,job-00730,sk-customer-service
js-001230,job-00730,sk-hospitality
js-001231,job-00731,sk-cash-handling
js-001232,job-00731,sk-customer-service
js-001233,job-00731,sk-sales
js-001234,job-00732,sk-customer-service
js-001235,job-00732,sk-hospitality
js-001236,job-00733,sk-customer-service
js-001237,job-00733,sk-hospitality
js-001238,job-00734,sk-hospitality
js-001239,job-00735,sk-general-work
js-001240,job-00736,sk-general-work
js-001241,job-00737,sk-general-work
js-001242,job-00738,sk-general-work
js-001243,job-00739,sk-customer-service
js-001244,job-00739,sk-sales
js-001245,job-00740,sk-general-work
js-001246,job-00741,sk-general-work
js-001247,job-00742,sk-general-work
js-001248,job-00743,sk-cooking
js-001249,job-00743,sk-hospitality
js-001250,job-00744,sk-general-work
js-001251,job-00745,sk-general-work
js-001252,job-00746,sk-hospitality
js-001253,job-00747,sk-customer-service
js-001254,job-00747,sk-inventory-management
js-001255,job-00747,sk-sales
js-001256,job-00748,sk-cooking
js-001257,job-00749,sk-cash-handling
js-001258,job-00749,sk-customer-service
js-001259,job-00749,sk-inventory-management
js-001260,job-00749,sk-sales
js-001261,job-00750,sk-hospitality
js-001262,job-00750,sk-slovenian-language
js-001263,job-00751,sk-general-work
js-001264,job-00752,sk-cooking
js-001265,job-00753,sk-hospitality
js-001266,job-00753,sk-slovenian-language
js-001267,job-00754,sk-general-work
js-001268,job-00755,sk-hospitality
js-001269,job-00756,sk-general-work
js-001270,job-00757,sk-customer-service
js-001271,job-00757,sk-sales
js-001272,job-00758,sk-customer-service
js-001273,job-00758,sk-sales
js-001274,job-00759,sk-customer-service
js-001275,job-00759,sk-hospitality
js-001276,job-00760,sk-hospitality
js-001277,job-00761,sk-customer-service
js-001278,job-00761,sk-sales
js-001279,job-00762,sk-general-work
js-001280,job-00763,sk-hospitality
js-001281,job-00764,sk-hospitality
js-001282,job-00765,sk-customer-service
js-001283,job-00765,sk-hospitality
js-001284,job-00766,sk-customer-service
js-001285,job-00766,sk-hospitality
js-001286,job-00767,sk-hospitality
js-001287,job-00768,sk-hospitality
js-001288,job-00769,sk-customer-service
js-001289,job-00769,sk-hospitality
js-001290,job-00770,sk-customer-service
js-001291,job-00770,sk-hospitality
js-001292,job-00771,sk-customer-service
js-001293,job-00771,sk-inventory-management
js-001294,job-00771,sk-sales
js-001295,job-00772,sk-hospitality
js-001296,job-00773,sk-hospitality
js-001297,job-00774,sk-hospitality
js-001298,job-00775,sk-hospitality
js-001299,job-00776,sk-hospitality
js-001300,job-00777,sk-customer-service
js-001301,job-00777,sk-hospitality
js-001302,job-00778,sk-general-work
js-001303,job-00779,sk-general-work
js-001304,job-00780,sk-general-work
js-001305,job-00781,sk-general-work
js-001306,job-00782,sk-general-work
js-001307,job-00783,sk-customer-service
js-001308,job-00783,sk-sales
js-001309,job-00784,sk-sales
js-001310,job-00785,sk-cash-handling
js-001311,job-00785,sk-sales
js-001312,job-00786,sk-sales
js-001313,job-00787,sk-customer-service
js-001314,job-00787,sk-sales
js-001315,job-00788,sk-customer-service
js-001316,job-00788,sk-sales
js-001317,job-00789,sk-sales
js-001318,job-00790,sk-sales
js-001319,job-00791,sk-sales
js-001320,job-00792,sk-sales
js-001321,job-00793,sk-sales
js-001322,job-00794,sk-sales
js-001323,job-00795,sk-sales
js-001324,job-00796,sk-sales
js-001325,job-00797,sk-sales
js-001326,job-00798,sk-sales
js-001327,job-00799,sk-sales
js-001328,job-00800,sk-cash-handling
js-001329,job-00800,sk-sales
js-001330,job-00801,sk-sales
js-001331,job-00802,sk-cash-handling
js-001332,job-00802,sk-customer-service
js-001333,job-00802,sk-inventory-management
js-001334,job-00802,sk-sales
js-001335,job-00803,sk-cash-handling
js-001336,job-00803,sk-sales
js-001337,job-00804,sk-inventory-management
js-001338,job-00804,sk-sales
js-001339,job-00804,sk-slovenian-language
js-001340,job-00805,sk-sales
js-001341,job-00806,sk-sales
js-001342,job-00807,sk-sales
js-001343,job-00808,sk-cash-handling
js-001344,job-00808,sk-sales
js-001345,job-00809,sk-sales
js-001346,job-00810,sk-customer-service
js-001347,job-00810,sk-sales
js-001348,job-00811,sk-cash-handling
js-001349,job-00811,sk-customer-service
js-001350,job-00811,sk-sales
js-001351,job-00812,sk-customer-service
js-001352,job-00812,sk-sales
js-001353,job-00813,sk-sales
js-001354,job-00814,sk-sales
js-001355,job-00815,sk-customer-service
js-001356,job-00815,sk-sales
js-001357,job-00816,sk-customer-service
js-001358,job-00816,sk-sales
js-001359,job-00817,sk-customer-service
js-001360,job-00817,sk-sales
js-001361,job-00818,sk-sales
js-001362,job-00819,sk-sales
js-001363,job-00820,sk-sales
js-001364,job-00821,sk-sales
js-001365,job-00822,sk-cash-handling
js-001366,job-00822,sk-inventory-management
js-001367,job-00822,sk-sales
js-001368,job-00823,sk-sales
js-001369,job-00824,sk-sales
js-001370,job-00825,sk-cash-handling
js-001371,job-00825,sk-customer-service
js-001372,job-00825,sk-sales
js-001373,job-00826,sk-customer-service
js-001374,job-00826,sk-sales
js-001375,job-00827,sk-sales
js-001376,job-00828,sk-cash-handling
js-001377,job-00828,sk-customer-service
js-001378,job-00828,sk-inventory-management
js-001379,job-00828,sk-sales
js-001380,job-00829,sk-sales
js-001381,job-00830,sk-sales
js-001382,job-00831,sk-cash-handling
js-001383,job-00831,sk-customer-service
js-001384,job-00831,sk-sales
js-001385,job-00832,sk-cash-handling
js-001386,job-00832,sk-customer-service
js-001387,job-00832,sk-sales
js-001388,job-00833,sk-cash-handling
js-001389,job-00833,sk-customer-service
js-001390,job-00833,sk-inventory-management
js-001391,job-00833,sk-sales
js-001392,job-00834,sk-customer-service
js-001393,job-00834,sk-sales
js-001394,job-00835,sk-cash-handling
js-001395,job-00835,sk-sales
js-001396,job-00836,sk-cash-handling
js-001397,job-00836,sk-customer-service
js-001398,job-00836,sk-inventory-management
js-001399,job-00836,sk-sales
js-001400,job-00837,sk-cash-handling
js-001401,job-00837,sk-customer-service
js-001402,job-00837,sk-inventory-management
js-001403,job-00837,sk-sales
js-001404,job-00838,sk-cash-handling
js-001405,job-00838,sk-customer-service
js-001406,job-00838,sk-inventory-management
js-001407,job-00838,sk-sales
js-001408,job-00839,sk-sales
js-001409,job-00840,sk-sales
js-001410,job-00841,sk-sales
js-001411,job-00842,sk-customer-service
js-001412,job-00842,sk-sales
js-001413,job-00843,sk-cash-handling
js-001414,job-00843,sk-customer-service
js-001415,job-00843,sk-inventory-management
js-001416,job-00843,sk-sales
js-001417,job-00844,sk-sales
js-001418,job-00845,sk-sales
js-001419,job-00846,sk-sales
js-001420,job-00847,sk-cash-handling
js-001421,job-00847,sk-customer-service
js-001422,job-00847,sk-sales
js-001423,job-00848,sk-sales
js-001424,job-00849,sk-sales
js-001425,job-00850,sk-sales
js-001426,job-00851,sk-sales
js-001427,job-00852,sk-sales
js-001428,job-00853,sk-sales
js-001429,job-00854,sk-cash-handling
js-001430,job-00854,sk-customer-service
js-001431,job-00854,sk-sales
js-001432,job-00855,sk-sales
js-001433,job-00856,sk-customer-service
js-001434,job-00856,sk-sales
js-001435,job-00857,sk-cash-handling
js-001436,job-00857,sk-customer-service
js-001437,job-00857,sk-sales
js-001438,job-00858,sk-customer-service
js-001439,job-00858,sk-sales
js-001440,job-00859,sk-sales
js-001441,job-00860,sk-customer-service
js-001442,job-00860,sk-sales
js-001443,job-00861,sk-sales
js-001444,job-00862,sk-sales
js-001445,job-00863,sk-cash-handling
js-001446,job-00863,sk-customer-service
js-001447,job-00863,sk-sales
js-001448,job-00863,sk-slovenian-language
js-001449,job-00864,sk-cash-handling
js-001450,job-00864,sk-customer-service
js-001451,job-00864,sk-sales
js-001452,job-00865,sk-customer-service
js-001453,job-00865,sk-sales
js-001454,job-00866,sk-cash-handling
js-001455,job-00866,sk-customer-service
js-001456,job-00866,sk-sales
js-001457,job-00867,sk-cash-handling
js-001458,job-00867,sk-customer-service
js-001459,job-00867,sk-inventory-management
js-001460,job-00867,sk-sales
js-001461,job-00868,sk-customer-service
js-001462,job-00868,sk-sales
js-001463,job-00869,sk-customer-service
js-001464,job-00869,sk-inventory-management
js-001465,job-00869,sk-sales
js-001466,job-00870,sk-cash-handling
js-001467,job-00870,sk-customer-service
js-001468,job-00870,sk-inventory-management
js-001469,job-00870,sk-sales
js-001470,job-00871,sk-cash-handling
js-001471,job-00871,sk-customer-service
js-001472,job-00871,sk-inventory-management
js-001473,job-00871,sk-sales
js-001474,job-00872,sk-sales
js-001475,job-00873,sk-sales
js-001476,job-00874,sk-customer-service
js-001477,job-00874,sk-inventory-management
js-001478,job-00874,sk-sales
js-001479,job-00875,sk-sales
js-001480,job-00876,sk-cash-handling
js-001481,job-00876,sk-customer-service
js-001482,job-00876,sk-inventory-management
js-001483,job-00876,sk-sales
js-001484,job-00877,sk-customer-service
js-001485,job-00877,sk-sales
js-001486,job-00878,sk-cash-handling
js-001487,job-00878,sk-sales
js-001488,job-00879,sk-customer-service
js-001489,job-00879,sk-sales
js-001490,job-00880,sk-sales
js-001491,job-00881,sk-sales
js-001492,job-00882,sk-sales
js-001493,job-00883,sk-cash-handling
js-001494,job-00883,sk-customer-service
js-001495,job-00883,sk-sales
js-001496,job-00884,sk-cash-handling
js-001497,job-00884,sk-customer-service
js-001498,job-00884,sk-sales
js-001499,job-00885,sk-english-language
js-001500,job-00885,sk-sales
js-001501,job-00885,sk-slovenian-language
js-001502,job-00886,sk-customer-service
js-001503,job-00886,sk-sales
js-001504,job-00887,sk-cash-handling
js-001505,job-00887,sk-sales
js-001506,job-00888,sk-sales
js-001507,job-00889,sk-cash-handling
js-001508,job-00889,sk-inventory-management
js-001509,job-00889,sk-sales
js-001510,job-00890,sk-sales
js-001511,job-00891,sk-sales
js-001512,job-00892,sk-general-work
js-001513,job-00893,sk-general-work
js-001514,job-00894,sk-sales
js-001515,job-00895,sk-general-work
js-001516,job-00896,sk-technical-maintenance
js-001517,job-00897,sk-sales
js-001518,job-00898,sk-sales
js-001519,job-00899,sk-sales
js-001520,job-00900,sk-customer-service
js-001521,job-00900,sk-sales
js-001522,job-00901,sk-customer-service
js-001523,job-00901,sk-sales
js-001524,job-00902,sk-cash-handling
js-001525,job-00902,sk-customer-service
js-001526,job-00902,sk-sales
js-001527,job-00903,sk-cash-handling
js-001528,job-00903,sk-customer-service
js-001529,job-00903,sk-sales
js-001530,job-00904,sk-cash-handling
js-001531,job-00904,sk-customer-service
js-001532,job-00904,sk-inventory-management
js-001533,job-00904,sk-sales
js-001534,job-00905,sk-customer-service
js-001535,job-00905,sk-sales
js-001536,job-00906,sk-sales
js-001537,job-00907,sk-sales
js-001538,job-00908,sk-sales
js-001539,job-00909,sk-sales
js-001540,job-00910,sk-cash-handling
js-001541,job-00910,sk-inventory-management
js-001542,job-00910,sk-sales
js-001543,job-00910,sk-slovenian-language
js-001544,job-00911,sk-sales
js-001545,job-00912,sk-customer-service
js-001546,job-00912,sk-sales
js-001547,job-00913,sk-sales
js-001548,job-00914,sk-cash-handling
js-001549,job-00914,sk-customer-service
js-001550,job-00914,sk-inventory-management
js-001551,job-00914,sk-sales
js-001552,job-00915,sk-cash-handling
js-001553,job-00915,sk-customer-service
js-001554,job-00915,sk-sales
js-001555,job-00916,sk-sales
js-001556,job-00917,sk-sales
js-001557,job-00918,sk-sales
js-001558,job-00919,sk-cash-handling
js-001559,job-00919,sk-customer-service
js-001560,job-00919,sk-sales
js-001561,job-00920,sk-sales
js-001562,job-00921,sk-sales
js-001563,job-00922,sk-cash-handling
js-001564,job-00922,sk-customer-service
js-001565,job-00922,sk-sales
js-001566,job-00923,sk-sales
js-001567,job-00924,sk-sales
js-001568,job-00925,sk-customer-service
js-001569,job-00925,sk-sales
js-001570,job-00926,sk-customer-service
js-001571,job-00926,sk-sales
js-001572,job-00927,sk-sales
js-001573,job-00928,sk-sales
js-001574,job-00929,sk-cash-handling
js-001575,job-00929,sk-customer-service
js-001576,job-00929,sk-sales
js-001577,job-00930,sk-cash-handling
js-001578,job-00930,sk-customer-service
js-001579,job-00930,sk-inventory-management
js-001580,job-00930,sk-sales
js-001581,job-00931,sk-customer-service
js-001582,job-00931,sk-inventory-management
js-001583,job-00931,sk-sales
js-001584,job-00932,sk-inventory-management
js-001585,job-00932,sk-sales
js-001586,job-00933,sk-inventory-management
js-001587,job-00933,sk-sales
js-001588,job-00934,sk-sales
js-001589,job-00935,sk-sales
js-001590,job-00936,sk-cash-handling
js-001591,job-00936,sk-sales
js-001592,job-00937,sk-cash-handling
js-001593,job-00937,sk-sales
js-001594,job-00938,sk-cash-handling
js-001595,job-00938,sk-sales
js-001596,job-00939,sk-cash-handling
js-001597,job-00939,sk-sales
js-001598,job-00940,sk-sales
js-001599,job-00941,sk-sales
js-001600,job-00942,sk-sales
js-001601,job-00943,sk-cash-handling
js-001602,job-00943,sk-sales
js-001603,job-00944,sk-cash-handling
js-001604,job-00944,sk-sales
js-001605,job-00945,sk-cash-handling
js-001606,job-00945,sk-customer-service
js-001607,job-00945,sk-sales
js-001608,job-00946,sk-cash-handling
js-001609,job-00946,sk-customer-service
js-001610,job-00946,sk-sales
js-001611,job-00947,sk-sales
js-001612,job-00948,sk-customer-service
js-001613,job-00948,sk-sales
js-001614,job-00949,sk-cash-handling
js-001615,job-00949,sk-customer-service
js-001616,job-00949,sk-sales
js-001617,job-00950,sk-cash-handling
js-001618,job-00950,sk-sales
js-001619,job-00951,sk-cash-handling
js-001620,job-00951,sk-sales
js-001621,job-00952,sk-sales
js-001622,job-00953,sk-customer-service
js-001623,job-00953,sk-sales
js-001624,job-00954,sk-sales
js-001625,job-00955,sk-cash-handling
js-001626,job-00955,sk-customer-service
js-001627,job-00955,sk-sales
js-001628,job-00956,sk-cash-handling
js-001629,job-00956,sk-inventory-management
js-001630,job-00956,sk-sales
js-001631,job-00957,sk-sales
js-001632,job-00958,sk-cash-handling
js-001633,job-00958,sk-customer-service
js-001634,job-00958,sk-sales
js-001635,job-00959,sk-customer-service
js-001636,job-00959,sk-sales
js-001637,job-00960,sk-sales
js-001638,job-00961,sk-customer-service
js-001639,job-00961,sk-sales
js-001640,job-00962,sk-sales
js-001641,job-00963,sk-cash-handling
js-001642,job-00963,sk-customer-service
js-001643,job-00963,sk-inventory-management
js-001644,job-00963,sk-sales
js-001645,job-00964,sk-sales
js-001646,job-00965,sk-sales
js-001647,job-00966,sk-sales
js-001648,job-00967,sk-sales
js-001649,job-00968,sk-cash-handling
js-001650,job-00968,sk-customer-service
js-001651,job-00968,sk-sales
js-001652,job-00969,sk-sales
js-001653,job-00970,sk-technical-maintenance
js-001654,job-00971,sk-warehouse-operations
js-001655,job-00972,sk-general-work
js-001656,job-00973,sk-sales
js-001657,job-00974,sk-customer-service
js-001658,job-00974,sk-sales
js-001659,job-00975,sk-sales
js-001660,job-00976,sk-sales
js-001661,job-00977,sk-sales
js-001662,job-00978,sk-sales
js-001663,job-00979,sk-cash-handling
js-001664,job-00979,sk-sales
js-001665,job-00980,sk-sales
js-001666,job-00981,sk-customer-service
js-001667,job-00981,sk-sales
js-001668,job-00982,sk-cash-handling
js-001669,job-00982,sk-sales
js-001670,job-00983,sk-customer-service
js-001671,job-00983,sk-sales
js-001672,job-00984,sk-cash-handling
js-001673,job-00984,sk-inventory-management
js-001674,job-00984,sk-sales
js-001675,job-00985,sk-sales
js-001676,job-00986,sk-sales
js-001677,job-00987,sk-cash-handling
js-001678,job-00987,sk-customer-service
js-001679,job-00987,sk-sales
js-001680,job-00988,sk-sales
js-001681,job-00989,sk-cash-handling
js-001682,job-00989,sk-customer-service
js-001683,job-00989,sk-inventory-management
js-001684,job-00989,sk-sales
js-001685,job-00990,sk-cash-handling
js-001686,job-00990,sk-english-language
js-001687,job-00990,sk-inventory-management
js-001688,job-00990,sk-sales
js-001689,job-00991,sk-sales
js-001690,job-00992,sk-sales
js-001691,job-00993,sk-sales
js-001692,job-00994,sk-sales
js-001693,job-00995,sk-customer-service
js-001694,job-00995,sk-sales
js-001695,job-00996,sk-general-work
js-001696,job-00997,sk-sales
js-001697,job-00998,sk-sales
js-001698,job-00999,sk-sales
js-001699,job-01000,sk-sales
js-001700,job-01001,sk-sales
js-001701,job-01002,sk-sales
js-001702,job-01003,sk-sales
js-001703,job-01004,sk-cash-handling
js-001704,job-01004,sk-sales
js-001705,job-01005,sk-cash-handling
js-001706,job-01005,sk-sales
js-001707,job-01006,sk-sales
js-001708,job-01007,sk-cash-handling
js-001709,job-01007,sk-sales
js-001710,job-01008,sk-customer-service
js-001711,job-01008,sk-sales
js-001712,job-01009,sk-sales
js-001713,job-01010,sk-cash-handling
js-001714,job-01010,sk-customer-service
js-001715,job-01010,sk-sales
js-001716,job-01011,sk-cash-handling
js-001717,job-01011,sk-customer-service
js-001718,job-01011,sk-sales
js-001719,job-01012,sk-cash-handling
js-001720,job-01012,sk-customer-service
js-001721,job-01012,sk-sales
js-001722,job-01013,sk-sales
js-001723,job-01014,sk-customer-service
js-001724,job-01014,sk-inventory-management
js-001725,job-01014,sk-sales
js-001726,job-01015,sk-sales
js-001727,job-01016,sk-cash-handling
js-001728,job-01016,sk-customer-service
js-001729,job-01016,sk-sales
js-001730,job-01017,sk-cash-handling
js-001731,job-01017,sk-sales
js-001732,job-01017,sk-slovenian-language
js-001733,job-01018,sk-cash-handling
js-001734,job-01018,sk-customer-service
js-001735,job-01018,sk-sales
js-001736,job-01019,sk-customer-service
js-001737,job-01019,sk-sales
js-001738,job-01020,sk-customer-service
js-001739,job-01020,sk-sales
js-001740,job-01021,sk-sales
js-001741,job-01022,sk-customer-service
js-001742,job-01022,sk-inventory-management
js-001743,job-01022,sk-sales
js-001744,job-01023,sk-cash-handling
js-001745,job-01023,sk-customer-service
js-001746,job-01023,sk-inventory-management
js-001747,job-01023,sk-sales
js-001748,job-01024,sk-sales
js-001749,job-01025,sk-customer-service
js-001750,job-01025,sk-sales
js-001751,job-01026,sk-customer-service
js-001752,job-01026,sk-sales
js-001753,job-01027,sk-customer-service
js-001754,job-01027,sk-sales
js-001755,job-01028,sk-cash-handling
js-001756,job-01028,sk-sales
js-001757,job-01029,sk-general-work
js-001758,job-01030,sk-customer-service
js-001759,job-01030,sk-sales
js-001760,job-01031,sk-cash-handling
js-001761,job-01031,sk-customer-service
js-001762,job-01031,sk-sales
js-001763,job-01032,sk-sales
js-001764,job-01033,sk-sales
js-001765,job-01034,sk-sales
js-001766,job-01035,sk-sales
js-001767,job-01036,sk-customer-service
js-001768,job-01036,sk-inventory-management
js-001769,job-01036,sk-sales
js-001770,job-01037,sk-customer-service
js-001771,job-01037,sk-sales
js-001772,job-01038,sk-sales
js-001773,job-01039,sk-general-work
js-001774,job-01040,sk-customer-service
js-001775,job-01040,sk-sales
js-001776,job-01041,sk-cash-handling
js-001777,job-01041,sk-sales
js-001778,job-01042,sk-sales
js-001779,job-01043,sk-sales
js-001780,job-01044,sk-sales
js-001781,job-01045,sk-sales
js-001782,job-01046,sk-customer-service
js-001783,job-01046,sk-inventory-management
js-001784,job-01046,sk-sales
js-001785,job-01047,sk-sales
js-001786,job-01048,sk-cash-handling
js-001787,job-01048,sk-customer-service
js-001788,job-01048,sk-sales
js-001789,job-01049,sk-customer-service
js-001790,job-01049,sk-inventory-management
js-001791,job-01049,sk-sales
js-001792,job-01050,sk-customer-service
js-001793,job-01050,sk-sales
js-001794,job-01051,sk-customer-service
js-001795,job-01051,sk-sales
js-001796,job-01052,sk-customer-service
js-001797,job-01052,sk-sales
js-001798,job-01053,sk-sales
js-001799,job-01054,sk-customer-service
js-001800,job-01054,sk-sales
js-001801,job-01055,sk-sales
js-001802,job-01056,sk-sales
js-001803,job-01057,sk-cash-handling
js-001804,job-01057,sk-customer-service
js-001805,job-01057,sk-sales
js-001806,job-01058,sk-customer-service
js-001807,job-01058,sk-sales
js-001808,job-01059,sk-cash-handling
js-001809,job-01059,sk-customer-service
js-001810,job-01059,sk-sales
js-001811,job-01060,sk-cash-handling
js-001812,job-01060,sk-customer-service
js-001813,job-01060,sk-inventory-management
js-001814,job-01060,sk-sales
js-001815,job-01061,sk-customer-service
js-001816,job-01061,sk-inventory-management
js-001817,job-01061,sk-sales
js-001818,job-01062,sk-sales
js-001819,job-01063,sk-customer-service
js-001820,job-01063,sk-sales
js-001821,job-01063,sk-slovenian-language
js-001822,job-01064,sk-sales
js-001823,job-01065,sk-sales
js-001824,job-01066,sk-customer-service
js-001825,job-01066,sk-inventory-management
js-001826,job-01066,sk-sales
js-001827,job-01067,sk-cash-handling
js-001828,job-01067,sk-customer-service
js-001829,job-01067,sk-sales
js-001830,job-01068,sk-sales
js-001831,job-01069,sk-sales
js-001832,job-01070,sk-sales
js-001833,job-01070,sk-slovenian-language
js-001834,job-01071,sk-cash-handling
js-001835,job-01071,sk-sales
js-001836,job-01072,sk-cash-handling
js-001837,job-01072,sk-sales
js-001838,job-01073,sk-customer-service
js-001839,job-01073,sk-inventory-management
js-001840,job-01073,sk-sales
js-001841,job-01074,sk-sales
js-001842,job-01075,sk-sales
js-001843,job-01076,sk-cash-handling
js-001844,job-01076,sk-customer-service
js-001845,job-01076,sk-sales
js-001846,job-01077,sk-cash-handling
js-001847,job-01077,sk-customer-service
js-001848,job-01077,sk-sales
js-001849,job-01078,sk-cash-handling
js-001850,job-01078,sk-customer-service
js-001851,job-01078,sk-inventory-management
js-001852,job-01078,sk-sales
js-001853,job-01079,sk-customer-service
js-001854,job-01079,sk-sales
js-001855,job-01080,sk-sales
js-001856,job-01080,sk-slovenian-language
js-001857,job-01081,sk-sales
js-001858,job-01082,sk-sales
js-001859,job-01083,sk-customer-service
js-001860,job-01083,sk-inventory-management
js-001861,job-01083,sk-sales
js-001862,job-01084,sk-sales
js-001863,job-01084,sk-slovenian-language
js-001864,job-01085,sk-sales
js-001865,job-01086,sk-sales
js-001866,job-01087,sk-sales
js-001867,job-01088,sk-cash-handling
js-001868,job-01088,sk-sales
js-001869,job-01089,sk-sales
js-001870,job-01090,sk-sales
js-001871,job-01091,sk-sales
js-001872,job-01092,sk-sales
js-001873,job-01093,sk-cash-handling
js-001874,job-01093,sk-customer-service
js-001875,job-01093,sk-sales
js-001876,job-01094,sk-customer-service
js-001877,job-01094,sk-sales
js-001878,job-01095,sk-sales
js-001879,job-01096,sk-sales
js-001880,job-01097,sk-sales
js-001881,job-01097,sk-slovenian-language
js-001882,job-01098,sk-sales
js-001883,job-01099,sk-sales
js-001884,job-01100,sk-sales
js-001885,job-01101,sk-customer-service
js-001886,job-01101,sk-sales
js-001887,job-01102,sk-customer-service
js-001888,job-01102,sk-sales
js-001889,job-01103,sk-sales
js-001890,job-01104,sk-sales
js-001891,job-01105,sk-customer-service
js-001892,job-01105,sk-sales
js-001893,job-01106,sk-cash-handling
js-001894,job-01106,sk-customer-service
js-001895,job-01106,sk-inventory-management
js-001896,job-01106,sk-sales
js-001897,job-01107,sk-sales
js-001898,job-01108,sk-sales
js-001899,job-01109,sk-sales
js-001900,job-01110,sk-sales
js-001901,job-01111,sk-customer-service
js-001902,job-01111,sk-sales
js-001903,job-01112,sk-customer-service
js-001904,job-01112,sk-sales
js-001905,job-01113,sk-sales
js-001906,job-01114,sk-customer-service
js-001907,job-01114,sk-sales
js-001908,job-01115,sk-customer-service
js-001909,job-01115,sk-inventory-management
js-001910,job-01115,sk-sales
js-001911,job-01116,sk-sales
js-001912,job-01117,sk-sales
js-001913,job-01118,sk-cash-handling
js-001914,job-01118,sk-customer-service
js-001915,job-01118,sk-inventory-management
js-001916,job-01118,sk-sales
js-001917,job-01119,sk-sales
js-001918,job-01120,sk-cash-handling
js-001919,job-01120,sk-customer-service
js-001920,job-01120,sk-sales
js-001921,job-01121,sk-cash-handling
js-001922,job-01121,sk-customer-service
js-001923,job-01121,sk-inventory-management
js-001924,job-01121,sk-sales
js-001925,job-01122,sk-sales
js-001926,job-01123,sk-customer-service
js-001927,job-01123,sk-sales
js-001928,job-01124,sk-sales
js-001929,job-01125,sk-customer-service
js-001930,job-01125,sk-sales
js-001931,job-01126,sk-sales
js-001932,job-01127,sk-sales
js-001933,job-01128,sk-general-work
js-001934,job-01129,sk-production-work
js-001935,job-01130,sk-general-work
js-001936,job-01131,sk-general-work
js-001937,job-01132,sk-general-work
js-001938,job-01133,sk-general-work
js-001939,job-01134,sk-general-work
js-001940,job-01135,sk-administration
js-001941,job-01136,sk-administration
js-001942,job-01137,sk-english-language
js-001943,job-01137,sk-general-work
js-001944,job-01138,sk-administration
js-001945,job-01139,sk-general-work
js-001946,job-01140,sk-general-work
js-001947,job-01141,sk-general-work
js-001948,job-01142,sk-nursing
js-001949,job-01142,sk-patient-care
js-001950,job-01143,sk-nursing
js-001951,job-01143,sk-patient-care
js-001952,job-01144,sk-pharmacy
js-001953,job-01145,sk-production-work
js-001954,job-01146,sk-administration
js-001955,job-01147,sk-pharmacy
js-001956,job-01148,sk-administration
js-001957,job-01149,sk-english-language
js-001958,job-01149,sk-social-work
js-001959,job-01150,sk-pharmacy
js-001960,job-01151,sk-pharmacy
js-001961,job-01152,sk-production-work
js-001962,job-01153,sk-production-work
js-001963,job-01154,sk-technical-maintenance
js-001964,job-01155,sk-general-work
js-001965,job-01156,sk-general-work
js-001966,job-01157,sk-cooking
js-001967,job-01157,sk-pizza-preparation
js-001968,job-01158,sk-technical-maintenance
js-001969,job-01159,sk-nursing
js-001970,job-01160,sk-technical-maintenance
js-001971,job-01161,sk-technical-maintenance
js-001972,job-01162,sk-general-work
js-001973,job-01163,sk-production-work
js-001974,job-01164,sk-general-work
js-001975,job-01165,sk-general-work
js-001976,job-01166,sk-nursing
js-001977,job-01167,sk-general-work
js-001978,job-01168,sk-general-work
js-001979,job-01169,sk-general-work
js-001980,job-01170,sk-general-work
js-001981,job-01171,sk-general-work
js-001982,job-01172,sk-general-work
js-001983,job-01173,sk-medicine
js-001984,job-01174,sk-sales
js-001985,job-01175,sk-general-work
js-001986,job-01176,sk-general-work
js-001987,job-01177,sk-warehouse-operations
js-001988,job-01178,sk-warehouse-operations
js-001989,job-01179,sk-production-work
js-001990,job-01180,sk-general-work
js-001991,job-01181,sk-production-work
js-001992,job-01182,sk-general-work
js-001993,job-01183,sk-early-childhood-education
js-001994,job-01183,sk-teaching
js-001995,job-01184,sk-general-work
js-001996,job-01185,sk-general-work
js-001997,job-01186,sk-general-work
js-001998,job-01187,sk-general-work
js-001999,job-01188,sk-nursing
js-002000,job-01189,sk-administration
js-002001,job-01190,sk-general-work
js-002002,job-01191,sk-production-work
js-002003,job-01192,sk-inventory-management
js-002004,job-01192,sk-warehouse-operations
js-002005,job-01193,sk-customer-service
js-002006,job-01193,sk-hospitality
js-002007,job-01194,sk-cooking
js-002008,job-01195,sk-general-work
js-002009,job-01196,sk-general-work
js-002010,job-01197,sk-machine-operation
js-002011,job-01197,sk-production-work
js-002012,job-01198,sk-general-work
js-002013,job-01199,sk-machine-operation
js-002014,job-01199,sk-production-work
js-002015,job-01200,sk-machine-operation
js-002016,job-01200,sk-production-work
js-002017,job-01201,sk-general-work
js-002018,job-01202,sk-general-work
js-002019,job-01203,sk-warehouse-operations
js-002020,job-01204,sk-general-work
js-002021,job-01205,sk-general-work
js-002022,job-01206,sk-general-work
js-002023,job-01207,sk-general-work
js-002024,job-01208,sk-general-work
js-002025,job-01209,sk-administration
js-002026,job-01210,sk-general-work
js-002027,job-01211,sk-general-work
js-002028,job-01212,sk-teaching
js-002029,job-01213,sk-general-work
js-002030,job-01214,sk-general-work
js-002031,job-01215,sk-general-work
js-002032,job-01216,sk-production-work
js-002033,job-01217,sk-general-work
js-002034,job-01218,sk-production-work
js-002035,job-01219,sk-general-work
js-002036,job-01220,sk-general-work
js-002037,job-01221,sk-general-work
js-002038,job-01222,sk-general-work
js-002039,job-01223,sk-general-work
js-002040,job-01224,sk-medicine
js-002041,job-01225,sk-general-work
js-002042,job-01226,sk-general-work
js-002043,job-01227,sk-general-work
js-002044,job-01228,sk-general-work
js-002045,job-01229,sk-general-work
js-002046,job-01230,sk-general-work
js-002047,job-01231,sk-general-work
js-002048,job-01232,sk-general-work
js-002049,job-01233,sk-general-work
js-002050,job-01234,sk-general-work
js-002051,job-01235,sk-machine-operation
js-002052,job-01235,sk-production-work
js-002053,job-01236,sk-general-work
js-002054,job-01237,sk-general-work
js-002055,job-01238,sk-slovenian-language
js-002056,job-01238,sk-social-work
js-002057,job-01239,sk-slovenian-language
js-002058,job-01239,sk-social-work
js-002059,job-01240,sk-social-work
js-002060,job-01241,sk-slovenian-language
js-002061,job-01241,sk-social-work
js-002062,job-01242,sk-social-work
js-002063,job-01243,sk-social-work
js-002064,job-01244,sk-slovenian-language
js-002065,job-01244,sk-social-work
js-002066,job-01245,sk-slovenian-language
js-002067,job-01245,sk-social-work
js-002068,job-01246,sk-slovenian-language
js-002069,job-01246,sk-social-work
js-002070,job-01247,sk-slovenian-language
js-002071,job-01247,sk-social-work
js-002072,job-01248,sk-slovenian-language
js-002073,job-01248,sk-social-work
js-002074,job-01249,sk-social-work
js-002075,job-01250,sk-slovenian-language
js-002076,job-01250,sk-social-work
js-002077,job-01251,sk-slovenian-language
js-002078,job-01251,sk-social-work
js-002079,job-01252,sk-social-work
js-002080,job-01253,sk-social-work
js-002081,job-01254,sk-slovenian-language
js-002082,job-01254,sk-social-work
js-002083,job-01255,sk-slovenian-language
js-002084,job-01255,sk-social-work
js-002085,job-01256,sk-social-work
js-002086,job-01257,sk-general-work
js-002087,job-01258,sk-accounting
js-002088,job-01259,sk-accounting
js-002089,job-01260,sk-slovenian-language
js-002090,job-01260,sk-social-work
js-002091,job-01261,sk-slovenian-language
js-002092,job-01261,sk-social-work
js-002093,job-01262,sk-social-work
js-002094,job-01263,sk-administration
js-002095,job-01264,sk-machine-operation
js-002096,job-01264,sk-production-work
js-002097,job-01265,sk-machine-operation
js-002098,job-01265,sk-production-work
js-002099,job-01266,sk-warehouse-operations
js-002100,job-01267,sk-machine-operation
js-002101,job-01267,sk-production-work
js-002102,job-01268,sk-production-work
js-002103,job-01269,sk-general-work
js-002104,job-01270,sk-administration
js-002105,job-01271,sk-production-work
js-002106,job-01272,sk-inventory-management
js-002107,job-01272,sk-warehouse-operations
js-002108,job-01273,sk-general-work
js-002109,job-01274,sk-general-work
js-002110,job-01275,sk-general-work
js-002111,job-01276,sk-general-work
js-002112,job-01277,sk-general-work
js-002113,job-01278,sk-general-work
js-002114,job-01279,sk-general-work
js-002115,job-01280,sk-general-work
js-002116,job-01281,sk-cooking
js-002117,job-01282,sk-general-work
js-002118,job-01283,sk-general-work
js-002119,job-01284,sk-general-work
js-002120,job-01285,sk-warehouse-operations
js-002121,job-01286,sk-production-work
js-002122,job-01287,sk-general-work
js-002123,job-01288,sk-cooking
js-002124,job-01289,sk-general-work
js-002125,job-01290,sk-general-work
js-002126,job-01291,sk-pharmacy
js-002127,job-01292,sk-general-work
js-002128,job-01293,sk-machine-operation
js-002129,job-01293,sk-production-work
js-002130,job-01294,sk-general-work
js-002131,job-01295,sk-inventory-management
js-002132,job-01295,sk-warehouse-operations
js-002133,job-01296,sk-general-work
js-002134,job-01297,sk-production-work
js-002135,job-01298,sk-general-work
js-002136,job-01299,sk-general-work
js-002137,job-01300,sk-forklift-operation
js-002138,job-01300,sk-warehouse-operations
js-002139,job-01301,sk-warehouse-operations
js-002140,job-01302,sk-machine-operation
js-002141,job-01302,sk-production-work
js-002142,job-01303,sk-general-work
js-002143,job-01304,sk-general-work
js-002144,job-01305,sk-production-work
js-002145,job-01306,sk-general-work
js-002146,job-01307,sk-machine-operation
js-002147,job-01307,sk-production-work
js-002148,job-01308,sk-general-work
js-002149,job-01309,sk-general-work
js-002150,job-01310,sk-customer-service
js-002151,job-01310,sk-hospitality
js-002152,job-01311,sk-technical-maintenance
js-002153,job-01312,sk-warehouse-operations
js-002154,job-01313,sk-social-work
js-002155,job-01314,sk-social-work
js-002156,job-01315,sk-slovenian-language
js-002157,job-01315,sk-social-work
js-002158,job-01316,sk-slovenian-language
js-002159,job-01316,sk-social-work
js-002160,job-01317,sk-social-work
js-002161,job-01318,sk-social-work
js-002162,job-01319,sk-social-work
js-002163,job-01320,sk-production-work
js-002164,job-01321,sk-mechanical-repair
js-002165,job-01322,sk-patient-care
js-002166,job-01323,sk-general-work
js-002167,job-01324,sk-general-work
js-002168,job-01325,sk-general-work
js-002169,job-01326,sk-general-work
js-002170,job-01327,sk-teaching
js-002171,job-01328,sk-general-work
js-002172,job-01329,sk-accounting
js-002173,job-01330,sk-general-work
js-002174,job-01331,sk-cash-handling
js-002175,job-01331,sk-sales
js-002176,job-01332,sk-forklift-operation
js-002177,job-01332,sk-warehouse-operations
js-002178,job-01333,sk-assembly
js-002179,job-01334,sk-mechanical-repair
js-002180,job-01335,sk-general-work
js-002181,job-01336,sk-general-work
js-002182,job-01337,sk-general-work
js-002183,job-01338,sk-general-work
js-002184,job-01339,sk-technical-maintenance
js-002185,job-01340,sk-general-work
js-002186,job-01341,sk-general-work
js-002187,job-01341,sk-slovenian-language
js-002188,job-01342,sk-general-work
js-002189,job-01343,sk-general-work
js-002190,job-01344,sk-medicine
js-002191,job-01345,sk-cooking
js-002192,job-01346,sk-driving
js-002193,job-01347,sk-general-work
js-002194,job-01348,sk-general-work
js-002195,job-01349,sk-general-work
js-002196,job-01350,sk-general-work
js-002197,job-01351,sk-customer-service
js-002198,job-01351,sk-sales
js-002199,job-01352,sk-general-work
js-002200,job-01353,sk-warehouse-operations
js-002201,job-01354,sk-driving
js-002202,job-01355,sk-general-work
js-002203,job-01356,sk-technical-maintenance
js-002204,job-01357,sk-general-work
js-002205,job-01358,sk-general-work
js-002206,job-01359,sk-general-work
js-002207,job-01360,sk-nursing
js-002208,job-01361,sk-driving
js-002209,job-01362,sk-accounting
js-002210,job-01363,sk-general-work
js-002211,job-01364,sk-cooking
js-002212,job-01364,sk-dietary-cooking
js-002213,job-01365,sk-patient-care
js-002214,job-01366,sk-administration
js-002215,job-01367,sk-technical-maintenance
js-002216,job-01368,sk-technical-maintenance
js-002217,job-01369,sk-technical-maintenance
js-002218,job-01370,sk-electrical-work
js-002219,job-01371,sk-sales
js-002220,job-01372,sk-forklift-operation
js-002221,job-01372,sk-warehouse-operations
js-002222,job-01373,sk-electrical-work
js-002223,job-01374,sk-general-work
js-002224,job-01375,sk-accounting
js-002225,job-01376,sk-technical-maintenance
js-002226,job-01377,sk-early-childhood-education
js-002227,job-01377,sk-teaching
js-002228,job-01378,sk-general-work
js-002229,job-01379,sk-driving
js-002230,job-01380,sk-sales
js-002231,job-01381,sk-driving
js-002232,job-01382,sk-general-work
js-002233,job-01383,sk-general-work
js-002234,job-01384,sk-general-work
js-002235,job-01385,sk-production-work
js-002236,job-01386,sk-warehouse-operations
js-002237,job-01387,sk-general-work
js-002238,job-01388,sk-teaching
js-002239,job-01389,sk-general-work
js-002240,job-01390,sk-administration
js-002241,job-01391,sk-general-work
js-002242,job-01392,sk-general-work
js-002243,job-01393,sk-machine-operation
js-002244,job-01393,sk-production-work
js-002245,job-01394,sk-warehouse-operations
js-002246,job-01395,sk-customer-service
js-002247,job-01395,sk-sales
js-002248,job-01396,sk-cooking
js-002249,job-01396,sk-food-preparation
js-002250,job-01397,sk-technical-maintenance
js-002251,job-01398,sk-legal-work
js-002252,job-01399,sk-general-work
js-002253,job-01400,sk-cleaning
js-002254,job-01401,sk-general-work
js-002255,job-01402,sk-general-work
js-002256,job-01403,sk-general-work
js-002257,job-01404,sk-general-work
js-002258,job-01405,sk-cooking
js-002259,job-01405,sk-food-preparation
js-002260,job-01406,sk-general-work
js-002261,job-01407,sk-general-work
js-002262,job-01408,sk-general-work
js-002263,job-01409,sk-legal-work
js-002264,job-01410,sk-general-work
js-002265,job-01411,sk-warehouse-operations
js-002266,job-01412,sk-administration
js-002267,job-01413,sk-general-work
js-002268,job-01414,sk-cooking
js-002269,job-01414,sk-food-preparation
js-002270,job-01414,sk-hospitality
js-002271,job-01414,sk-pizza-preparation
js-002272,job-01415,sk-general-work
js-002273,job-01416,sk-driving
js-002274,job-01417,sk-general-work
js-002275,job-01418,sk-driving
js-002276,job-01419,sk-general-work
js-002277,job-01420,sk-accounting
js-002278,job-01421,sk-driving
js-002279,job-01422,sk-cooking
js-002280,job-01422,sk-food-preparation
js-002281,job-01423,sk-cash-handling
js-002282,job-01423,sk-customer-service
js-002283,job-01423,sk-sales
js-002284,job-01424,sk-teaching
js-002285,job-01425,sk-early-childhood-education
js-002286,job-01425,sk-teaching
js-002287,job-01426,sk-general-work
js-002288,job-01427,sk-general-work
js-002289,job-01428,sk-teaching
js-002290,job-01429,sk-general-work
js-002291,job-01430,sk-general-work
js-002292,job-01431,sk-teaching
js-002293,job-01432,sk-general-work
js-002294,job-01433,sk-general-work
js-002295,job-01434,sk-general-work
js-002296,job-01435,sk-general-work
js-002297,job-01436,sk-nursing
js-002298,job-01436,sk-patient-care
js-002299,job-01437,sk-general-work
js-002300,job-01438,sk-cleaning
js-002301,job-01439,sk-machine-operation
js-002302,job-01439,sk-production-work
js-002303,job-01440,sk-general-work
js-002304,job-01441,sk-general-work
js-002305,job-01442,sk-general-work
js-002306,job-01443,sk-technical-maintenance
js-002307,job-01444,sk-cooking
js-002308,job-01445,sk-general-work
js-002309,job-01446,sk-general-work
js-002310,job-01447,sk-general-work
js-002311,job-01448,sk-warehouse-operations
js-002312,job-01449,sk-general-work
js-002313,job-01450,sk-general-work
js-002314,job-01451,sk-nursing
js-002315,job-01451,sk-slovenian-language
js-002316,job-01452,sk-warehouse-operations
js-002317,job-01453,sk-general-work
js-002318,job-01454,sk-general-work
js-002319,job-01455,sk-social-work
js-002320,job-01456,sk-social-work
js-002321,job-01457,sk-administration
js-002322,job-01458,sk-general-work
js-002323,job-01459,sk-general-work
js-002324,job-01460,sk-general-work
js-002325,job-01461,sk-social-work
js-002326,job-01462,sk-social-work
js-002327,job-01463,sk-administration
js-002328,job-01464,sk-social-work
js-002329,job-01465,sk-social-work
js-002330,job-01466,sk-social-work
js-002331,job-01467,sk-nursing
js-002332,job-01468,sk-general-work
js-002333,job-01469,sk-social-work
js-002334,job-01470,sk-administration
js-002335,job-01471,sk-general-work
js-002336,job-01472,sk-teaching
js-002337,job-01473,sk-general-work
js-002338,job-01474,sk-general-work
js-002339,job-01475,sk-general-work
js-002340,job-01476,sk-general-work
js-002341,job-01477,sk-cooking
js-002342,job-01477,sk-hospitality
js-002343,job-01477,sk-pizza-preparation
js-002344,job-01478,sk-assembly
js-002345,job-01479,sk-general-work
js-002346,job-01479,sk-slovenian-language
js-002347,job-01480,sk-software-development
js-002348,job-01481,sk-general-work
js-002349,job-01482,sk-cash-handling
js-002350,job-01482,sk-sales
js-002351,job-01483,sk-assembly
js-002352,job-01484,sk-forklift-operation
js-002353,job-01484,sk-warehouse-operations
js-002354,job-01485,sk-technical-maintenance
js-002355,job-01486,sk-forklift-operation
js-002356,job-01486,sk-warehouse-operations
js-002357,job-01487,sk-software-development
js-002358,job-01488,sk-machine-operation
js-002359,job-01488,sk-production-work
js-002360,job-01489,sk-construction-work
js-002361,job-01489,sk-slovenian-language
js-002362,job-01490,sk-technical-maintenance
js-002363,job-01491,sk-general-work
js-002364,job-01492,sk-technical-maintenance
js-002365,job-01493,sk-technical-maintenance
js-002366,job-01494,sk-early-childhood-education
js-002367,job-01494,sk-teaching
js-002368,job-01495,sk-hospitality
js-002369,job-01496,sk-general-work
js-002370,job-01497,sk-general-work
js-002371,job-01498,sk-teaching
js-002372,job-01499,sk-administration
js-002373,job-01500,sk-general-work
js-002374,job-01501,sk-driving
js-002375,job-01502,sk-general-work
js-002376,job-01503,sk-warehouse-operations
js-002377,job-01504,sk-technical-maintenance
js-002378,job-01505,sk-warehouse-operations
js-002379,job-01506,sk-auditing
js-002380,job-01506,sk-information-systems
js-002381,job-01507,sk-administration
js-002382,job-01508,sk-general-work
js-002383,job-01509,sk-general-work
js-002384,job-01510,sk-warehouse-operations
js-002385,job-01511,sk-accounting
js-002386,job-01512,sk-cash-handling
js-002387,job-01512,sk-sales
js-002388,job-01513,sk-general-work
js-002389,job-01514,sk-general-work
js-002390,job-01515,sk-cleaning
js-002391,job-01516,sk-general-work
js-002392,job-01517,sk-general-work
js-002393,job-01518,sk-cleaning
js-002394,job-01519,sk-cleaning
js-002395,job-01520,sk-auditing
js-002396,job-01520,sk-information-systems
js-002397,job-01521,sk-nursing
js-002398,job-01521,sk-patient-care
js-002399,job-01522,sk-driving
js-002400,job-01523,sk-cooking
js-002401,job-01523,sk-food-preparation
js-002402,job-01524,sk-machine-operation
js-002403,job-01524,sk-production-work
js-002404,job-01525,sk-cleaning
js-002405,job-01526,sk-technical-maintenance
js-002406,job-01527,sk-cleaning
js-002407,job-01528,sk-general-work
js-002408,job-01529,sk-administration
js-002409,job-01530,sk-accounting
js-002410,job-01531,sk-general-work
js-002411,job-01531,sk-slovenian-language
js-002412,job-01532,sk-auditing
js-002413,job-01532,sk-information-systems
js-002414,job-01533,sk-early-childhood-education
js-002415,job-01533,sk-teaching
js-002416,job-01534,sk-general-work
js-002417,job-01535,sk-general-work
js-002418,job-01536,sk-machine-operation
js-002419,job-01536,sk-production-work
js-002420,job-01537,sk-cleaning
js-002421,job-01538,sk-medicine
js-002422,job-01539,sk-general-work
js-002423,job-01540,sk-administration
js-002424,job-01540,sk-microsoft-office
js-002425,job-01540,sk-payroll-administration
js-002426,job-01541,sk-warehouse-operations
js-002427,job-01542,sk-business-management
js-002428,job-01542,sk-management
js-002429,job-01543,sk-medicine
js-002430,job-01544,sk-cnc-machining
js-002431,job-01544,sk-machine-operation
js-002432,job-01544,sk-production-work
js-002433,job-01545,sk-patient-care
js-002434,job-01546,sk-teaching
js-002435,job-01547,sk-nursing
js-002436,job-01548,sk-teaching
js-002437,job-01549,sk-warehouse-operations
js-002438,job-01550,sk-machine-operation
js-002439,job-01550,sk-production-work
js-002440,job-01551,sk-nursing
js-002441,job-01551,sk-patient-care
js-002442,job-01552,sk-pharmacy
js-002443,job-01553,sk-nursing
js-002444,job-01553,sk-patient-care
js-002445,job-01554,sk-medicine
js-002446,job-01555,sk-nursing
js-002447,job-01555,sk-patient-care
js-002448,job-01556,sk-teaching
js-002449,job-01557,sk-teaching
js-002450,job-01558,sk-general-work
js-002451,job-01559,sk-laboratory-diagnostics
js-002452,job-01560,sk-nursing
js-002453,job-01560,sk-patient-care
js-002454,job-01561,sk-inventory-management
js-002455,job-01561,sk-warehouse-operations
js-002456,job-01562,sk-mechanical-repair
js-002457,job-01562,sk-vehicle-diagnostics
js-002458,job-01563,sk-teaching
js-002459,job-01564,sk-insurance-sales
js-002460,job-01565,sk-medicine
js-002461,job-01565,sk-nursing
js-002462,job-01566,sk-machine-operation
js-002463,job-01566,sk-production-work
js-002464,job-01567,sk-nursing
js-002465,job-01567,sk-patient-care
js-002466,job-01568,sk-speech-therapy
js-002467,job-01568,sk-teaching
js-002468,job-01569,sk-production-work
js-002469,job-01570,sk-administration
js-002470,job-01570,sk-debt-collection
js-002471,job-01571,sk-accounting
js-002472,job-01572,sk-electrical-work
js-002473,job-01573,sk-nursing
js-002474,job-01574,sk-mechanical-repair
js-002475,job-01575,sk-nursing
js-002476,job-01575,sk-patient-care
js-002477,job-01576,sk-medicine
js-002478,job-01577,sk-information-technology
js-002479,job-01577,sk-it-infrastructure
js-002480,job-01578,sk-cnc-machining
js-002481,job-01578,sk-machine-operation
js-002482,job-01578,sk-production-work
js-002483,job-01579,sk-cooking
js-002484,job-01580,sk-machine-operation
js-002485,job-01580,sk-production-work
js-002486,job-01581,sk-nursing
js-002487,job-01581,sk-patient-care
js-002488,job-01582,sk-information-technology
js-002489,job-01582,sk-teaching
js-002490,job-01583,sk-warehouse-operations
js-002491,job-01584,sk-administration
js-002492,job-01584,sk-microsoft-office
js-002493,job-01585,sk-general-work
js-002494,job-01586,sk-teaching
js-002495,job-01587,sk-general-work
js-002496,job-01588,sk-management
js-002497,job-01589,sk-general-work
js-002498,job-01590,sk-administration
js-002499,job-01591,sk-hospitality
js-002500,job-01592,sk-general-work
js-002501,job-01593,sk-technical-maintenance
js-002502,job-01594,sk-technical-maintenance
js-002503,job-01595,sk-general-work
js-002504,job-01596,sk-production-work
js-002505,job-01597,sk-technical-maintenance
js-002506,job-01598,sk-administration
js-002507,job-01599,sk-general-work
js-002508,job-01600,sk-general-work
js-002509,job-01601,sk-general-work
js-002510,job-01602,sk-general-work
js-002511,job-01603,sk-inventory-management
js-002512,job-01603,sk-warehouse-operations
js-002513,job-01604,sk-production-work
js-002514,job-01605,sk-general-work
js-002515,job-01606,sk-general-work
js-002516,job-01607,sk-production-work
js-002517,job-01608,sk-general-work
js-002518,job-01609,sk-general-work
js-002519,job-01610,sk-medicine
js-002520,job-01611,sk-warehouse-operations
js-002521,job-01612,sk-general-work
js-002522,job-01613,sk-social-work
js-002523,job-01614,sk-administration
js-002524,job-01615,sk-general-work
js-002525,job-01616,sk-physiotherapy
js-002526,job-01617,sk-forklift-operation
js-002527,job-01617,sk-warehouse-operations
js-002528,job-01618,sk-general-work
js-002529,job-01619,sk-forklift-operation
js-002530,job-01619,sk-warehouse-operations
js-002531,job-01620,sk-management
js-002532,job-01621,sk-welding
js-002533,job-01622,sk-machine-operation
js-002534,job-01622,sk-production-work
js-002535,job-01623,sk-general-work
js-002536,job-01624,sk-construction-work
js-002537,job-01625,sk-machine-operation
js-002538,job-01625,sk-production-work
js-002539,job-01626,sk-mechanical-repair
js-002540,job-01627,sk-customer-service
js-002541,job-01627,sk-sales
js-002542,job-01628,sk-technical-maintenance
js-002543,job-01629,sk-accounting
js-002544,job-01630,sk-machine-operation
js-002545,job-01630,sk-production-work
js-002546,job-01631,sk-machine-operation
js-002547,job-01631,sk-production-work
js-002548,job-01632,sk-teaching
js-002549,job-01633,sk-medicine
js-002550,job-01634,sk-warehouse-operations
js-002551,job-01635,sk-driving
js-002552,job-01636,sk-production-work
js-002553,job-01637,sk-general-work
js-002554,job-01638,sk-administration
js-002555,job-01638,sk-microsoft-office
js-002556,job-01639,sk-medicine
js-002557,job-01640,sk-forklift-operation
js-002558,job-01640,sk-warehouse-operations
js-002559,job-01641,sk-general-work
js-002560,job-01642,sk-general-work
js-002561,job-01643,sk-general-work
js-002562,job-01644,sk-technical-maintenance
js-002563,job-01645,sk-medicine
js-002564,job-01646,sk-administration
js-002565,job-01647,sk-general-work
js-002566,job-01648,sk-administration
js-002567,job-01649,sk-general-work
js-002568,job-01650,sk-general-work
js-002569,job-01651,sk-management
js-002570,job-01652,sk-general-work
js-002571,job-01653,sk-general-work
js-002572,job-01654,sk-teaching
js-002573,job-01655,sk-cleaning
js-002574,job-01656,sk-machine-operation
js-002575,job-01656,sk-production-work
js-002576,job-01657,sk-teaching
js-002577,job-01658,sk-general-work
js-002578,job-01659,sk-assembly
js-002579,job-01660,sk-customer-service
js-002580,job-01660,sk-sales
js-002581,job-01661,sk-teaching
js-002582,job-01662,sk-general-work
js-002583,job-01663,sk-teaching
js-002584,job-01664,sk-general-work
js-002585,job-01665,sk-general-work
js-002586,job-01666,sk-physiotherapy
js-002587,job-01667,sk-technical-maintenance
js-002588,job-01668,sk-general-work
js-002589,job-01669,sk-machine-operation
js-002590,job-01669,sk-production-work
js-002591,job-01670,sk-cooking
js-002592,job-01670,sk-dietary-cooking
js-002593,job-01671,sk-general-work
js-002594,job-01672,sk-administration
js-002595,job-01672,sk-microsoft-office
js-002596,job-01672,sk-slovenian-language
js-002597,job-01673,sk-driving
js-002598,job-01674,sk-general-work
js-002599,job-01675,sk-general-work
js-002600,job-01676,sk-general-work
js-002601,job-01677,sk-nursing
js-002602,job-01678,sk-patient-care
js-002603,job-01679,sk-electrical-work
js-002604,job-01680,sk-assembly
js-002605,job-01681,sk-management
js-002606,job-01682,sk-accounting
js-002607,job-01683,sk-administration
js-002608,job-01684,sk-general-work
js-002609,job-01685,sk-general-work
js-002610,job-01686,sk-machine-operation
js-002611,job-01686,sk-production-work
js-002612,job-01687,sk-sales
js-002613,job-01688,sk-machine-operation
js-002614,job-01688,sk-production-work
js-002615,job-01689,sk-teaching
js-002616,job-01690,sk-machine-operation
js-002617,job-01690,sk-production-work
js-002618,job-01691,sk-administration
js-002619,job-01692,sk-cleaning
js-002620,job-01693,sk-general-work
js-002621,job-01694,sk-accounting
js-002622,job-01695,sk-assembly
js-002623,job-01696,sk-warehouse-operations
js-002624,job-01697,sk-administration
js-002625,job-01698,sk-administration
js-002626,job-01698,sk-microsoft-office
js-002627,job-01699,sk-general-work
js-002628,job-01700,sk-accounting
js-002629,job-01701,sk-pharmacy
js-002630,job-01702,sk-teaching
js-002631,job-01703,sk-warehouse-operations
js-002632,job-01704,sk-patient-care
js-002633,job-01705,sk-general-work
js-002634,job-01706,sk-teaching
js-002635,job-01707,sk-management
js-002636,job-01708,sk-production-work
js-002637,job-01709,sk-cnc-machining
js-002638,job-01709,sk-machine-operation
js-002639,job-01709,sk-production-work
js-002640,job-01710,sk-hospitality
js-002641,job-01711,sk-general-work
js-002642,job-01712,sk-accounting
js-002643,job-01713,sk-accounting
js-002644,job-01714,sk-cooking
js-002645,job-01714,sk-food-preparation
js-002646,job-01714,sk-kitchen-management
js-002647,job-01715,sk-general-work
js-002648,job-01716,sk-cnc-machining
js-002649,job-01716,sk-machine-operation
js-002650,job-01716,sk-production-work
js-002651,job-01717,sk-teaching
js-002652,job-01718,sk-welding
js-002653,job-01719,sk-production-work
js-002654,job-01720,sk-teaching
js-002655,job-01721,sk-welding
js-002656,job-01722,sk-general-work
js-002657,job-01723,sk-production-work
js-002658,job-01724,sk-cleaning
js-002659,job-01725,sk-general-work
js-002660,job-01726,sk-nursing
js-002661,job-01727,sk-general-work
js-002662,job-01728,sk-nursing
js-002663,job-01729,sk-production-work
js-002664,job-01730,sk-production-work
js-002665,job-01730,sk-slovenian-language
js-002666,job-01731,sk-general-work
js-002667,job-01732,sk-general-work
js-002668,job-01733,sk-general-work
js-002669,job-01734,sk-assembly
js-002670,job-01735,sk-technical-maintenance
js-002671,job-01736,sk-welding
js-002672,job-01737,sk-general-work
js-002673,job-01738,sk-warehouse-operations
js-002674,job-01739,sk-machine-operation
js-002675,job-01739,sk-production-work
js-002676,job-01740,sk-general-work
js-002677,job-01741,sk-general-work
js-002678,job-01742,sk-general-work
js-002679,job-01743,sk-general-work
js-002680,job-01744,sk-production-work
js-002681,job-01745,sk-production-work
js-002682,job-01746,sk-machine-operation
js-002683,job-01746,sk-production-work
js-002684,job-01747,sk-technical-maintenance
js-002685,job-01748,sk-technical-maintenance
js-002686,job-01749,sk-general-work
js-002687,job-01750,sk-machine-operation
js-002688,job-01750,sk-production-work
js-002689,job-01751,sk-general-work
js-002690,job-01752,sk-technical-maintenance
js-002691,job-01753,sk-general-work
js-002692,job-01754,sk-slovenian-language
js-002693,job-01754,sk-social-work
js-002694,job-01755,sk-general-work
js-002695,job-01756,sk-production-work
js-002696,job-01757,sk-general-work
js-002697,job-01758,sk-general-work
js-002698,job-01759,sk-general-work
js-002699,job-01760,sk-general-work
js-002700,job-01761,sk-production-work
js-002701,job-01762,sk-general-work
js-002702,job-01763,sk-general-work
js-002703,job-01764,sk-production-work
js-002704,job-01765,sk-general-work
js-002705,job-01766,sk-general-work
js-002706,job-01767,sk-general-work
js-002707,job-01768,sk-production-work
js-002708,job-01769,sk-production-work
js-002709,job-01770,sk-general-work
js-002710,job-01771,sk-general-work
js-002711,job-01772,sk-general-work
js-002712,job-01773,sk-general-work
js-002713,job-01774,sk-general-work
js-002714,job-01775,sk-general-work
js-002715,job-01776,sk-general-work
js-002716,job-01777,sk-patient-care
js-002717,job-01778,sk-production-work
js-002718,job-01779,sk-general-work
js-002719,job-01780,sk-production-work
js-002720,job-01781,sk-social-work
js-002721,job-01782,sk-social-work
js-002722,job-01783,sk-general-work
js-002723,job-01784,sk-cnc-machining
js-002724,job-01784,sk-machine-operation
js-002725,job-01784,sk-production-work
js-002726,job-01785,sk-general-work
js-002727,job-01786,sk-general-work
js-002728,job-01787,sk-warehouse-operations
js-002729,job-01788,sk-warehouse-operations
js-002730,job-01789,sk-technical-maintenance
js-002731,job-01790,sk-general-work
js-002732,job-01791,sk-physiotherapy
js-002733,job-01792,sk-technical-maintenance
js-002734,job-01793,sk-warehouse-operations
js-002735,job-01794,sk-general-work
js-002736,job-01795,sk-general-work
js-002737,job-01796,sk-machine-operation
js-002738,job-01796,sk-production-work
js-002739,job-01797,sk-warehouse-operations
js-002740,job-01798,sk-management
js-002741,job-01799,sk-general-work
js-002742,job-01800,sk-general-work
js-002743,job-01801,sk-general-work
js-002744,job-01802,sk-administration
js-002745,job-01803,sk-general-work
js-002746,job-01804,sk-machine-operation
js-002747,job-01804,sk-production-work
js-002748,job-01805,sk-warehouse-operations
js-002749,job-01806,sk-driving
js-002750,job-01807,sk-management
js-002751,job-01808,sk-general-work
js-002752,job-01809,sk-welding
js-002753,job-01810,sk-general-work
js-002754,job-01811,sk-technical-maintenance
js-002755,job-01812,sk-nursing
js-002756,job-01813,sk-patient-care
js-002757,job-01814,sk-production-work
js-002758,job-01815,sk-nursing
js-002759,job-01816,sk-warehouse-operations
js-002760,job-01817,sk-construction-work
js-002761,job-01818,sk-driving
js-002762,job-01818,sk-slovenian-language
js-002763,job-01819,sk-warehouse-operations
js-002764,job-01820,sk-cnc-machining
js-002765,job-01820,sk-machine-operation
js-002766,job-01820,sk-production-work
js-002767,job-01821,sk-cnc-machining
js-002768,job-01821,sk-machine-operation
js-002769,job-01821,sk-production-work
js-002770,job-01822,sk-technical-maintenance
js-002771,job-01823,sk-general-work
js-002772,job-01824,sk-laboratory-diagnostics
js-002773,job-01824,sk-medicine
js-002774,job-01825,sk-administration
js-002775,job-01825,sk-microsoft-office
js-002776,job-01826,sk-administration
js-002777,job-01826,sk-microsoft-office
js-002778,job-01827,sk-general-work
js-002779,job-01828,sk-cooking
js-002780,job-01829,sk-cnc-machining
js-002781,job-01829,sk-machine-operation
js-002782,job-01829,sk-production-work
js-002783,job-01830,sk-general-work
js-002784,job-01831,sk-technical-maintenance
js-002785,job-01832,sk-medicine
js-002786,job-01833,sk-forklift-operation
js-002787,job-01833,sk-warehouse-operations
js-002788,job-01834,sk-warehouse-operations
js-002789,job-01835,sk-technical-maintenance
js-002790,job-01836,sk-technical-maintenance
js-002791,job-01837,sk-forklift-operation
js-002792,job-01837,sk-warehouse-operations
js-002793,job-01838,sk-general-work
js-002794,job-01839,sk-assembly
js-002795,job-01840,sk-cnc-machining
js-002796,job-01840,sk-machine-operation
js-002797,job-01840,sk-production-work
js-002798,job-01841,sk-technical-maintenance
js-002799,job-01842,sk-general-work
js-002800,job-01843,sk-general-work
js-002801,job-01844,sk-cooking
js-002802,job-01844,sk-pizza-preparation
js-002803,job-01845,sk-administration
js-002804,job-01845,sk-microsoft-office
js-002805,job-01846,sk-driving
js-002806,job-01847,sk-driving
js-002807,job-01848,sk-production-work
js-002808,job-01849,sk-teaching
js-002809,job-01850,sk-teaching
js-002810,job-01851,sk-teaching
js-002811,job-01852,sk-technical-maintenance
js-002812,job-01853,sk-warehouse-operations
js-002813,job-01854,sk-technical-maintenance
js-002814,job-01855,sk-technical-maintenance
js-002815,job-01856,sk-general-work
js-002816,job-01857,sk-teaching
js-002817,job-01858,sk-teaching
js-002818,job-01859,sk-general-work
js-002819,job-01860,sk-general-work
js-002820,job-01861,sk-teaching
js-002821,job-01862,sk-physiotherapy
js-002822,job-01863,sk-general-work
js-002823,job-01864,sk-cooking
js-002824,job-01865,sk-production-work
js-002825,job-01866,sk-english-language
js-002826,job-01866,sk-general-work
js-002827,job-01867,sk-teaching
js-002828,job-01868,sk-assembly
js-002829,job-01869,sk-teaching
js-002830,job-01870,sk-general-work
js-002831,job-01871,sk-technical-maintenance
js-002832,job-01872,sk-teaching
js-002833,job-01873,sk-general-work
js-002834,job-01874,sk-teaching
js-002835,job-01875,sk-early-childhood-education
js-002836,job-01875,sk-teaching
js-002837,job-01876,sk-general-work
js-002838,job-01877,sk-general-work
js-002839,job-01878,sk-management
js-002840,job-01879,sk-general-work
js-002841,job-01880,sk-accounting
js-002842,job-01881,sk-teaching
js-002843,job-01882,sk-assembly
js-002844,job-01883,sk-administration
js-002845,job-01883,sk-slovenian-language
js-002846,job-01884,sk-sales
js-002847,job-01885,sk-management
js-002848,job-01886,sk-teaching
js-002849,job-01887,sk-general-work
js-002850,job-01888,sk-assembly
js-002851,job-01889,sk-assembly
js-002852,job-01889,sk-english-language
js-002853,job-01890,sk-assembly
js-002854,job-01891,sk-general-work
js-002855,job-01892,sk-general-work
js-002856,job-01893,sk-welding
js-002857,job-01894,sk-teaching
js-002858,job-01895,sk-general-work
js-002859,job-01896,sk-nursing
js-002860,job-01897,sk-teaching
js-002861,job-01898,sk-management
js-002862,job-01899,sk-teaching
js-002863,job-01900,sk-medicine
js-002864,job-01901,sk-general-work
js-002865,job-01902,sk-general-work
js-002866,job-01903,sk-general-work
js-002867,job-01904,sk-general-work
js-002868,job-01905,sk-warehouse-operations
js-002869,job-01906,sk-general-work
js-002870,job-01907,sk-production-work
js-002871,job-01908,sk-general-work
js-002872,job-01909,sk-general-work
js-002873,job-01910,sk-general-work
js-002874,job-01911,sk-administration
js-002875,job-01912,sk-cooking
js-002876,job-01913,sk-general-work
js-002877,job-01914,sk-general-work
js-002878,job-01915,sk-administration
js-002879,job-01916,sk-cooking
js-002880,job-01917,sk-general-work
js-002881,job-01918,sk-general-work
js-002882,job-01919,sk-general-work
js-002883,job-01920,sk-general-work
js-002884,job-01921,sk-general-work
js-002885,job-01922,sk-cooking
js-002886,job-01923,sk-general-work
js-002887,job-01924,sk-warehouse-operations
js-002888,job-01925,sk-production-work
js-002889,job-01926,sk-social-work
js-002890,job-01927,sk-social-work
js-002891,job-01928,sk-social-work
js-002892,job-01929,sk-social-work
js-002893,job-01930,sk-general-work
js-002894,job-01931,sk-warehouse-operations
js-002895,job-01932,sk-hospitality
js-002896,job-01933,sk-driving
js-002897,job-01934,sk-electrical-work
js-002898,job-01935,sk-general-work
js-002899,job-01936,sk-cooking
js-002900,job-01937,sk-technical-maintenance
js-002901,job-01938,sk-production-work
js-002902,job-01939,sk-sales
js-002903,job-01940,sk-technical-maintenance
js-002904,job-01941,sk-general-work
js-002905,job-01942,sk-general-work
js-002906,job-01943,sk-medicine
js-002907,job-01943,sk-patient-care
js-002908,job-01944,sk-general-work
js-002909,job-01945,sk-teaching
js-002910,job-01946,sk-driving
js-002911,job-01947,sk-teaching
js-002912,job-01948,sk-general-work
js-002913,job-01949,sk-general-work
js-002914,job-01950,sk-general-work
js-002915,job-01951,sk-general-work
js-002916,job-01952,sk-teaching
js-002917,job-01953,sk-driving
js-002918,job-01954,sk-teaching
js-002919,job-01955,sk-general-work
js-002920,job-01956,sk-social-work
js-002921,job-01957,sk-general-work
js-002922,job-01958,sk-general-work
js-002923,job-01959,sk-technical-maintenance
js-002924,job-01960,sk-general-work
js-002925,job-01961,sk-teaching
js-002926,job-01962,sk-general-work
js-002927,job-01963,sk-general-work
js-002928,job-01964,sk-welding
js-002929,job-01965,sk-medicine
js-002930,job-01966,sk-warehouse-operations
js-002931,job-01967,sk-teaching
js-002932,job-01968,sk-general-work
js-002933,job-01969,sk-hospitality
js-002934,job-01970,sk-cooking
js-002935,job-01970,sk-dietary-cooking
js-002936,job-01971,sk-technical-maintenance
js-002937,job-01972,sk-general-work
js-002938,job-01973,sk-general-work
js-002939,job-01974,sk-cooking
js-002940,job-01975,sk-general-work
js-002941,job-01976,sk-teaching
js-002942,job-01977,sk-general-work
js-002943,job-01978,sk-teaching
js-002944,job-01979,sk-warehouse-operations
js-002945,job-01980,sk-teaching
js-002946,job-01981,sk-general-work
js-002947,job-01982,sk-administration
js-002948,job-01983,sk-hospitality
js-002949,job-01984,sk-teaching
js-002950,job-01985,sk-medicine
js-002951,job-01986,sk-machine-operation
js-002952,job-01986,sk-production-work
js-002953,job-01987,sk-general-work
js-002954,job-01988,sk-medicine
js-002955,job-01989,sk-information-technology
js-002956,job-01990,sk-hospitality
js-002957,job-01991,sk-general-work
js-002958,job-01992,sk-general-work
js-002959,job-01993,sk-general-work
js-002960,job-01994,sk-management
js-002961,job-01995,sk-production-work
js-002962,job-01996,sk-general-work
js-002963,job-01997,sk-general-work
js-002964,job-01998,sk-teaching
js-002965,job-01999,sk-general-work
js-002966,job-02000,sk-general-work
js-002967,job-02001,sk-general-work
js-002968,job-02002,sk-general-work
js-002969,job-02003,sk-general-work
js-002970,job-02004,sk-general-work
js-002971,job-02005,sk-general-work
js-002972,job-02006,sk-machine-operation
js-002973,job-02006,sk-production-work
js-002974,job-02007,sk-customer-service
js-002975,job-02007,sk-hospitality
js-002976,job-02008,sk-general-work
js-002977,job-02009,sk-technical-maintenance
js-002978,job-02010,sk-hospitality
js-002979,job-02011,sk-cash-handling
js-002980,job-02011,sk-sales
js-002981,job-02012,sk-machine-operation
js-002982,job-02012,sk-production-work
js-002983,job-02013,sk-warehouse-operations
js-002984,job-02014,sk-management
js-002985,job-02015,sk-general-work
js-002986,job-02016,sk-management
js-002987,job-02017,sk-general-work
js-002988,job-02018,sk-management
js-002989,job-02019,sk-cash-handling
js-002990,job-02019,sk-sales
js-002991,job-02020,sk-nursing
js-002992,job-02021,sk-general-work
js-002993,job-02022,sk-information-technology
js-002994,job-02022,sk-javascript
js-002995,job-02022,sk-python
js-002996,job-02022,sk-sql
js-002997,job-02023,sk-general-work
js-002998,job-02024,sk-general-work
js-002999,job-02025,sk-customer-service
js-003000,job-02025,sk-hospitality
js-003001,job-02026,sk-driving
js-003002,job-02027,sk-general-work
js-003003,job-02028,sk-cleaning
js-003004,job-02029,sk-warehouse-operations
js-003005,job-02030,sk-general-work
js-003006,job-02031,sk-management
js-003007,job-02032,sk-general-work
js-003008,job-02033,sk-technical-maintenance
js-003009,job-02034,sk-management
js-003010,job-02035,sk-general-work
js-003011,job-02036,sk-technical-maintenance
js-003012,job-02037,sk-general-work
js-003013,job-02038,sk-general-work
js-003014,job-02039,sk-general-work
js-003015,job-02040,sk-inventory-management
js-003016,job-02040,sk-warehouse-operations
js-003017,job-02041,sk-production-work
js-003018,job-02042,sk-general-work
js-003019,job-02043,sk-pharmacy
js-003020,job-02044,sk-general-work
js-003021,job-02045,sk-warehouse-operations
js-003022,job-02046,sk-production-work
js-003023,job-02047,sk-warehouse-operations
js-003024,job-02048,sk-general-work
js-003025,job-02049,sk-general-work
js-003026,job-02050,sk-management
js-003027,job-02051,sk-general-work
js-003028,job-02052,sk-forklift-operation
js-003029,job-02052,sk-inventory-management
js-003030,job-02052,sk-warehouse-operations
js-003031,job-02053,sk-general-work
js-003032,job-02054,sk-driving
js-003033,job-02055,sk-general-work
js-003034,job-02056,sk-general-work
js-003035,job-02057,sk-general-work
js-003036,job-02058,sk-general-work
js-003037,job-02059,sk-general-work
js-003038,job-02060,sk-teaching
js-003039,job-02061,sk-general-work
js-003040,job-02062,sk-production-work
js-003041,job-02063,sk-general-work
js-003042,job-02064,sk-general-work
js-003043,job-02065,sk-nursing
js-003044,job-02066,sk-nursing
js-003045,job-02067,sk-general-work
js-003046,job-02068,sk-general-work
js-003047,job-02069,sk-machine-operation
js-003048,job-02069,sk-production-work
js-003049,job-02070,sk-general-work
js-003050,job-02071,sk-warehouse-operations
js-003051,job-02072,sk-general-work
js-003052,job-02073,sk-general-work
js-003053,job-02074,sk-general-work
js-003054,job-02075,sk-general-work
js-003055,job-02076,sk-warehouse-operations
js-003056,job-02077,sk-customer-service
js-003057,job-02077,sk-sales
js-003058,job-02078,sk-general-work
js-003059,job-02079,sk-general-work
js-003060,job-02080,sk-general-work
js-003061,job-02081,sk-management
js-003062,job-02082,sk-assembly
js-003063,job-02083,sk-general-work
js-003064,job-02084,sk-assembly
js-003065,job-02085,sk-teaching
js-003066,job-02086,sk-general-work
js-003067,job-02087,sk-general-work
js-003068,job-02088,sk-technical-maintenance
js-003069,job-02089,sk-welding
js-003070,job-02090,sk-information-technology
js-003071,job-02091,sk-general-work
js-003072,job-02092,sk-general-work
js-003073,job-02093,sk-information-technology
js-003074,job-02094,sk-driving
js-003075,job-02095,sk-general-work
js-003076,job-02096,sk-cnc-machining
js-003077,job-02096,sk-machine-operation
js-003078,job-02096,sk-production-work
js-003079,job-02097,sk-assembly
js-003080,job-02098,sk-sales
js-003081,job-02099,sk-general-work
js-003082,job-02099,sk-slovenian-language
js-003083,job-02100,sk-driving
js-003084,job-02101,sk-early-childhood-education
js-003085,job-02101,sk-teaching
js-003086,job-02102,sk-machine-operation
js-003087,job-02102,sk-production-work
js-003088,job-02103,sk-general-work
js-003089,job-02104,sk-general-work
js-003090,job-02105,sk-warehouse-operations
js-003091,job-02106,sk-general-work
js-003092,job-02107,sk-inventory-management
js-003093,job-02107,sk-warehouse-operations
js-003094,job-02108,sk-teaching
js-003095,job-02109,sk-general-work
js-003096,job-02110,sk-early-childhood-education
js-003097,job-02110,sk-teaching
js-003098,job-02111,sk-general-work
js-003099,job-02112,sk-teaching
js-003100,job-02113,sk-general-work
js-003101,job-02114,sk-administration
js-003102,job-02114,sk-microsoft-office
js-003103,job-02115,sk-teaching
js-003104,job-02116,sk-general-work
js-003105,job-02117,sk-production-work
js-003106,job-02118,sk-warehouse-operations
js-003107,job-02119,sk-inventory-management
js-003108,job-02119,sk-warehouse-operations
js-003109,job-02120,sk-general-work
js-003110,job-02121,sk-teaching
js-003111,job-02122,sk-general-work
js-003112,job-02123,sk-machine-operation
js-003113,job-02123,sk-production-work
js-003114,job-02124,sk-general-work
js-003115,job-02125,sk-general-work
js-003116,job-02126,sk-general-work
js-003117,job-02127,sk-general-work
js-003118,job-02128,sk-general-work
js-003119,job-02129,sk-general-work
js-003120,job-02130,sk-general-work
js-003121,job-02131,sk-management
js-003122,job-02132,sk-teaching
js-003123,job-02133,sk-general-work
js-003124,job-02134,sk-machine-operation
js-003125,job-02134,sk-production-work
js-003126,job-02135,sk-general-work
js-003127,job-02136,sk-production-work
js-003128,job-02137,sk-warehouse-operations
js-003129,job-02138,sk-machine-operation
js-003130,job-02138,sk-production-work
js-003131,job-02139,sk-machine-operation
js-003132,job-02139,sk-production-work
js-003133,job-02140,sk-general-work
js-003134,job-02141,sk-production-work
js-003135,job-02142,sk-nursing
js-003136,job-02143,sk-administration
js-003137,job-02144,sk-teaching
js-003138,job-02145,sk-teaching
js-003139,job-02146,sk-teaching
js-003140,job-02147,sk-driving
js-003141,job-02148,sk-nursing
js-003142,job-02149,sk-general-work
js-003143,job-02150,sk-slovenian-language
js-003144,job-02150,sk-social-work
js-003145,job-02151,sk-patient-care
js-003146,job-02152,sk-construction-work
js-003147,job-02153,sk-technical-maintenance
js-003148,job-02154,sk-production-work
js-003149,job-02155,sk-machine-operation
js-003150,job-02155,sk-production-work
js-003151,job-02156,sk-warehouse-operations
js-003152,job-02157,sk-driving
js-003153,job-02158,sk-cleaning
js-003154,job-02159,sk-cleaning
js-003155,job-02160,sk-production-work
js-003156,job-02161,sk-forklift-operation
js-003157,job-02161,sk-warehouse-operations
js-003158,job-02162,sk-general-work
js-003159,job-02163,sk-assembly
js-003160,job-02164,sk-assembly
js-003161,job-02165,sk-general-work
js-003162,job-02166,sk-medicine
js-003163,job-02167,sk-medicine
js-003164,job-02167,sk-patient-care
js-003165,job-02168,sk-speech-therapy
js-003166,job-02168,sk-teaching
js-003167,job-02169,sk-medicine
js-003168,job-02170,sk-general-work
js-003169,job-02171,sk-medicine
js-003170,job-02172,sk-medicine
js-003171,job-02173,sk-medicine
js-003172,job-02174,sk-general-work
js-003173,job-02175,sk-medicine
js-003174,job-02176,sk-medicine
js-003175,job-02177,sk-medicine
js-003176,job-02178,sk-medicine
js-003177,job-02179,sk-medicine
js-003178,job-02180,sk-medicine
js-003179,job-02181,sk-cooking
js-003180,job-02181,sk-dietary-cooking
js-003181,job-02182,sk-general-work
js-003182,job-02183,sk-general-work
js-003183,job-02184,sk-medicine
js-003184,job-02185,sk-general-work
js-003185,job-02186,sk-patient-care
js-003186,job-02187,sk-medicine
js-003187,job-02188,sk-medicine
js-003188,job-02189,sk-general-work
js-003189,job-02190,sk-general-work
js-003190,job-02191,sk-general-work
js-003191,job-02192,sk-nursing
js-003192,job-02193,sk-accounting
js-003193,job-02194,sk-general-work
js-003194,job-02195,sk-general-work
js-003195,job-02196,sk-patient-care
js-003196,job-02197,sk-machine-operation
js-003197,job-02197,sk-production-work
js-003198,job-02198,sk-nursing
js-003199,job-02199,sk-cleaning
js-003200,job-02200,sk-medicine
js-003201,job-02201,sk-production-work
js-003202,job-02202,sk-administration
js-003203,job-02203,sk-medicine
js-003204,job-02204,sk-general-work
js-003205,job-02205,sk-general-work
js-003206,job-02206,sk-general-work
js-003207,job-02207,sk-nursing
js-003208,job-02208,sk-general-work
js-003209,job-02209,sk-production-work
js-003210,job-02210,sk-speech-therapy
js-003211,job-02210,sk-teaching
js-003212,job-02211,sk-production-work
js-003213,job-02212,sk-general-work
js-003214,job-02213,sk-cooking
js-003215,job-02214,sk-machine-operation
js-003216,job-02214,sk-production-work
js-003217,job-02215,sk-administration
js-003218,job-02216,sk-speech-therapy
js-003219,job-02216,sk-teaching
js-003220,job-02217,sk-social-work
js-003221,job-02218,sk-accounting
js-003222,job-02219,sk-warehouse-operations
js-003223,job-02220,sk-cash-handling
js-003224,job-02220,sk-sales
js-003225,job-02221,sk-technical-maintenance
js-003226,job-02222,sk-patient-care
js-003227,job-02223,sk-driving
js-003228,job-02224,sk-general-work
js-003229,job-02225,sk-production-work
js-003230,job-02226,sk-warehouse-operations
js-003231,job-02227,sk-general-work
js-003232,job-02228,sk-patient-care
js-003233,job-02229,sk-accounting
js-003234,job-02230,sk-driving
js-003235,job-02231,sk-cooking
js-003236,job-02231,sk-dietary-cooking
js-003237,job-02232,sk-technical-maintenance
js-003238,job-02233,sk-management
js-003239,job-02234,sk-teaching
js-003240,job-02235,sk-administration
js-003241,job-02236,sk-cash-handling
js-003242,job-02236,sk-sales
js-003243,job-02237,sk-general-work
js-003244,job-02238,sk-general-work
js-003245,job-02239,sk-administration
js-003246,job-02239,sk-microsoft-office
js-003247,job-02240,sk-general-work
js-003248,job-02241,sk-general-work
js-003249,job-02242,sk-general-work
js-003250,job-02243,sk-nursing
js-003251,job-02244,sk-nursing
js-003252,job-02245,sk-production-work
js-003253,job-02246,sk-general-work
js-003254,job-02247,sk-general-work
js-003255,job-02248,sk-general-work
js-003256,job-02249,sk-warehouse-operations
js-003257,job-02250,sk-assembly
js-003258,job-02251,sk-accounting
js-003259,job-02252,sk-management
js-003260,job-02253,sk-general-work
js-003261,job-02254,sk-technical-maintenance
js-003262,job-02255,sk-management
js-003263,job-02256,sk-management
js-003264,job-02257,sk-general-work
js-003265,job-02257,sk-slovenian-language
js-003266,job-02258,sk-inventory-management
js-003267,job-02258,sk-warehouse-operations
js-003268,job-02259,sk-assembly
js-003269,job-02260,sk-general-work
js-003270,job-02261,sk-administration
js-003271,job-02262,sk-technical-maintenance
js-003272,job-02263,sk-warehouse-operations
js-003273,job-02264,sk-general-work
js-003274,job-02265,sk-general-work
js-003275,job-02266,sk-general-work
js-003276,job-02267,sk-sales
js-003277,job-02268,sk-general-work
js-003278,job-02269,sk-accounting
js-003279,job-02270,sk-general-work
js-003280,job-02271,sk-general-work
js-003281,job-02272,sk-general-work
js-003282,job-02273,sk-general-work
js-003283,job-02274,sk-general-work
js-003284,job-02275,sk-warehouse-operations
js-003285,job-02276,sk-cash-handling
js-003286,job-02276,sk-sales
js-003287,job-02277,sk-management
js-003288,job-02278,sk-medicine
js-003289,job-02279,sk-medicine
js-003290,job-02280,sk-medicine
js-003291,job-02281,sk-medicine
js-003292,job-02282,sk-general-work
js-003293,job-02283,sk-general-work
js-003294,job-02284,sk-general-work
js-003295,job-02285,sk-medicine
js-003296,job-02286,sk-medicine
js-003297,job-02287,sk-general-work
js-003298,job-02288,sk-production-work
js-003299,job-02289,sk-production-work
js-003300,job-02290,sk-cleaning
js-003301,job-02291,sk-general-work
js-003302,job-02292,sk-driving
js-003303,job-02293,sk-medicine
js-003304,job-02294,sk-legal-work
js-003305,job-02295,sk-general-work
js-003306,job-02296,sk-management
js-003307,job-02297,sk-teaching
js-003308,job-02298,sk-general-work
js-003309,job-02299,sk-general-work
js-003310,job-02300,sk-patient-care
js-003311,job-02301,sk-production-work
js-003312,job-02302,sk-management
js-003313,job-02303,sk-management
js-003314,job-02304,sk-technical-maintenance
js-003315,job-02305,sk-general-work
js-003316,job-02306,sk-management
js-003317,job-02307,sk-production-work
js-003318,job-02308,sk-general-work
js-003319,job-02309,sk-general-work
js-003320,job-02310,sk-technical-maintenance
js-003321,job-02311,sk-general-work
js-003322,job-02312,sk-management
js-003323,job-02313,sk-production-work
js-003324,job-02314,sk-speech-therapy
js-003325,job-02314,sk-teaching
js-003326,job-02315,sk-patient-care
js-003327,job-02316,sk-technical-maintenance
js-003328,job-02317,sk-medicine
js-003329,job-02317,sk-patient-care
js-003330,job-02318,sk-general-work
js-003331,job-02319,sk-general-work
js-003332,job-02320,sk-physiotherapy
js-003333,job-02321,sk-cleaning
js-003334,job-02322,sk-nursing
js-003335,job-02322,sk-slovenian-language
js-003336,job-02323,sk-patient-care
js-003337,job-02324,sk-cash-handling
js-003338,job-02324,sk-sales
js-003339,job-02325,sk-english-language
js-003340,job-02325,sk-general-work
js-003341,job-02326,sk-medicine
js-003342,job-02327,sk-medicine
js-003343,job-02328,sk-medicine
js-003344,job-02329,sk-medicine
js-003345,job-02330,sk-medicine
js-003346,job-02331,sk-legal-work
js-003347,job-02332,sk-general-work
js-003348,job-02333,sk-general-work
js-003349,job-02334,sk-production-work
js-003350,job-02335,sk-production-work
js-003351,job-02336,sk-customer-service
js-003352,job-02336,sk-hospitality
js-003353,job-02337,sk-production-work
js-003354,job-02338,sk-general-work
js-003355,job-02339,sk-general-work
js-003356,job-02340,sk-general-work
js-003357,job-02341,sk-general-work
js-003358,job-02342,sk-general-work
js-003359,job-02343,sk-general-work
js-003360,job-02344,sk-administration
js-003361,job-02344,sk-microsoft-office
js-003362,job-02345,sk-cleaning
js-003363,job-02346,sk-general-work
js-003364,job-02347,sk-technical-maintenance
js-003365,job-02348,sk-general-work
js-003366,job-02349,sk-general-work
js-003367,job-02350,sk-nursing
js-003368,job-02350,sk-slovenian-language
js-003369,job-02351,sk-general-work
js-003370,job-02352,sk-general-work
js-003371,job-02353,sk-physiotherapy
js-003372,job-02353,sk-slovenian-language
js-003373,job-02354,sk-warehouse-operations
js-003374,job-02355,sk-general-work
js-003375,job-02356,sk-patient-care
js-003376,job-02357,sk-general-work
js-003377,job-02358,sk-patient-care
js-003378,job-02359,sk-technical-maintenance
js-003379,job-02360,sk-accounting
js-003380,job-02361,sk-administration
js-003381,job-02361,sk-microsoft-office
js-003382,job-02362,sk-general-work
js-003383,job-02363,sk-management
js-003384,job-02364,sk-management
js-003385,job-02365,sk-general-work
js-003386,job-02366,sk-cash-handling
js-003387,job-02366,sk-sales
js-003388,job-02367,sk-assembly
js-003389,job-02368,sk-general-work
js-003390,job-02369,sk-administration
js-003391,job-02370,sk-warehouse-operations
js-003392,job-02371,sk-general-work
js-003393,job-02372,sk-driving
js-003394,job-02373,sk-early-childhood-education
js-003395,job-02373,sk-teaching
js-003396,job-02374,sk-general-work
js-003397,job-02375,sk-accounting
js-003398,job-02376,sk-general-work
js-003399,job-02377,sk-general-work
js-003400,job-02378,sk-patient-care
js-003401,job-02379,sk-warehouse-operations
js-003402,job-02380,sk-general-work
js-003403,job-02381,sk-hospitality
js-003404,job-02382,sk-assembly
js-003405,job-02383,sk-general-work
js-003406,job-02384,sk-driving
js-003407,job-02385,sk-administration
js-003408,job-02386,sk-pharmacy
js-003409,job-02387,sk-machine-operation
js-003410,job-02387,sk-production-work
js-003411,job-02388,sk-administration
js-003412,job-02389,sk-general-work
js-003413,job-02390,sk-warehouse-operations
js-003414,job-02391,sk-administration
js-003415,job-02391,sk-microsoft-office
js-003416,job-02392,sk-general-work
js-003417,job-02393,sk-information-technology
js-003418,job-02394,sk-general-work
js-003419,job-02395,sk-general-work
js-003420,job-02396,sk-cash-handling
js-003421,job-02396,sk-sales
js-003422,job-02397,sk-hospitality
js-003423,job-02398,sk-driving
js-003424,job-02399,sk-general-work
js-003425,job-02400,sk-machine-operation
js-003426,job-02400,sk-production-work
js-003427,job-02401,sk-cleaning
js-003428,job-02402,sk-machine-operation
js-003429,job-02402,sk-production-work
js-003430,job-02403,sk-nursing
js-003431,job-02403,sk-patient-care
js-003432,job-02404,sk-administration
js-003433,job-02404,sk-microsoft-office
js-003434,job-02405,sk-warehouse-operations
js-003435,job-02406,sk-management
js-003436,job-02407,sk-teaching
js-003437,job-02408,sk-sales
js-003438,job-02409,sk-physiotherapy
js-003439,job-02410,sk-general-work
js-003440,job-02411,sk-pharmacy
js-003441,job-02412,sk-general-work
js-003442,job-02413,sk-production-work
js-003443,job-02414,sk-electrical-work
js-003444,job-02415,sk-general-work
js-003445,job-02416,sk-general-work
js-003446,job-02417,sk-nursing
js-003447,job-02418,sk-machine-operation
js-003448,job-02418,sk-production-work
js-003449,job-02419,sk-management
js-003450,job-02420,sk-machine-operation
js-003451,job-02420,sk-production-work
js-003452,job-02421,sk-general-work
js-003453,job-02422,sk-cleaning
js-003454,job-02423,sk-administration
js-003455,job-02424,sk-general-work
js-003456,job-02425,sk-general-work
js-003457,job-02426,sk-general-work
js-003458,job-02427,sk-cleaning
js-003459,job-02428,sk-general-work
js-003460,job-02429,sk-cnc-machining
js-003461,job-02429,sk-machine-operation
js-003462,job-02429,sk-production-work
js-003463,job-02430,sk-management
js-003464,job-02431,sk-driving
js-003465,job-02432,sk-forklift-operation
js-003466,job-02432,sk-warehouse-operations
js-003467,job-02433,sk-general-work
js-003468,job-02434,sk-technical-maintenance
js-003469,job-02435,sk-general-work
js-003470,job-02436,sk-general-work
js-003471,job-02437,sk-machine-operation
js-003472,job-02437,sk-production-work
js-003473,job-02438,sk-production-work
js-003474,job-02439,sk-general-work
js-003475,job-02440,sk-warehouse-operations
js-003476,job-02441,sk-general-work
js-003477,job-02442,sk-machine-operation
js-003478,job-02442,sk-production-work
js-003479,job-02443,sk-warehouse-operations
js-003480,job-02444,sk-general-work
js-003481,job-02445,sk-inventory-management
js-003482,job-02445,sk-warehouse-operations
js-003483,job-02446,sk-general-work
js-003484,job-02447,sk-general-work
js-003485,job-02448,sk-general-work
js-003486,job-02449,sk-general-work
js-003487,job-02450,sk-technical-maintenance
js-003488,job-02451,sk-administration
js-003489,job-02451,sk-microsoft-office
js-003490,job-02452,sk-general-work
js-003491,job-02453,sk-warehouse-operations
js-003492,job-02454,sk-administration
js-003493,job-02454,sk-microsoft-office
js-003494,job-02455,sk-general-work
js-003495,job-02456,sk-general-work
js-003496,job-02457,sk-technical-maintenance
js-003497,job-02458,sk-cnc-machining
js-003498,job-02458,sk-machine-operation
js-003499,job-02458,sk-production-work
js-003500,job-02459,sk-pharmacy
js-003501,job-02460,sk-technical-maintenance
js-003502,job-02461,sk-management
js-003503,job-02462,sk-management
js-003504,job-02463,sk-general-work
js-003505,job-02464,sk-general-work
js-003506,job-02465,sk-general-work
js-003507,job-02466,sk-administration
js-003508,job-02466,sk-microsoft-office
js-003509,job-02467,sk-technical-maintenance
js-003510,job-02468,sk-warehouse-operations
js-003511,job-02469,sk-accounting
js-003512,job-02470,sk-general-work
js-003513,job-02471,sk-general-work
js-003514,job-02472,sk-medicine
js-003515,job-02472,sk-nursing
js-003516,job-02473,sk-general-work
js-003517,job-02474,sk-general-work
js-003518,job-02475,sk-production-work
js-003519,job-02476,sk-pharmacy
js-003520,job-02477,sk-general-work
js-003521,job-02478,sk-machine-operation
js-003522,job-02478,sk-production-work
js-003523,job-02479,sk-production-work
js-003524,job-02480,sk-pharmacy
js-003525,job-02481,sk-general-work
js-003526,job-02482,sk-general-work
js-003527,job-02483,sk-general-work
js-003528,job-02484,sk-general-work
js-003529,job-02485,sk-cnc-machining
js-003530,job-02485,sk-machine-operation
js-003531,job-02485,sk-production-work
js-003532,job-02486,sk-production-work
js-003533,job-02487,sk-hospitality
js-003534,job-02488,sk-administration
js-003535,job-02489,sk-technical-maintenance
js-003536,job-02490,sk-administration
js-003537,job-02491,sk-management
js-003538,job-02492,sk-general-work
js-003539,job-02493,sk-general-work
js-003540,job-02494,sk-general-work
js-003541,job-02495,sk-general-work
js-003542,job-02496,sk-cnc-machining
js-003543,job-02496,sk-machine-operation
js-003544,job-02496,sk-production-work
js-003545,job-02497,sk-machine-operation
js-003546,job-02497,sk-production-work
js-003547,job-02498,sk-production-work
js-003548,job-02499,sk-general-work
js-003549,job-02500,sk-cleaning
js-003550,job-02501,sk-forklift-operation
js-003551,job-02501,sk-warehouse-operations
js-003552,job-02502,sk-general-work
js-003553,job-02503,sk-general-work
js-003554,job-02504,sk-machine-operation
js-003555,job-02504,sk-production-work
js-003556,job-02505,sk-warehouse-operations
js-003557,job-02506,sk-general-work
js-003558,job-02507,sk-general-work
js-003559,job-02508,sk-physiotherapy
js-003560,job-02509,sk-general-work
js-003561,job-02510,sk-general-work
js-003562,job-02511,sk-teaching
js-003563,job-02512,sk-general-work
js-003564,job-02513,sk-general-work
js-003565,job-02514,sk-general-work
js-003566,job-02515,sk-general-work
js-003567,job-02516,sk-general-work
js-003568,job-02517,sk-medicine
js-003569,job-02518,sk-general-work
js-003570,job-02519,sk-medicine
js-003571,job-02520,sk-early-childhood-education
js-003572,job-02520,sk-speech-therapy
js-003573,job-02520,sk-teaching
js-003574,job-02521,sk-medicine
js-003575,job-02522,sk-general-work
js-003576,job-02523,sk-medicine
js-003577,job-02524,sk-legal-work
js-003578,job-02525,sk-medicine
js-003579,job-02526,sk-management
js-003580,job-02527,sk-general-work
js-003581,job-02528,sk-medicine
js-003582,job-02529,sk-physiotherapy
js-003583,job-02530,sk-nursing
js-003584,job-02531,sk-assembly
js-003585,job-02532,sk-medicine
js-003586,job-02533,sk-general-work
js-003587,job-02534,sk-cnc-machining
js-003588,job-02534,sk-machine-operation
js-003589,job-02534,sk-production-work
js-003590,job-02535,sk-medicine
js-003591,job-02536,sk-medicine
js-003592,job-02536,sk-nursing
js-003593,job-02537,sk-management
js-003594,job-02538,sk-driving
js-003595,job-02539,sk-management
js-003596,job-02540,sk-insurance-sales
js-003597,job-02541,sk-general-work
js-003598,job-02542,sk-general-work
js-003599,job-02543,sk-general-work
js-003600,job-02544,sk-machine-operation
js-003601,job-02544,sk-production-work
js-003602,job-02545,sk-cooking
js-003603,job-02546,sk-patient-care
js-003604,job-02547,sk-administration
js-003605,job-02548,sk-general-work
js-003606,job-02549,sk-nursing
js-003607,job-02550,sk-nursing
js-003608,job-02551,sk-administration
js-003609,job-02552,sk-construction-work
js-003610,job-02553,sk-general-work
js-003611,job-02554,sk-administration
js-003612,job-02555,sk-general-work
js-003613,job-02556,sk-administration
js-003614,job-02556,sk-microsoft-office
js-003615,job-02557,sk-warehouse-operations
js-003616,job-02558,sk-management
js-003617,job-02559,sk-driving
js-003618,job-02560,sk-general-work
js-003619,job-02561,sk-driving
js-003620,job-02562,sk-accounting
js-003621,job-02563,sk-machine-operation
js-003622,job-02563,sk-production-work
js-003623,job-02564,sk-machine-operation
js-003624,job-02564,sk-production-work
js-003625,job-02565,sk-general-work
js-003626,job-02566,sk-medicine
js-003627,job-02567,sk-medicine
js-003628,job-02568,sk-medicine
js-003629,job-02569,sk-medicine
js-003630,job-02570,sk-medicine
js-003631,job-02571,sk-accounting
js-003632,job-02572,sk-cnc-machining
js-003633,job-02572,sk-machine-operation
js-003634,job-02572,sk-production-work
js-003635,job-02573,sk-general-work
js-003636,job-02574,sk-general-work
js-003637,job-02575,sk-machine-operation
js-003638,job-02575,sk-production-work
js-003639,job-02576,sk-general-work
js-003640,job-02577,sk-technical-maintenance
js-003641,job-02578,sk-machine-operation
js-003642,job-02578,sk-production-work
js-003643,job-02579,sk-general-work
js-003644,job-02580,sk-technical-maintenance
js-003645,job-02581,sk-general-work
js-003646,job-02582,sk-administration
js-003647,job-02583,sk-warehouse-operations
js-003648,job-02584,sk-administration
js-003649,job-02585,sk-general-work
js-003650,job-02586,sk-general-work
js-003651,job-02587,sk-general-work
js-003652,job-02588,sk-general-work
js-003653,job-02589,sk-general-work
js-003654,job-02590,sk-general-work
js-003655,job-02591,sk-general-work
js-003656,job-02592,sk-general-work
js-003657,job-02593,sk-general-work
js-003658,job-02594,sk-warehouse-operations
js-003659,job-02595,sk-administration
js-003660,job-02595,sk-microsoft-office
js-003661,job-02596,sk-general-work
js-003662,job-02597,sk-general-work
js-003663,job-02598,sk-general-work
js-003664,job-02599,sk-warehouse-operations
js-003665,job-02600,sk-general-work
js-003666,job-02601,sk-general-work
js-003667,job-02602,sk-general-work
js-003668,job-02603,sk-general-work
js-003669,job-02604,sk-cooking
js-003670,job-02604,sk-food-preparation
js-003671,job-02605,sk-general-work
js-003672,job-02606,sk-general-work
js-003673,job-02607,sk-cooking
js-003674,job-02608,sk-general-work
js-003675,job-02609,sk-management
js-003676,job-02610,sk-general-work
js-003677,job-02611,sk-forklift-operation
js-003678,job-02611,sk-warehouse-operations
js-003679,job-02612,sk-general-work
js-003680,job-02613,sk-warehouse-operations
js-003681,job-02614,sk-warehouse-operations
js-003682,job-02615,sk-general-work
js-003683,job-02616,sk-forklift-operation
js-003684,job-02616,sk-warehouse-operations
js-003685,job-02617,sk-general-work
js-003686,job-02618,sk-general-work
js-003687,job-02619,sk-medicine
js-003688,job-02620,sk-warehouse-operations
js-003689,job-02621,sk-medicine
js-003690,job-02622,sk-general-work
js-003691,job-02623,sk-teaching
js-003692,job-02624,sk-early-childhood-education
js-003693,job-02624,sk-teaching
js-003694,job-02625,sk-warehouse-operations
js-003695,job-02626,sk-nursing
js-003696,job-02627,sk-accounting
js-003697,job-02628,sk-management
js-003698,job-02629,sk-general-work
js-003699,job-02630,sk-nursing
js-003700,job-02631,sk-construction-work
js-003701,job-02632,sk-technical-maintenance
js-003702,job-02633,sk-general-work
js-003703,job-02634,sk-medicine
js-003704,job-02634,sk-nursing
js-003705,job-02635,sk-general-work
js-003706,job-02636,sk-general-work
js-003707,job-02637,sk-general-work
js-003708,job-02638,sk-forklift-operation
js-003709,job-02638,sk-warehouse-operations
js-003710,job-02639,sk-assembly
js-003711,job-02640,sk-general-work
js-003712,job-02641,sk-general-work
js-003713,job-02642,sk-hospitality
js-003714,job-02643,sk-general-work
js-003715,job-02644,sk-administration
js-003716,job-02644,sk-microsoft-office
js-003717,job-02645,sk-general-work
js-003718,job-02646,sk-machine-operation
js-003719,job-02646,sk-production-work
js-003720,job-02647,sk-construction-work
js-003721,job-02648,sk-general-work
js-003722,job-02649,sk-teaching
js-003723,job-02650,sk-teaching
js-003724,job-02651,sk-general-work
js-003725,job-02652,sk-management
js-003726,job-02653,sk-general-work
js-003727,job-02654,sk-administration
js-003728,job-02654,sk-microsoft-office
js-003729,job-02655,sk-general-work
js-003730,job-02656,sk-general-work
js-003731,job-02657,sk-production-work
js-003732,job-02658,sk-machine-operation
js-003733,job-02658,sk-production-work
js-003734,job-02659,sk-driving
js-003735,job-02660,sk-technical-maintenance
js-003736,job-02661,sk-forklift-operation
js-003737,job-02661,sk-warehouse-operations
js-003738,job-02662,sk-medicine
js-003739,job-02662,sk-nursing
js-003740,job-02663,sk-general-work
js-003741,job-02664,sk-forklift-operation
js-003742,job-02664,sk-warehouse-operations
js-003743,job-02665,sk-forklift-operation
js-003744,job-02665,sk-warehouse-operations
js-003745,job-02666,sk-administration
js-003746,job-02667,sk-driving
js-003747,job-02668,sk-cnc-machining
js-003748,job-02668,sk-machine-operation
js-003749,job-02668,sk-production-work
js-003750,job-02669,sk-warehouse-operations
js-003751,job-02670,sk-general-work
js-003752,job-02671,sk-accounting
js-003753,job-02672,sk-general-work
js-003754,job-02673,sk-administration
js-003755,job-02673,sk-microsoft-office
js-003756,job-02674,sk-forklift-operation
js-003757,job-02674,sk-warehouse-operations
js-003758,job-02675,sk-general-work
js-003759,job-02676,sk-general-work
js-003760,job-02677,sk-general-work
js-003761,job-02678,sk-general-work
js-003762,job-02679,sk-general-work
js-003763,job-02680,sk-legal-work
js-003764,job-02681,sk-administration
js-003765,job-02682,sk-general-work
js-003766,job-02683,sk-teaching
js-003767,job-02684,sk-cleaning
js-003768,job-02685,sk-assembly
js-003769,job-02686,sk-hospitality
js-003770,job-02687,sk-management
js-003771,job-02688,sk-management
js-003772,job-02689,sk-general-work
js-003773,job-02690,sk-driving
js-003774,job-02691,sk-general-work
js-003775,job-02692,sk-customer-service
js-003776,job-02692,sk-sales
js-003777,job-02693,sk-cleaning
js-003778,job-02694,sk-general-work
js-003779,job-02695,sk-general-work
js-003780,job-02695,sk-slovenian-language
js-003781,job-02696,sk-general-work
js-003782,job-02697,sk-nursing
js-003783,job-02698,sk-customer-service
js-003784,job-02698,sk-hospitality
js-003785,job-02699,sk-general-work
js-003786,job-02700,sk-general-work
js-003787,job-02701,sk-machine-operation
js-003788,job-02701,sk-production-work
js-003789,job-02702,sk-mechanical-repair
js-003790,job-02703,sk-nursing
js-003791,job-02704,sk-nursing
js-003792,job-02705,sk-nursing
js-003793,job-02706,sk-nursing
js-003794,job-02707,sk-production-work
js-003795,job-02708,sk-cleaning
js-003796,job-02709,sk-cleaning
js-003797,job-02710,sk-customer-service
js-003798,job-02710,sk-hospitality
js-003799,job-02711,sk-general-work
js-003800,job-02712,sk-cooking
js-003801,job-02713,sk-cooking
js-003802,job-02714,sk-general-work
js-003803,job-02715,sk-general-work
js-003804,job-02716,sk-construction-work
js-003805,job-02717,sk-general-work
js-003806,job-02718,sk-administration
js-003807,job-02719,sk-general-work
js-003808,job-02720,sk-administration
js-003809,job-02721,sk-administration
js-003810,job-02722,sk-general-work
js-003811,job-02723,sk-nursing
js-003812,job-02724,sk-general-work
js-003813,job-02725,sk-speech-therapy
js-003814,job-02725,sk-teaching
js-003815,job-02726,sk-social-work
js-003816,job-02727,sk-slovenian-language
js-003817,job-02727,sk-social-work
js-003818,job-02728,sk-social-work
js-003819,job-02729,sk-cnc-machining
js-003820,job-02729,sk-machine-operation
js-003821,job-02729,sk-production-work
js-003822,job-02730,sk-general-work
js-003823,job-02731,sk-general-work
js-003824,job-02732,sk-general-work
js-003825,job-02733,sk-technical-maintenance
js-003826,job-02734,sk-early-childhood-education
js-003827,job-02734,sk-teaching
js-003828,job-02735,sk-forklift-operation
js-003829,job-02735,sk-warehouse-operations
js-003830,job-02736,sk-general-work
js-003831,job-02737,sk-nursing
js-003832,job-02738,sk-general-work
js-003833,job-02739,sk-general-work
js-003834,job-02740,sk-general-work
js-003835,job-02741,sk-technical-maintenance
js-003836,job-02742,sk-general-work
js-003837,job-02743,sk-machine-operation
js-003838,job-02743,sk-production-work
js-003839,job-02744,sk-management
js-003840,job-02745,sk-teaching
js-003841,job-02746,sk-information-technology
js-003842,job-02746,sk-teaching
js-003843,job-02747,sk-legal-work
js-003844,job-02748,sk-general-work
js-003845,job-02749,sk-technical-maintenance
js-003846,job-02750,sk-technical-maintenance
js-003847,job-02751,sk-nursing
js-003848,job-02752,sk-general-work
js-003849,job-02753,sk-medicine
js-003850,job-02754,sk-forklift-operation
js-003851,job-02754,sk-warehouse-operations
js-003852,job-02755,sk-nursing
js-003853,job-02756,sk-general-work
js-003854,job-02757,sk-management
js-003855,job-02758,sk-general-work
js-003856,job-02759,sk-administration
js-003857,job-02760,sk-general-work
js-003858,job-02761,sk-general-work
js-003859,job-02762,sk-warehouse-operations
js-003860,job-02763,sk-cnc-machining
js-003861,job-02763,sk-machine-operation
js-003862,job-02763,sk-production-work
js-003863,job-02764,sk-general-work
js-003864,job-02765,sk-technical-maintenance
js-003865,job-02766,sk-general-work
js-003866,job-02767,sk-medicine
js-003867,job-02768,sk-general-work
js-003868,job-02769,sk-nursing
js-003869,job-02770,sk-customer-service
js-003870,job-02770,sk-sales
js-003871,job-02771,sk-accounting
js-003872,job-02772,sk-nursing
js-003873,job-02773,sk-sales
js-003874,job-02774,sk-accounting
js-003875,job-02775,sk-administration
js-003876,job-02775,sk-microsoft-office
js-003877,job-02776,sk-general-work
js-003878,job-02777,sk-administration
js-003879,job-02778,sk-general-work
js-003880,job-02779,sk-technical-maintenance
js-003881,job-02780,sk-machine-operation
js-003882,job-02780,sk-production-work
js-003883,job-02781,sk-general-work
js-003884,job-02782,sk-warehouse-operations
js-003885,job-02783,sk-machine-operation
js-003886,job-02783,sk-production-work
js-003887,job-02784,sk-general-work
js-003888,job-02785,sk-general-work
js-003889,job-02786,sk-machine-operation
js-003890,job-02786,sk-production-work
js-003891,job-02787,sk-general-work
js-003892,job-02788,sk-nursing
js-003893,job-02789,sk-machine-operation
js-003894,job-02789,sk-production-work
js-003895,job-02790,sk-general-work
js-003896,job-02791,sk-general-work
js-003897,job-02792,sk-general-work
js-003898,job-02793,sk-administration
js-003899,job-02794,sk-general-work
js-003900,job-02795,sk-medicine
js-003901,job-02796,sk-medicine
js-003902,job-02797,sk-medicine
js-003903,job-02798,sk-medicine
js-003904,job-02799,sk-medicine
js-003905,job-02800,sk-medicine
js-003906,job-02801,sk-medicine
js-003907,job-02802,sk-general-work
js-003908,job-02803,sk-speech-therapy
js-003909,job-02803,sk-teaching
js-003910,job-02804,sk-medicine
js-003911,job-02805,sk-medicine
js-003912,job-02806,sk-legal-work
js-003913,job-02807,sk-general-work
js-003914,job-02808,sk-general-work
js-003915,job-02809,sk-nursing
js-003916,job-02810,sk-general-work
js-003917,job-02811,sk-medicine
js-003918,job-02812,sk-medicine
js-003919,job-02813,sk-medicine
js-003920,job-02814,sk-general-work
js-003921,job-02815,sk-medicine
js-003922,job-02816,sk-medicine
js-003923,job-02816,sk-patient-care
js-003924,job-02817,sk-medicine
js-003925,job-02818,sk-medicine
js-003926,job-02818,sk-patient-care
js-003927,job-02819,sk-medicine
js-003928,job-02819,sk-patient-care
js-003929,job-02820,sk-medicine
js-003930,job-02821,sk-medicine
js-003931,job-02822,sk-medicine
js-003932,job-02822,sk-patient-care
js-003933,job-02823,sk-medicine
js-003934,job-02823,sk-patient-care
js-003935,job-02824,sk-medicine
js-003936,job-02824,sk-patient-care
js-003937,job-02825,sk-medicine
js-003938,job-02825,sk-patient-care
js-003939,job-02826,sk-medicine
js-003940,job-02826,sk-patient-care
js-003941,job-02827,sk-medicine
js-003942,job-02828,sk-medicine
js-003943,job-02829,sk-medicine
js-003944,job-02829,sk-patient-care
js-003945,job-02830,sk-medicine
js-003946,job-02830,sk-patient-care
js-003947,job-02831,sk-medicine
js-003948,job-02832,sk-medicine
js-003949,job-02832,sk-slovenian-language
js-003950,job-02833,sk-medicine
js-003951,job-02834,sk-medicine
js-003952,job-02834,sk-slovenian-language
js-003953,job-02835,sk-medicine
js-003954,job-02836,sk-medicine
js-003955,job-02836,sk-patient-care
js-003956,job-02837,sk-medicine
js-003957,job-02838,sk-medicine
js-003958,job-02839,sk-laboratory-diagnostics
js-003959,job-02839,sk-medicine
js-003960,job-02839,sk-patient-care
js-003961,job-02840,sk-medicine
js-003962,job-02841,sk-medicine
js-003963,job-02841,sk-slovenian-language
js-003964,job-02842,sk-medicine
js-003965,job-02842,sk-patient-care
js-003966,job-02843,sk-medicine
js-003967,job-02844,sk-medicine
js-003968,job-02845,sk-medicine
js-003969,job-02845,sk-slovenian-language
js-003970,job-02846,sk-medicine
js-003971,job-02846,sk-patient-care
js-003972,job-02847,sk-medicine
js-003973,job-02848,sk-medicine
js-003974,job-02849,sk-medicine
js-003975,job-02849,sk-patient-care
js-003976,job-02850,sk-medicine
js-003977,job-02851,sk-medicine
js-003978,job-02852,sk-medicine
js-003979,job-02853,sk-medicine
js-003980,job-02853,sk-patient-care
js-003981,job-02854,sk-medicine
js-003982,job-02854,sk-patient-care
js-003983,job-02855,sk-medicine
js-003984,job-02856,sk-medicine
js-003985,job-02857,sk-medicine
js-003986,job-02858,sk-medicine
js-003987,job-02859,sk-medicine
js-003988,job-02860,sk-medicine
js-003989,job-02861,sk-technical-maintenance
js-003990,job-02862,sk-medicine
js-003991,job-02863,sk-medicine
js-003992,job-02863,sk-slovenian-language
js-003993,job-02864,sk-medicine
js-003994,job-02865,sk-medicine
js-003995,job-02866,sk-medicine
js-003996,job-02867,sk-medicine
js-003997,job-02868,sk-medicine
js-003998,job-02868,sk-slovenian-language
js-003999,job-02869,sk-medicine
js-004000,job-02869,sk-slovenian-language
js-004001,job-02870,sk-medicine
js-004002,job-02871,sk-medicine
js-004003,job-02872,sk-medicine
js-004004,job-02873,sk-medicine
js-004005,job-02874,sk-medicine
js-004006,job-02875,sk-medicine
js-004007,job-02876,sk-medicine
js-004008,job-02877,sk-medicine
js-004009,job-02878,sk-medicine
js-004010,job-02878,sk-slovenian-language
js-004011,job-02879,sk-medicine
js-004012,job-02880,sk-medicine
js-004013,job-02880,sk-patient-care
js-004014,job-02881,sk-medicine
js-004015,job-02881,sk-slovenian-language
js-004016,job-02882,sk-medicine
js-004017,job-02882,sk-patient-care
js-004018,job-02883,sk-medicine
js-004019,job-02884,sk-medicine
js-004020,job-02885,sk-medicine
js-004021,job-02886,sk-medicine
js-004022,job-02887,sk-medicine
js-004023,job-02888,sk-medicine
js-004024,job-02889,sk-medicine
js-004025,job-02890,sk-medicine
js-004026,job-02891,sk-medicine
js-004027,job-02892,sk-medicine
js-004028,job-02892,sk-patient-care
js-004029,job-02893,sk-medicine
js-004030,job-02894,sk-medicine
js-004031,job-02894,sk-slovenian-language
js-004032,job-02895,sk-medicine
js-004033,job-02896,sk-medicine
js-004034,job-02897,sk-medicine
js-004035,job-02898,sk-medicine
js-004036,job-02899,sk-medicine
js-004037,job-02899,sk-patient-care
js-004038,job-02900,sk-medicine
js-004039,job-02901,sk-medicine
js-004040,job-02901,sk-slovenian-language
js-004041,job-02902,sk-medicine
js-004042,job-02903,sk-medicine
js-004043,job-02903,sk-slovenian-language
js-004044,job-02904,sk-medicine
js-004045,job-02905,sk-medicine
js-004046,job-02905,sk-slovenian-language
js-004047,job-02906,sk-medicine
js-004048,job-02907,sk-medicine
js-004049,job-02907,sk-slovenian-language
js-004050,job-02908,sk-medicine
js-004051,job-02908,sk-slovenian-language
js-004052,job-02909,sk-medicine
js-004053,job-02909,sk-slovenian-language
js-004054,job-02910,sk-medicine
js-004055,job-02910,sk-slovenian-language
js-004056,job-02911,sk-medicine
js-004057,job-02912,sk-medicine
js-004058,job-02913,sk-medicine
js-004059,job-02913,sk-slovenian-language
js-004060,job-02914,sk-medicine
js-004061,job-02915,sk-medicine
js-004062,job-02916,sk-medicine
js-004063,job-02917,sk-medicine
js-004064,job-02917,sk-slovenian-language
js-004065,job-02918,sk-medicine
js-004066,job-02918,sk-slovenian-language
js-004067,job-02919,sk-medicine
js-004068,job-02920,sk-medicine
js-004069,job-02920,sk-slovenian-language
js-004070,job-02921,sk-medicine
js-004071,job-02922,sk-medicine
js-004072,job-02923,sk-medicine
js-004073,job-02923,sk-slovenian-language
js-004074,job-02924,sk-medicine
js-004075,job-02924,sk-slovenian-language
js-004076,job-02925,sk-english-language
js-004077,job-02925,sk-medicine
js-004078,job-02926,sk-medicine
js-004079,job-02926,sk-slovenian-language
js-004080,job-02927,sk-medicine
js-004081,job-02927,sk-slovenian-language
js-004082,job-02928,sk-medicine
js-004083,job-02929,sk-medicine
js-004084,job-02929,sk-slovenian-language
js-004085,job-02930,sk-medicine
js-004086,job-02931,sk-medicine
js-004087,job-02932,sk-medicine
js-004088,job-02933,sk-medicine
js-004089,job-02934,sk-medicine
js-004090,job-02935,sk-medicine
js-004091,job-02936,sk-medicine
js-004092,job-02937,sk-medicine
js-004093,job-02937,sk-patient-care
js-004094,job-02938,sk-medicine
js-004095,job-02939,sk-information-technology
js-004096,job-02940,sk-information-technology
js-004097,job-02941,sk-information-technology
js-004098,job-02942,sk-information-technology
js-004099,job-02943,sk-information-technology
js-004100,job-02943,sk-javascript
js-004101,job-02943,sk-python
js-004102,job-02944,sk-cnc-machining
js-004103,job-02944,sk-machine-operation
js-004104,job-02944,sk-production-work
js-004105,job-02945,sk-information-technology
js-004106,job-02946,sk-information-technology
js-004107,job-02947,sk-cnc-machining
js-004108,job-02947,sk-machine-operation
js-004109,job-02947,sk-production-work
js-004110,job-02948,sk-information-technology
js-004111,job-02949,sk-information-technology
js-004112,job-02950,sk-technical-maintenance
js-004113,job-02951,sk-cnc-machining
js-004114,job-02951,sk-machine-operation
js-004115,job-02951,sk-production-work
js-004116,job-02952,sk-information-technology
js-004117,job-02953,sk-information-technology
js-004118,job-02954,sk-information-technology
js-004119,job-02954,sk-javascript
js-004120,job-02954,sk-sql
js-004121,job-02955,sk-cnc-machining
js-004122,job-02955,sk-machine-operation
js-004123,job-02955,sk-production-work
js-004124,job-02956,sk-information-technology
js-004125,job-02957,sk-cnc-machining
js-004126,job-02957,sk-machine-operation
js-004127,job-02957,sk-production-work
js-004128,job-02958,sk-cnc-machining
js-004129,job-02958,sk-machine-operation
js-004130,job-02958,sk-production-work
js-004131,job-02959,sk-cnc-machining
js-004132,job-02959,sk-machine-operation
js-004133,job-02959,sk-production-work
js-004134,job-02960,sk-warehouse-operations
js-004135,job-02961,sk-forklift-operation
js-004136,job-02961,sk-warehouse-operations
js-004137,job-02962,sk-forklift-operation
js-004138,job-02962,sk-warehouse-operations
js-004139,job-02963,sk-warehouse-operations
js-004140,job-02964,sk-forklift-operation
js-004141,job-02964,sk-warehouse-operations
js-004142,job-02965,sk-warehouse-operations
js-004143,job-02966,sk-warehouse-operations
js-004144,job-02967,sk-forklift-operation
js-004145,job-02967,sk-warehouse-operations
js-004146,job-02968,sk-warehouse-operations
js-004147,job-02969,sk-warehouse-operations
js-004148,job-02970,sk-forklift-operation
js-004149,job-02970,sk-warehouse-operations
js-004150,job-02971,sk-warehouse-operations
js-004151,job-02972,sk-forklift-operation
js-004152,job-02972,sk-warehouse-operations
js-004153,job-02973,sk-inventory-management
js-004154,job-02973,sk-warehouse-operations
js-004155,job-02974,sk-inventory-management
js-004156,job-02974,sk-warehouse-operations
js-004157,job-02975,sk-inventory-management
js-004158,job-02975,sk-warehouse-operations
js-004159,job-02976,sk-inventory-management
js-004160,job-02976,sk-warehouse-operations
js-004161,job-02977,sk-forklift-operation
js-004162,job-02977,sk-warehouse-operations
js-004163,job-02978,sk-forklift-operation
js-004164,job-02978,sk-inventory-management
js-004165,job-02978,sk-warehouse-operations
js-004166,job-02979,sk-inventory-management
js-004167,job-02979,sk-warehouse-operations
js-004168,job-02980,sk-forklift-operation
js-004169,job-02980,sk-inventory-management
js-004170,job-02980,sk-warehouse-operations
js-004171,job-02981,sk-driving
js-004172,job-02982,sk-warehouse-operations
js-004173,job-02983,sk-warehouse-operations
js-004174,job-02984,sk-warehouse-operations
js-004175,job-02985,sk-warehouse-operations
js-004176,job-02986,sk-inventory-management
js-004177,job-02986,sk-warehouse-operations
js-004178,job-02987,sk-driving
js-004179,job-02987,sk-slovenian-language
js-004180,job-02988,sk-warehouse-operations
js-004181,job-02989,sk-warehouse-operations
js-004182,job-02990,sk-warehouse-operations
js-004183,job-02991,sk-inventory-management
js-004184,job-02991,sk-warehouse-operations
js-004185,job-02992,sk-warehouse-operations
js-004186,job-02993,sk-warehouse-operations
js-004187,job-02994,sk-warehouse-operations
js-004188,job-02995,sk-warehouse-operations
js-004189,job-02996,sk-driving
js-004190,job-02997,sk-warehouse-operations
js-004191,job-02998,sk-forklift-operation
js-004192,job-02998,sk-warehouse-operations
js-004193,job-02999,sk-warehouse-operations
js-004194,job-03000,sk-inventory-management
js-004195,job-03000,sk-warehouse-operations
js-004196,job-03001,sk-warehouse-operations
js-004197,job-03002,sk-warehouse-operations
js-004198,job-03003,sk-forklift-operation
js-004199,job-03003,sk-inventory-management
js-004200,job-03003,sk-warehouse-operations
js-004201,job-03004,sk-forklift-operation
js-004202,job-03004,sk-warehouse-operations
js-004203,job-03005,sk-forklift-operation
js-004204,job-03005,sk-inventory-management
js-004205,job-03005,sk-warehouse-operations
js-004206,job-03006,sk-warehouse-operations
js-004207,job-03007,sk-inventory-management
js-004208,job-03007,sk-warehouse-operations
js-004209,job-03008,sk-inventory-management
js-004210,job-03008,sk-warehouse-operations
js-004211,job-03009,sk-inventory-management
js-004212,job-03009,sk-warehouse-operations
js-004213,job-03010,sk-forklift-operation
js-004214,job-03010,sk-inventory-management
js-004215,job-03010,sk-warehouse-operations
js-004216,job-03011,sk-inventory-management
js-004217,job-03011,sk-warehouse-operations
js-004218,job-03012,sk-forklift-operation
js-004219,job-03012,sk-inventory-management
js-004220,job-03012,sk-warehouse-operations
js-004221,job-03013,sk-forklift-operation
js-004222,job-03013,sk-warehouse-operations
js-004223,job-03014,sk-inventory-management
js-004224,job-03014,sk-warehouse-operations
js-004225,job-03015,sk-forklift-operation
js-004226,job-03015,sk-warehouse-operations
js-004227,job-03016,sk-warehouse-operations
js-004228,job-03017,sk-warehouse-operations
js-004229,job-03018,sk-inventory-management
js-004230,job-03018,sk-warehouse-operations
js-004231,job-03019,sk-warehouse-operations
js-004232,job-03020,sk-inventory-management
js-004233,job-03020,sk-warehouse-operations
js-004234,job-03021,sk-inventory-management
js-004235,job-03021,sk-warehouse-operations
js-004236,job-03022,sk-warehouse-operations
js-004237,job-03023,sk-warehouse-operations
js-004238,job-03024,sk-warehouse-operations
js-004239,job-03025,sk-inventory-management
js-004240,job-03025,sk-warehouse-operations
js-004241,job-03026,sk-forklift-operation
js-004242,job-03026,sk-warehouse-operations
js-004243,job-03027,sk-warehouse-operations
js-004244,job-03028,sk-warehouse-operations
js-004245,job-03029,sk-inventory-management
js-004246,job-03029,sk-warehouse-operations
js-004247,job-03030,sk-slovenian-language
js-004248,job-03030,sk-warehouse-operations
js-004249,job-03031,sk-inventory-management
js-004250,job-03031,sk-warehouse-operations
js-004251,job-03032,sk-forklift-operation
js-004252,job-03032,sk-warehouse-operations
js-004253,job-03033,sk-forklift-operation
js-004254,job-03033,sk-warehouse-operations
js-004255,job-03034,sk-warehouse-operations
js-004256,job-03035,sk-inventory-management
js-004257,job-03035,sk-warehouse-operations
js-004258,job-03036,sk-warehouse-operations
js-004259,job-03037,sk-inventory-management
js-004260,job-03037,sk-warehouse-operations
js-004261,job-03038,sk-warehouse-operations
js-004262,job-03039,sk-warehouse-operations
js-004263,job-03040,sk-warehouse-operations
js-004264,job-03041,sk-warehouse-operations
js-004265,job-03042,sk-warehouse-operations
js-004266,job-03043,sk-inventory-management
js-004267,job-03043,sk-warehouse-operations
js-004268,job-03044,sk-warehouse-operations
js-004269,job-03045,sk-inventory-management
js-004270,job-03045,sk-warehouse-operations
js-004271,job-03046,sk-warehouse-operations
js-004272,job-03047,sk-warehouse-operations
js-004273,job-03048,sk-warehouse-operations
js-004274,job-03049,sk-warehouse-operations
js-004275,job-03050,sk-inventory-management
js-004276,job-03050,sk-warehouse-operations
js-004277,job-03051,sk-warehouse-operations
js-004278,job-03052,sk-inventory-management
js-004279,job-03052,sk-warehouse-operations
js-004280,job-03053,sk-warehouse-operations
js-004281,job-03054,sk-warehouse-operations
js-004282,job-03055,sk-forklift-operation
js-004283,job-03055,sk-inventory-management
js-004284,job-03055,sk-warehouse-operations
js-004285,job-03056,sk-forklift-operation
js-004286,job-03056,sk-warehouse-operations
js-004287,job-03057,sk-forklift-operation
js-004288,job-03057,sk-warehouse-operations
js-004289,job-03058,sk-warehouse-operations
js-004290,job-03059,sk-forklift-operation
js-004291,job-03059,sk-inventory-management
js-004292,job-03059,sk-warehouse-operations
js-004293,job-03060,sk-forklift-operation
js-004294,job-03060,sk-inventory-management
js-004295,job-03060,sk-warehouse-operations
js-004296,job-03061,sk-forklift-operation
js-004297,job-03061,sk-inventory-management
js-004298,job-03061,sk-warehouse-operations
js-004299,job-03062,sk-driving
js-004300,job-03063,sk-inventory-management
js-004301,job-03063,sk-warehouse-operations
js-004302,job-03064,sk-warehouse-operations
js-004303,job-03065,sk-warehouse-operations
js-004304,job-03066,sk-forklift-operation
js-004305,job-03066,sk-inventory-management
js-004306,job-03066,sk-warehouse-operations
js-004307,job-03067,sk-general-work
js-004308,job-03068,sk-warehouse-operations
js-004309,job-03069,sk-inventory-management
js-004310,job-03069,sk-warehouse-operations
js-004311,job-03070,sk-forklift-operation
js-004312,job-03070,sk-inventory-management
js-004313,job-03070,sk-warehouse-operations
js-004314,job-03071,sk-forklift-operation
js-004315,job-03071,sk-inventory-management
js-004316,job-03071,sk-warehouse-operations
js-004317,job-03072,sk-forklift-operation
js-004318,job-03072,sk-warehouse-operations
js-004319,job-03073,sk-inventory-management
js-004320,job-03073,sk-warehouse-operations
js-004321,job-03074,sk-inventory-management
js-004322,job-03074,sk-warehouse-operations
js-004323,job-03075,sk-warehouse-operations
js-004324,job-03076,sk-warehouse-operations
js-004325,job-03077,sk-driving
js-004326,job-03078,sk-driving
js-004327,job-03078,sk-inventory-management
js-004328,job-03078,sk-warehouse-operations
js-004329,job-03079,sk-forklift-operation
js-004330,job-03079,sk-inventory-management
js-004331,job-03079,sk-warehouse-operations
js-004332,job-03080,sk-forklift-operation
js-004333,job-03080,sk-warehouse-operations
js-004334,job-03081,sk-customer-service
js-004335,job-03081,sk-hospitality
js-004336,job-03082,sk-cash-handling
js-004337,job-03082,sk-sales
js-004338,job-03083,sk-cooking
js-004339,job-03083,sk-food-preparation
js-004340,job-03084,sk-cash-handling
js-004341,job-03084,sk-customer-service
js-004342,job-03084,sk-hospitality
js-004343,job-03085,sk-customer-service
js-004344,job-03085,sk-hospitality
js-004345,job-03086,sk-customer-service
js-004346,job-03086,sk-hospitality
js-004347,job-03087,sk-hospitality
js-004348,job-03088,sk-customer-service
js-004349,job-03088,sk-hospitality
js-004350,job-03089,sk-customer-service
js-004351,job-03089,sk-hospitality
js-004352,job-03090,sk-hospitality
js-004353,job-03090,sk-slovenian-language
js-004354,job-03091,sk-customer-service
js-004355,job-03091,sk-hospitality
js-004356,job-03092,sk-customer-service
js-004357,job-03092,sk-hospitality
js-004358,job-03093,sk-hospitality
js-004359,job-03094,sk-customer-service
js-004360,job-03094,sk-hospitality
js-004361,job-03095,sk-customer-service
js-004362,job-03095,sk-hospitality
js-004363,job-03096,sk-cash-handling
js-004364,job-03096,sk-customer-service
js-004365,job-03096,sk-hospitality
js-004366,job-03096,sk-slovenian-language
js-004367,job-03097,sk-customer-service
js-004368,job-03097,sk-hospitality
js-004369,job-03098,sk-customer-service
js-004370,job-03098,sk-hospitality
js-004371,job-03099,sk-customer-service
js-004372,job-03099,sk-hospitality
js-004373,job-03100,sk-customer-service
js-004374,job-03100,sk-hospitality
js-004375,job-03101,sk-cash-handling
js-004376,job-03101,sk-customer-service
js-004377,job-03101,sk-hospitality
js-004378,job-03102,sk-customer-service
js-004379,job-03102,sk-hospitality
js-004380,job-03103,sk-cooking
js-004381,job-03103,sk-food-preparation
js-004382,job-03104,sk-driving
js-004383,job-03105,sk-driving
js-004384,job-03105,sk-truck-driving
js-004385,job-03106,sk-driving
js-004386,job-03106,sk-truck-driving
js-004387,job-03107,sk-driving
js-004388,job-03107,sk-truck-driving
js-004389,job-03108,sk-driving
js-004390,job-03109,sk-driving
js-004391,job-03110,sk-driving
js-004392,job-03110,sk-van-driving
js-004393,job-03111,sk-driving
js-004394,job-03112,sk-driving
js-004395,job-03112,sk-truck-driving
js-004396,job-03113,sk-driving
js-004397,job-03114,sk-driving
js-004398,job-03115,sk-driving
js-004399,job-03115,sk-truck-driving
js-004400,job-03116,sk-driving
js-004401,job-03117,sk-driving
js-004402,job-03118,sk-driving
js-004403,job-03118,sk-van-driving
js-004404,job-03119,sk-driving
js-004405,job-03120,sk-driving
js-004406,job-03121,sk-driving
js-004407,job-03122,sk-driving
js-004408,job-03122,sk-truck-driving
js-004409,job-03123,sk-driving
js-004410,job-03124,sk-driving
js-004411,job-03124,sk-truck-driving
js-004412,job-03125,sk-driving
js-004413,job-03125,sk-truck-driving
js-004414,job-03126,sk-driving
js-004415,job-03127,sk-driving
js-004416,job-03127,sk-truck-driving
js-004417,job-03128,sk-driving
js-004418,job-03129,sk-driving
js-004419,job-03130,sk-driving
js-004420,job-03131,sk-driving
js-004421,job-03131,sk-truck-driving
js-004422,job-03132,sk-driving
js-004423,job-03133,sk-driving
js-004424,job-03133,sk-truck-driving
js-004425,job-03134,sk-driving
js-004426,job-03135,sk-driving
js-004427,job-03136,sk-driving
js-004428,job-03137,sk-driving
js-004429,job-03138,sk-driving
js-004430,job-03139,sk-driving
js-004431,job-03140,sk-driving
js-004432,job-03141,sk-driving
js-004433,job-03142,sk-driving
js-004434,job-03143,sk-driving
js-004435,job-03144,sk-driving
js-004436,job-03144,sk-truck-driving
js-004437,job-03145,sk-driving
js-004438,job-03145,sk-slovenian-language
js-004439,job-03145,sk-truck-driving
js-004440,job-03146,sk-driving
js-004441,job-03147,sk-driving
js-004442,job-03147,sk-van-driving
js-004443,job-03148,sk-driving
js-004444,job-03148,sk-slovenian-language
js-004445,job-03148,sk-truck-driving
js-004446,job-03149,sk-driving
js-004447,job-03149,sk-truck-driving
js-004448,job-03150,sk-driving
js-004449,job-03151,sk-driving
js-004450,job-03152,sk-driving
js-004451,job-03153,sk-driving
js-004452,job-03153,sk-truck-driving
js-004453,job-03154,sk-driving
js-004454,job-03154,sk-truck-driving
js-004455,job-03155,sk-driving
js-004456,job-03155,sk-truck-driving
js-004457,job-03156,sk-driving
js-004458,job-03156,sk-van-driving
js-004459,job-03157,sk-driving
js-004460,job-03158,sk-driving
js-004461,job-03158,sk-truck-driving
js-004462,job-03159,sk-driving
js-004463,job-03159,sk-slovenian-language
js-004464,job-03160,sk-driving
js-004465,job-03161,sk-driving
js-004466,job-03161,sk-slovenian-language
js-004467,job-03161,sk-truck-driving
js-004468,job-03162,sk-driving
js-004469,job-03163,sk-driving
js-004470,job-03164,sk-driving
js-004471,job-03164,sk-slovenian-language
js-004472,job-03164,sk-truck-driving
js-004473,job-03165,sk-driving
js-004474,job-03166,sk-driving
js-004475,job-03167,sk-driving
js-004476,job-03167,sk-slovenian-language
js-004477,job-03167,sk-truck-driving
js-004478,job-03168,sk-driving
js-004479,job-03169,sk-driving
js-004480,job-03169,sk-slovenian-language
js-004481,job-03169,sk-truck-driving
js-004482,job-03170,sk-driving
js-004483,job-03170,sk-van-driving
js-004484,job-03171,sk-construction-work
js-004485,job-03171,sk-driving
js-004486,job-03172,sk-forklift-operation
js-004487,job-03172,sk-warehouse-operations
js-004488,job-03173,sk-general-work
js-004489,job-03174,sk-driving
js-004490,job-03175,sk-driving
js-004491,job-03176,sk-driving
js-004492,job-03177,sk-driving
js-004493,job-03177,sk-van-driving
js-004494,job-03178,sk-driving
js-004495,job-03178,sk-truck-driving
js-004496,job-03179,sk-driving
js-004497,job-03180,sk-driving
js-004498,job-03181,sk-driving
js-004499,job-03182,sk-driving
js-004500,job-03182,sk-slovenian-language
js-004501,job-03183,sk-driving
js-004502,job-03183,sk-slovenian-language
js-004503,job-03183,sk-truck-driving
js-004504,job-03184,sk-driving
js-004505,job-03185,sk-driving
js-004506,job-03186,sk-driving
js-004507,job-03186,sk-truck-driving
js-004508,job-03187,sk-driving
js-004509,job-03187,sk-truck-driving
js-004510,job-03188,sk-driving
js-004511,job-03188,sk-van-driving
js-004512,job-03189,sk-general-work
js-004513,job-03190,sk-driving
js-004514,job-03190,sk-truck-driving
js-004515,job-03191,sk-driving
js-004516,job-03191,sk-truck-driving
js-004517,job-03192,sk-driving
js-004518,job-03193,sk-driving
js-004519,job-03194,sk-driving
js-004520,job-03194,sk-truck-driving
js-004521,job-03195,sk-driving
js-004522,job-03195,sk-truck-driving
js-004523,job-03196,sk-driving
js-004524,job-03197,sk-driving
js-004525,job-03197,sk-truck-driving
js-004526,job-03198,sk-driving
js-004527,job-03199,sk-driving
js-004528,job-03200,sk-driving
js-004529,job-03200,sk-truck-driving
js-004530,job-03201,sk-driving
js-004531,job-03201,sk-truck-driving
js-004532,job-03202,sk-driving
js-004533,job-03202,sk-slovenian-language
js-004534,job-03202,sk-van-driving
js-004535,job-03203,sk-driving
js-004536,job-03203,sk-truck-driving
js-004537,job-03204,sk-driving
js-004538,job-03204,sk-truck-driving
js-004539,job-03205,sk-driving
js-004540,job-03205,sk-truck-driving
js-004541,job-03206,sk-mechanical-repair
js-004542,job-03207,sk-driving
js-004543,job-03207,sk-truck-driving
js-004544,job-03208,sk-driving
js-004545,job-03209,sk-driving
js-004546,job-03210,sk-driving
js-004547,job-03210,sk-truck-driving
js-004548,job-03211,sk-driving
js-004549,job-03212,sk-driving
js-004550,job-03212,sk-slovenian-language
js-004551,job-03213,sk-driving
js-004552,job-03214,sk-driving
js-004553,job-03214,sk-truck-driving
js-004554,job-03215,sk-driving
js-004555,job-03216,sk-driving
js-004556,job-03216,sk-truck-driving
js-004557,job-03217,sk-driving
js-004558,job-03217,sk-slovenian-language
js-004559,job-03217,sk-truck-driving
js-004560,job-03218,sk-driving
js-004561,job-03218,sk-english-language
js-004562,job-03218,sk-german-language
js-004563,job-03219,sk-driving
js-004564,job-03219,sk-truck-driving
js-004565,job-03220,sk-driving
js-004566,job-03221,sk-driving
js-004567,job-03222,sk-driving
js-004568,job-03223,sk-driving
js-004569,job-03223,sk-truck-driving
js-004570,job-03224,sk-driving
js-004571,job-03224,sk-truck-driving
js-004572,job-03225,sk-driving
js-004573,job-03226,sk-driving
js-004574,job-03227,sk-driving
js-004575,job-03228,sk-driving
js-004576,job-03228,sk-english-language
js-004577,job-03228,sk-truck-driving
js-004578,job-03229,sk-driving
js-004579,job-03230,sk-driving
js-004580,job-03231,sk-driving
js-004581,job-03232,sk-driving
js-004582,job-03232,sk-van-driving
js-004583,job-03233,sk-driving
js-004584,job-03234,sk-driving
js-004585,job-03235,sk-driving
js-004586,job-03236,sk-driving
js-004587,job-03237,sk-driving
js-004588,job-03237,sk-truck-driving
js-004589,job-03238,sk-driving
js-004590,job-03238,sk-truck-driving
js-004591,job-03239,sk-driving
js-004592,job-03240,sk-driving
js-004593,job-03240,sk-truck-driving
js-004594,job-03241,sk-driving
js-004595,job-03241,sk-slovenian-language
js-004596,job-03241,sk-van-driving
js-004597,job-03242,sk-driving
js-004598,job-03242,sk-truck-driving
js-004599,job-03243,sk-driving
js-004600,job-03243,sk-van-driving
js-004601,job-03244,sk-driving
js-004602,job-03245,sk-driving
js-004603,job-03245,sk-truck-driving
js-004604,job-03246,sk-driving
js-004605,job-03247,sk-driving
js-004606,job-03248,sk-driving
js-004607,job-03249,sk-driving
js-004608,job-03249,sk-truck-driving
js-004609,job-03250,sk-driving
js-004610,job-03251,sk-driving
js-004611,job-03251,sk-van-driving
js-004612,job-03252,sk-driving
js-004613,job-03252,sk-truck-driving
js-004614,job-03253,sk-driving
js-004615,job-03253,sk-truck-driving
js-004616,job-03254,sk-driving
js-004617,job-03254,sk-truck-driving
js-004618,job-03255,sk-driving
js-004619,job-03256,sk-driving
js-004620,job-03256,sk-english-language
js-004621,job-03257,sk-driving
js-004622,job-03258,sk-driving
js-004623,job-03258,sk-truck-driving
js-004624,job-03259,sk-driving
js-004625,job-03260,sk-driving
js-004626,job-03260,sk-van-driving
js-004627,job-03261,sk-driving
js-004628,job-03261,sk-truck-driving
js-004629,job-03262,sk-driving
js-004630,job-03262,sk-truck-driving
js-004631,job-03263,sk-driving
js-004632,job-03264,sk-driving
js-004633,job-03264,sk-truck-driving
js-004634,job-03265,sk-driving
js-004635,job-03265,sk-truck-driving
js-004636,job-03266,sk-driving
js-004637,job-03266,sk-truck-driving
js-004638,job-03267,sk-driving
js-004639,job-03267,sk-truck-driving
js-004640,job-03268,sk-driving
js-004641,job-03268,sk-truck-driving
js-004642,job-03269,sk-driving
js-004643,job-03269,sk-slovenian-language
js-004644,job-03270,sk-driving
js-004645,job-03270,sk-truck-driving
js-004646,job-03271,sk-driving
js-004647,job-03272,sk-driving
js-004648,job-03272,sk-truck-driving
js-004649,job-03273,sk-accounting
js-004650,job-03274,sk-accounting
js-004651,job-03275,sk-accounting
js-004652,job-03276,sk-accounting
js-004653,job-03277,sk-accounting
js-004654,job-03278,sk-accounting
js-004655,job-03279,sk-accounting
js-004656,job-03280,sk-accounting
js-004657,job-03281,sk-accounting
js-004658,job-03282,sk-accounting
js-004659,job-03283,sk-accounting
js-004660,job-03284,sk-accounting
js-004661,job-03285,sk-accounting
js-004662,job-03286,sk-accounting
js-004663,job-03287,sk-accounting
js-004664,job-03288,sk-accounting
js-004665,job-03289,sk-accounting
js-004666,job-03290,sk-accounting
js-004667,job-03291,sk-accounting
js-004668,job-03292,sk-accounting
js-004669,job-03293,sk-accounting
js-004670,job-03294,sk-accounting
js-004671,job-03295,sk-accounting
js-004672,job-03296,sk-accounting
js-004673,job-03297,sk-accounting
js-004674,job-03298,sk-accounting
js-004675,job-03299,sk-accounting
js-004676,job-03300,sk-accounting
js-004677,job-03301,sk-accounting
js-004678,job-03302,sk-accounting
js-004679,job-03303,sk-accounting
js-004680,job-03304,sk-accounting
js-004681,job-03305,sk-accounting
js-004682,job-03306,sk-accounting
js-004683,job-03307,sk-accounting
js-004684,job-03308,sk-accounting
js-004685,job-03309,sk-accounting
js-004686,job-03310,sk-accounting
js-004687,job-03311,sk-accounting
js-004688,job-03312,sk-accounting
js-004689,job-03313,sk-accounting
js-004690,job-03314,sk-accounting
js-004691,job-03315,sk-accounting
js-004692,job-03316,sk-accounting
js-004693,job-03317,sk-accounting
js-004694,job-03318,sk-accounting
js-004695,job-03319,sk-accounting
js-004696,job-03320,sk-administration
js-004697,job-03320,sk-payroll-administration
js-004698,job-03321,sk-accounting
js-004699,job-03322,sk-accounting
js-004700,job-03323,sk-accounting
js-004701,job-03324,sk-accounting
js-004702,job-03325,sk-accounting
js-004703,job-03326,sk-accounting
js-004704,job-03327,sk-administration
js-004705,job-03328,sk-administration
js-004706,job-03329,sk-administration
js-004707,job-03330,sk-administration
js-004708,job-03331,sk-administration
js-004709,job-03332,sk-production-work
js-004710,job-03333,sk-administration
js-004711,job-03334,sk-administration
js-004712,job-03335,sk-administration
js-004713,job-03336,sk-administration
js-004714,job-03337,sk-administration
js-004715,job-03338,sk-administration
js-004716,job-03339,sk-cash-handling
js-004717,job-03339,sk-inventory-management
js-004718,job-03339,sk-sales
js-004719,job-03340,sk-administration
js-004720,job-03341,sk-administration
js-004721,job-03342,sk-warehouse-operations
js-004722,job-03343,sk-administration
js-004723,job-03344,sk-administration
js-004724,job-03345,sk-administration
js-004725,job-03346,sk-management
js-004726,job-03347,sk-administration
js-004727,job-03348,sk-sales
js-004728,job-03349,sk-administration
js-004729,job-03350,sk-administration
js-004730,job-03351,sk-administration
js-004731,job-03352,sk-administration
js-004732,job-03353,sk-administration
js-004733,job-03354,sk-patient-care
js-004734,job-03355,sk-nursing
js-004735,job-03356,sk-general-work
js-004736,job-03357,sk-general-work
js-004737,job-03358,sk-patient-care
js-004738,job-03359,sk-nursing
js-004739,job-03360,sk-administration
js-004740,job-03361,sk-administration
js-004741,job-03362,sk-administration
js-004742,job-03363,sk-administration
js-004743,job-03364,sk-administration
js-004744,job-03365,sk-administration
js-004745,job-03366,sk-administration
js-004746,job-03367,sk-administration
js-004747,job-03368,sk-administration
js-004748,job-03369,sk-machine-operation
js-004749,job-03369,sk-production-work
js-004750,job-03370,sk-machine-operation
js-004751,job-03370,sk-production-work
js-004752,job-03371,sk-cnc-machining
js-004753,job-03371,sk-machine-operation
js-004754,job-03371,sk-production-work
js-004755,job-03372,sk-machine-operation
js-004756,job-03372,sk-production-work
js-004757,job-03373,sk-machine-operation
js-004758,job-03373,sk-production-work
js-004759,job-03374,sk-machine-operation
js-004760,job-03374,sk-production-work
js-004761,job-03375,sk-machine-operation
js-004762,job-03375,sk-production-work
js-004763,job-03376,sk-cnc-machining
js-004764,job-03376,sk-machine-operation
js-004765,job-03376,sk-production-work
js-004766,job-03377,sk-machine-operation
js-004767,job-03377,sk-production-work
js-004768,job-03378,sk-machine-operation
js-004769,job-03378,sk-production-work
js-004770,job-03379,sk-machine-operation
js-004771,job-03379,sk-production-work
js-004772,job-03380,sk-machine-operation
js-004773,job-03380,sk-production-work
js-004774,job-03381,sk-machine-operation
js-004775,job-03381,sk-production-work
js-004776,job-03382,sk-machine-operation
js-004777,job-03382,sk-production-work
js-004778,job-03383,sk-pharmacy
js-004779,job-03384,sk-machine-operation
js-004780,job-03384,sk-production-work
js-004781,job-03385,sk-machine-operation
js-004782,job-03385,sk-production-work
js-004783,job-03386,sk-cnc-machining
js-004784,job-03386,sk-machine-operation
js-004785,job-03386,sk-production-work
js-004786,job-03387,sk-cnc-machining
js-004787,job-03387,sk-machine-operation
js-004788,job-03387,sk-production-work
js-004789,job-03388,sk-machine-operation
js-004790,job-03388,sk-production-work
js-004791,job-03389,sk-machine-operation
js-004792,job-03389,sk-production-work
js-004793,job-03390,sk-machine-operation
js-004794,job-03390,sk-production-work
js-004795,job-03391,sk-machine-operation
js-004796,job-03391,sk-production-work
js-004797,job-03392,sk-machine-operation
js-004798,job-03392,sk-production-work
js-004799,job-03393,sk-machine-operation
js-004800,job-03393,sk-production-work
js-004801,job-03394,sk-machine-operation
js-004802,job-03394,sk-production-work
js-004803,job-03395,sk-machine-operation
js-004804,job-03395,sk-production-work
js-004805,job-03396,sk-machine-operation
js-004806,job-03396,sk-production-work
js-004807,job-03397,sk-machine-operation
js-004808,job-03397,sk-production-work
js-004809,job-03398,sk-machine-operation
js-004810,job-03398,sk-production-work
js-004811,job-03399,sk-cnc-machining
js-004812,job-03399,sk-machine-operation
js-004813,job-03399,sk-production-work
js-004814,job-03400,sk-machine-operation
js-004815,job-03400,sk-production-work
js-004816,job-03401,sk-machine-operation
js-004817,job-03401,sk-production-work
js-004818,job-03402,sk-machine-operation
js-004819,job-03402,sk-production-work
js-004820,job-03403,sk-warehouse-operations
js-004821,job-03404,sk-machine-operation
js-004822,job-03404,sk-production-work
js-004823,job-03405,sk-machine-operation
js-004824,job-03405,sk-production-work
js-004825,job-03406,sk-cnc-machining
js-004826,job-03406,sk-machine-operation
js-004827,job-03406,sk-production-work
js-004828,job-03407,sk-machine-operation
js-004829,job-03407,sk-production-work
js-004830,job-03408,sk-machine-operation
js-004831,job-03408,sk-production-work
js-004832,job-03409,sk-machine-operation
js-004833,job-03409,sk-production-work
js-004834,job-03410,sk-machine-operation
js-004835,job-03410,sk-production-work
js-004836,job-03411,sk-machine-operation
js-004837,job-03411,sk-production-work
js-004838,job-03412,sk-cnc-machining
js-004839,job-03412,sk-machine-operation
js-004840,job-03412,sk-production-work
js-004841,job-03413,sk-machine-operation
js-004842,job-03413,sk-production-work
js-004843,job-03414,sk-cnc-machining
js-004844,job-03414,sk-machine-operation
js-004845,job-03414,sk-production-work
js-004846,job-03415,sk-cnc-machining
js-004847,job-03415,sk-machine-operation
js-004848,job-03415,sk-production-work
js-004849,job-03416,sk-machine-operation
js-004850,job-03416,sk-production-work
js-004851,job-03417,sk-machine-operation
js-004852,job-03417,sk-production-work
js-004853,job-03418,sk-machine-operation
js-004854,job-03418,sk-production-work
js-004855,job-03419,sk-cnc-machining
js-004856,job-03419,sk-machine-operation
js-004857,job-03419,sk-production-work
js-004858,job-03420,sk-cnc-machining
js-004859,job-03420,sk-machine-operation
js-004860,job-03420,sk-production-work
js-004861,job-03421,sk-english-language
js-004862,job-03421,sk-machine-operation
js-004863,job-03421,sk-production-work
js-004864,job-03422,sk-cnc-machining
js-004865,job-03422,sk-machine-operation
js-004866,job-03422,sk-production-work
js-004867,job-03423,sk-cnc-machining
js-004868,job-03423,sk-machine-operation
js-004869,job-03423,sk-production-work
js-004870,job-03424,sk-machine-operation
js-004871,job-03424,sk-production-work
js-004872,job-03425,sk-machine-operation
js-004873,job-03425,sk-production-work
js-004874,job-03426,sk-machine-operation
js-004875,job-03426,sk-production-work
js-004876,job-03427,sk-machine-operation
js-004877,job-03427,sk-production-work
js-004878,job-03428,sk-machine-operation
js-004879,job-03428,sk-production-work
js-004880,job-03429,sk-warehouse-operations
js-004881,job-03430,sk-machine-operation
js-004882,job-03430,sk-production-work
js-004883,job-03431,sk-cnc-machining
js-004884,job-03431,sk-machine-operation
js-004885,job-03431,sk-production-work
js-004886,job-03432,sk-machine-operation
js-004887,job-03432,sk-production-work
js-004888,job-03432,sk-slovenian-language
js-004889,job-03433,sk-general-work
js-004890,job-03434,sk-technical-maintenance
js-004891,job-03435,sk-technical-maintenance
js-004892,job-03436,sk-accounting
js-004893,job-03437,sk-general-work
js-004894,job-03438,sk-general-work
js-004895,job-03439,sk-general-work
js-004896,job-03440,sk-general-work
js-004897,job-03441,sk-general-work
js-004898,job-03442,sk-general-work
js-004899,job-03443,sk-general-work
js-004900,job-03444,sk-general-work
js-004901,job-03445,sk-general-work
js-004902,job-03446,sk-general-work
js-004903,job-03447,sk-general-work
js-004904,job-03448,sk-general-work
js-004905,job-03449,sk-general-work
js-004906,job-03450,sk-administration
js-004907,job-03451,sk-general-work
js-004908,job-03452,sk-general-work
js-004909,job-03453,sk-general-work
js-004910,job-03454,sk-general-work
js-004911,job-03455,sk-general-work
js-004912,job-03456,sk-warehouse-operations
js-004913,job-03457,sk-machine-operation
js-004914,job-03457,sk-production-work
js-004915,job-03458,sk-machine-operation
js-004916,job-03458,sk-production-work
js-004917,job-03459,sk-machine-operation
js-004918,job-03459,sk-production-work
js-004919,job-03460,sk-cnc-machining
js-004920,job-03460,sk-machine-operation
js-004921,job-03460,sk-production-work
js-004922,job-03461,sk-machine-operation
js-004923,job-03461,sk-production-work
js-004924,job-03462,sk-machine-operation
js-004925,job-03462,sk-production-work
js-004926,job-03463,sk-machine-operation
js-004927,job-03463,sk-production-work
js-004928,job-03464,sk-machine-operation
js-004929,job-03464,sk-production-work
js-004930,job-03465,sk-cnc-machining
js-004931,job-03465,sk-machine-operation
js-004932,job-03465,sk-production-work
js-004933,job-03466,sk-machine-operation
js-004934,job-03466,sk-production-work
js-004935,job-03467,sk-machine-operation
js-004936,job-03467,sk-production-work
js-004937,job-03468,sk-machine-operation
js-004938,job-03468,sk-production-work
js-004939,job-03469,sk-machine-operation
js-004940,job-03469,sk-production-work
js-004941,job-03470,sk-machine-operation
js-004942,job-03470,sk-production-work
js-004943,job-03471,sk-machine-operation
js-004944,job-03471,sk-production-work
js-004945,job-03472,sk-machine-operation
js-004946,job-03472,sk-production-work
js-004947,job-03472,sk-slovenian-language
js-004948,job-03473,sk-cnc-machining
js-004949,job-03473,sk-machine-operation
js-004950,job-03473,sk-production-work
js-004951,job-03474,sk-machine-operation
js-004952,job-03474,sk-production-work
js-004953,job-03475,sk-machine-operation
js-004954,job-03475,sk-production-work
js-004955,job-03476,sk-machine-operation
js-004956,job-03476,sk-production-work
js-004957,job-03477,sk-machine-operation
js-004958,job-03477,sk-production-work
js-004959,job-03478,sk-machine-operation
js-004960,job-03478,sk-production-work
js-004961,job-03479,sk-machine-operation
js-004962,job-03479,sk-production-work
js-004963,job-03480,sk-machine-operation
js-004964,job-03480,sk-production-work
js-004965,job-03481,sk-machine-operation
js-004966,job-03481,sk-production-work
js-004967,job-03482,sk-cnc-machining
js-004968,job-03482,sk-machine-operation
js-004969,job-03482,sk-production-work
js-004970,job-03483,sk-machine-operation
js-004971,job-03483,sk-production-work
js-004972,job-03484,sk-machine-operation
js-004973,job-03484,sk-production-work
js-004974,job-03485,sk-machine-operation
js-004975,job-03485,sk-production-work
js-004976,job-03486,sk-machine-operation
js-004977,job-03486,sk-production-work
js-004978,job-03487,sk-machine-operation
js-004979,job-03487,sk-production-work
js-004980,job-03488,sk-machine-operation
js-004981,job-03488,sk-production-work
js-004982,job-03489,sk-machine-operation
js-004983,job-03489,sk-production-work
js-004984,job-03490,sk-machine-operation
js-004985,job-03490,sk-production-work
js-004986,job-03491,sk-machine-operation
js-004987,job-03491,sk-production-work
js-004988,job-03492,sk-cnc-machining
js-004989,job-03492,sk-machine-operation
js-004990,job-03492,sk-production-work
js-004991,job-03493,sk-machine-operation
js-004992,job-03493,sk-production-work
js-004993,job-03493,sk-slovenian-language
js-004994,job-03494,sk-cnc-machining
js-004995,job-03494,sk-machine-operation
js-004996,job-03494,sk-production-work
js-004997,job-03495,sk-machine-operation
js-004998,job-03495,sk-production-work
js-004999,job-03496,sk-machine-operation
js-005000,job-03496,sk-production-work
js-005001,job-03497,sk-machine-operation
js-005002,job-03497,sk-production-work
js-005003,job-03498,sk-machine-operation
js-005004,job-03498,sk-production-work
js-005005,job-03499,sk-machine-operation
js-005006,job-03499,sk-production-work
js-005007,job-03500,sk-machine-operation
js-005008,job-03500,sk-production-work
js-005009,job-03501,sk-machine-operation
js-005010,job-03501,sk-production-work
js-005011,job-03502,sk-machine-operation
js-005012,job-03502,sk-production-work
js-005013,job-03503,sk-general-work
js-005014,job-03504,sk-general-work
js-005015,job-03505,sk-warehouse-operations
js-005016,job-03506,sk-cnc-machining
js-005017,job-03506,sk-machine-operation
js-005018,job-03506,sk-production-work
js-005019,job-03507,sk-cnc-machining
js-005020,job-03507,sk-machine-operation
js-005021,job-03507,sk-production-work
js-005022,job-03508,sk-machine-operation
js-005023,job-03508,sk-production-work
js-005024,job-03509,sk-machine-operation
js-005025,job-03509,sk-production-work
js-005026,job-03510,sk-cnc-machining
js-005027,job-03510,sk-machine-operation
js-005028,job-03510,sk-production-work
js-005029,job-03511,sk-cnc-machining
js-005030,job-03511,sk-machine-operation
js-005031,job-03511,sk-production-work
js-005032,job-03512,sk-cnc-machining
js-005033,job-03512,sk-machine-operation
js-005034,job-03512,sk-production-work
js-005035,job-03513,sk-machine-operation
js-005036,job-03513,sk-production-work
js-005037,job-03514,sk-machine-operation
js-005038,job-03514,sk-production-work
js-005039,job-03515,sk-machine-operation
js-005040,job-03515,sk-production-work
js-005041,job-03516,sk-machine-operation
js-005042,job-03516,sk-production-work
js-005043,job-03517,sk-machine-operation
js-005044,job-03517,sk-production-work
js-005045,job-03518,sk-machine-operation
js-005046,job-03518,sk-production-work
js-005047,job-03519,sk-machine-operation
js-005048,job-03519,sk-production-work
js-005049,job-03520,sk-machine-operation
js-005050,job-03520,sk-production-work
js-005051,job-03521,sk-machine-operation
js-005052,job-03521,sk-production-work
js-005053,job-03522,sk-machine-operation
js-005054,job-03522,sk-production-work
js-005055,job-03523,sk-machine-operation
js-005056,job-03523,sk-production-work
js-005057,job-03524,sk-machine-operation
js-005058,job-03524,sk-production-work
js-005059,job-03525,sk-machine-operation
js-005060,job-03525,sk-production-work
js-005061,job-03526,sk-cnc-machining
js-005062,job-03526,sk-machine-operation
js-005063,job-03526,sk-production-work
js-005064,job-03527,sk-teaching
js-005065,job-03528,sk-cnc-machining
js-005066,job-03528,sk-machine-operation
js-005067,job-03528,sk-production-work
js-005068,job-03529,sk-machine-operation
js-005069,job-03529,sk-production-work
js-005070,job-03530,sk-machine-operation
js-005071,job-03530,sk-production-work
js-005072,job-03531,sk-cnc-machining
js-005073,job-03531,sk-machine-operation
js-005074,job-03531,sk-production-work
js-005075,job-03532,sk-cnc-machining
js-005076,job-03532,sk-machine-operation
js-005077,job-03532,sk-production-work
js-005078,job-03533,sk-machine-operation
js-005079,job-03533,sk-production-work
js-005080,job-03534,sk-machine-operation
js-005081,job-03534,sk-production-work
js-005082,job-03535,sk-machine-operation
js-005083,job-03535,sk-production-work
js-005084,job-03536,sk-cnc-machining
js-005085,job-03536,sk-machine-operation
js-005086,job-03536,sk-production-work
js-005087,job-03537,sk-machine-operation
js-005088,job-03537,sk-production-work
js-005089,job-03538,sk-machine-operation
js-005090,job-03538,sk-production-work
js-005091,job-03539,sk-cnc-machining
js-005092,job-03539,sk-machine-operation
js-005093,job-03539,sk-production-work
js-005094,job-03540,sk-machine-operation
js-005095,job-03540,sk-production-work
js-005096,job-03541,sk-technical-maintenance
js-005097,job-03542,sk-technical-maintenance
js-005098,job-03543,sk-technical-maintenance
js-005099,job-03544,sk-pharmacy
js-005100,job-03545,sk-laboratory-diagnostics
js-005101,job-03545,sk-nursing
js-005102,job-03546,sk-technical-maintenance
js-005103,job-03547,sk-pharmacy
js-005104,job-03548,sk-technical-maintenance
js-005105,job-03549,sk-technical-maintenance
js-005106,job-03550,sk-pharmacy
js-005107,job-03551,sk-legal-work
js-005108,job-03552,sk-technical-maintenance
js-005109,job-03553,sk-technical-maintenance
js-005110,job-03554,sk-legal-work
js-005111,job-03555,sk-technical-maintenance
js-005112,job-03556,sk-technical-maintenance
js-005113,job-03557,sk-technical-maintenance
js-005114,job-03558,sk-technical-maintenance
js-005115,job-03559,sk-technical-maintenance
js-005116,job-03560,sk-nursing
js-005117,job-03561,sk-technical-maintenance
js-005118,job-03562,sk-technical-maintenance
js-005119,job-03563,sk-technical-maintenance
js-005120,job-03564,sk-technical-maintenance
js-005121,job-03565,sk-technical-maintenance
js-005122,job-03566,sk-technical-maintenance
js-005123,job-03567,sk-technical-maintenance
js-005124,job-03568,sk-assembly
js-005125,job-03569,sk-technical-maintenance
js-005126,job-03570,sk-technical-maintenance
js-005127,job-03571,sk-technical-maintenance
js-005128,job-03572,sk-technical-maintenance
js-005129,job-03573,sk-technical-maintenance
js-005130,job-03574,sk-pharmacy
js-005131,job-03575,sk-construction-work
js-005132,job-03576,sk-medicine
js-005133,job-03576,sk-nursing
js-005134,job-03577,sk-technical-maintenance
js-005135,job-03578,sk-production-work
js-005136,job-03579,sk-english-language
js-005137,job-03579,sk-technical-maintenance
js-005138,job-03580,sk-technical-maintenance
js-005139,job-03581,sk-technical-maintenance
js-005140,job-03582,sk-technical-maintenance
js-005141,job-03583,sk-technical-maintenance
js-005142,job-03584,sk-technical-maintenance
js-005143,job-03585,sk-nursing
js-005144,job-03585,sk-patient-care
js-005145,job-03586,sk-assembly
js-005146,job-03587,sk-pharmacy
js-005147,job-03588,sk-technical-maintenance
js-005148,job-03589,sk-technical-maintenance
js-005149,job-03590,sk-technical-maintenance
js-005150,job-03591,sk-technical-maintenance
js-005151,job-03592,sk-technical-maintenance
js-005152,job-03593,sk-technical-maintenance
js-005153,job-03594,sk-technical-maintenance
js-005154,job-03595,sk-technical-maintenance
js-005155,job-03596,sk-technical-maintenance
js-005156,job-03597,sk-technical-maintenance
js-005157,job-03598,sk-technical-maintenance
js-005158,job-03599,sk-production-work
js-005159,job-03600,sk-technical-maintenance
js-005160,job-03601,sk-hospitality
js-005161,job-03602,sk-english-language
js-005162,job-03602,sk-technical-maintenance
js-005163,job-03603,sk-technical-maintenance
js-005164,job-03604,sk-production-work
js-005165,job-03605,sk-technical-maintenance
js-005166,job-03606,sk-general-work
js-005167,job-03607,sk-technical-maintenance
js-005168,job-03608,sk-nursing
js-005169,job-03609,sk-general-work
js-005170,job-03610,sk-general-work
js-005171,job-03611,sk-nursing
js-005172,job-03612,sk-nursing
js-005173,job-03613,sk-administration
js-005174,job-03614,sk-nursing
js-005175,job-03615,sk-cooking
js-005176,job-03615,sk-food-preparation
js-005177,job-03616,sk-welding
js-005178,job-03617,sk-nursing
js-005179,job-03618,sk-general-work
js-005180,job-03619,sk-nursing
js-005181,job-03620,sk-nursing
js-005182,job-03621,sk-general-work
js-005183,job-03622,sk-accounting
js-005184,job-03623,sk-nursing
js-005185,job-03624,sk-accounting
js-005186,job-03625,sk-general-work
js-005187,job-03626,sk-nursing
js-005188,job-03627,sk-technical-maintenance
js-005189,job-03628,sk-nursing
js-005190,job-03629,sk-nursing
js-005191,job-03630,sk-nursing
js-005192,job-03631,sk-nursing
js-005193,job-03632,sk-social-work
js-005194,job-03633,sk-nursing
js-005195,job-03634,sk-general-work
js-005196,job-03635,sk-nursing
js-005197,job-03636,sk-general-work
js-005198,job-03637,sk-general-work
js-005199,job-03638,sk-nursing
js-005200,job-03639,sk-nursing
js-005201,job-03640,sk-nursing
js-005202,job-03641,sk-management
js-005203,job-03642,sk-nursing
js-005204,job-03643,sk-nursing
js-005205,job-03644,sk-general-work
js-005206,job-03645,sk-nursing
js-005207,job-03646,sk-warehouse-operations
js-005208,job-03647,sk-accounting
js-005209,job-03648,sk-general-work
js-005210,job-03649,sk-nursing
js-005211,job-03650,sk-administration
js-005212,job-03651,sk-nursing
js-005213,job-03652,sk-administration
js-005214,job-03653,sk-nursing
js-005215,job-03654,sk-nursing
js-005216,job-03655,sk-general-work
js-005217,job-03656,sk-general-work
js-005218,job-03657,sk-management
js-005219,job-03658,sk-nursing
js-005220,job-03659,sk-technical-maintenance
js-005221,job-03660,sk-general-work
js-005222,job-03661,sk-nursing
js-005223,job-03662,sk-nursing
js-005224,job-03663,sk-nursing
js-005225,job-03664,sk-nursing
js-005226,job-03665,sk-nursing
js-005227,job-03666,sk-nursing
js-005228,job-03667,sk-general-work
js-005229,job-03668,sk-technical-maintenance
js-005230,job-03669,sk-pharmacy
js-005231,job-03670,sk-technical-maintenance
js-005232,job-03671,sk-technical-maintenance
js-005233,job-03672,sk-technical-maintenance
js-005234,job-03673,sk-construction-work
js-005235,job-03674,sk-technical-maintenance
js-005236,job-03675,sk-cnc-machining
js-005237,job-03675,sk-machine-operation
js-005238,job-03675,sk-production-work
js-005239,job-03676,sk-assembly
js-005240,job-03677,sk-pharmacy
js-005241,job-03678,sk-technical-maintenance
js-005242,job-03679,sk-legal-work
js-005243,job-03680,sk-general-work
js-005244,job-03681,sk-cooking
js-005245,job-03682,sk-general-work
js-005246,job-03683,sk-general-work
js-005247,job-03684,sk-nursing
js-005248,job-03685,sk-management
js-005249,job-03686,sk-management
js-005250,job-03687,sk-nursing
js-005251,job-03688,sk-technical-maintenance
js-005252,job-03689,sk-technical-maintenance
js-005253,job-03690,sk-technical-maintenance
js-005254,job-03691,sk-legal-work
js-005255,job-03691,sk-slovenian-language
js-005256,job-03692,sk-pharmacy
js-005257,job-03693,sk-slovenian-language
js-005258,job-03693,sk-technical-maintenance
js-005259,job-03694,sk-english-language
js-005260,job-03694,sk-german-language
js-005261,job-03694,sk-technical-maintenance
js-005262,job-03695,sk-technical-maintenance
js-005263,job-03696,sk-nursing
js-005264,job-03696,sk-slovenian-language
js-005265,job-03697,sk-nursing
js-005266,job-03697,sk-slovenian-language
js-005267,job-03698,sk-nursing
js-005268,job-03698,sk-slovenian-language
js-005269,job-03699,sk-nursing
js-005270,job-03699,sk-slovenian-language
js-005271,job-03700,sk-general-work
js-005272,job-03701,sk-cooking
js-005273,job-03702,sk-cooking
js-005274,job-03702,sk-pizza-preparation
js-005275,job-03703,sk-welding
js-005276,job-03704,sk-cooking
js-005277,job-03705,sk-welding
js-005278,job-03706,sk-assembly
js-005279,job-03707,sk-assembly
js-005280,job-03708,sk-welding
js-005281,job-03709,sk-nursing
js-005282,job-03710,sk-nursing
js-005283,job-03711,sk-construction-work
js-005284,job-03712,sk-technical-maintenance
js-005285,job-03713,sk-administration
js-005286,job-03714,sk-technical-maintenance
js-005287,job-03715,sk-technical-maintenance
js-005288,job-03716,sk-technical-maintenance
js-005289,job-03717,sk-technical-maintenance
js-005290,job-03718,sk-nursing
js-005291,job-03719,sk-general-work
js-005292,job-03720,sk-physiotherapy
js-005293,job-03721,sk-production-work
js-005294,job-03722,sk-technical-maintenance
js-005295,job-03723,sk-machine-operation
js-005296,job-03723,sk-production-work
js-005297,job-03724,sk-general-work
js-005298,job-03725,sk-management
js-005299,job-03726,sk-legal-work
js-005300,job-03727,sk-machine-operation
js-005301,job-03727,sk-production-work
js-005302,job-03728,sk-machine-operation
js-005303,job-03728,sk-production-work
js-005304,job-03729,sk-technical-maintenance
js-005305,job-03730,sk-nursing
js-005306,job-03730,sk-patient-care
js-005307,job-03731,sk-technical-maintenance
js-005308,job-03732,sk-technical-maintenance
js-005309,job-03733,sk-nursing
js-005310,job-03733,sk-patient-care
js-005311,job-03734,sk-technical-maintenance
js-005312,job-03735,sk-technical-maintenance
js-005313,job-03736,sk-technical-maintenance
js-005314,job-03737,sk-legal-work
js-005315,job-03738,sk-slovenian-language
js-005316,job-03738,sk-technical-maintenance
js-005317,job-03739,sk-legal-work
js-005318,job-03739,sk-slovenian-language
js-005319,job-03740,sk-cooking
js-005320,job-03741,sk-general-work
js-005321,job-03742,sk-general-work
js-005322,job-03743,sk-general-work
js-005323,job-03744,sk-general-work
js-005324,job-03745,sk-welding
js-005325,job-03746,sk-technical-maintenance
js-005326,job-03747,sk-production-work
js-005327,job-03748,sk-technical-maintenance
js-005328,job-03749,sk-management
js-005329,job-03750,sk-general-work
js-005330,job-03751,sk-general-work
js-005331,job-03752,sk-legal-work
js-005332,job-03752,sk-slovenian-language
js-005333,job-03753,sk-general-work
js-005334,job-03754,sk-technical-maintenance
js-005335,job-03755,sk-nursing
js-005336,job-03756,sk-nursing
js-005337,job-03757,sk-nursing
js-005338,job-03758,sk-general-work
js-005339,job-03759,sk-general-work
js-005340,job-03760,sk-information-technology
js-005341,job-03761,sk-information-technology
js-005342,job-03762,sk-general-work
js-005343,job-03763,sk-general-work
js-005344,job-03764,sk-general-work
js-005345,job-03765,sk-general-work
js-005346,job-03766,sk-general-work
js-005347,job-03767,sk-general-work
js-005348,job-03768,sk-general-work
js-005349,job-03769,sk-general-work
js-005350,job-03770,sk-general-work
js-005351,job-03771,sk-general-work
js-005352,job-03772,sk-general-work
js-005353,job-03773,sk-general-work
js-005354,job-03774,sk-general-work
js-005355,job-03775,sk-general-work
js-005356,job-03776,sk-general-work
js-005357,job-03777,sk-general-work
js-005358,job-03778,sk-general-work
js-005359,job-03779,sk-general-work
js-005360,job-03780,sk-general-work
js-005361,job-03781,sk-legal-work
js-005362,job-03782,sk-general-work
js-005363,job-03783,sk-general-work
js-005364,job-03784,sk-general-work
js-005365,job-03785,sk-general-work
js-005366,job-03786,sk-general-work
js-005367,job-03787,sk-construction-work
js-005368,job-03788,sk-general-work
js-005369,job-03789,sk-general-work
js-005370,job-03790,sk-information-technology
js-005371,job-03791,sk-general-work
js-005372,job-03792,sk-general-work
js-005373,job-03793,sk-general-work
js-005374,job-03794,sk-general-work
js-005375,job-03795,sk-general-work
js-005376,job-03796,sk-general-work
js-005377,job-03797,sk-general-work
js-005378,job-03798,sk-general-work
js-005379,job-03799,sk-production-work
js-005380,job-03800,sk-general-work
js-005381,job-03801,sk-general-work
js-005382,job-03802,sk-general-work
js-005383,job-03803,sk-technical-maintenance
js-005384,job-03804,sk-general-work
js-005385,job-03805,sk-general-work
js-005386,job-03806,sk-general-work
js-005387,job-03807,sk-construction-work
js-005388,job-03808,sk-general-work
js-005389,job-03809,sk-technical-maintenance
js-005390,job-03810,sk-legal-work
js-005391,job-03811,sk-general-work
js-005392,job-03812,sk-general-work
js-005393,job-03813,sk-general-work
js-005394,job-03814,sk-general-work
js-005395,job-03815,sk-production-work
js-005396,job-03816,sk-general-work
js-005397,job-03817,sk-general-work
js-005398,job-03818,sk-general-work
js-005399,job-03819,sk-general-work
js-005400,job-03820,sk-general-work
js-005401,job-03821,sk-general-work
js-005402,job-03821,sk-slovenian-language
js-005403,job-03822,sk-general-work
js-005404,job-03823,sk-general-work
js-005405,job-03824,sk-construction-work
js-005406,job-03825,sk-general-work
js-005407,job-03826,sk-legal-work
js-005408,job-03827,sk-legal-work
js-005409,job-03828,sk-general-work
js-005410,job-03829,sk-general-work
js-005411,job-03830,sk-general-work
js-005412,job-03831,sk-general-work
js-005413,job-03832,sk-management
js-005414,job-03833,sk-technical-maintenance
js-005415,job-03834,sk-administration
js-005416,job-03835,sk-general-work
js-005417,job-03836,sk-technical-maintenance
js-005418,job-03837,sk-general-work
js-005419,job-03838,sk-general-work
js-005420,job-03839,sk-general-work
js-005421,job-03840,sk-general-work
js-005422,job-03841,sk-general-work
js-005423,job-03842,sk-construction-work
js-005424,job-03843,sk-general-work
js-005425,job-03844,sk-general-work
js-005426,job-03845,sk-general-work
js-005427,job-03846,sk-general-work
js-005428,job-03847,sk-general-work
js-005429,job-03848,sk-technical-maintenance
js-005430,job-03849,sk-administration
js-005431,job-03850,sk-management
js-005432,job-03851,sk-general-work
js-005433,job-03852,sk-general-work
js-005434,job-03853,sk-general-work
js-005435,job-03854,sk-administration
js-005436,job-03855,sk-administration
js-005437,job-03856,sk-general-work
js-005438,job-03857,sk-general-work
js-005439,job-03858,sk-general-work
js-005440,job-03859,sk-general-work
js-005441,job-03860,sk-general-work
js-005442,job-03861,sk-construction-work
js-005443,job-03862,sk-cnc-machining
js-005444,job-03862,sk-machine-operation
js-005445,job-03862,sk-production-work
js-005446,job-03863,sk-general-work
js-005447,job-03864,sk-general-work
js-005448,job-03865,sk-technical-maintenance
js-005449,job-03866,sk-general-work
js-005450,job-03867,sk-general-work
js-005451,job-03868,sk-general-work
js-005452,job-03869,sk-general-work
js-005453,job-03870,sk-general-work
js-005454,job-03871,sk-technical-maintenance
js-005455,job-03872,sk-general-work
js-005456,job-03873,sk-general-work
js-005457,job-03874,sk-general-work
js-005458,job-03875,sk-general-work
js-005459,job-03876,sk-general-work
js-005460,job-03877,sk-general-work
js-005461,job-03878,sk-general-work
js-005462,job-03879,sk-general-work
js-005463,job-03880,sk-information-technology
js-005464,job-03881,sk-general-work
js-005465,job-03882,sk-general-work
js-005466,job-03883,sk-general-work
js-005467,job-03884,sk-general-work
js-005468,job-03885,sk-legal-work
js-005469,job-03886,sk-sales
js-005470,job-03887,sk-sales
js-005471,job-03888,sk-sales
js-005472,job-03889,sk-sales
js-005473,job-03890,sk-sales
js-005474,job-03891,sk-sales
js-005475,job-03892,sk-customer-service
js-005476,job-03892,sk-sales
js-005477,job-03893,sk-customer-service
js-005478,job-03893,sk-sales
js-005479,job-03894,sk-customer-service
js-005480,job-03894,sk-sales
js-005481,job-03895,sk-customer-service
js-005482,job-03895,sk-sales
js-005483,job-03896,sk-customer-service
js-005484,job-03896,sk-sales
js-005485,job-03897,sk-customer-service
js-005486,job-03897,sk-sales
js-005487,job-03898,sk-sales
js-005488,job-03899,sk-sales
js-005489,job-03900,sk-sales
js-005490,job-03901,sk-sales
js-005491,job-03902,sk-sales
js-005492,job-03903,sk-sales
js-005493,job-03904,sk-customer-service
js-005494,job-03904,sk-sales
js-005495,job-03905,sk-sales
js-005496,job-03906,sk-sales
js-005497,job-03907,sk-sales
js-005498,job-03908,sk-sales
js-005499,job-03909,sk-customer-service
js-005500,job-03909,sk-sales
js-005501,job-03910,sk-customer-service
js-005502,job-03910,sk-sales
js-005503,job-03911,sk-customer-service
js-005504,job-03911,sk-sales
js-005505,job-03912,sk-customer-service
js-005506,job-03912,sk-sales
js-005507,job-03913,sk-customer-service
js-005508,job-03913,sk-sales
js-005509,job-03914,sk-customer-service
js-005510,job-03914,sk-sales
js-005511,job-03915,sk-general-work
js-005512,job-03916,sk-sales
js-005513,job-03917,sk-sales
js-005514,job-03918,sk-sales
js-005515,job-03919,sk-customer-service
js-005516,job-03919,sk-sales
js-005517,job-03920,sk-sales
js-005518,job-03921,sk-sales
js-005519,job-03922,sk-customer-service
js-005520,job-03922,sk-sales
js-005521,job-03923,sk-customer-service
js-005522,job-03923,sk-sales
js-005523,job-03924,sk-sales
js-005524,job-03925,sk-customer-service
js-005525,job-03925,sk-sales
js-005526,job-03926,sk-customer-service
js-005527,job-03926,sk-sales
js-005528,job-03927,sk-customer-service
js-005529,job-03927,sk-sales
js-005530,job-03928,sk-customer-service
js-005531,job-03928,sk-sales
js-005532,job-03929,sk-sales
js-005533,job-03930,sk-customer-service
js-005534,job-03930,sk-sales
js-005535,job-03931,sk-customer-service
js-005536,job-03931,sk-sales
js-005537,job-03932,sk-sales
js-005538,job-03933,sk-sales
js-005539,job-03934,sk-inventory-management
js-005540,job-03934,sk-sales
js-005541,job-03935,sk-customer-service
js-005542,job-03935,sk-sales
js-005543,job-03936,sk-customer-service
js-005544,job-03936,sk-sales
js-005545,job-03937,sk-electrical-work
js-005546,job-03938,sk-electrical-work
js-005547,job-03939,sk-electrical-work
js-005548,job-03940,sk-electrical-work
js-005549,job-03941,sk-technical-maintenance
js-005550,job-03942,sk-technical-maintenance
js-005551,job-03943,sk-technical-maintenance
js-005552,job-03944,sk-technical-maintenance
js-005553,job-03945,sk-technical-maintenance
js-005554,job-03946,sk-electrical-work
js-005555,job-03947,sk-electrical-work
js-005556,job-03948,sk-electrical-work
js-005557,job-03949,sk-electrical-work
js-005558,job-03950,sk-electrical-work
js-005559,job-03951,sk-electrical-work
js-005560,job-03952,sk-electrical-work
js-005561,job-03953,sk-electrical-work
js-005562,job-03953,sk-english-language
js-005563,job-03954,sk-electrical-work
js-005564,job-03954,sk-slovenian-language
js-005565,job-03955,sk-electrical-work
js-005566,job-03956,sk-electrical-work
js-005567,job-03957,sk-technical-maintenance
js-005568,job-03958,sk-cleaning
js-005569,job-03959,sk-cleaning
js-005570,job-03960,sk-cleaning
js-005571,job-03961,sk-cleaning
js-005572,job-03962,sk-cleaning
js-005573,job-03962,sk-slovenian-language
js-005574,job-03963,sk-cleaning
js-005575,job-03964,sk-cleaning
js-005576,job-03965,sk-cleaning
js-005577,job-03966,sk-cleaning
js-005578,job-03967,sk-cleaning
js-005579,job-03968,sk-cleaning
js-005580,job-03969,sk-cleaning
js-005581,job-03969,sk-slovenian-language
js-005582,job-03970,sk-cleaning
js-005583,job-03971,sk-cleaning
js-005584,job-03972,sk-cleaning
js-005585,job-03972,sk-slovenian-language
js-005586,job-03973,sk-cleaning
js-005587,job-03974,sk-cleaning
js-005588,job-03975,sk-cleaning
js-005589,job-03976,sk-cleaning
js-005590,job-03977,sk-cleaning
js-005591,job-03978,sk-cleaning
js-005592,job-03979,sk-cleaning
js-005593,job-03980,sk-cleaning
js-005594,job-03981,sk-cleaning
js-005595,job-03982,sk-cleaning
js-005596,job-03982,sk-slovenian-language
js-005597,job-03983,sk-cleaning
js-005598,job-03984,sk-cleaning
js-005599,job-03985,sk-cleaning
js-005600,job-03986,sk-cleaning
js-005601,job-03987,sk-cleaning
js-005602,job-03987,sk-slovenian-language
js-005603,job-03988,sk-cleaning
js-005604,job-03989,sk-cleaning
js-005605,job-03990,sk-cleaning
js-005606,job-03991,sk-cooking
js-005607,job-03991,sk-food-preparation
js-005608,job-03992,sk-cleaning
js-005609,job-03993,sk-cleaning
js-005610,job-03994,sk-cleaning
js-005611,job-03995,sk-cleaning
js-005612,job-03996,sk-cleaning
js-005613,job-03997,sk-cleaning
js-005614,job-03998,sk-cleaning
js-005615,job-03999,sk-cleaning
js-005616,job-03999,sk-slovenian-language
js-005617,job-04000,sk-cleaning
js-005618,job-04001,sk-cleaning
js-005619,job-04002,sk-cleaning
js-005620,job-04002,sk-slovenian-language
js-005621,job-04003,sk-cleaning
js-005622,job-04004,sk-cleaning
js-005623,job-04005,sk-cleaning
js-005624,job-04006,sk-cleaning
js-005625,job-04007,sk-cleaning
js-005626,job-04008,sk-cleaning
js-005627,job-04009,sk-cleaning
js-005628,job-04010,sk-cleaning
js-005629,job-04011,sk-cleaning
js-005630,job-04012,sk-cleaning
js-005631,job-04013,sk-cleaning
js-005632,job-04014,sk-cleaning
js-005633,job-04015,sk-cleaning
js-005634,job-04016,sk-cleaning
js-005635,job-04017,sk-cleaning
js-005636,job-04018,sk-cleaning
js-005637,job-04019,sk-cleaning
js-005638,job-04020,sk-cleaning
js-005639,job-04021,sk-cleaning
js-005640,job-04022,sk-cooking
js-005641,job-04022,sk-slovenian-language
js-005642,job-04023,sk-cleaning
js-005643,job-04023,sk-slovenian-language
js-005644,job-04024,sk-cleaning
js-005645,job-04025,sk-cleaning
js-005646,job-04026,sk-cleaning
js-005647,job-04027,sk-cleaning
js-005648,job-04027,sk-slovenian-language
js-005649,job-04028,sk-cleaning
js-005650,job-04029,sk-cleaning
js-005651,job-04030,sk-cleaning
js-005652,job-04030,sk-slovenian-language
js-005653,job-04031,sk-cleaning
js-005654,job-04032,sk-assembly
js-005655,job-04033,sk-assembly
js-005656,job-04034,sk-machine-operation
js-005657,job-04034,sk-production-work
js-005658,job-04035,sk-assembly
js-005659,job-04036,sk-assembly
js-005660,job-04037,sk-assembly
js-005661,job-04038,sk-assembly
js-005662,job-04039,sk-assembly
js-005663,job-04040,sk-assembly
js-005664,job-04041,sk-assembly
js-005665,job-04042,sk-assembly
js-005666,job-04043,sk-assembly
js-005667,job-04044,sk-assembly
js-005668,job-04045,sk-assembly
js-005669,job-04046,sk-assembly
js-005670,job-04047,sk-assembly
js-005671,job-04048,sk-assembly
js-005672,job-04049,sk-assembly
js-005673,job-04050,sk-assembly
js-005674,job-04051,sk-assembly
js-005675,job-04052,sk-assembly
js-005676,job-04053,sk-assembly
js-005677,job-04054,sk-assembly
js-005678,job-04055,sk-assembly
js-005679,job-04056,sk-assembly
js-005680,job-04057,sk-assembly
js-005681,job-04058,sk-welding
js-005682,job-04059,sk-general-work
js-005683,job-04060,sk-assembly
js-005684,job-04061,sk-assembly
js-005685,job-04062,sk-assembly
js-005686,job-04063,sk-assembly
js-005687,job-04064,sk-assembly
js-005688,job-04065,sk-assembly
js-005689,job-04066,sk-assembly
js-005690,job-04067,sk-assembly
js-005691,job-04068,sk-assembly
js-005692,job-04069,sk-assembly
js-005693,job-04069,sk-german-language
js-005694,job-04070,sk-assembly
js-005695,job-04071,sk-assembly
js-005696,job-04072,sk-assembly
js-005697,job-04072,sk-slovenian-language
js-005698,job-04073,sk-assembly
js-005699,job-04074,sk-assembly
js-005700,job-04075,sk-assembly
js-005701,job-04076,sk-assembly
js-005702,job-04077,sk-assembly
js-005703,job-04078,sk-assembly
js-005704,job-04079,sk-assembly
js-005705,job-04080,sk-assembly
js-005706,job-04081,sk-assembly
js-005707,job-04082,sk-assembly
js-005708,job-04083,sk-assembly
js-005709,job-04084,sk-assembly
js-005710,job-04085,sk-assembly
js-005711,job-04086,sk-assembly
js-005712,job-04087,sk-assembly
js-005713,job-04088,sk-assembly
js-005714,job-04089,sk-assembly
js-005715,job-04090,sk-assembly
js-005716,job-04091,sk-assembly
js-005717,job-04092,sk-general-work
js-005718,job-04093,sk-general-work
js-005719,job-04094,sk-welding
js-005720,job-04095,sk-assembly
js-005721,job-04096,sk-assembly
js-005722,job-04097,sk-assembly
js-005723,job-04098,sk-assembly
js-005724,job-04099,sk-welding
js-005725,job-04100,sk-general-work
js-005726,job-04101,sk-general-work
js-005727,job-04102,sk-general-work
js-005728,job-04103,sk-general-work
js-005729,job-04104,sk-general-work
js-005730,job-04105,sk-general-work
js-005731,job-04106,sk-general-work
js-005732,job-04107,sk-general-work
js-005733,job-04108,sk-general-work
js-005734,job-04109,sk-general-work
js-005735,job-04110,sk-general-work
js-005736,job-04111,sk-general-work
js-005737,job-04112,sk-general-work
js-005738,job-04113,sk-technical-maintenance
js-005739,job-04114,sk-general-work
js-005740,job-04115,sk-general-work
js-005741,job-04116,sk-general-work
js-005742,job-04117,sk-general-work
js-005743,job-04118,sk-general-work
js-005744,job-04119,sk-cash-handling
js-005745,job-04119,sk-customer-service
js-005746,job-04119,sk-sales
js-005747,job-04120,sk-cash-handling
js-005748,job-04120,sk-customer-service
js-005749,job-04120,sk-sales
js-005750,job-04121,sk-general-work
js-005751,job-04122,sk-cash-handling
js-005752,job-04122,sk-customer-service
js-005753,job-04122,sk-sales
js-005754,job-04123,sk-accounting
js-005755,job-04124,sk-general-work
js-005756,job-04125,sk-general-work
js-005757,job-04126,sk-general-work
js-005758,job-04127,sk-general-work
js-005759,job-04128,sk-general-work
js-005760,job-04129,sk-general-work
js-005761,job-04130,sk-general-work
js-005762,job-04131,sk-general-work
js-005763,job-04132,sk-general-work
js-005764,job-04133,sk-management
js-005765,job-04134,sk-management
js-005766,job-04135,sk-general-work
js-005767,job-04136,sk-general-work
js-005768,job-04137,sk-general-work
js-005769,job-04138,sk-general-work
js-005770,job-04139,sk-general-work
js-005771,job-04140,sk-general-work
js-005772,job-04141,sk-general-work
js-005773,job-04142,sk-general-work
js-005774,job-04143,sk-general-work
js-005775,job-04144,sk-general-work
js-005776,job-04145,sk-general-work
js-005777,job-04146,sk-general-work
js-005778,job-04147,sk-general-work
js-005779,job-04148,sk-general-work
js-005780,job-04149,sk-general-work
js-005781,job-04150,sk-general-work
js-005782,job-04151,sk-general-work
js-005783,job-04152,sk-general-work
js-005784,job-04153,sk-general-work
js-005785,job-04154,sk-accounting
js-005786,job-04155,sk-general-work
js-005787,job-04156,sk-management
js-005788,job-04157,sk-management
js-005789,job-04158,sk-general-work
js-005790,job-04159,sk-accounting
js-005791,job-04160,sk-general-work
js-005792,job-04161,sk-management
js-005793,job-04162,sk-general-work
js-005794,job-04163,sk-general-work
js-005795,job-04164,sk-general-work
js-005796,job-04165,sk-accounting
js-005797,job-04166,sk-general-work
js-005798,job-04167,sk-general-work
js-005799,job-04168,sk-general-work
js-005800,job-04169,sk-general-work
js-005801,job-04170,sk-warehouse-operations
js-005802,job-04171,sk-general-work
js-005803,job-04172,sk-general-work
js-005804,job-04173,sk-general-work
js-005805,job-04174,sk-general-work
js-005806,job-04175,sk-management
js-005807,job-04176,sk-accounting
js-005808,job-04177,sk-general-work
js-005809,job-04178,sk-general-work
js-005810,job-04179,sk-general-work
js-005811,job-04180,sk-general-work
js-005812,job-04181,sk-general-work
js-005813,job-04182,sk-general-work
js-005814,job-04183,sk-general-work
js-005815,job-04184,sk-general-work
js-005816,job-04185,sk-general-work
js-005817,job-04186,sk-general-work
js-005818,job-04187,sk-general-work
js-005819,job-04188,sk-management
js-005820,job-04189,sk-general-work
js-005821,job-04190,sk-general-work
js-005822,job-04191,sk-general-work
js-005823,job-04192,sk-information-technology
js-005824,job-04193,sk-general-work
js-005825,job-04194,sk-general-work
js-005826,job-04195,sk-general-work
js-005827,job-04196,sk-general-work
js-005828,job-04197,sk-general-work
js-005829,job-04198,sk-general-work
js-005830,job-04199,sk-information-technology
js-005831,job-04200,sk-medicine
js-005832,job-04201,sk-construction-work
js-005833,job-04202,sk-accounting
js-005834,job-04203,sk-management
js-005835,job-04204,sk-general-work
js-005836,job-04205,sk-general-work
js-005837,job-04206,sk-general-work
js-005838,job-04207,sk-general-work
js-005839,job-04208,sk-general-work
js-005840,job-04209,sk-technical-maintenance
js-005841,job-04210,sk-general-work
js-005842,job-04211,sk-general-work
js-005843,job-04212,sk-general-work
js-005844,job-04213,sk-general-work
js-005845,job-04214,sk-legal-work
js-005846,job-04215,sk-general-work
js-005847,job-04216,sk-general-work
js-005848,job-04217,sk-general-work
js-005849,job-04218,sk-general-work
js-005850,job-04219,sk-general-work
js-005851,job-04220,sk-general-work
js-005852,job-04221,sk-general-work
js-005853,job-04222,sk-general-work
js-005854,job-04223,sk-general-work
js-005855,job-04224,sk-general-work
js-005856,job-04225,sk-general-work
js-005857,job-04226,sk-general-work
js-005858,job-04227,sk-general-work
js-005859,job-04228,sk-production-work
js-005860,job-04229,sk-machine-operation
js-005861,job-04229,sk-production-work
js-005862,job-04230,sk-general-work
js-005863,job-04231,sk-general-work
js-005864,job-04232,sk-management
js-005865,job-04233,sk-general-work
js-005866,job-04234,sk-general-work
js-005867,job-04235,sk-general-work
js-005868,job-04236,sk-general-work
js-005869,job-04237,sk-general-work
js-005870,job-04238,sk-general-work
js-005871,job-04239,sk-general-work
js-005872,job-04240,sk-general-work
js-005873,job-04241,sk-general-work
js-005874,job-04242,sk-general-work
js-005875,job-04243,sk-general-work
js-005876,job-04244,sk-general-work
js-005877,job-04245,sk-general-work
js-005878,job-04246,sk-technical-maintenance
js-005879,job-04247,sk-general-work
js-005880,job-04248,sk-general-work
js-005881,job-04249,sk-legal-work
js-005882,job-04250,sk-general-work
js-005883,job-04251,sk-general-work
js-005884,job-04252,sk-general-work
js-005885,job-04253,sk-general-work
js-005886,job-04254,sk-general-work
js-005887,job-04255,sk-general-work
js-005888,job-04256,sk-general-work
js-005889,job-04257,sk-general-work
js-005890,job-04258,sk-general-work
js-005891,job-04259,sk-general-work
js-005892,job-04260,sk-general-work
js-005893,job-04261,sk-general-work
js-005894,job-04262,sk-general-work
js-005895,job-04263,sk-warehouse-operations
js-005896,job-04264,sk-warehouse-operations
js-005897,job-04265,sk-general-work
js-005898,job-04266,sk-general-work
js-005899,job-04267,sk-general-work
js-005900,job-04268,sk-general-work
js-005901,job-04269,sk-general-work
js-005902,job-04270,sk-general-work
js-005903,job-04271,sk-general-work
js-005904,job-04272,sk-general-work
js-005905,job-04273,sk-technical-maintenance
js-005906,job-04274,sk-technical-maintenance
js-005907,job-04275,sk-general-work
js-005908,job-04276,sk-general-work
js-005909,job-04277,sk-general-work
js-005910,job-04278,sk-general-work
js-005911,job-04279,sk-accounting
js-005912,job-04280,sk-general-work
js-005913,job-04281,sk-general-work
js-005914,job-04282,sk-general-work
js-005915,job-04283,sk-general-work
js-005916,job-04284,sk-general-work
js-005917,job-04285,sk-general-work
js-005918,job-04286,sk-general-work
js-005919,job-04287,sk-general-work
js-005920,job-04288,sk-general-work
js-005921,job-04289,sk-sales
js-005922,job-04290,sk-general-work
js-005923,job-04291,sk-general-work
js-005924,job-04292,sk-general-work
js-005925,job-04293,sk-accounting
js-005926,job-04294,sk-legal-work
js-005927,job-04295,sk-general-work
js-005928,job-04296,sk-general-work
js-005929,job-04297,sk-general-work
js-005930,job-04298,sk-general-work
js-005931,job-04299,sk-patient-care
js-005932,job-04300,sk-patient-care
js-005933,job-04301,sk-patient-care
js-005934,job-04302,sk-patient-care
js-005935,job-04303,sk-patient-care
js-005936,job-04304,sk-patient-care
js-005937,job-04305,sk-patient-care
js-005938,job-04306,sk-patient-care
js-005939,job-04307,sk-patient-care
js-005940,job-04308,sk-patient-care
js-005941,job-04309,sk-patient-care
js-005942,job-04310,sk-patient-care
js-005943,job-04311,sk-patient-care
js-005944,job-04312,sk-patient-care
js-005945,job-04313,sk-patient-care
js-005946,job-04314,sk-patient-care
js-005947,job-04315,sk-patient-care
js-005948,job-04316,sk-patient-care
js-005949,job-04317,sk-patient-care
js-005950,job-04318,sk-patient-care
js-005951,job-04319,sk-patient-care
js-005952,job-04320,sk-patient-care
js-005953,job-04321,sk-patient-care
js-005954,job-04322,sk-patient-care
js-005955,job-04323,sk-patient-care
js-005956,job-04324,sk-patient-care
js-005957,job-04325,sk-patient-care
js-005958,job-04326,sk-patient-care
js-005959,job-04327,sk-patient-care
js-005960,job-04328,sk-general-work
js-005961,job-04329,sk-patient-care
js-005962,job-04330,sk-patient-care
js-005963,job-04331,sk-patient-care
js-005964,job-04332,sk-patient-care
js-005965,job-04333,sk-patient-care
js-005966,job-04334,sk-patient-care
js-005967,job-04335,sk-patient-care
js-005968,job-04335,sk-slovenian-language
js-005969,job-04336,sk-patient-care
js-005970,job-04337,sk-patient-care
js-005971,job-04338,sk-patient-care
js-005972,job-04339,sk-patient-care
js-005973,job-04340,sk-patient-care
js-005974,job-04341,sk-general-work
js-005975,job-04342,sk-general-work
js-005976,job-04343,sk-general-work
js-005977,job-04344,sk-patient-care
js-005978,job-04345,sk-patient-care
js-005979,job-04346,sk-patient-care
js-005980,job-04347,sk-patient-care
js-005981,job-04348,sk-patient-care
js-005982,job-04349,sk-patient-care
js-005983,job-04350,sk-patient-care
js-005984,job-04351,sk-patient-care
js-005985,job-04352,sk-patient-care
js-005986,job-04353,sk-patient-care
js-005987,job-04354,sk-patient-care
js-005988,job-04355,sk-patient-care
js-005989,job-04356,sk-patient-care
js-005990,job-04357,sk-patient-care
js-005991,job-04358,sk-patient-care
js-005992,job-04359,sk-patient-care
js-005993,job-04359,sk-slovenian-language
js-005994,job-04360,sk-patient-care
js-005995,job-04361,sk-patient-care
js-005996,job-04362,sk-patient-care
js-005997,job-04363,sk-patient-care
js-005998,job-04364,sk-patient-care
js-005999,job-04365,sk-patient-care
js-006000,job-04366,sk-patient-care
js-006001,job-04367,sk-patient-care
js-006002,job-04368,sk-patient-care
js-006003,job-04369,sk-patient-care
js-006004,job-04370,sk-patient-care
js-006005,job-04371,sk-patient-care
js-006006,job-04372,sk-patient-care
js-006007,job-04373,sk-patient-care
js-006008,job-04374,sk-patient-care
js-006009,job-04375,sk-patient-care
js-006010,job-04376,sk-patient-care
js-006011,job-04377,sk-patient-care
js-006012,job-04378,sk-patient-care
js-006013,job-04379,sk-patient-care
js-006014,job-04380,sk-early-childhood-education
js-006015,job-04380,sk-teaching
js-006016,job-04381,sk-early-childhood-education
js-006017,job-04381,sk-teaching
js-006018,job-04382,sk-early-childhood-education
js-006019,job-04382,sk-teaching
js-006020,job-04383,sk-early-childhood-education
js-006021,job-04383,sk-teaching
js-006022,job-04384,sk-early-childhood-education
js-006023,job-04384,sk-teaching
js-006024,job-04385,sk-early-childhood-education
js-006025,job-04385,sk-teaching
js-006026,job-04386,sk-early-childhood-education
js-006027,job-04386,sk-teaching
js-006028,job-04387,sk-early-childhood-education
js-006029,job-04387,sk-teaching
js-006030,job-04388,sk-early-childhood-education
js-006031,job-04388,sk-teaching
js-006032,job-04389,sk-early-childhood-education
js-006033,job-04389,sk-teaching
js-006034,job-04390,sk-early-childhood-education
js-006035,job-04390,sk-teaching
js-006036,job-04391,sk-early-childhood-education
js-006037,job-04391,sk-teaching
js-006038,job-04392,sk-early-childhood-education
js-006039,job-04392,sk-teaching
js-006040,job-04393,sk-early-childhood-education
js-006041,job-04393,sk-teaching
js-006042,job-04394,sk-early-childhood-education
js-006043,job-04394,sk-teaching
js-006044,job-04395,sk-early-childhood-education
js-006045,job-04395,sk-slovenian-language
js-006046,job-04395,sk-teaching
js-006047,job-04396,sk-early-childhood-education
js-006048,job-04396,sk-teaching
js-006049,job-04397,sk-early-childhood-education
js-006050,job-04397,sk-teaching
js-006051,job-04398,sk-early-childhood-education
js-006052,job-04398,sk-teaching
js-006053,job-04399,sk-early-childhood-education
js-006054,job-04399,sk-teaching
js-006055,job-04400,sk-early-childhood-education
js-006056,job-04400,sk-teaching
js-006057,job-04401,sk-early-childhood-education
js-006058,job-04401,sk-teaching
js-006059,job-04402,sk-early-childhood-education
js-006060,job-04402,sk-teaching
js-006061,job-04403,sk-early-childhood-education
js-006062,job-04403,sk-teaching
js-006063,job-04404,sk-early-childhood-education
js-006064,job-04404,sk-teaching
js-006065,job-04405,sk-early-childhood-education
js-006066,job-04405,sk-teaching
js-006067,job-04406,sk-early-childhood-education
js-006068,job-04406,sk-teaching
js-006069,job-04407,sk-teaching
js-006070,job-04408,sk-teaching
js-006071,job-04409,sk-teaching
js-006072,job-04410,sk-teaching
js-006073,job-04411,sk-teaching
js-006074,job-04412,sk-teaching
js-006075,job-04413,sk-teaching
js-006076,job-04414,sk-teaching
js-006077,job-04415,sk-teaching
js-006078,job-04416,sk-teaching
js-006079,job-04417,sk-teaching
js-006080,job-04418,sk-speech-therapy
js-006081,job-04418,sk-teaching
js-006082,job-04419,sk-teaching
js-006083,job-04420,sk-teaching
js-006084,job-04421,sk-teaching
js-006085,job-04422,sk-teaching
js-006086,job-04423,sk-teaching
js-006087,job-04424,sk-accounting
js-006088,job-04425,sk-teaching
js-006089,job-04426,sk-teaching
js-006090,job-04427,sk-teaching
js-006091,job-04428,sk-teaching
js-006092,job-04429,sk-teaching
js-006093,job-04430,sk-teaching
js-006094,job-04431,sk-accounting
js-006095,job-04432,sk-teaching
js-006096,job-04433,sk-teaching
js-006097,job-04434,sk-teaching
js-006098,job-04435,sk-teaching
js-006099,job-04436,sk-teaching
js-006100,job-04437,sk-teaching
js-006101,job-04438,sk-teaching
js-006102,job-04439,sk-teaching
js-006103,job-04440,sk-teaching
js-006104,job-04441,sk-teaching
js-006105,job-04442,sk-teaching
js-006106,job-04443,sk-teaching
js-006107,job-04444,sk-teaching
js-006108,job-04445,sk-teaching
js-006109,job-04446,sk-teaching
js-006110,job-04447,sk-teaching
js-006111,job-04448,sk-teaching
js-006112,job-04449,sk-teaching
js-006113,job-04450,sk-teaching
js-006114,job-04451,sk-teaching
js-006115,job-04452,sk-teaching
js-006116,job-04453,sk-teaching
js-006117,job-04454,sk-slovenian-language
js-006118,job-04454,sk-teaching
js-006119,job-04455,sk-teaching
js-006120,job-04456,sk-teaching
js-006121,job-04457,sk-teaching
js-006122,job-04458,sk-construction-work
js-006123,job-04459,sk-teaching
js-006124,job-04460,sk-teaching
js-006125,job-04461,sk-teaching
js-006126,job-04462,sk-teaching
js-006127,job-04463,sk-teaching
js-006128,job-04464,sk-teaching
js-006129,job-04465,sk-slovenian-language
js-006130,job-04465,sk-teaching
js-006131,job-04466,sk-teaching
js-006132,job-04467,sk-teaching
js-006133,job-04468,sk-teaching
js-006134,job-04469,sk-teaching
js-006135,job-04470,sk-teaching
js-006136,job-04471,sk-teaching
js-006137,job-04472,sk-teaching
js-006138,job-04473,sk-slovenian-language
js-006139,job-04473,sk-teaching
js-006140,job-04474,sk-teaching
js-006141,job-04475,sk-teaching
js-006142,job-04476,sk-accounting
js-006143,job-04477,sk-english-language
js-006144,job-04477,sk-teaching
js-006145,job-04478,sk-teaching
js-006146,job-04479,sk-teaching
js-006147,job-04480,sk-slovenian-language
js-006148,job-04480,sk-teaching
js-006149,job-04481,sk-teaching
js-006150,job-04482,sk-teaching
js-006151,job-04483,sk-teaching
js-006152,job-04484,sk-teaching
js-006153,job-04485,sk-teaching
js-006154,job-04486,sk-teaching
js-006155,job-04487,sk-teaching
js-006156,job-04488,sk-accounting
js-006157,job-04489,sk-teaching
js-006158,job-04490,sk-teaching
js-006159,job-04491,sk-teaching
js-006160,job-04492,sk-teaching
js-006161,job-04493,sk-teaching
js-006162,job-04494,sk-teaching
js-006163,job-04495,sk-teaching
js-006164,job-04496,sk-teaching
js-006165,job-04497,sk-teaching
js-006166,job-04498,sk-teaching
js-006167,job-04499,sk-teaching
js-006168,job-04500,sk-teaching
js-006169,job-04501,sk-teaching
js-006170,job-04502,sk-accounting
js-006171,job-04503,sk-teaching
js-006172,job-04504,sk-teaching
js-006173,job-04505,sk-teaching
js-006174,job-04506,sk-teaching
js-006175,job-04507,sk-slovenian-language
js-006176,job-04507,sk-teaching
js-006177,job-04508,sk-teaching
js-006178,job-04509,sk-general-work
js-006179,job-04510,sk-administration
js-006180,job-04511,sk-general-work
js-006181,job-04512,sk-general-work
js-006182,job-04513,sk-general-work
js-006183,job-04514,sk-administration
js-006184,job-04515,sk-construction-work
js-006185,job-04516,sk-teaching
js-006186,job-04517,sk-teaching
js-006187,job-04518,sk-teaching
js-006188,job-04519,sk-teaching
js-006189,job-04520,sk-teaching
js-006190,job-04521,sk-teaching
js-006191,job-04522,sk-teaching
js-006192,job-04523,sk-teaching
js-006193,job-04524,sk-english-language
js-006194,job-04524,sk-teaching
js-006195,job-04525,sk-teaching
js-006196,job-04526,sk-teaching
js-006197,job-04527,sk-teaching
js-006198,job-04528,sk-teaching
js-006199,job-04529,sk-slovenian-language
js-006200,job-04529,sk-teaching
js-006201,job-04530,sk-teaching
js-006202,job-04531,sk-teaching
js-006203,job-04532,sk-teaching
js-006204,job-04533,sk-teaching
js-006205,job-04534,sk-teaching
js-006206,job-04535,sk-teaching
js-006207,job-04536,sk-teaching
js-006208,job-04537,sk-slovenian-language
js-006209,job-04537,sk-teaching
js-006210,job-04538,sk-teaching
js-006211,job-04539,sk-speech-therapy
js-006212,job-04539,sk-teaching
js-006213,job-04540,sk-teaching
js-006214,job-04541,sk-teaching
js-006215,job-04542,sk-teaching
js-006216,job-04543,sk-teaching
js-006217,job-04544,sk-teaching
js-006218,job-04545,sk-teaching
js-006219,job-04546,sk-slovenian-language
js-006220,job-04546,sk-teaching
js-006221,job-04547,sk-teaching
js-006222,job-04548,sk-teaching
js-006223,job-04549,sk-teaching
js-006224,job-04550,sk-speech-therapy
js-006225,job-04550,sk-teaching
js-006226,job-04551,sk-teaching
js-006227,job-04552,sk-teaching
js-006228,job-04553,sk-teaching
js-006229,job-04554,sk-general-work
js-006230,job-04555,sk-general-work
js-006231,job-04556,sk-teaching
js-006232,job-04557,sk-teaching
js-006233,job-04558,sk-teaching
js-006234,job-04559,sk-teaching
js-006235,job-04560,sk-slovenian-language
js-006236,job-04560,sk-teaching
js-006237,job-04561,sk-english-language
js-006238,job-04561,sk-teaching
js-006239,job-04562,sk-slovenian-language
js-006240,job-04562,sk-teaching
js-006241,job-04563,sk-teaching
js-006242,job-04564,sk-teaching
js-006243,job-04565,sk-teaching
js-006244,job-04566,sk-english-language
js-006245,job-04566,sk-teaching
js-006246,job-04567,sk-teaching
js-006247,job-04568,sk-teaching
js-006248,job-04569,sk-english-language
js-006249,job-04569,sk-teaching
js-006250,job-04570,sk-slovenian-language
js-006251,job-04570,sk-teaching
js-006252,job-04571,sk-teaching
js-006253,job-04572,sk-teaching
js-006254,job-04573,sk-teaching
js-006255,job-04574,sk-teaching
js-006256,job-04575,sk-management
js-006257,job-04576,sk-management
js-006258,job-04577,sk-pharmacy
js-006259,job-04578,sk-pharmacy
js-006260,job-04579,sk-pharmacy
js-006261,job-04580,sk-pharmacy
js-006262,job-04581,sk-pharmacy
js-006263,job-04582,sk-welding
js-006264,job-04583,sk-welding
js-006265,job-04584,sk-welding
js-006266,job-04585,sk-welding
js-006267,job-04586,sk-welding
js-006268,job-04587,sk-welding
js-006269,job-04588,sk-welding
js-006270,job-04589,sk-welding
js-006271,job-04590,sk-welding
js-006272,job-04591,sk-welding
js-006273,job-04592,sk-welding
js-006274,job-04593,sk-welding
js-006275,job-04594,sk-slovenian-language
js-006276,job-04594,sk-welding
js-006277,job-04595,sk-welding
js-006278,job-04596,sk-welding
js-006279,job-04597,sk-welding
js-006280,job-04598,sk-welding
js-006281,job-04599,sk-welding
js-006282,job-04600,sk-welding
js-006283,job-04601,sk-welding
js-006284,job-04602,sk-welding
js-006285,job-04603,sk-welding
js-006286,job-04604,sk-welding
js-006287,job-04605,sk-welding
js-006288,job-04606,sk-welding
js-006289,job-04607,sk-welding
js-006290,job-04608,sk-welding
js-006291,job-04609,sk-welding
js-006292,job-04610,sk-welding
js-006293,job-04611,sk-welding
js-006294,job-04612,sk-welding
js-006295,job-04613,sk-welding
js-006296,job-04614,sk-welding
js-006297,job-04615,sk-welding
js-006298,job-04616,sk-welding
js-006299,job-04617,sk-welding
js-006300,job-04618,sk-production-work
js-006301,job-04619,sk-mechanical-repair
js-006302,job-04620,sk-mechanical-repair
js-006303,job-04621,sk-mechanical-repair
js-006304,job-04622,sk-cnc-machining
js-006305,job-04622,sk-machine-operation
js-006306,job-04622,sk-production-work
js-006307,job-04623,sk-mechanical-repair
js-006308,job-04623,sk-slovenian-language
js-006309,job-04624,sk-technical-maintenance
js-006310,job-04625,sk-technical-maintenance
js-006311,job-04626,sk-mechanical-repair
js-006312,job-04627,sk-mechanical-repair
js-006313,job-04628,sk-mechanical-repair
js-006314,job-04629,sk-technical-maintenance
js-006315,job-04630,sk-mechanical-repair
js-006316,job-04631,sk-mechanical-repair
js-006317,job-04631,sk-vehicle-diagnostics
js-006318,job-04632,sk-mechanical-repair
js-006319,job-04632,sk-vehicle-diagnostics
js-006320,job-04633,sk-mechanical-repair
js-006321,job-04633,sk-vehicle-diagnostics
js-006322,job-04634,sk-mechanical-repair
js-006323,job-04635,sk-mechanical-repair
js-006324,job-04636,sk-technical-maintenance
js-006325,job-04637,sk-technical-maintenance
js-006326,job-04638,sk-general-work
js-006327,job-04639,sk-mechanical-repair
js-006328,job-04640,sk-mechanical-repair
js-006329,job-04641,sk-hairdressing
js-006330,job-04642,sk-hairdressing
js-006331,job-04643,sk-hairdressing
js-006332,job-04644,sk-hairdressing
js-006333,job-04645,sk-hairdressing
js-006334,job-04645,sk-slovenian-language
js-006335,job-01850,sk-biology
js-006336,job-01947,sk-biology
js-006337,job-02112,sk-biology
js-006338,job-04560,sk-biology
js-006339,job-01850,sk-chemistry
js-006340,job-01947,sk-chemistry
js-006341,job-01967,sk-chemistry
js-006342,job-01976,sk-chemistry
js-006343,job-02132,sk-chemistry
js-006344,job-04545,sk-chemistry
js-006345,job-04560,sk-chemistry
js-006346,job-04563,sk-chemistry
js-006347,job-01431,sk-physics
js-006348,job-01563,sk-physics
js-006349,job-01661,sk-physics
js-006350,job-01867,sk-physics
js-006351,job-01881,sk-physics
js-006352,job-02144,sk-physics
js-006353,job-02407,sk-physics
js-006354,job-04443,sk-physics
js-006355,job-04464,sk-physics
js-006356,job-04474,sk-physics
js-006357,job-04489,sk-physics
js-006358,job-04494,sk-physics
js-006359,job-04545,sk-physics
js-006360,job-04546,sk-physics
js-006361,job-04551,sk-physics
js-006362,job-04564,sk-physics
js-006363,job-01431,sk-mathematics
js-006364,job-01563,sk-mathematics
js-006365,job-01654,sk-mathematics
js-006366,job-01702,sk-mathematics
js-006367,job-01706,sk-mathematics
js-006368,job-01872,sk-mathematics
js-006369,job-01874,sk-mathematics
js-006370,job-02085,sk-mathematics
js-006371,job-02145,sk-mathematics
js-006372,job-02376,sk-mathematics
js-006373,job-02746,sk-mathematics
js-006374,job-04409,sk-mathematics
js-006375,job-04411,sk-mathematics
js-006376,job-04414,sk-mathematics
js-006377,job-04419,sk-mathematics
js-006378,job-04421,sk-mathematics
js-006379,job-04426,sk-mathematics
js-006380,job-04438,sk-mathematics
js-006381,job-04448,sk-mathematics
js-006382,job-04451,sk-mathematics
js-006383,job-04454,sk-mathematics
js-006384,job-04455,sk-mathematics
js-006385,job-04462,sk-mathematics
js-006386,job-04464,sk-mathematics
js-006387,job-04467,sk-mathematics
js-006388,job-04472,sk-mathematics
js-006389,job-04474,sk-mathematics
js-006390,job-04483,sk-mathematics
js-006391,job-04485,sk-mathematics
js-006392,job-04489,sk-mathematics
js-006393,job-04490,sk-mathematics
js-006394,job-04491,sk-mathematics
js-006395,job-04492,sk-mathematics
js-006396,job-04507,sk-mathematics
js-006397,job-04520,sk-mathematics
js-006398,job-04523,sk-mathematics
js-006399,job-04525,sk-mathematics
js-006400,job-04533,sk-mathematics
js-006401,job-04551,sk-mathematics
js-006402,job-04553,sk-mathematics
js-006403,job-04556,sk-mathematics
js-006404,job-04559,sk-mathematics
js-006405,job-04567,sk-mathematics
js-006406,job-04570,sk-mathematics
js-006407,job-04574,sk-mathematics
js-006408,job-01899,sk-geography
js-006409,job-01945,sk-geography
js-006410,job-02115,sk-geography
js-006411,job-04453,sk-geography
js-006412,job-04527,sk-geography
js-006413,job-04549,sk-geography
js-006414,job-04558,sk-geography
js-006415,job-01899,sk-history
js-006416,job-01945,sk-history
js-006417,job-04536,sk-history
js-006418,job-04549,sk-history
js-006419,job-01632,sk-psychology
js-006420,job-04427,sk-psychology
js-006421,job-04428,sk-psychology
js-006422,job-04434,sk-psychology
js-006423,job-04498,sk-psychology
js-006424,job-04499,sk-psychology
js-006425,job-04506,sk-psychology
js-006426,job-04562,sk-psychology
js-006427,job-04432,sk-philosophy
js-006428,job-04503,sk-philosophy
js-006429,job-01472,sk-art-education
js-006430,job-01498,sk-art-education
js-006431,job-01586,sk-art-education
js-006432,job-01851,sk-art-education
js-006433,job-01861,sk-art-education
js-006434,job-02234,sk-art-education
js-006435,job-04471,sk-art-education
js-006436,job-04529,sk-art-education
js-006437,job-04547,sk-art-education
js-006438,job-04571,sk-art-education
js-006439,job-01472,sk-music-education
js-006440,job-01498,sk-music-education
js-006441,job-01861,sk-music-education
js-006442,job-02121,sk-music-education
js-006443,job-02234,sk-music-education
js-006444,job-04410,sk-music-education
js-006445,job-04420,sk-music-education
js-006446,job-04571,sk-music-education
js-006447,job-01548,sk-physical-education
js-006448,job-01961,sk-physical-education
js-006449,job-04568,sk-physical-education
js-006450,job-01582,sk-computer-science
js-006451,job-01702,sk-computer-science
js-006452,job-02746,sk-computer-science
js-006453,job-04419,sk-computer-science
js-006454,job-04492,sk-computer-science
js-006455,job-04547,sk-computer-science
js-006456,job-04565,sk-computer-science
js-006457,job-01424,sk-primary-education
js-006458,job-01428,sk-primary-education
js-006459,job-01498,sk-primary-education
js-006460,job-01657,sk-primary-education
js-006461,job-01849,sk-primary-education
js-006462,job-01897,sk-primary-education
js-006463,job-01998,sk-primary-education
js-006464,job-02108,sk-primary-education
js-006465,job-04408,sk-primary-education
js-006466,job-04409,sk-primary-education
js-006467,job-04412,sk-primary-education
js-006468,job-04422,sk-primary-education
js-006469,job-04426,sk-primary-education
js-006470,job-04446,sk-primary-education
js-006471,job-04447,sk-primary-education
js-006472,job-04457,sk-primary-education
js-006473,job-04460,sk-primary-education
js-006474,job-04470,sk-primary-education
js-006475,job-04482,sk-primary-education
js-006476,job-04539,sk-primary-education
js-006477,job-04541,sk-primary-education
js-006478,job-04542,sk-primary-education
js-006479,job-04543,sk-primary-education
js-006480,job-04545,sk-primary-education
js-006481,job-04547,sk-primary-education
js-006482,job-04548,sk-primary-education
js-006483,job-04550,sk-primary-education
js-006484,job-04557,sk-primary-education
js-006485,job-04566,sk-primary-education
js-006486,job-01568,sk-special-education
js-006487,job-01663,sk-special-education
js-006488,job-01720,sk-special-education
js-006489,job-01978,sk-special-education
js-006490,job-02297,sk-special-education
js-006491,job-02511,sk-special-education
js-006492,job-04384,sk-special-education
js-006493,job-04385,sk-special-education
js-006494,job-04389,sk-special-education
js-006495,job-04450,sk-special-education
js-006496,job-04463,sk-special-education
js-006497,job-04466,sk-special-education
js-006498,job-04473,sk-special-education
js-006499,job-04520,sk-special-education
js-006500,job-04539,sk-special-education
js-006501,job-04540,sk-special-education
js-006502,job-04550,sk-special-education
js-006503,job-01388,sk-technical-education
js-006504,job-01980,sk-technical-education
js-006505,job-03527,sk-technical-education
js-006506,job-04449,sk-technical-education
js-006507,job-04458,sk-technical-education
js-006508,job-04475,sk-technical-education
js-006509,job-04515,sk-technical-education
js-006510,job-04516,sk-technical-education
js-006511,job-04517,sk-technical-education
js-006512,job-04519,sk-technical-education
js-006513,job-04521,sk-technical-education
js-006514,job-04522,sk-technical-education
js-006515,job-04526,sk-technical-education
js-006516,job-04531,sk-technical-education
js-006517,job-04532,sk-technical-education
js-006518,job-04534,sk-technical-education
js-006519,job-04537,sk-technical-education
js-006520,job-04538,sk-technical-education
js-006521,job-04572,sk-technical-education
js-006522,job-04573,sk-technical-education
js-006523,job-00171,sk-mechanical-engineering
js-006524,job-00185,sk-mechanical-engineering
js-006525,job-00187,sk-mechanical-engineering
js-006526,job-00465,sk-mechanical-engineering
js-006527,job-01333,sk-mechanical-engineering
js-006528,job-01388,sk-mechanical-engineering
js-006529,job-01650,sk-mechanical-engineering
js-006530,job-01721,sk-mechanical-engineering
js-006531,job-01736,sk-mechanical-engineering
js-006532,job-01855,sk-mechanical-engineering
js-006533,job-01889,sk-mechanical-engineering
js-006534,job-01980,sk-mechanical-engineering
js-006535,job-02012,sk-mechanical-engineering
js-006536,job-02069,sk-mechanical-engineering
js-006537,job-02185,sk-mechanical-engineering
js-006538,job-02442,sk-mechanical-engineering
js-006539,job-02463,sk-mechanical-engineering
js-006540,job-02474,sk-mechanical-engineering
js-006541,job-02497,sk-mechanical-engineering
js-006542,job-02514,sk-mechanical-engineering
js-006543,job-02729,sk-mechanical-engineering
js-006544,job-03052,sk-mechanical-engineering
js-006545,job-03206,sk-mechanical-engineering
js-006546,job-03411,sk-mechanical-engineering
js-006547,job-03432,sk-mechanical-engineering
js-006548,job-03472,sk-mechanical-engineering
js-006549,job-03474,sk-mechanical-engineering
js-006550,job-03510,sk-mechanical-engineering
js-006551,job-03527,sk-mechanical-engineering
js-006552,job-03537,sk-mechanical-engineering
js-006553,job-03538,sk-mechanical-engineering
js-006554,job-03540,sk-mechanical-engineering
js-006555,job-03706,sk-mechanical-engineering
js-006556,job-03785,sk-mechanical-engineering
js-006557,job-03828,sk-mechanical-engineering
js-006558,job-03875,sk-mechanical-engineering
js-006559,job-03919,sk-mechanical-engineering
js-006560,job-03936,sk-mechanical-engineering
js-006561,job-04069,sk-mechanical-engineering
js-006562,job-04076,sk-mechanical-engineering
js-006563,job-04475,sk-mechanical-engineering
js-006564,job-04515,sk-mechanical-engineering
js-006565,job-04516,sk-mechanical-engineering
js-006566,job-04534,sk-mechanical-engineering
js-006567,job-04572,sk-mechanical-engineering
js-006568,job-04573,sk-mechanical-engineering
js-006569,job-04583,sk-mechanical-engineering
js-006570,job-04593,sk-mechanical-engineering
js-006571,job-04594,sk-mechanical-engineering
js-006572,job-04596,sk-mechanical-engineering
js-006573,job-01158,sk-electrical-engineering
js-006574,job-01160,sk-electrical-engineering
js-006575,job-01502,sk-electrical-engineering
js-006576,job-01594,sk-electrical-engineering
js-006577,job-01747,sk-electrical-engineering
js-006578,job-02088,sk-electrical-engineering
js-006579,job-02310,sk-electrical-engineering
js-006580,job-02414,sk-electrical-engineering
js-006581,job-02457,sk-electrical-engineering
js-006582,job-02475,sk-electrical-engineering
js-006583,job-02489,sk-electrical-engineering
js-006584,job-03607,sk-electrical-engineering
js-006585,job-03659,sk-electrical-engineering
js-006586,job-03690,sk-electrical-engineering
js-006587,job-03693,sk-electrical-engineering
js-006588,job-03723,sk-electrical-engineering
js-006589,job-03727,sk-electrical-engineering
js-006590,job-03753,sk-electrical-engineering
js-006591,job-03759,sk-electrical-engineering
js-006592,job-03763,sk-electrical-engineering
js-006593,job-03809,sk-electrical-engineering
js-006594,job-03848,sk-electrical-engineering
js-006595,job-03921,sk-electrical-engineering
js-006596,job-03941,sk-electrical-engineering
js-006597,job-03942,sk-electrical-engineering
js-006598,job-03952,sk-electrical-engineering
js-006599,job-03953,sk-electrical-engineering
js-006600,job-03954,sk-electrical-engineering
js-006601,job-03956,sk-electrical-engineering
js-006602,job-03957,sk-electrical-engineering
js-006603,job-04054,sk-electrical-engineering
js-006604,job-04449,sk-electrical-engineering
js-006605,job-04459,sk-electrical-engineering
js-006606,job-04461,sk-electrical-engineering
js-006607,job-04481,sk-electrical-engineering
js-006608,job-04484,sk-electrical-engineering
js-006609,job-04519,sk-electrical-engineering
js-006610,job-04526,sk-electrical-engineering
js-006611,job-04532,sk-electrical-engineering
js-006612,job-00150,sk-automation
js-006613,job-00186,sk-automation
js-006614,job-02093,sk-automation
js-006615,job-02095,sk-automation
js-006616,job-02349,sk-automation
js-006617,job-03799,sk-automation
js-006618,job-03802,sk-automation
js-006619,job-03814,sk-automation
js-006620,job-03846,sk-automation
js-006621,job-04053,sk-automation
js-006622,job-04519,sk-automation
js-006623,job-04522,sk-automation
js-006624,job-01237,sk-robotics
js-006625,job-04519,sk-robotics
js-006626,job-01158,sk-mechatronics
js-006627,job-01502,sk-mechatronics
js-006628,job-02457,sk-mechatronics
js-006629,job-03481,sk-mechatronics
js-006630,job-03527,sk-mechatronics
js-006631,job-03607,sk-mechatronics
js-006632,job-03659,sk-mechatronics
js-006633,job-03723,sk-mechatronics
js-006634,job-03727,sk-mechatronics
js-006635,job-03728,sk-mechatronics
js-006636,job-03957,sk-mechatronics
js-006637,job-04090,sk-mechatronics
js-006638,job-04459,sk-mechatronics
js-006639,job-04461,sk-mechatronics
js-006640,job-04519,sk-mechatronics
js-006641,job-04638,sk-mechatronics
js-006642,job-02588,sk-telecommunications
js-006643,job-02700,sk-telecommunications
js-006644,job-02719,sk-telecommunications
js-006645,job-03334,sk-telecommunications
js-006646,job-03336,sk-telecommunications
js-006647,job-03338,sk-telecommunications
js-006648,job-03558,sk-telecommunications
js-006649,job-03569,sk-telecommunications
js-006650,job-03603,sk-telecommunications
js-006651,job-03817,sk-telecommunications
js-006652,job-03900,sk-telecommunications
js-006653,job-04224,sk-telecommunications
js-006654,job-04230,sk-telecommunications
js-006655,job-04532,sk-telecommunications
js-006656,job-01404,sk-woodworking
js-006657,job-01416,sk-woodworking
js-006658,job-01821,sk-woodworking
js-006659,job-01822,sk-woodworking
js-006660,job-01890,sk-woodworking
js-006661,job-02017,sk-woodworking
js-006662,job-03606,sk-woodworking
js-006663,job-03706,sk-woodworking
js-006664,job-03743,sk-woodworking
js-006665,job-03902,sk-woodworking
js-006666,job-04044,sk-woodworking
js-006667,job-04051,sk-woodworking
js-006668,job-04517,sk-woodworking
js-006669,job-01889,sk-metalworking
js-006670,job-02012,sk-metalworking
js-006671,job-02069,sk-metalworking
js-006672,job-02474,sk-metalworking
js-006673,job-02497,sk-metalworking
js-006674,job-02514,sk-metalworking
js-006675,job-03206,sk-metalworking
js-006676,job-03432,sk-metalworking
js-006677,job-03472,sk-metalworking
js-006678,job-03474,sk-metalworking
js-006679,job-03510,sk-metalworking
js-006680,job-03537,sk-metalworking
js-006681,job-03538,sk-metalworking
js-006682,job-03540,sk-metalworking
js-006683,job-03745,sk-metalworking
js-006684,job-04515,sk-metalworking
js-006685,job-04534,sk-metalworking
js-006686,job-04593,sk-metalworking
js-006687,job-04594,sk-metalworking
js-006688,job-04596,sk-metalworking
js-006689,job-01562,sk-automotive-repair
js-006690,job-02702,sk-automotive-repair
js-006691,job-03659,sk-automotive-repair
js-006692,job-03689,sk-automotive-repair
js-006693,job-03746,sk-automotive-repair
js-006694,job-04521,sk-automotive-repair
js-006695,job-02953,sk-graphic-design
js-006696,job-04429,sk-graphic-design
js-006697,job-04437,sk-graphic-design
js-006698,job-04500,sk-graphic-design
js-006699,job-04433,sk-library-science
js-006700,job-04505,sk-library-science
js-006701,job-01556,sk-english-language
js-006702,job-01557,sk-english-language
js-006703,job-02108,sk-english-language
js-006704,job-02146,sk-english-language
js-006705,job-04470,sk-english-language
js-006706,job-04482,sk-english-language
js-006707,job-04496,sk-english-language
js-006708,job-04508,sk-english-language
js-006709,job-04518,sk-english-language
js-006710,job-04528,sk-english-language
js-006711,job-04536,sk-english-language
js-006712,job-04552,sk-english-language
js-006713,job-01556,sk-german-language
js-006714,job-01557,sk-german-language
js-006715,job-04518,sk-german-language
js-006716,job-01327,sk-slovenian-language
js-006717,job-01858,sk-slovenian-language
js-006718,job-01954,sk-slovenian-language
js-006719,job-01998,sk-slovenian-language
js-006720,job-02650,sk-slovenian-language
js-006721,job-04413,sk-slovenian-language
js-006722,job-04417,sk-slovenian-language
js-006723,job-04447,sk-slovenian-language
js-006724,job-04457,sk-slovenian-language
js-006725,job-04495,sk-slovenian-language
js-006726,job-04524,sk-slovenian-language
js-006727,job-04535,sk-slovenian-language
js-006728,job-04544,sk-slovenian-language
js-006729,job-04566,sk-slovenian-language
js-006730,job-01437,sk-teaching
js-006731,job-01516,sk-teaching
js-006732,job-02005,sk-teaching
js-006733,job-02376,sk-teaching
js-006734,job-04424,sk-teaching
js-006735,job-04431,sk-teaching
js-006736,job-04458,sk-teaching
js-006737,job-04476,sk-teaching
js-006738,job-04488,sk-teaching
js-006739,job-04502,sk-teaching
js-006740,job-04509,sk-teaching
js-006741,job-04510,sk-teaching
js-006742,job-04511,sk-teaching
js-006743,job-04512,sk-teaching
js-006744,job-04513,sk-teaching
js-006745,job-04514,sk-teaching
js-006746,job-04515,sk-teaching
js-006747,job-04554,sk-teaching
js-006748,job-04555,sk-teaching
js-006749,job-01156,sk-speech-therapy
js-006750,job-01185,sk-speech-therapy
js-006751,job-01225,sk-speech-therapy
js-006752,job-01437,sk-speech-therapy
js-006753,RB84686,sk-automotive-repair
js-006754,RB84686,sk-vehicle-diagnostics
js-006755,RB84686,sk-forklift-operation
js-006756,RB84686,sk-microsoft-office
js-006757,RB84686,sk-driving-category-b
js-006758,RB84746,sk-driving
js-006759,RB84746,sk-warehouse-operations
js-006760,RB84746,sk-driving-category-b
js-006761,RB84746,sk-driving-category-c
js-006762,RB84746,sk-driving-category-e
js-006763,RB84746,sk-driving-category-ce
js-006764,RC04023,sk-machine-operation
js-006765,RC04023,sk-driving-category-b
js-006766,RC04023,sk-slovenian-language
js-006767,RC07567,sk-warehouse-operations
js-006768,RC07567,sk-inventory-management
js-006769,RC07567,sk-english-language
js-006770,RC03611,sk-postal-delivery
js-006771,RC03611,sk-customer-service
js-006772,RC03611,sk-cash-handling
js-006773,RC03611,sk-driving-category-b
js-006774,RC03611,sk-driving-category-e
js-006775,RC03611,sk-slovenian-language
js-006776,RC03611,sk-communication
js-006777,RB92434,sk-administration
js-006778,RB92434,sk-customer-service
js-006779,RB92434,sk-communication
js-006780,RB92434,sk-microsoft-office
js-006781,RB92434,sk-driving-category-b
js-006782,RC11756,sk-automotive-repair
js-006783,RC11756,sk-electrical-work
js-006784,RC11756,sk-vehicle-diagnostics
js-006785,RC11756,sk-vehicle-towing
js-006786,RC11756,sk-customer-service
js-006787,RC11756,sk-communication
js-006788,RC11756,sk-driving-category-c
js-006789,RC11756,sk-driving-category-e
js-006790,RB28190,sk-cleaning
js-006791,RB28190,sk-driving-category-b
js-006792,RB28190,sk-slovenian-language
js-006793,RA22463,sk-nursing
js-006794,RA22463,sk-patient-care
js-006795,RA22463,sk-first-aid
js-006796,RA22463,sk-haccp
js-006797,RA22463,sk-driving-category-b
js-006798,PZ68791,sk-nursing
js-006799,PZ68791,sk-patient-care
js-006800,PZ68791,sk-first-aid
js-006801,PZ68791,sk-haccp
js-006802,PZ68791,sk-customer-service
js-006803,PZ68791,sk-communication
js-006804,PZ68791,sk-driving-category-b
js-006805,RB39204,sk-administration
js-006806,PY86110,sk-cleaning
js-006807,PY86110,sk-driving-category-b
js-006808,PY86110,sk-slovenian-language
js-006809,RB98423,sk-accounting
js-006810,RB98423,sk-microsoft-office
js-006811,RB98423,sk-slovenian-language
js-006812,RC05384,sk-orthopedics
js-006813,RC05384,sk-slovenian-language
js-006814,RC10901,sk-technical-maintenance
js-006815,RC10901,sk-mechanical-repair
js-006816,RC10901,sk-electrical-work
js-006817,RC10901,sk-driving-category-b
js-006818,RC07246,sk-microsoft-office
js-006819,RC07246,sk-driving-category-b
js-006820,RB87497,sk-cleaning
js-006821,RB87497,sk-slovenian-language
js-006822,RB64024,sk-medicine
js-006823,RB64024,sk-surgery
js-006824,RB64024,sk-slovenian-language
js-006825,RB64086,sk-medicine
js-006826,RB64086,sk-oncology
js-006827,RB64086,sk-slovenian-language
js-006828,RB64115,sk-medicine
js-006829,RB64115,sk-pediatrics
js-006830,RB64115,sk-slovenian-language
js-006831,RB63920,sk-medicine
js-006832,RB63920,sk-dermatovenerology
js-006833,RB63920,sk-slovenian-language
js-006834,RB63964,sk-medicine
js-006835,RB63964,sk-internal-medicine
js-006836,RB63964,sk-slovenian-language
js-006837,RC05280,sk-cleaning
js-006838,RC05280,sk-slovenian-language
js-006839,RB63950,sk-information-technology
js-006840,RB63950,sk-it-infrastructure
js-006841,RB63950,sk-windows-server
js-006842,RB63950,sk-linux
js-006843,RB63950,sk-virtualization
js-006844,RB63950,sk-vmware
js-006845,RB63950,sk-hyper-v
js-006846,RB63950,sk-proxmox
js-006847,RB63950,sk-active-directory
js-006848,RB63950,sk-dns
js-006849,RB63950,sk-dhcp
js-006850,RB63950,sk-iis
js-006851,RB63950,sk-english-language
js-006852,RB63825,sk-information-technology
js-006853,RB63825,sk-network-administration
js-006854,RB63825,sk-lan-wan-networking
js-006855,RB63825,sk-firewall-management
js-006856,RB63825,sk-cybersecurity
js-006857,RB63825,sk-intrusion-detection
js-006858,RB63825,sk-switches-routers
js-006859,RB63825,sk-wireless-networking
js-006860,RB63825,sk-network-monitoring
js-006861,RB63825,sk-technical-documentation
js-006862,RB63825,sk-english-language
js-006863,RB94941,sk-microsoft-office
js-006864,RB94941,sk-cash-handling
js-006865,RB94941,sk-english-language
js-006866,RC04128,sk-postal-delivery
js-006867,RC04128,sk-customer-service
js-006868,RC04128,sk-forklift-operation
js-006869,RC04128,sk-driving-category-b
js-006870,RC10352,sk-truck-driving
js-006871,RC10352,sk-warehouse-operations
js-006872,RC10352,sk-forklift-operation
js-006873,RC10352,sk-driving-category-b
js-006874,RC10352,sk-slovenian-language
js-006875,RB97770,sk-administration
js-006876,RB97770,sk-microsoft-office
js-006877,RB97770,sk-slovenian-language
js-006878,RB97770,sk-english-language
js-006879,PZ67384,sk-cleaning
js-006880,ID35097,sk-customer-service
js-006881,ID35097,sk-communication
js-006882,ID35097,sk-english-language
js-006883,IC99820,sk-warehouse-operations
js-006884,IC99820,sk-driving-category-b
js-006885,RC03275,sk-baking
js-006886,RC03275,sk-food-preparation
js-006887,RC03275,sk-cash-handling
js-006888,RC03275,sk-driving-category-b
js-006889,RC03275,sk-slovenian-language
js-006890,RC03275,sk-customer-service
js-006891,RC03230,sk-baking
js-006892,RC03230,sk-food-preparation
js-006893,RC03230,sk-cash-handling
js-006894,RC03230,sk-slovenian-language
js-006895,RC03230,sk-customer-service
js-006896,RC03321,sk-baking
js-006897,RC03321,sk-food-preparation
js-006898,RC03321,sk-cash-handling
js-006899,RC03321,sk-driving-category-b
js-006900,RC03321,sk-slovenian-language
js-006901,RC03321,sk-customer-service
js-006902,RC03292,sk-baking
js-006903,RC03292,sk-food-preparation
js-006904,RC03292,sk-cash-handling
js-006905,RC03292,sk-slovenian-language
js-006906,RC03292,sk-customer-service
js-006907,RC03304,sk-baking
js-006908,RC03304,sk-food-preparation
js-006909,RC03304,sk-cash-handling
js-006910,RC03304,sk-driving-category-b
js-006911,RC03304,sk-slovenian-language
js-006912,RC03304,sk-customer-service
js-006913,RC03289,sk-baking
js-006914,RC03289,sk-food-preparation
js-006915,RC03289,sk-cash-handling
js-006916,RC03289,sk-slovenian-language
js-006917,RC03289,sk-customer-service
js-006918,RC03261,sk-baking
js-006919,RC03261,sk-food-preparation
js-006920,RC03261,sk-cash-handling
js-006921,RC03261,sk-slovenian-language
js-006922,RC03261,sk-customer-service
js-006923,RC03244,sk-baking
js-006924,RC03244,sk-food-preparation
js-006925,RC03244,sk-cash-handling
js-006926,RC03244,sk-slovenian-language
js-006927,RC03244,sk-customer-service
js-006928,RC09295,sk-baking
js-006929,RC09295,sk-food-preparation
js-006930,RC09295,sk-cash-handling
js-006931,RC09295,sk-driving-category-b
js-006932,RC09295,sk-slovenian-language
js-006933,RC09295,sk-customer-service
js-006934,RC09324,sk-baking
js-006935,RC09324,sk-food-preparation
js-006936,RC09324,sk-cash-handling
js-006937,RC09324,sk-driving-category-b
js-006938,RC09324,sk-slovenian-language
js-006939,RC09324,sk-customer-service
js-006940,RC12765,sk-baking
js-006941,RC12765,sk-food-preparation
js-006942,RC12765,sk-cash-handling
js-006943,RC12765,sk-driving-category-b
js-006944,RC12765,sk-slovenian-language
js-006945,RC12765,sk-customer-service
js-006946,RC12779,sk-baking
js-006947,RC12779,sk-food-preparation
js-006948,RC12779,sk-cash-handling
js-006949,RC12779,sk-driving-category-b
js-006950,RC12779,sk-slovenian-language
js-006951,RC12779,sk-customer-service
js-006952,RC12782,sk-baking
js-006953,RC12782,sk-food-preparation
js-006954,RC12782,sk-cash-handling
js-006955,RC12782,sk-driving-category-b
js-006956,RC12782,sk-slovenian-language
js-006957,RC12782,sk-customer-service
js-006958,RC12808,sk-baking
js-006959,RC12808,sk-food-preparation
js-006960,RC12808,sk-cash-handling
js-006961,RC12808,sk-driving-category-b
js-006962,RC12808,sk-slovenian-language
js-006963,RC12808,sk-customer-service
js-006964,RC03915,sk-construction-work
js-006965,RC03915,sk-metalworking
js-006966,RB73437,sk-technical-maintenance
js-006967,RB73437,sk-mechanical-repair
js-006968,IC87089,sk-production-work
js-006969,IC76454,sk-production-work
js-006970,RC11470,sk-truck-driving
js-006971,RC11470,sk-driving-category-c
js-006972,RC11470,sk-driving-category-e
js-006973,RC11470,sk-driving-category-ce
js-006974,RC05856,sk-sales
js-006975,RC05856,sk-customer-service
js-006976,RC05856,sk-cash-handling
js-006977,RA65880,sk-warehouse-operations
js-006978,RA65880,sk-forklift-operation
js-006979,RA65880,sk-driving-category-b
js-006980,RA65880,sk-driving-category-e
js-006981,RC11864,sk-driving-instruction
js-006982,RC11864,sk-teaching
js-006983,RC11864,sk-communication
js-006984,RC11864,sk-cash-handling
js-006985,RC11864,sk-customer-service
js-006986,RB92542,sk-administration
js-006987,RB92542,sk-customer-service
js-006988,RB92542,sk-communication
js-006989,RB92542,sk-cash-handling
js-006990,DN61861,sk-painting
js-006991,DN61861,sk-facade-work
js-006992,PV01779,sk-agriculture
js-006993,PV01779,sk-forklift-operation
js-006994,PV01779,sk-driving-category-b
js-006995,PV01779,sk-production-work
js-006996,RC03778,sk-warehouse-operations
js-006997,RC03778,sk-microsoft-office
js-006998,RC03778,sk-driving-category-b
js-006999,RC03778,sk-slovenian-language
js-007000,RC03778,sk-customer-service
js-007001,RC03778,sk-communication
js-007002,RC10625,sk-microsoft-office
js-007003,RC10625,sk-driving-category-b
js-007004,RC10625,sk-slovenian-language
js-007005,RC10642,sk-microsoft-office
js-007006,RC10642,sk-customer-service
js-007007,RC10642,sk-communication
js-007008,RC10642,sk-driving-category-b
js-007009,RC10642,sk-slovenian-language
js-007010,RC10690,sk-microsoft-office
js-007011,RC10690,sk-customer-service
js-007012,RC10690,sk-communication
js-007013,RC10690,sk-driving-category-b
js-007014,RC10690,sk-slovenian-language
js-007015,RC01274,sk-teaching
js-007016,RC01274,sk-communication
js-007017,RC01274,sk-biology
js-007018,RC01274,sk-driving-category-b
js-007019,RC01274,sk-slovenian-language
js-007020,RC01274,sk-english-language
js-007021,RC01487,sk-teaching
js-007022,RC01487,sk-communication
js-007023,RC01487,sk-physics
js-007024,RC01487,sk-chemistry
js-007025,RC01487,sk-driving-category-b
js-007026,RC01487,sk-slovenian-language
js-007027,RC01487,sk-english-language
js-007028,RB86963,sk-teaching
js-007029,RB86963,sk-communication
js-007030,RB86963,sk-chemistry
js-007031,RB86963,sk-microsoft-office
js-007032,RB86963,sk-driving-category-b
js-007033,RB86963,sk-slovenian-language
js-007034,RB86963,sk-english-language
js-007035,RB76507,sk-teaching
js-007036,RB76507,sk-communication
js-007037,RB76507,sk-physics
js-007038,RB76507,sk-driving-category-b
js-007039,RB76507,sk-slovenian-language
js-007040,RB76507,sk-english-language
js-007041,RB76447,sk-teaching
js-007042,RB76447,sk-communication
js-007043,RB76447,sk-mathematics
js-007044,RB76447,sk-driving-category-b
js-007045,RB76447,sk-slovenian-language
js-007046,RC04068,sk-nursing
js-007047,RC04068,sk-patient-care
js-007048,RC04068,sk-customer-service
js-007049,RC04068,sk-communication
js-007050,RC04068,sk-driving-category-b
js-007051,RC04068,sk-slovenian-language
js-007052,RB91959,sk-driving
js-007053,RB91959,sk-customer-service
js-007054,RB91959,sk-communication
js-007055,RB91959,sk-driving-category-b
js-007056,RB90754,sk-customer-service
js-007057,RB90754,sk-communication
js-007058,RB90754,sk-slovenian-language
js-007059,RC09139,sk-administration
js-007060,RC09139,sk-driving-category-b
js-007061,RC09139,sk-slovenian-language
js-007062,RC09108,sk-customer-service
js-007063,RC09108,sk-communication
js-007064,RC09108,sk-driving-category-b
js-007065,RC09108,sk-driving-category-d
js-007066,RC09108,sk-slovenian-language
js-007067,RC09108,sk-production-work
js-007068,RB13840,sk-hospitality
js-007069,RB13840,sk-restaurant-service
js-007070,RB13840,sk-customer-service
js-007071,RB13840,sk-cash-handling
js-007072,RB13750,sk-sales
js-007073,RB13750,sk-customer-service
js-007074,RB13750,sk-cash-handling
js-007075,RB13794,sk-warehouse-operations
js-007076,RB13794,sk-inventory-management
js-007077,RB13794,sk-customer-service
js-007078,RB13794,sk-communication
js-007079,RC10227,sk-truck-driving
js-007080,RC10227,sk-driving-category-b
js-007081,RC10227,sk-driving-category-c
js-007082,RC10227,sk-driving-category-e
js-007083,RC10227,sk-driving-category-ce
js-007084,RC10227,sk-slovenian-language
js-007085,RC02040,sk-cleaning
js-007086,RC09281,sk-production-work
js-007087,RB79608,sk-warehouse-operations
js-007088,RB79608,sk-forklift-operation
js-007089,RB79608,sk-cash-handling
js-007090,RA90911,sk-microsoft-office
js-007091,RA90911,sk-haccp
js-007092,RA90911,sk-driving-category-b
js-007093,RA90911,sk-slovenian-language
js-007094,RA90911,sk-english-language
js-007095,RC06908,sk-microsoft-office
js-007096,RC06908,sk-haccp
js-007097,RC06908,sk-driving-category-b
js-007098,RC06908,sk-slovenian-language
js-007099,RB98042,sk-warehouse-operations
js-007100,RB98042,sk-inventory-management
js-007101,RB98042,sk-driving-category-b
js-007102,RB98042,sk-slovenian-language
js-007103,RB14221,sk-technical-maintenance
js-007104,RB14221,sk-electrical-work
js-007105,RB14221,sk-microsoft-office
js-007106,RB14221,sk-driving-category-b
js-007107,RB14221,sk-slovenian-language
js-007108,RC02158,sk-production-work
js-007109,RC02158,sk-driving-category-b
js-007110,RA53514,sk-sales
js-007111,RA53514,sk-customer-service
js-007112,RA53514,sk-communication
js-007113,RA53514,sk-driving-category-b
js-007114,RA53514,sk-english-language
js-007115,RB92417,sk-administration
js-007116,RB85451,sk-quality-control
js-007117,RB85451,sk-driving-category-b
js-007118,RC10457,sk-cooking
js-007119,RC10457,sk-customer-service
js-007120,RC10457,sk-communication
js-007121,RC10457,sk-driving-category-b
js-007122,RC07627,sk-automotive-repair
js-007123,RC07627,sk-electrical-work
js-007124,RC07627,sk-customer-service
js-007125,RC07627,sk-communication
js-007126,RC07627,sk-slovenian-language
js-007127,RC07627,sk-english-language
js-007128,RC07627,sk-production-work
js-007129,RC09844,sk-warehouse-operations
js-007130,RC09844,sk-customer-service
js-007131,RC09844,sk-communication
js-007132,RC10093,sk-woodworking
js-007133,RC09970,sk-sales
js-007134,RC09970,sk-customer-service
js-007135,RC09970,sk-microsoft-office
js-007136,RC09970,sk-communication
js-007137,RC10258,sk-assembly
js-007138,RC10258,sk-driving-category-b
js-007139,RC10213,sk-woodworking
js-007140,RC10213,sk-production-work
js-007141,RB90967,sk-warehouse-operations
js-007142,RB90967,sk-forklift-operation
js-007143,RB90967,sk-driving-category-b
js-007144,RB90967,sk-slovenian-language
js-007145,RA35787,sk-technical-maintenance
js-007146,RA35787,sk-mechanical-repair
js-007147,RA35787,sk-electrical-work
js-007148,RA35787,sk-driving-category-b
js-007149,RA35787,sk-slovenian-language
js-007150,ID32332,sk-forklift-operation
js-007151,ID32332,sk-driving-category-b
js-007152,RC10028,sk-machine-operation
js-007153,RC09918,sk-automotive-repair
js-007154,RC09918,sk-electrical-work
js-007155,RC09918,sk-cash-handling
js-007156,RC09740,sk-production-work
js-007157,RC09966,sk-sales
js-007158,RC09966,sk-customer-service
js-007159,RC09966,sk-driving-category-b
js-007160,RC09966,sk-english-language
js-007161,RC09966,sk-communication
js-007162,RC09827,sk-machine-operation
js-007163,RC09904,sk-warehouse-operations
js-007164,RB68381,sk-microsoft-office
js-007165,RB68302,sk-cash-handling
js-007166,RB68273,sk-microsoft-office
js-007167,RB68273,sk-cash-handling
js-007168,RB40016,sk-production-work
js-007169,RB40016,sk-driving-category-b
js-007170,RB40047,sk-production-work
js-007171,RB40047,sk-driving-category-b
js-007172,RB40081,sk-production-work
js-007173,RB40081,sk-driving-category-b
js-007174,RA49360,sk-administration
js-007175,RB92539,sk-machine-operation
js-007176,RB92539,sk-forklift-operation
js-007177,RB92539,sk-driving-category-b
js-007178,RC02070,sk-truck-driving
js-007179,RC02070,sk-warehouse-operations
js-007180,RC02070,sk-forklift-operation
js-007181,RC02070,sk-driving-category-b
js-007182,RC02070,sk-driving-category-e
js-007183,RC02070,sk-slovenian-language
js-007184,PV26280,sk-machine-operation
js-007185,PV26280,sk-driving-category-b
js-007186,PV26280,sk-slovenian-language
js-007187,OW92540,sk-technical-maintenance
js-007188,OW92540,sk-mechanical-repair
js-007189,OW92540,sk-electrical-work
js-007190,OW92540,sk-driving-category-b
js-007191,OW92540,sk-slovenian-language
js-007192,OW92540,sk-production-work
js-007193,PK50394,sk-cnc-machining
js-007194,PK50394,sk-machine-operation
js-007195,PK50394,sk-driving-category-b
js-007196,PK50394,sk-slovenian-language
js-007197,PK50394,sk-english-language
js-007198,PY29746,sk-administration
js-007199,PY29746,sk-driving-category-b
js-007200,PY29746,sk-slovenian-language
js-007201,RB80897,sk-pharmacy
js-007202,RB80897,sk-microsoft-office
js-007203,RB80897,sk-customer-service
js-007204,RB80897,sk-communication
js-007205,RB80897,sk-driving-category-b
js-007206,RB80897,sk-slovenian-language
js-007207,RB80897,sk-english-language
js-007208,RB28096,sk-forklift-operation
js-007209,RB28096,sk-microsoft-office
js-007210,RB28096,sk-driving-category-b
js-007211,RB28096,sk-slovenian-language
js-007212,RB28096,sk-english-language
js-007213,RA55550,sk-packaging
js-007214,RA55550,sk-microsoft-office
js-007215,RA55550,sk-slovenian-language
js-007216,RA55550,sk-english-language
js-007217,RA55550,sk-production-work
js-007218,RB77334,sk-production-work
js-007219,RC03625,sk-administration
js-007220,RC06101,sk-production-work
js-007221,RC06101,sk-driving-category-b
js-007222,RC06101,sk-slovenian-language
js-007223,RC06024,sk-packaging
js-007224,RC06024,sk-driving-category-b
js-007225,RC06024,sk-slovenian-language
js-007226,RB78801,sk-plumbing
js-007227,RB78801,sk-driving-category-b
js-007228,RB81139,sk-cnc-machining
js-007229,RB81139,sk-machine-operation
js-007230,RB81139,sk-slovenian-language
js-007231,RB81160,sk-assembly
js-007232,RB81160,sk-slovenian-language
js-007233,RB91945,sk-warehouse-operations
js-007234,RB91945,sk-production-work
js-007235,RB71760,sk-production-work
js-007236,RB71760,sk-driving-category-b
js-007237,RB97766,sk-cnc-machining
js-007238,RB97766,sk-machine-operation
js-007239,RB22122,sk-production-work
js-007240,RB99079,sk-production-work
js-007241,RB99079,sk-microsoft-office
js-007242,RB99079,sk-english-language
js-007243,RB99079,sk-italian-language
js-007244,RA87438,sk-administration
js-007245,PZ25525,sk-nursing
js-007246,PZ25525,sk-patient-care
js-007247,PZ25525,sk-pediatrics
js-007248,PZ25525,sk-customer-service
js-007249,PZ25525,sk-communication
js-007250,PZ65720,sk-nursing
js-007251,PZ65720,sk-patient-care
js-007252,PZ65720,sk-emergency-medicine
js-007253,PZ68834,sk-nursing
js-007254,PZ68834,sk-patient-care
js-007255,PZ68834,sk-emergency-medicine
js-007256,PZ68834,sk-customer-service
js-007257,PZ68834,sk-communication
js-007258,PZ79805,sk-nursing
js-007259,PZ79805,sk-patient-care
js-007260,PZ79805,sk-emergency-medicine
js-007261,PZ79805,sk-customer-service
js-007262,PZ79805,sk-communication
js-007263,RA07957,sk-laboratory-diagnostics
js-007264,RA07957,sk-pediatrics
js-007265,PX90640,sk-nursing
js-007266,PX90640,sk-patient-care
js-007267,PX90640,sk-pediatrics
js-007268,PX90640,sk-oncology
js-007269,PX73981,sk-nursing
js-007270,PX73981,sk-patient-care
js-007271,PX73981,sk-dialysis-care
js-007272,PX73981,sk-intensive-care
js-007273,PX73981,sk-pediatrics
js-007274,PX73981,sk-customer-service
js-007275,PX83576,sk-nursing
js-007276,PX83576,sk-patient-care
js-007277,PX83576,sk-pediatrics
js-007278,PX83576,sk-oncology
js-007279,PX83576,sk-customer-service
js-007280,PX83576,sk-communication
js-007281,PY60159,sk-nursing
js-007282,PY60159,sk-patient-care
js-007283,PY60159,sk-pediatrics
js-007284,PY60159,sk-customer-service
js-007285,PY60159,sk-communication
js-007286,PV80817,sk-nursing
js-007287,PV80817,sk-patient-care
js-007288,PV80817,sk-pediatrics
js-007289,PV80817,sk-midwifery
js-007290,PV80817,sk-customer-service
js-007291,PV80817,sk-communication
js-007292,PW25767,sk-nursing
js-007293,PW25767,sk-patient-care
js-007294,PW25767,sk-pediatrics
js-007295,PW54879,sk-nursing
js-007296,PW54879,sk-patient-care
js-007297,PW54879,sk-intensive-care
js-007298,PW54879,sk-pediatrics
js-007299,PW54879,sk-neurology
js-007300,PW54879,sk-customer-service
js-007301,PW57568,sk-nursing
js-007302,PW57568,sk-patient-care
js-007303,PW57568,sk-pediatrics
js-007304,PW57568,sk-oncology
js-007305,PW57568,sk-customer-service
js-007306,PW57568,sk-communication
js-007307,PX22130,sk-nursing
js-007308,PX22130,sk-patient-care
js-007309,PX22130,sk-intensive-care
js-007310,PX22130,sk-pediatrics
js-007311,PX22130,sk-cardiology
js-007312,PX22130,sk-customer-service
js-007313,PX22143,sk-nursing
js-007314,PX22143,sk-patient-care
js-007315,PX22143,sk-intensive-care
js-007316,PX22143,sk-pediatrics
js-007317,PX22143,sk-customer-service
js-007318,PX22143,sk-communication
js-007319,PX22160,sk-nursing
js-007320,PX22160,sk-patient-care
js-007321,PX22160,sk-dialysis-care
js-007322,PX22160,sk-pediatrics
js-007323,PX22160,sk-nephrology
js-007324,PX22160,sk-customer-service
js-007325,PX22220,sk-nursing
js-007326,PX22220,sk-patient-care
js-007327,PX22220,sk-emergency-medicine
js-007328,PX22220,sk-pediatrics
js-007329,PX22220,sk-customer-service
js-007330,PX22220,sk-communication
js-007331,PJ04890,sk-laboratory-diagnostics
js-007332,PJ04890,sk-pediatrics
js-007333,PJ59230,sk-medicine
js-007334,PJ59230,sk-pediatrics
js-007335,PJ59230,sk-radiology
js-007336,PG06746,sk-laboratory-diagnostics
js-007337,PG06746,sk-pediatrics
js-007338,PJ11551,sk-nursing
js-007339,PJ11551,sk-patient-care
js-007340,PJ11551,sk-intensive-care
js-007341,PJ11551,sk-pediatrics
js-007342,PJ11551,sk-neurology
js-007343,PJ11551,sk-customer-service
js-007344,PJ11977,sk-nursing
js-007345,PJ11977,sk-patient-care
js-007346,PJ11977,sk-dialysis-care
js-007347,PJ11977,sk-intensive-care
js-007348,PJ11977,sk-pediatrics
js-007349,PJ11977,sk-customer-service
js-007350,PJ11929,sk-nursing
js-007351,PJ11929,sk-patient-care
js-007352,PJ11929,sk-dialysis-care
js-007353,PJ11929,sk-intensive-care
js-007354,PJ11929,sk-pediatrics
js-007355,PJ11929,sk-customer-service
js-007356,PM23104,sk-nursing
js-007357,PM23104,sk-patient-care
js-007358,PM23104,sk-pediatrics
js-007359,PM23104,sk-customer-service
js-007360,PM23104,sk-communication
js-007361,RA50933,sk-laboratory-diagnostics
js-007362,RA50933,sk-pediatrics
js-007363,RA84229,sk-nursing
js-007364,RA84229,sk-patient-care
js-007365,RA84229,sk-intensive-care
js-007366,RA84229,sk-pediatrics
js-007367,RA84229,sk-neurology
js-007368,RA98261,sk-nursing
js-007369,RA98261,sk-patient-care
js-007370,RA98261,sk-intensive-care
js-007371,RA98261,sk-pediatrics
js-007372,RA98261,sk-cardiology
js-007373,PE88115,sk-nursing
js-007374,PE88115,sk-patient-care
js-007375,PE88115,sk-pediatrics
js-007376,PE88115,sk-oncology
js-007377,PE88115,sk-customer-service
js-007378,PE88115,sk-communication
js-007379,PV07998,sk-nursing
js-007380,PV07998,sk-patient-care
js-007381,PV07998,sk-intensive-care
js-007382,PV07998,sk-emergency-medicine
js-007383,PV07998,sk-pediatrics
js-007384,PV07998,sk-customer-service
js-007385,PU34149,sk-nursing
js-007386,PU34149,sk-patient-care
js-007387,PU34149,sk-intensive-care
js-007388,PU34149,sk-pediatrics
js-007389,PU34149,sk-cardiology
js-007390,PU34149,sk-customer-service
js-007391,PM90698,sk-nursing
js-007392,PM90698,sk-patient-care
js-007393,PM90698,sk-intensive-care
js-007394,PM90698,sk-customer-service
js-007395,PM90698,sk-communication
js-007396,PR06840,sk-pediatrics
js-007397,PR06840,sk-customer-service
js-007398,PR06840,sk-communication
js-007399,RB44953,sk-nursing
js-007400,RB44953,sk-patient-care
js-007401,RB44953,sk-intensive-care
js-007402,RB44953,sk-pediatrics
js-007403,RA81100,sk-nursing
js-007404,RA81100,sk-patient-care
js-007405,RA81100,sk-emergency-medicine
js-007406,RA81100,sk-first-aid
js-007407,RA52020,sk-nursing
js-007408,RA52020,sk-patient-care
js-007409,RA52020,sk-emergency-medicine
js-007410,RA52020,sk-first-aid
js-007411,RA29842,sk-nursing
js-007412,RA29842,sk-patient-care
js-007413,RA29842,sk-orthopedics
js-007414,RA29842,sk-customer-service
js-007415,RA29842,sk-communication
js-007416,RC08454,sk-medicine
js-007417,RC08454,sk-radiology
js-007418,PS91942,sk-nursing
js-007419,PS91942,sk-patient-care
js-007420,PS91942,sk-intensive-care
js-007421,PS91942,sk-customer-service
js-007422,PS91942,sk-communication
js-007423,PX53455,sk-nursing
js-007424,PX53455,sk-patient-care
js-007425,PX53455,sk-intensive-care
js-007426,PX53455,sk-customer-service
js-007427,PX53455,sk-communication
js-007428,PV67704,sk-nursing
js-007429,PV67704,sk-patient-care
js-007430,PV67704,sk-intensive-care
js-007431,PV67704,sk-customer-service
js-007432,PV67704,sk-communication
js-007433,OV61293,sk-nursing
js-007434,OV61293,sk-patient-care
js-007435,OV61293,sk-intensive-care
js-007436,OV61293,sk-customer-service
js-007437,OV61293,sk-communication
js-007438,OV61293,sk-slovenian-language
js-007439,PZ56750,sk-nursing
js-007440,PZ56750,sk-patient-care
js-007441,PZ56750,sk-intensive-care
js-007442,PP79240,sk-intensive-care
js-007443,PP79240,sk-emergency-medicine
js-007444,PP79240,sk-sterilization
js-007445,PP79708,sk-nursing
js-007446,PP79708,sk-patient-care
js-007447,PP79708,sk-customer-service
js-007448,PP79708,sk-communication
js-007449,PR86409,sk-cleaning
js-007450,PS91817,sk-nursing
js-007451,PS91817,sk-patient-care
js-007452,PS91817,sk-intensive-care
js-007453,OV61319,sk-nursing
js-007454,OV61319,sk-patient-care
js-007455,OV61319,sk-intensive-care
js-007456,OV61319,sk-slovenian-language
js-007457,PX53182,sk-nursing
js-007458,PX53182,sk-patient-care
js-007459,PX53182,sk-intensive-care
js-007460,RC03184,sk-nursing
js-007461,RC03184,sk-patient-care
js-007462,PP08389,sk-medicine
js-007463,PP08389,sk-pediatrics
js-007464,PP10316,sk-nursing
js-007465,PP10316,sk-patient-care
js-007466,PP10316,sk-intensive-care
js-007467,PP10316,sk-pediatrics
js-007468,PT59812,sk-nursing
js-007469,PT59812,sk-patient-care
js-007470,PT59812,sk-intensive-care
js-007471,PT59812,sk-pediatrics
js-007472,PT59812,sk-customer-service
js-007473,PT59812,sk-communication
js-007474,OV87712,sk-nursing
js-007475,OV87712,sk-patient-care
js-007476,OV87712,sk-pediatrics
js-007477,OV87712,sk-oncology
js-007478,OV87712,sk-customer-service
js-007479,OV87712,sk-communication
js-007480,PW75266,sk-nursing
js-007481,PW75266,sk-patient-care
js-007482,PW75266,sk-intensive-care
js-007483,PW75266,sk-pediatrics
js-007484,PW75266,sk-nephrology
js-007485,PW75266,sk-customer-service
js-007486,RA98370,sk-nursing
js-007487,RA98370,sk-patient-care
js-007488,RA98370,sk-intensive-care
js-007489,RA98370,sk-pediatrics
js-007490,OY13888,sk-nursing
js-007491,OY13888,sk-patient-care
js-007492,OY13888,sk-intensive-care
js-007493,OY13888,sk-pediatrics
js-007494,OY13888,sk-customer-service
js-007495,OY13888,sk-communication
js-007496,PW57540,sk-nursing
js-007497,PW57540,sk-patient-care
js-007498,PW57540,sk-intensive-care
js-007499,PW57540,sk-pediatrics
js-007500,PW57540,sk-customer-service
js-007501,PW57540,sk-communication
js-007502,PW19580,sk-nursing
js-007503,PW19580,sk-patient-care
js-007504,PW19580,sk-dialysis-care
js-007505,PW19580,sk-intensive-care
js-007506,PW19580,sk-surgery
js-007507,PW19580,sk-customer-service
js-007508,RC08060,sk-administration
js-007509,RC12398,sk-information-technology
js-007510,RC12398,sk-project-management
js-007511,RC12398,sk-customer-service
js-007512,RC12398,sk-communication
js-007513,PZ94112,sk-laboratory-diagnostics
js-007514,RC07385,sk-microsoft-office
js-007515,PY13397,sk-medicine
js-007516,PY13397,sk-orthopedics
js-007517,PY13397,sk-dental-care
js-007518,PY13412,sk-medicine
js-007519,PY13412,sk-orthopedics
js-007520,PY13412,sk-dental-care
js-007521,RB25925,sk-laboratory-diagnostics
js-007522,RC05703,sk-production-work
js-007523,RB96146,sk-customer-service
js-007524,RB96146,sk-communication
js-007525,RB96180,sk-customer-service
js-007526,RB96180,sk-communication
js-007527,RB96223,sk-administration
js-007528,RB95583,sk-nursing
js-007529,RB95583,sk-patient-care
js-007530,RB95583,sk-customer-service
js-007531,RB95583,sk-communication
js-007532,RB96115,sk-administration
js-007533,RC05717,sk-cleaning
js-007534,RC04114,sk-cleaning
js-007535,PW18662,sk-nursing
js-007536,PW18662,sk-patient-care
js-007537,PW18662,sk-intensive-care
js-007538,PW18662,sk-surgery
js-007539,RA82856,sk-medicine
js-007540,RA37129,sk-nursing
js-007541,RA37129,sk-patient-care
js-007542,RA37129,sk-intensive-care
js-007543,RA37129,sk-surgery
js-007544,PY21833,sk-medicine
js-007545,PX37883,sk-nursing
js-007546,PX37883,sk-patient-care
js-007547,PX37883,sk-intensive-care
js-007548,PX37883,sk-emergency-medicine
js-007549,PX37883,sk-operating-room-care
js-007550,PX37883,sk-anesthesiology
js-007551,PY08110,sk-nursing
js-007552,PY08110,sk-patient-care
js-007553,PY08110,sk-midwifery
js-007554,PY08110,sk-customer-service
js-007555,PY08110,sk-communication
js-007556,PY42420,sk-nursing
js-007557,PY42420,sk-patient-care
js-007558,PY42420,sk-operating-room-care
js-007559,PY42420,sk-anesthesiology
js-007560,PY42420,sk-customer-service
js-007561,PY42420,sk-communication
js-007562,PS79562,sk-nursing
js-007563,PS79562,sk-patient-care
js-007564,PS79562,sk-dialysis-care
js-007565,PS79562,sk-intensive-care
js-007566,PS79562,sk-operating-room-care
js-007567,PS79562,sk-anesthesiology
js-007568,PS79727,sk-nursing
js-007569,PS79727,sk-patient-care
js-007570,PS79727,sk-intensive-care
js-007571,PS79727,sk-emergency-medicine
js-007572,PS79727,sk-operating-room-care
js-007573,PS79727,sk-anesthesiology
js-007574,PZ64252,sk-nursing
js-007575,PZ64252,sk-patient-care
js-007576,PZ64252,sk-operating-room-care
js-007577,PZ64252,sk-anesthesiology
js-007578,PZ64252,sk-customer-service
js-007579,PZ64252,sk-communication
js-007580,PW31090,sk-nursing
js-007581,PW31090,sk-patient-care
js-007582,PW31090,sk-intensive-care
js-007583,PW31090,sk-midwifery
js-007584,RA69362,sk-nursing
js-007585,RA69362,sk-patient-care
js-007586,RA69362,sk-intensive-care
js-007587,RA69362,sk-midwifery
js-007588,RA69314,sk-nursing
js-007589,RA69314,sk-patient-care
js-007590,RA69314,sk-intensive-care
js-007591,RA69314,sk-midwifery
js-007592,RA69146,sk-nursing
js-007593,RA69146,sk-patient-care
js-007594,RA69146,sk-dialysis-care
js-007595,RA69146,sk-intensive-care
js-007596,RA69146,sk-customer-service
js-007597,RA69146,sk-communication
js-007598,RB98290,sk-cleaning
js-007599,PW80831,sk-nursing
js-007600,PW80831,sk-patient-care
js-007601,PW80831,sk-intensive-care
js-007602,PW80862,sk-nursing
js-007603,PW80862,sk-patient-care
js-007604,PW80862,sk-intensive-care
js-007605,PP69030,sk-nursing
js-007606,PP69030,sk-patient-care
js-007607,PP69030,sk-intensive-care
js-007608,PP69030,sk-midwifery
js-007609,PP69030,sk-customer-service
js-007610,PP69030,sk-communication
js-007611,PW65091,sk-nursing
js-007612,PW65091,sk-patient-care
js-007613,PW65091,sk-internal-medicine
js-007614,PW65091,sk-geriatric-care
js-007615,PW65091,sk-intensive-care
js-007616,PX27674,sk-medicine
js-007617,PX27674,sk-internal-medicine
js-007618,PX27674,sk-geriatric-care
js-007619,PX28101,sk-nursing
js-007620,PX28101,sk-patient-care
js-007621,PX28101,sk-intensive-care
js-007622,PX28090,sk-nursing
js-007623,PX28090,sk-patient-care
js-007624,PX28090,sk-internal-medicine
js-007625,PX28090,sk-intensive-care
js-007626,PX17479,sk-medicine
js-007627,PX17479,sk-internal-medicine
js-007628,PX17479,sk-first-aid
js-007629,PV85450,sk-medicine
js-007630,PV85450,sk-internal-medicine
js-007631,PV86058,sk-nursing
js-007632,PV86058,sk-patient-care
js-007633,PV86058,sk-internal-medicine
js-007634,PX99314,sk-nursing
js-007635,PX99314,sk-patient-care
js-007636,PX99314,sk-internal-medicine
js-007637,PX99314,sk-geriatric-care
js-007638,PX99314,sk-intensive-care
js-007639,PX86083,sk-nursing
js-007640,PX86083,sk-patient-care
js-007641,PX86083,sk-internal-medicine
js-007642,PX86083,sk-intensive-care
js-007643,PX86083,sk-customer-service
js-007644,PX86083,sk-communication
js-007645,PX86130,sk-nursing
js-007646,PX86130,sk-patient-care
js-007647,PX86130,sk-intensive-care
js-007648,PX86130,sk-surgery
js-007649,PY55670,sk-nursing
js-007650,PY55670,sk-patient-care
js-007651,PY55670,sk-internal-medicine
js-007652,PY55670,sk-intensive-care
js-007653,PT51546,sk-nursing
js-007654,PT51546,sk-patient-care
js-007655,PT51546,sk-intensive-care
js-007656,PT51546,sk-surgery
js-007657,PT51410,sk-nursing
js-007658,PT51410,sk-patient-care
js-007659,PT51410,sk-intensive-care
js-007660,PT51410,sk-surgery
js-007661,PT61391,sk-nursing
js-007662,PT61391,sk-patient-care
js-007663,PT61391,sk-intensive-care
js-007664,PT61391,sk-surgery
js-007665,PZ47913,sk-medicine
js-007666,PZ47913,sk-geriatric-care
js-007667,PZ49121,sk-nursing
js-007668,PZ49121,sk-patient-care
js-007669,PZ49121,sk-internal-medicine
js-007670,PZ49121,sk-intensive-care
js-007671,PZ49121,sk-emergency-medicine
js-007672,PZ49121,sk-first-aid
js-007673,RB17657,sk-nursing
js-007674,RB17657,sk-patient-care
js-007675,RB17657,sk-internal-medicine
js-007676,RB17657,sk-intensive-care
js-007677,RB17657,sk-emergency-medicine
js-007678,RB17657,sk-sterilization
js-007679,RC03076,sk-nursing
js-007680,RC03076,sk-patient-care
js-007681,RC03076,sk-internal-medicine
js-007682,RC03076,sk-emergency-medicine
js-007683,RC03076,sk-first-aid
js-007684,PZ79822,sk-nursing
js-007685,PZ79822,sk-patient-care
js-007686,PZ79822,sk-internal-medicine
js-007687,PZ79822,sk-intensive-care
js-007688,PZ79822,sk-emergency-medicine
js-007689,PZ79822,sk-first-aid
js-007690,PZ79898,sk-nursing
js-007691,PZ79898,sk-patient-care
js-007692,PZ79898,sk-customer-service
js-007693,PZ79898,sk-communication
js-007694,RA23780,sk-nursing
js-007695,RA23780,sk-patient-care
js-007696,RA23780,sk-intensive-care
js-007697,RA23780,sk-surgery
js-007698,RA23780,sk-customer-service
js-007699,RA23780,sk-communication
js-007700,RA23731,sk-nursing
js-007701,RA23731,sk-patient-care
js-007702,RA23731,sk-intensive-care
js-007703,RA23731,sk-surgery
js-007704,RA23731,sk-customer-service
js-007705,RA23731,sk-communication
js-007706,RA27304,sk-medicine
js-007707,RA27304,sk-internal-medicine
js-007708,RA27304,sk-geriatric-care
js-007709,RC06820,sk-nursing
js-007710,RC06820,sk-patient-care
js-007711,RC06820,sk-surgery
js-007712,RC06820,sk-operating-room-care
js-007713,RB07249,sk-nursing
js-007714,RB07249,sk-patient-care
js-007715,RB07249,sk-internal-medicine
js-007716,RB07249,sk-emergency-medicine
js-007717,RB07249,sk-first-aid
js-007718,RB07249,sk-customer-service
js-007719,RB88612,sk-nursing
js-007720,RB88612,sk-patient-care
js-007721,RB88612,sk-internal-medicine
js-007722,RB88612,sk-intensive-care
js-007723,RB88583,sk-nursing
js-007724,RB88583,sk-patient-care
js-007725,RB88583,sk-intensive-care
js-007726,PX22035,sk-nursing
js-007727,PX22035,sk-patient-care
js-007728,PX22035,sk-internal-medicine
js-007729,PX22035,sk-emergency-medicine
js-007730,PX22035,sk-first-aid
js-007731,PX22035,sk-customer-service
js-007732,PX17434,sk-nursing
js-007733,PX17434,sk-patient-care
js-007734,PX17434,sk-internal-medicine
js-007735,PX17434,sk-emergency-medicine
js-007736,PX17434,sk-first-aid
js-007737,PX16900,sk-nursing
js-007738,PX16900,sk-patient-care
js-007739,PX16900,sk-internal-medicine
js-007740,PX16900,sk-emergency-medicine
js-007741,PX16900,sk-first-aid
js-007742,PX16900,sk-customer-service
js-007743,PX85836,sk-nursing
js-007744,PX85836,sk-patient-care
js-007745,PX85836,sk-internal-medicine
js-007746,PX85836,sk-emergency-medicine
js-007747,PX85836,sk-first-aid
js-007748,PX85836,sk-customer-service
js-007749,PX85884,sk-nursing
js-007750,PX85884,sk-patient-care
js-007751,PX85884,sk-intensive-care
js-007752,PX85884,sk-surgery
js-007753,PY55635,sk-nursing
js-007754,PY55635,sk-patient-care
js-007755,PY55635,sk-internal-medicine
js-007756,PY55635,sk-emergency-medicine
js-007757,PY55635,sk-first-aid
js-007758,PT51515,sk-nursing
js-007759,PT51515,sk-patient-care
js-007760,PT51515,sk-intensive-care
js-007761,PT51515,sk-surgery
js-007762,PT51685,sk-nursing
js-007763,PT51685,sk-patient-care
js-007764,PT51685,sk-intensive-care
js-007765,PT51685,sk-surgery
js-007766,PT51685,sk-customer-service
js-007767,PT51685,sk-communication
js-007768,PT74272,sk-nursing
js-007769,PT74272,sk-patient-care
js-007770,PT74272,sk-emergency-medicine
js-007771,PT74272,sk-surgery
js-007772,PT74272,sk-customer-service
js-007773,PT74272,sk-communication
js-007774,PV85677,sk-nursing
js-007775,PV85677,sk-patient-care
js-007776,PV85677,sk-internal-medicine
js-007777,PV85677,sk-intensive-care
js-007778,PX00028,sk-nursing
js-007779,PX00028,sk-patient-care
js-007780,PX00028,sk-surgery
js-007781,PX00076,sk-nursing
js-007782,PX00076,sk-patient-care
js-007783,PX00076,sk-intensive-care
js-007784,PX00076,sk-surgery
js-007785,RB94725,sk-administration
js-007786,RB94466,sk-microsoft-office
js-007787,PY31718,sk-nursing
js-007788,PY31718,sk-patient-care
js-007789,PY31718,sk-intensive-care
js-007790,PY31718,sk-surgery
js-007791,PY71713,sk-nursing
js-007792,PY71713,sk-patient-care
js-007793,PY71713,sk-customer-service
js-007794,PY71713,sk-communication
js-007795,PP69166,sk-nursing
js-007796,PP69166,sk-patient-care
js-007797,PP69166,sk-intensive-care
js-007798,PP63010,sk-nursing
js-007799,PP63010,sk-patient-care
js-007800,PP63010,sk-intensive-care
js-007801,PZ81630,sk-nursing
js-007802,PZ81630,sk-patient-care
js-007803,PZ81630,sk-intensive-care
js-007804,PZ81630,sk-surgery
js-007805,PZ81630,sk-customer-service
js-007806,PZ81630,sk-communication
js-007807,PZ79550,sk-nursing
js-007808,PZ79550,sk-patient-care
js-007809,PZ79550,sk-customer-service
js-007810,PZ79550,sk-communication
js-007811,PZ59466,sk-medicine
js-007812,PZ59466,sk-microsoft-office
js-007813,PX40470,sk-nursing
js-007814,PX40470,sk-patient-care
js-007815,PX40470,sk-neurology
js-007816,PX40470,sk-midwifery
js-007817,PX40470,sk-customer-service
js-007818,PX40470,sk-communication
js-007819,RB16850,sk-nursing
js-007820,RB16850,sk-patient-care
js-007821,RB16850,sk-neurology
js-007822,RB16850,sk-customer-service
js-007823,RB16850,sk-communication
js-007824,RB13928,sk-nursing
js-007825,RB13928,sk-patient-care
js-007826,RB13928,sk-dialysis-care
js-007827,RB13928,sk-intensive-care
js-007828,RB13928,sk-neurology
js-007829,RB13928,sk-customer-service
js-007830,RB14270,sk-nursing
js-007831,RB14270,sk-patient-care
js-007832,RB14270,sk-intensive-care
js-007833,RB14270,sk-neurology
js-007834,RB14556,sk-nursing
js-007835,RB14556,sk-patient-care
js-007836,RB14556,sk-intensive-care
js-007837,RB14556,sk-neurology
js-007838,RB14556,sk-customer-service
js-007839,RB14556,sk-communication
js-007840,RB15579,sk-nursing
js-007841,RB15579,sk-patient-care
js-007842,RB15579,sk-intensive-care
js-007843,RB15579,sk-neurology
js-007844,RB25911,sk-nursing
js-007845,RB25911,sk-patient-care
js-007846,RB25911,sk-intensive-care
js-007847,RB25911,sk-emergency-medicine
js-007848,RB25911,sk-neurology
js-007849,RB25911,sk-customer-service
js-007850,RB26050,sk-nursing
js-007851,RB26050,sk-patient-care
js-007852,RB26050,sk-intensive-care
js-007853,RB26050,sk-emergency-medicine
js-007854,RB26050,sk-customer-service
js-007855,RB26050,sk-communication
js-007856,RB14786,sk-nursing
js-007857,RB14786,sk-patient-care
js-007858,RB14786,sk-intensive-care
js-007859,RB14786,sk-neurology
js-007860,RB14786,sk-customer-service
js-007861,RB14786,sk-communication
js-007862,RB14019,sk-nursing
js-007863,RB14019,sk-patient-care
js-007864,RB14019,sk-intensive-care
js-007865,RB14019,sk-neurology
js-007866,RB14019,sk-customer-service
js-007867,RB14019,sk-communication
js-007868,RB54855,sk-nursing
js-007869,RB54855,sk-patient-care
js-007870,RB54855,sk-emergency-medicine
js-007871,RB54855,sk-first-aid
js-007872,RB54855,sk-driving-category-b
js-007873,RB54855,sk-driving-category-e
js-007874,RB12112,sk-technical-maintenance
js-007875,RB12112,sk-mechanical-repair
js-007876,RB19263,sk-nursing
js-007877,RB19263,sk-patient-care
js-007878,RB19263,sk-intensive-care
js-007879,RB23114,sk-nursing
js-007880,RB23114,sk-patient-care
js-007881,RB20732,sk-nursing
js-007882,RB20732,sk-patient-care
js-007883,RB20732,sk-internal-medicine
js-007884,RB20732,sk-intensive-care
js-007885,RB20732,sk-customer-service
js-007886,RB20732,sk-communication
js-007887,RB21218,sk-laboratory-diagnostics
js-007888,RB21218,sk-internal-medicine
js-007889,RB21218,sk-emergency-medicine
js-007890,RB21309,sk-laboratory-diagnostics
js-007891,RB21309,sk-internal-medicine
js-007892,RB76936,sk-nursing
js-007893,RB76936,sk-patient-care
js-007894,RB76936,sk-internal-medicine
js-007895,RB76936,sk-intensive-care
js-007896,RB76936,sk-cardiology
js-007897,RB76601,sk-nursing
js-007898,RB76601,sk-patient-care
js-007899,RB76601,sk-intensive-care
js-007900,RB76737,sk-nursing
js-007901,RB76737,sk-patient-care
js-007902,RB76710,sk-nursing
js-007903,RB76710,sk-patient-care
js-007904,RB79289,sk-truck-driving
js-007905,RB79289,sk-warehouse-operations
js-007906,RB79289,sk-driving-category-b
js-007907,RB79289,sk-driving-category-c
js-007908,RB85832,sk-technical-maintenance
js-007909,RB79230,sk-truck-driving
js-007910,RB79230,sk-driving-category-b
js-007911,RB79230,sk-driving-category-c
js-007912,PT11554,sk-truck-driving
js-007913,PT11554,sk-driving-category-b
js-007914,PT11554,sk-driving-category-c
js-007915,PT11554,sk-driving-category-e
js-007916,PT11554,sk-driving-category-d
js-007917,PX92242,sk-masonry
js-007918,PX92242,sk-construction-work
js-007919,PX92242,sk-driving-category-b
js-007920,RB69282,sk-plumbing
js-007921,RB69282,sk-microsoft-office
js-007922,RB69282,sk-customer-service
js-007923,RB69282,sk-communication
js-007924,RB69282,sk-driving-category-b
js-007925,RB69282,sk-driving-category-e
js-007926,RB68208,sk-assembly
js-007927,RB68208,sk-driving-category-b
js-007928,RB68208,sk-driving-category-e
js-007929,RB68208,sk-driving-category-d
js-007930,RB70046,sk-plumbing
js-007931,RB70046,sk-microsoft-office
js-007932,RB70046,sk-driving-category-b
js-007933,RB70046,sk-driving-category-e
js-007934,RC05154,sk-technical-maintenance
js-007935,RC05185,sk-truck-driving
js-007936,RC05185,sk-warehouse-operations
js-007937,RC05185,sk-driving-category-b
js-007938,RC05185,sk-driving-category-c
js-007939,RC05185,sk-driving-category-e
js-007940,RB99722,sk-driving
js-007941,RB99722,sk-driving-category-b
js-007942,RB99722,sk-driving-category-c
js-007943,RB99722,sk-driving-category-e
js-007944,RC01672,sk-assembly
js-007945,RC01672,sk-driving-category-b
js-007946,RC01672,sk-slovenian-language
js-007947,RB72627,sk-truck-driving
js-007948,RB72627,sk-cash-handling
js-007949,RB72627,sk-driving-category-b
js-007950,RB72627,sk-driving-category-c
js-007951,RB96589,sk-information-technology
js-007952,RB96589,sk-it-infrastructure
js-007953,RB96589,sk-network-administration
js-007954,RB96589,sk-cybersecurity
js-007955,RB96589,sk-network-monitoring
js-007956,RB96589,sk-software-development
js-007957,RB96589,sk-project-management
js-007958,RB96589,sk-microsoft-office
js-007959,RB96589,sk-driving-category-b
js-007960,RB96589,sk-slovenian-language
js-007961,RB96589,sk-english-language
js-007962,RB96300,sk-microsoft-office
js-007963,RB96300,sk-driving-category-b
js-007964,RB96300,sk-english-language
js-007965,RB96604,sk-legal-work
js-007966,RB96604,sk-microsoft-office
js-007967,RB96604,sk-driving-category-b
js-007968,RB96604,sk-english-language
js-007969,RC09830,sk-administration
js-007970,RC09830,sk-microsoft-office
js-007971,RC09830,sk-driving-category-b
js-007972,RC09830,sk-driving-category-e
js-007973,RC09830,sk-english-language
js-007974,RB58250,sk-technical-maintenance
js-007975,RB58250,sk-electrical-work
js-007976,RB58250,sk-microsoft-office
js-007977,RB58250,sk-driving-category-b
js-007978,RB58232,sk-welding
js-007979,RB58232,sk-metalworking
js-007980,RB58232,sk-driving-category-b
js-007981,RB58232,sk-driving-category-e
js-007982,RB58229,sk-welding
js-007983,RB58229,sk-metalworking
js-007984,RB58229,sk-driving-category-b
js-007985,RC03932,sk-technical-maintenance
js-007986,RC03932,sk-electrical-work
js-007987,RC03932,sk-driving-category-b
js-007988,RC03932,sk-slovenian-language
js-007989,RB90768,sk-microsoft-office
js-007990,RB90768,sk-driving-category-b
js-007991,RB90768,sk-driving-category-e
js-007992,RA28222,sk-microsoft-office
js-007993,RA78290,sk-van-driving
js-007994,RA78290,sk-driving-category-b
js-007995,RA78301,sk-production-work
js-007996,RA78301,sk-driving-category-b
js-007997,RC09693,sk-accounting
js-007998,RC09693,sk-microsoft-office
js-007999,RC09693,sk-driving-category-b
js-008000,RC09693,sk-driving-category-e
js-008001,RC09858,sk-sales
js-008002,RC09858,sk-customer-service
js-008003,RC09858,sk-communication
js-008004,RC09858,sk-driving-category-b
js-008005,RC09858,sk-german-language
js-008006,RC11054,sk-quality-control
js-008007,RC11054,sk-slovenian-language
js-008008,RC11085,sk-machine-operation
js-008009,RC11085,sk-slovenian-language
js-008010,RC00940,sk-production-work
js-008011,RA04856,sk-machine-operation
js-008012,RA04856,sk-microsoft-office
js-008013,RA04856,sk-slovenian-language
js-008014,RA04947,sk-production-work
js-008015,RA04947,sk-slovenian-language
js-008016,RB72385,sk-forklift-operation
js-008017,RB72385,sk-slovenian-language
js-008018,RB72920,sk-forklift-operation
js-008019,RB72920,sk-slovenian-language
js-008020,RB72920,sk-production-work
js-008021,RB72567,sk-warehouse-operations
js-008022,RB72567,sk-forklift-operation
js-008023,RB72567,sk-slovenian-language
js-008024,RB75501,sk-customer-service
js-008025,RB75501,sk-communication
js-008026,RB75501,sk-slovenian-language
js-008027,RB75501,sk-english-language
js-008028,RB60968,sk-forklift-operation
js-008029,RB60968,sk-slovenian-language
js-008030,RA99068,sk-forklift-operation
js-008031,RA99068,sk-slovenian-language
js-008032,RA36154,sk-forklift-operation
js-008033,RA36154,sk-slovenian-language
js-008034,RA36063,sk-forklift-operation
js-008035,RA36063,sk-slovenian-language
js-008036,RA99131,sk-forklift-operation
js-008037,RA99131,sk-slovenian-language
js-008038,RA16699,sk-technical-maintenance
js-008039,RA16699,sk-mechanical-repair
js-008040,RA16699,sk-electrical-work
js-008041,RA16699,sk-driving-category-b
js-008042,RA53667,sk-cnc-machining
js-008043,RA53670,sk-administration
js-008044,RA53684,sk-cnc-machining
js-008045,PZ97838,sk-welding
js-008046,PZ97838,sk-metalworking
js-008047,RB84382,sk-woodworking
js-008048,RB84382,sk-driving-category-b
js-008049,RB90572,sk-technical-maintenance
js-008050,RB90572,sk-driving-category-b
js-008051,RB97064,sk-plumbing
js-008052,RB97064,sk-microsoft-office
js-008053,RB97064,sk-customer-service
js-008054,RB97064,sk-communication
js-008055,RB97064,sk-driving-category-b
js-008056,RB97064,sk-slovenian-language
js-008057,RB96990,sk-plumbing
js-008058,RB96990,sk-haccp
js-008059,RB96990,sk-customer-service
js-008060,RB96990,sk-communication
js-008061,RB96990,sk-driving-category-b
js-008062,RB96990,sk-driving-category-c
js-008063,RB96990,sk-slovenian-language
js-008064,RC03370,sk-administration
js-008065,RC03370,sk-driving-category-b
js-008066,RC03370,sk-driving-category-c
js-008067,RC03366,sk-construction-work
js-008068,RC03366,sk-driving-category-b
js-008069,RC03258,sk-construction-work
js-008070,RC03258,sk-microsoft-office
js-008071,RB96592,sk-driving
js-008072,RB96592,sk-driving-category-c
js-008073,RB96592,sk-driving-category-e
js-008074,RB96592,sk-driving-category-ce
js-008075,RB92249,sk-masonry
js-008076,RB92249,sk-construction-work
js-008077,RB92221,sk-masonry
js-008078,RB92221,sk-construction-work
js-008079,IC26787,sk-assembly
js-008080,IC26787,sk-driving-category-b
js-008081,IC26787,sk-driving-category-c
js-008082,IC26790,sk-microsoft-office
js-008083,IC26790,sk-driving-category-b
js-008084,IC26816,sk-warehouse-operations
js-008085,IC26816,sk-driving-category-b
js-008086,IC26816,sk-driving-category-c
js-008087,IC26816,sk-driving-category-e
js-008088,RC03227,sk-customer-service
js-008089,RC03227,sk-communication
js-008090,RC03227,sk-driving-category-b
js-008091,RC03227,sk-driving-category-e
js-008092,RC03227,sk-english-language
js-008093,RC03227,sk-croatian-language
js-008094,RB89436,sk-driving
js-008095,RB89436,sk-warehouse-operations
js-008096,RB89436,sk-driving-category-b
js-008097,RB89436,sk-slovenian-language
js-008098,RA26218,sk-warehouse-operations
js-008099,RA26218,sk-microsoft-office
js-008100,RA26218,sk-driving-category-b
js-008101,RA26218,sk-english-language
js-008102,RC09506,sk-painting
js-008103,RC09506,sk-production-work
js-008104,RC09450,sk-production-work
js-008105,RC08775,sk-warehouse-operations
js-008106,RC08775,sk-production-work
js-008107,RC13575,sk-microsoft-office
js-008108,RC13575,sk-driving-category-b
js-008109,RB93720,sk-administration
js-008110,RB93720,sk-customer-service
js-008111,RB93720,sk-communication
js-008112,RB93720,sk-microsoft-office
js-008113,RB93720,sk-driving-category-b
js-008114,RB98545,sk-truck-driving
js-008115,PY98819,sk-nursing
js-008116,PY98819,sk-patient-care
js-008117,PY98819,sk-microsoft-office
js-008118,PY98819,sk-driving-category-b
js-008119,PY98819,sk-slovenian-language
js-008120,PY14847,sk-nursing
js-008121,PY14847,sk-patient-care
js-008122,PY14847,sk-microsoft-office
js-008123,PY14847,sk-driving-category-b
js-008124,PY14847,sk-slovenian-language
js-008125,PW86621,sk-nursing
js-008126,PW86621,sk-patient-care
js-008127,PW86621,sk-microsoft-office
js-008128,PW86621,sk-driving-category-b
js-008129,PW86621,sk-slovenian-language
js-008130,RB21511,sk-nursing
js-008131,RB21511,sk-patient-care
js-008132,RB21511,sk-microsoft-office
js-008133,RB21511,sk-driving-category-b
js-008134,RB21511,sk-slovenian-language
js-008135,RB89498,sk-nursing
js-008136,RB89498,sk-patient-care
js-008137,RB81079,sk-administration
js-008138,RB81079,sk-customer-service
js-008139,RB81079,sk-communication
js-008140,RB79093,sk-production-work
js-008141,RB88293,sk-assembly
js-008142,RB88293,sk-microsoft-office
js-008143,RB88293,sk-cash-handling
js-008144,RB88293,sk-driving-category-b
js-008145,RB88293,sk-driving-category-e
js-008146,RB88293,sk-slovenian-language
js-008147,RB88293,sk-english-language
js-008148,RA88356,sk-microsoft-office
js-008149,RA88356,sk-driving-category-b
js-008150,RA88356,sk-slovenian-language
js-008151,RA88356,sk-english-language
js-008152,RA88356,sk-croatian-language
js-008153,RB77595,sk-cleaning
js-008154,RB65462,sk-administration
js-008155,RC07399,sk-warehouse-operations
js-008156,RC07399,sk-inventory-management
js-008157,RC07399,sk-microsoft-office
js-008158,RC07399,sk-customer-service
js-008159,RC07399,sk-communication
js-008160,RC07399,sk-cash-handling
js-008161,RC07399,sk-driving-category-b
js-008162,RC07399,sk-slovenian-language
js-008163,RC07399,sk-english-language
js-008164,RA64348,sk-cleaning
js-008165,RA64348,sk-slovenian-language
js-008166,RB93946,sk-cooking
js-008167,RB93946,sk-slovenian-language
js-008168,RB93963,sk-administration
js-008169,RB93963,sk-slovenian-language
js-008170,RC11162,sk-production-work
js-008171,RC11162,sk-warehouse-operations
js-008172,RC11162,sk-slovenian-language
js-008173,RB43992,sk-sales
js-008174,RB43992,sk-customer-service
js-008175,RB43992,sk-microsoft-office
js-008176,RB43992,sk-driving-category-b
js-008177,RB43992,sk-slovenian-language
js-008178,RB44035,sk-sales
js-008179,RB44035,sk-customer-service
js-008180,RB44035,sk-microsoft-office
js-008181,RB44035,sk-driving-category-b
js-008182,RB44035,sk-driving-category-e
js-008183,RB44035,sk-slovenian-language
js-008184,RB87665,sk-production-work
js-008185,RB87665,sk-slovenian-language
js-008186,RB87665,sk-english-language
js-008187,PZ69979,sk-construction-work
js-008188,PZ69979,sk-driving-category-b
js-008189,RB04944,sk-van-driving
js-008190,RB04944,sk-warehouse-operations
js-008191,RB04944,sk-forklift-operation
js-008192,RB04944,sk-driving-category-b
js-008193,RB04944,sk-driving-category-e
js-008194,RB04944,sk-slovenian-language
js-008195,RB04944,sk-english-language
js-008196,RB65337,sk-automotive-repair
js-008197,RB65337,sk-electrical-work
js-008198,RB65337,sk-vehicle-diagnostics
js-008199,RB65337,sk-microsoft-office
js-008200,RB65337,sk-cash-handling
js-008201,RB65337,sk-driving-category-b
js-008202,RB65337,sk-driving-category-e
js-008203,RB95902,sk-warehouse-operations
js-008204,RB95902,sk-customer-service
js-008205,RB95902,sk-communication
js-008206,RB95902,sk-driving-category-b
js-008207,RB96240,sk-agriculture
js-008208,RB96240,sk-driving-category-b
js-008209,RB77439,sk-sales
js-008210,RB77439,sk-customer-service
js-008211,RB77439,sk-driving-category-b
js-008212,RC13041,sk-pharmacy
js-008213,RC05688,sk-sales
js-008214,RC05688,sk-customer-service
js-008215,RC05688,sk-cash-handling
js-008216,RC06589,sk-sales
js-008217,RC06589,sk-customer-service
js-008218,RC06589,sk-driving-category-b
js-008219,RC06618,sk-construction-work
js-008220,RC06618,sk-driving-category-b
js-008221,RB90126,sk-warehouse-operations
js-008222,RB90126,sk-customer-service
js-008223,RB90126,sk-communication
js-008224,RB90126,sk-cash-handling
js-008225,RB90126,sk-driving-category-b
js-008226,RB90126,sk-slovenian-language
js-008227,PY88215,sk-production-work
js-008228,RA40100,sk-medicine
js-008229,PZ45178,sk-customer-service
js-008230,PZ45178,sk-communication
js-008231,PZ80512,sk-legal-work
js-008232,PV25603,sk-pediatrics
js-008233,RC03349,sk-hospitality
js-008234,RC03349,sk-restaurant-service
js-008235,RC03349,sk-customer-service
js-008236,RB77581,sk-customer-service
js-008237,RB77581,sk-communication
js-008238,RB31319,sk-haccp
js-008239,RB31319,sk-customer-service
js-008240,RB31319,sk-communication
js-008241,RA89382,sk-medicine
js-008242,RA89382,sk-physiotherapy
js-008243,RB19644,sk-nursing
js-008244,RB19644,sk-patient-care
js-008245,RB19644,sk-customer-service
js-008246,RB19644,sk-communication
js-008247,RB19644,sk-driving-category-b
js-008248,RB19644,sk-slovenian-language
js-008249,RB18436,sk-cleaning
js-008250,RB18436,sk-customer-service
js-008251,RB18436,sk-communication
js-008252,RB18436,sk-driving-category-b
js-008253,RB18436,sk-slovenian-language
js-008254,RB84460,sk-warehouse-operations
js-008255,RB84460,sk-forklift-operation
js-008256,RB84460,sk-driving-category-b
js-008257,RB84460,sk-slovenian-language
js-008258,RB94176,sk-midwifery
js-008259,RB94176,sk-microsoft-office
js-008260,RB94176,sk-slovenian-language
js-008261,RB94530,sk-microsoft-office
js-008262,RB94530,sk-slovenian-language
js-008263,RB80622,sk-teaching
js-008264,RB80622,sk-communication
js-008265,RB80622,sk-mathematics
js-008266,RB80622,sk-driving-category-b
js-008267,RB80622,sk-slovenian-language
js-008268,RB87483,sk-teaching
js-008269,RB87483,sk-communication
js-008270,RB87483,sk-driving-category-b
js-008271,RB87483,sk-slovenian-language
js-008272,RB87725,sk-teaching
js-008273,RB87725,sk-communication
js-008274,RB87725,sk-driving-category-b
js-008275,RB87725,sk-slovenian-language
js-008276,RB79869,sk-teaching
js-008277,RB79869,sk-communication
js-008278,RB79869,sk-driving-category-b
js-008279,RB79869,sk-slovenian-language
js-008280,RB79869,sk-english-language
js-008281,RC11435,sk-cooking
js-008282,RC11435,sk-microsoft-office
js-008283,RC11435,sk-customer-service
js-008284,RC11435,sk-communication
js-008285,RC11435,sk-driving-category-b
js-008286,RC11435,sk-driving-category-e
js-008287,RC11435,sk-slovenian-language
js-008288,RB95549,sk-teaching
js-008289,RB95549,sk-communication
js-008290,RB95549,sk-computer-science
js-008291,RB95549,sk-microsoft-office
js-008292,RB95549,sk-driving-category-b
js-008293,RB95549,sk-slovenian-language
js-008294,RB95353,sk-teaching
js-008295,RB95353,sk-communication
js-008296,RB95353,sk-physics
js-008297,RB95353,sk-computer-science
js-008298,RB95353,sk-microsoft-office
js-008299,RB95353,sk-driving-category-b
js-008300,RB95353,sk-slovenian-language
js-008301,RB95322,sk-teaching
js-008302,RB95322,sk-communication
js-008303,RB95322,sk-mathematics
js-008304,RB95322,sk-microsoft-office
js-008305,RB95322,sk-driving-category-b
js-008306,RB95322,sk-slovenian-language
js-008307,RB95322,sk-english-language
js-008308,RB95860,sk-teaching
js-008309,RB95860,sk-communication
js-008310,RB95860,sk-microsoft-office
js-008311,RB95860,sk-driving-category-b
js-008312,RB95860,sk-slovenian-language
js-008313,RB95860,sk-english-language
js-008314,RC09585,sk-teaching
js-008315,RC09585,sk-communication
js-008316,RC09585,sk-mathematics
js-008317,RC09585,sk-microsoft-office
js-008318,RC09568,sk-teaching
js-008319,RC09568,sk-communication
js-008320,RC09568,sk-physics
js-008321,RC09568,sk-microsoft-office
js-008322,RB84061,sk-teaching
js-008323,RB84061,sk-communication
js-008324,RB84061,sk-mathematics
js-008325,RB84061,sk-physics
js-008326,RB84061,sk-microsoft-office
js-008327,RC09446,sk-teaching
js-008328,RC09446,sk-communication
js-008329,RC09446,sk-special-education
js-008330,RC09446,sk-customer-service
js-008331,RC09415,sk-teaching
js-008332,RC09415,sk-communication
js-008333,RC07480,sk-teaching
js-008334,RC07480,sk-communication
js-008335,RC07368,sk-teaching
js-008336,RC07368,sk-communication
js-008337,RC03795,sk-teaching
js-008338,RC03795,sk-communication
js-008339,RC03795,sk-mathematics
js-008340,RC03795,sk-computer-science
js-008341,RC05370,sk-production-work
js-008342,RC05370,sk-driving-category-b
js-008343,RC05336,sk-cleaning
js-008344,RC05336,sk-driving-category-b
js-008345,RC05199,sk-teaching
js-008346,RC05199,sk-communication
js-008347,RC05199,sk-physics
js-008348,RC05199,sk-chemistry
js-008349,RC06527,sk-teaching
js-008350,RC06527,sk-communication
js-008351,RC06527,sk-microsoft-office
js-008352,RC06422,sk-teaching
js-008353,RC06422,sk-communication
js-008354,RC06422,sk-mathematics
js-008355,RC06422,sk-microsoft-office
js-008356,RC06393,sk-teaching
js-008357,RC06393,sk-communication
js-008358,RC06393,sk-mathematics
js-008359,RC06393,sk-computer-science
js-008360,RC06393,sk-microsoft-office
js-008361,RC06393,sk-english-language
js-008362,PZ90306,sk-teaching
js-008363,PZ90306,sk-communication
js-008364,PZ90306,sk-physics
js-008365,PZ90306,sk-microsoft-office
js-008366,PZ90306,sk-slovenian-language
js-008367,RB61258,sk-medicine
js-008368,RB61258,sk-surgery
js-008369,RB61258,sk-dental-care
js-008370,RB61258,sk-slovenian-language
js-008371,RC02005,sk-microsoft-office
js-008372,RC02005,sk-cash-handling
js-008373,RC02005,sk-slovenian-language
js-008374,RA76484,sk-medicine
js-008375,RA76484,sk-radiology
js-008376,RA76484,sk-slovenian-language
js-008377,RB99800,sk-nursing
js-008378,RB99800,sk-patient-care
js-008379,RB99800,sk-slovenian-language
js-008380,RB99767,sk-nursing
js-008381,RB99767,sk-patient-care
js-008382,RB99767,sk-slovenian-language
js-008383,RB99798,sk-nursing
js-008384,RB99798,sk-patient-care
js-008385,RB99798,sk-slovenian-language
js-008386,RB99844,sk-nursing
js-008387,RB99844,sk-patient-care
js-008388,RB99844,sk-slovenian-language
js-008389,RB99861,sk-nursing
js-008390,RB99861,sk-patient-care
js-008391,RB99861,sk-surgery
js-008392,RB99861,sk-slovenian-language
js-008393,RB99935,sk-nursing
js-008394,RB99935,sk-patient-care
js-008395,RB99935,sk-pediatrics
js-008396,RB99935,sk-slovenian-language
js-008397,RC00035,sk-nursing
js-008398,RC00035,sk-patient-care
js-008399,RC00035,sk-orthopedics
js-008400,RC00035,sk-slovenian-language
js-008401,RC00052,sk-nursing
js-008402,RC00052,sk-patient-care
js-008403,RC00052,sk-slovenian-language
js-008404,RC00083,sk-nursing
js-008405,RC00083,sk-patient-care
js-008406,RC00083,sk-slovenian-language
js-008407,RC00126,sk-nursing
js-008408,RC00126,sk-patient-care
js-008409,RC00126,sk-slovenian-language
js-008410,RC00174,sk-nursing
js-008411,RC00174,sk-patient-care
js-008412,RC00174,sk-slovenian-language
js-008413,RB99889,sk-nursing
js-008414,RB99889,sk-patient-care
js-008415,RB99889,sk-slovenian-language
js-008416,RB99918,sk-nursing
js-008417,RB99918,sk-patient-care
js-008418,RB99918,sk-slovenian-language
js-008419,RC00251,sk-nursing
js-008420,RC00251,sk-patient-care
js-008421,RC00251,sk-surgery
js-008422,RC00251,sk-slovenian-language
js-008423,RC00279,sk-nursing
js-008424,RC00279,sk-patient-care
js-008425,RC00279,sk-slovenian-language
js-008426,RC00282,sk-nursing
js-008427,RC00282,sk-patient-care
js-008428,RC00282,sk-slovenian-language
js-008429,RC00339,sk-nursing
js-008430,RC00339,sk-patient-care
js-008431,RC00339,sk-midwifery
js-008432,RC00339,sk-slovenian-language
js-008433,RC00360,sk-nursing
js-008434,RC00360,sk-patient-care
js-008435,RC00360,sk-emergency-medicine
js-008436,RC00360,sk-slovenian-language
js-008437,RC08500,sk-nursing
js-008438,RC08500,sk-patient-care
js-008439,RC08500,sk-laboratory-diagnostics
js-008440,RC08500,sk-emergency-medicine
js-008441,RC08500,sk-slovenian-language
js-008442,RB18848,sk-nursing
js-008443,RB18848,sk-patient-care
js-008444,RB18848,sk-internal-medicine
js-008445,RB18848,sk-slovenian-language
js-008446,RB18879,sk-nursing
js-008447,RB18879,sk-patient-care
js-008448,RB18879,sk-slovenian-language
js-008449,RB95765,sk-nursing
js-008450,RB95765,sk-patient-care
js-008451,RB95765,sk-emergency-medicine
js-008452,RB95765,sk-driving-category-c
js-008453,RB95765,sk-driving-category-e
js-008454,RB95765,sk-slovenian-language
js-008455,RC03980,sk-medicine
js-008456,RC03980,sk-dermatovenerology
js-008457,RC03980,sk-surgery
js-008458,RC03980,sk-midwifery
js-008459,RC03980,sk-slovenian-language
js-008460,RB30986,sk-customer-service
js-008461,RB30986,sk-communication
js-008462,RB30986,sk-slovenian-language
js-008463,RA74418,sk-microsoft-office
js-008464,RA74418,sk-slovenian-language
js-008465,RC11881,sk-psychiatry
js-008466,RC11881,sk-microsoft-office
js-008467,RC11881,sk-customer-service
js-008468,RC11881,sk-communication
js-008469,RC11881,sk-slovenian-language
js-008470,RC12029,sk-nursing
js-008471,RC12029,sk-patient-care
js-008472,RC12029,sk-intensive-care
js-008473,RC12029,sk-psychiatry
js-008474,RC12029,sk-microsoft-office
js-008475,RC12029,sk-slovenian-language
js-008476,RB98060,sk-medicine
js-008477,RB98060,sk-laboratory-diagnostics
js-008478,RB98060,sk-psychiatry
js-008479,RB98060,sk-microsoft-office
js-008480,RB98060,sk-slovenian-language
js-008481,RC01959,sk-nursing
js-008482,RC01959,sk-patient-care
js-008483,RC01959,sk-intensive-care
js-008484,RC01959,sk-psychiatry
js-008485,RC01959,sk-microsoft-office
js-008486,RC01959,sk-slovenian-language
js-008487,RB95657,sk-nursing
js-008488,RB95657,sk-patient-care
js-008489,RB95657,sk-driving-category-b
js-008490,RB95657,sk-driving-category-ce
js-008491,RB95657,sk-slovenian-language
js-008492,RB97675,sk-nursing
js-008493,RB97675,sk-patient-care
js-008494,RB97675,sk-driving-category-b
js-008495,RB97675,sk-slovenian-language
js-008496,RB53192,sk-medicine
js-008497,RB53192,sk-microsoft-office
js-008498,RB53192,sk-driving-category-b
js-008499,RB53192,sk-slovenian-language
js-008500,RB21266,sk-medicine
js-008501,RB21266,sk-radiology
js-008502,RB21266,sk-microsoft-office
js-008503,RB21266,sk-driving-category-b
js-008504,RB21266,sk-slovenian-language
js-008505,RC10915,sk-physiotherapy
js-008506,RC10915,sk-microsoft-office
js-008507,RC10915,sk-driving-category-b
js-008508,RC10915,sk-slovenian-language
js-008509,RC10963,sk-medicine
js-008510,RC10963,sk-microsoft-office
js-008511,RC10963,sk-driving-category-b
js-008512,RC10963,sk-slovenian-language
js-008513,RC10980,sk-medicine
js-008514,RC10980,sk-microsoft-office
js-008515,RC10980,sk-driving-category-b
js-008516,RC10980,sk-slovenian-language
js-008517,RC11006,sk-medicine
js-008518,RC11006,sk-dental-care
js-008519,RC11006,sk-microsoft-office
js-008520,RC11006,sk-driving-category-b
js-008521,RC11006,sk-slovenian-language
js-008522,RC12199,sk-medicine
js-008523,RC12199,sk-dental-care
js-008524,RC12199,sk-microsoft-office
js-008525,RC12199,sk-driving-category-b
js-008526,RC12199,sk-slovenian-language
js-008527,RC12280,sk-medicine
js-008528,RC12280,sk-pediatrics
js-008529,RC12280,sk-psychiatry
js-008530,RC12280,sk-microsoft-office
js-008531,RC12280,sk-driving-category-b
js-008532,RC12280,sk-slovenian-language
js-008533,RB53235,sk-medicine
js-008534,RB53235,sk-pediatrics
js-008535,RB53235,sk-microsoft-office
js-008536,RB53235,sk-driving-category-b
js-008537,RB53235,sk-driving-category-c
js-008538,RB53235,sk-slovenian-language
js-008539,RB98377,sk-laboratory-diagnostics
js-008540,RB98377,sk-microsoft-office
js-008541,RB98377,sk-driving-category-b
js-008542,RB98377,sk-driving-category-c
js-008543,RB98377,sk-slovenian-language
js-008544,PX86569,sk-medicine
js-008545,PX86569,sk-midwifery
js-008546,PX86569,sk-driving-category-b
js-008547,PX86569,sk-slovenian-language
js-008548,PN93583,sk-medicine
js-008549,PN93583,sk-emergency-medicine
js-008550,PN93583,sk-driving-category-b
js-008551,PN93583,sk-slovenian-language
js-008552,RB78189,sk-medicine
js-008553,RB78189,sk-driving-category-b
js-008554,RB48404,sk-medicine
js-008555,RB48404,sk-psychiatry
js-008556,RB48404,sk-driving-category-b
js-008557,RB48404,sk-slovenian-language
js-008558,RB98272,sk-nursing
js-008559,RB98272,sk-patient-care
js-008560,RB98272,sk-dental-care
js-008561,RB98272,sk-driving-category-b
js-008562,RB98272,sk-slovenian-language
js-008563,RB90940,sk-medicine
js-008564,RB90940,sk-dental-care
js-008565,RB90940,sk-microsoft-office
js-008566,RB90940,sk-driving-category-b
js-008567,RB90940,sk-slovenian-language
js-008568,RB92266,sk-nursing
js-008569,RB92266,sk-patient-care
js-008570,RB92266,sk-dialysis-care
js-008571,RC00433,sk-nursing
js-008572,RC00433,sk-patient-care
js-008573,RC00433,sk-dialysis-care
js-008574,RB95050,sk-microsoft-office
js-008575,RB95050,sk-driving-category-b
js-008576,RA43475,sk-nursing
js-008577,RA43475,sk-patient-care
js-008578,RA43475,sk-emergency-medicine
js-008579,RA43475,sk-microsoft-office
js-008580,RA43475,sk-driving-category-b
js-008581,RA43475,sk-slovenian-language
js-008582,RC10136,sk-driving
js-008583,RC10136,sk-driving-category-b
js-008584,RC10136,sk-slovenian-language
js-008585,RB97232,sk-driving
js-008586,RB97232,sk-driving-category-b
js-008587,RB97232,sk-driving-category-c
js-008588,RB97232,sk-driving-category-e
js-008589,RB97232,sk-slovenian-language
js-008590,RB96757,sk-microsoft-office
js-008591,RB96757,sk-customer-service
js-008592,RB96757,sk-communication
js-008593,RB96757,sk-cash-handling
js-008594,RB96757,sk-slovenian-language
js-008595,RC04100,sk-microsoft-office
js-008596,RC04100,sk-driving-category-b
js-008597,RC04100,sk-driving-category-e
js-008598,RC04100,sk-slovenian-language
js-008599,RB24751,sk-accounting
js-008600,RB24751,sk-microsoft-office
js-008601,RB24751,sk-driving-category-b
js-008602,RB24751,sk-slovenian-language
js-008603,RB82731,sk-administration
js-008604,RB82731,sk-slovenian-language
js-008605,RB82550,sk-administration
js-008606,RB82550,sk-slovenian-language
js-008607,RB66440,sk-production-work
js-008608,RC02403,sk-legal-work
js-008609,RB68805,sk-driving
js-008610,RB68805,sk-microsoft-office
js-008611,RB68805,sk-driving-category-b
js-008612,RB68805,sk-slovenian-language
js-008613,RB68668,sk-driving
js-008614,RB68668,sk-microsoft-office
js-008615,RB68668,sk-driving-category-b
js-008616,RB68668,sk-slovenian-language
js-008617,RB68745,sk-driving
js-008618,RB68745,sk-microsoft-office
js-008619,RB68745,sk-driving-category-b
js-008620,RB68745,sk-slovenian-language
js-008621,RC10565,sk-driving
js-008622,RC10565,sk-driving-category-b
js-008623,RC10565,sk-driving-category-e
js-008624,RC10565,sk-slovenian-language
js-008625,RC09631,sk-administration
js-008626,RB96467,sk-baking
js-008627,RB96467,sk-food-preparation
js-008628,RC11037,sk-customer-service
js-008629,RC11037,sk-communication
js-008630,RC11068,sk-customer-service
js-008631,RC11068,sk-communication
js-008632,RC11620,sk-customer-service
js-008633,RC11620,sk-communication
js-008634,RC11591,sk-cooking
js-008635,RC11591,sk-customer-service
js-008636,RC11591,sk-communication
js-008637,RC11591,sk-driving-category-b
js-008638,RB92985,sk-cooking
js-008639,RC11986,sk-teaching
js-008640,RC11986,sk-communication
js-008641,RC11986,sk-microsoft-office
js-008642,RC11986,sk-customer-service
js-008643,RC11986,sk-driving-category-b
js-008644,RC11986,sk-driving-category-c
js-008645,RC12458,sk-teaching
js-008646,RC12458,sk-communication
js-008647,RC12458,sk-driving-category-b
js-008648,RC12458,sk-driving-category-c
js-008649,RB20976,sk-production-work
js-008650,RB20976,sk-driving-category-b
js-008651,RB20976,sk-slovenian-language
js-008652,RC07337,sk-physiotherapy
js-008653,RC07337,sk-home-care
js-008654,RC07337,sk-driving-category-b
js-008655,RC07337,sk-slovenian-language
js-008656,RC09386,sk-cleaning
js-008657,RC09386,sk-slovenian-language
js-008658,RB88110,sk-microsoft-office
js-008659,RB88110,sk-slovenian-language
js-008660,RA25092,sk-nursing
js-008661,RA25092,sk-patient-care
js-008662,RA25092,sk-laboratory-diagnostics
js-008663,RA25092,sk-sterilization
js-008664,RA25092,sk-microsoft-office
js-008665,RA25092,sk-driving-category-b
js-008666,RA25092,sk-slovenian-language
js-008667,RA25209,sk-driving
js-008668,RA25209,sk-microsoft-office
js-008669,RA25209,sk-driving-category-b
js-008670,RA25209,sk-slovenian-language
js-008671,RB07465,sk-microsoft-office
js-008672,RB07465,sk-driving-category-b
js-008673,RB07465,sk-slovenian-language
js-008674,RC06498,sk-nursing
js-008675,RC06498,sk-patient-care
js-008676,RC06498,sk-driving-category-b
js-008677,RC06498,sk-slovenian-language
js-008678,RB90632,sk-production-work
js-008679,RB90632,sk-driving-category-b
js-008680,RB90632,sk-english-language
js-008681,RC00510,sk-sales
js-008682,RC00510,sk-customer-service
js-008683,RC00510,sk-communication
js-008684,RC00876,sk-sales
js-008685,RC00876,sk-customer-service
js-008686,RC00876,sk-communication
js-008687,RB85815,sk-microsoft-office
js-008688,RC08120,sk-bus-driving
js-008689,RC08120,sk-driving-category-b
js-008690,RB88947,sk-haccp
js-008691,RB88947,sk-customer-service
js-008692,RB88947,sk-communication
js-008693,RB79690,sk-truck-driving
js-008694,RB79690,sk-driving-category-c
js-008695,RC08744,sk-warehouse-operations
js-008696,RC08744,sk-customer-service
js-008697,RC08744,sk-communication
js-008698,PW85657,sk-truck-driving
js-008699,PW85657,sk-customer-service
js-008700,PW85657,sk-communication
js-008701,PW85657,sk-cash-handling
js-008702,PW85657,sk-driving-category-b
js-008703,RC11205,sk-warehouse-operations
js-008704,RC11205,sk-inventory-management
js-008705,RC11205,sk-microsoft-office
js-008706,RC11205,sk-customer-service
js-008707,RC11205,sk-communication
js-008708,RC11205,sk-cash-handling
js-008709,RC11205,sk-driving-category-b
js-008710,RC11205,sk-slovenian-language
js-008711,RC08761,sk-warehouse-operations
js-008712,RC08761,sk-forklift-operation
js-008713,RC08761,sk-customer-service
js-008714,RC08761,sk-communication
js-008715,RC12566,sk-warehouse-operations
js-008716,RC12566,sk-forklift-operation
js-008717,RC12566,sk-microsoft-office
js-008718,RC12566,sk-customer-service
js-008719,RC12566,sk-communication
js-008720,RC12566,sk-driving-category-b
js-008721,RC12566,sk-slovenian-language
js-008722,RC12660,sk-driving
js-008723,RC12660,sk-microsoft-office
js-008724,RC12660,sk-customer-service
js-008725,RC12660,sk-communication
js-008726,RC12660,sk-driving-category-b
js-008727,RC12660,sk-slovenian-language
js-008728,RC12660,sk-english-language
js-008729,RC12660,sk-serbian-language
js-008730,RB92525,sk-administration
js-008731,RB92525,sk-customer-service
js-008732,RB92525,sk-communication
js-008733,RB92525,sk-cash-handling
js-008734,RB76880,sk-automotive-repair
js-008735,RB76880,sk-electrical-work
js-008736,RB76880,sk-vehicle-diagnostics
js-008737,RB76880,sk-vehicle-towing
js-008738,RB76880,sk-customer-service
js-008739,RB76880,sk-communication
js-008740,RB76880,sk-driving-category-c
js-008741,RB76880,sk-driving-category-e
js-008742,RB99463,sk-microsoft-office
js-008743,RB99463,sk-driving-category-b
js-008744,RB99463,sk-slovenian-language
js-008745,RC08514,sk-customer-service
js-008746,RC08514,sk-communication
js-008747,RB95046,sk-hospitality
js-008748,RB95046,sk-restaurant-service
js-008749,RB95046,sk-customer-service
js-008750,RB95046,sk-microsoft-office
js-008751,RB95046,sk-communication
js-008752,RB95046,sk-cash-handling
js-008753,RB95046,sk-driving-category-b
js-008754,RB95046,sk-driving-category-c
js-008755,RB95046,sk-slovenian-language
js-008756,RB95046,sk-english-language
js-008757,RA89672,sk-welding
js-008758,RA89672,sk-metalworking
js-008759,RA89672,sk-driving-category-b
js-008760,RA89746,sk-welding
js-008761,RA89746,sk-metalworking
js-008762,RA89746,sk-driving-category-b
js-008763,RA90380,sk-cnc-machining
js-008764,RA90380,sk-machine-operation
js-008765,RA90380,sk-driving-category-b
js-008766,RC12340,sk-technical-maintenance
js-008767,RC12340,sk-mechanical-repair
js-008768,RC12340,sk-driving-category-b
js-008769,RC12340,sk-driving-category-e
js-008770,RC12340,sk-slovenian-language
js-008771,RB84000,sk-machine-operation
js-008772,RB84000,sk-microsoft-office
js-008773,RB84000,sk-driving-category-b
js-008774,RB84000,sk-driving-category-e
js-008775,RB84000,sk-slovenian-language
js-008776,RB84030,sk-driving
js-008777,RB84030,sk-microsoft-office
js-008778,RB84030,sk-driving-category-b
js-008779,RB84030,sk-slovenian-language
js-008780,IC06614,sk-hospitality
js-008781,IC06614,sk-restaurant-service
js-008782,IC06614,sk-customer-service
js-008783,RB23435,sk-administration
js-008784,RA55640,sk-production-work
js-008785,RB68900,sk-pharmacy
js-008786,RA38857,sk-production-work
js-008787,RA38857,sk-english-language
js-008788,RC09390,sk-administration
js-008789,RC09390,sk-english-language
js-008790,RB89180,sk-agriculture
js-008791,RB89180,sk-microsoft-office
js-008792,RB89180,sk-driving-category-b
js-008793,RB89180,sk-english-language
js-008794,RB88765,sk-administration
js-008795,IC85091,sk-truck-driving
js-008796,IC85091,sk-warehouse-operations
js-008797,IC85091,sk-driving-category-c
js-008798,IC85091,sk-driving-category-e
js-008799,IC85091,sk-slovenian-language
js-008800,RB65934,sk-microsoft-office
js-008801,RB65934,sk-slovenian-language
js-008802,RB65934,sk-production-work
js-008803,RB85508,sk-customer-service
js-008804,RB85508,sk-communication
js-008805,RB85508,sk-driving-category-b
js-008806,RB85508,sk-driving-category-d
js-008807,RB85508,sk-slovenian-language
js-008808,RB85511,sk-customer-service
js-008809,RB85511,sk-communication
js-008810,RB85511,sk-driving-category-b
js-008811,RB85511,sk-driving-category-d
js-008812,RB85511,sk-slovenian-language
js-008813,RB85542,sk-customer-service
js-008814,RB85542,sk-communication
js-008815,RB85542,sk-driving-category-b
js-008816,RB85542,sk-driving-category-d
js-008817,RB85542,sk-slovenian-language
js-008818,RB85525,sk-customer-service
js-008819,RB85525,sk-communication
js-008820,RB85525,sk-driving-category-b
js-008821,RB85525,sk-driving-category-d
js-008822,RB85525,sk-slovenian-language
js-008823,RB85539,sk-customer-service
js-008824,RB85539,sk-communication
js-008825,RB85539,sk-driving-category-b
js-008826,RB85539,sk-driving-category-d
js-008827,RB85539,sk-slovenian-language
js-008828,RC02326,sk-driving
js-008829,RC02326,sk-warehouse-operations
js-008830,RC02326,sk-microsoft-office
js-008831,RC02326,sk-driving-category-b
js-008832,RC02326,sk-driving-category-c
js-008833,RC02326,sk-driving-category-e
js-008834,RC02326,sk-driving-category-d
js-008835,RC02326,sk-slovenian-language
js-008836,RC02283,sk-administration
js-008837,RC02283,sk-driving-category-b
js-008838,RC02283,sk-driving-category-e
js-008839,RC02283,sk-slovenian-language
js-008840,RC02360,sk-postal-delivery
js-008841,RC02360,sk-customer-service
js-008842,RC02360,sk-cash-handling
js-008843,RC02360,sk-driving-category-b
js-008844,RC02360,sk-driving-category-e
js-008845,RC02360,sk-slovenian-language
js-008846,RC02360,sk-communication
js-008847,RC02330,sk-postal-delivery
js-008848,RC02330,sk-customer-service
js-008849,RC02330,sk-cash-handling
js-008850,RC02330,sk-driving-category-b
js-008851,RC02330,sk-driving-category-e
js-008852,RC02330,sk-slovenian-language
js-008853,RC02330,sk-communication
js-008854,RC02312,sk-administration
js-008855,RC02312,sk-driving-category-b
js-008856,RC02312,sk-driving-category-e
js-008857,RC02312,sk-slovenian-language
js-008858,RC02482,sk-postal-delivery
js-008859,RC02482,sk-customer-service
js-008860,RC02482,sk-cash-handling
js-008861,RC02482,sk-driving-category-b
js-008862,RC02482,sk-driving-category-e
js-008863,RC02482,sk-slovenian-language
js-008864,RC02482,sk-communication
js-008865,RC02451,sk-postal-delivery
js-008866,RC02451,sk-customer-service
js-008867,RC02451,sk-cash-handling
js-008868,RC02451,sk-driving-category-b
js-008869,RC02451,sk-driving-category-e
js-008870,RC02451,sk-slovenian-language
js-008871,RC02451,sk-communication
js-008872,RC02508,sk-postal-delivery
js-008873,RC02508,sk-customer-service
js-008874,RC02508,sk-cash-handling
js-008875,RC02508,sk-driving-category-b
js-008876,RC02508,sk-driving-category-e
js-008877,RC02508,sk-slovenian-language
js-008878,RC02508,sk-communication
js-008879,RC02420,sk-postal-delivery
js-008880,RC02420,sk-customer-service
js-008881,RC02420,sk-cash-handling
js-008882,RC02420,sk-driving-category-b
js-008883,RC02420,sk-driving-category-e
js-008884,RC02420,sk-slovenian-language
js-008885,RC02420,sk-communication
js-008886,RC02391,sk-postal-delivery
js-008887,RC02391,sk-customer-service
js-008888,RC02391,sk-cash-handling
js-008889,RC02391,sk-driving-category-b
js-008890,RC02391,sk-driving-category-e
js-008891,RC02391,sk-slovenian-language
js-008892,RC02391,sk-communication
js-008893,RC02707,sk-postal-delivery
js-008894,RC02707,sk-customer-service
js-008895,RC02707,sk-cash-handling
js-008896,RC02707,sk-driving-category-b
js-008897,RC02707,sk-slovenian-language
js-008898,RC02707,sk-communication
js-008899,RC02556,sk-postal-delivery
js-008900,RC02556,sk-customer-service
js-008901,RC02556,sk-cash-handling
js-008902,RC02556,sk-driving-category-b
js-008903,RC02556,sk-driving-category-e
js-008904,RC02556,sk-slovenian-language
js-008905,RC02556,sk-communication
js-008906,RC02695,sk-postal-delivery
js-008907,RC02695,sk-customer-service
js-008908,RC02695,sk-cash-handling
js-008909,RC02695,sk-driving-category-b
js-008910,RC02695,sk-driving-category-e
js-008911,RC02695,sk-slovenian-language
js-008912,RC02695,sk-communication
js-008913,RC02573,sk-postal-delivery
js-008914,RC02573,sk-customer-service
js-008915,RC02573,sk-cash-handling
js-008916,RC02573,sk-driving-category-b
js-008917,RC02573,sk-driving-category-e
js-008918,RC02573,sk-slovenian-language
js-008919,RC02573,sk-communication
js-008920,RC02678,sk-postal-delivery
js-008921,RC02678,sk-customer-service
js-008922,RC02678,sk-cash-handling
js-008923,RC02678,sk-driving-category-b
js-008924,RC02678,sk-driving-category-e
js-008925,RC02678,sk-slovenian-language
js-008926,RC02678,sk-communication
js-008927,RC02587,sk-postal-delivery
js-008928,RC02587,sk-customer-service
js-008929,RC02587,sk-cash-handling
js-008930,RC02587,sk-driving-category-b
js-008931,RC02587,sk-driving-category-e
js-008932,RC02587,sk-slovenian-language
js-008933,RC02587,sk-communication
js-008934,RC02650,sk-postal-delivery
js-008935,RC02650,sk-customer-service
js-008936,RC02650,sk-cash-handling
js-008937,RC02650,sk-driving-category-b
js-008938,RC02650,sk-driving-category-e
js-008939,RC02650,sk-slovenian-language
js-008940,RC02650,sk-communication
js-008941,RC02602,sk-postal-delivery
js-008942,RC02602,sk-customer-service
js-008943,RC02602,sk-cash-handling
js-008944,RC02602,sk-driving-category-b
js-008945,RC02602,sk-driving-category-e
js-008946,RC02602,sk-slovenian-language
js-008947,RC02602,sk-communication
js-008948,RC02620,sk-postal-delivery
js-008949,RC02620,sk-customer-service
js-008950,RC02620,sk-cash-handling
js-008951,RC02620,sk-driving-category-b
js-008952,RC02620,sk-driving-category-e
js-008953,RC02620,sk-slovenian-language
js-008954,RC02620,sk-communication
js-008955,RC07613,sk-packaging
js-008956,RC07613,sk-microsoft-office
js-008957,RC07613,sk-customer-service
js-008958,RC07613,sk-communication
js-008959,RC07613,sk-driving-category-b
js-008960,RC07613,sk-english-language
js-008961,RB94470,sk-cleaning
js-008962,RB94470,sk-slovenian-language
js-008963,RA61338,sk-cleaning
js-008964,RA61338,sk-slovenian-language
js-008965,RC04560,sk-machine-operation
js-008966,RC07522,sk-pharmacy
js-008967,RC07522,sk-laboratory-diagnostics
js-008968,RC07522,sk-driving-category-b
js-008969,RC07522,sk-slovenian-language
js-008970,RC12110,sk-cleaning
js-008971,RC12110,sk-driving-category-b
js-008972,RC12110,sk-slovenian-language
js-008973,RC09494,sk-cash-handling
js-008974,RC09494,sk-driving-category-b
js-008975,RC09494,sk-slovenian-language
js-008976,RC12094,sk-cleaning
js-008977,RC12094,sk-driving-category-b
js-008978,RC12094,sk-slovenian-language
js-008979,RB70566,sk-microsoft-office
js-008980,RB70566,sk-customer-service
js-008981,RB70566,sk-communication
js-008982,RB70566,sk-driving-category-b
js-008983,RB61383,sk-cleaning
js-008984,RB61383,sk-driving-category-b
js-008985,RB61409,sk-cleaning
js-008986,RB61409,sk-driving-category-b
js-008987,RB61565,sk-cleaning
js-008988,RB61579,sk-cleaning
js-008989,RB93869,sk-driving
js-008990,RB93901,sk-cleaning
js-008991,RB93901,sk-driving-category-b
js-008992,RC09921,sk-driving
js-008993,RC09935,sk-cleaning
js-008994,RC09935,sk-driving-category-b
js-008995,RC09949,sk-cleaning
js-008996,RB61520,sk-cleaning
js-008997,RB62159,sk-cleaning
js-008998,RB62159,sk-driving-category-b
js-008999,RB61426,sk-cleaning
js-009000,RB61426,sk-driving-category-b
js-009001,RB61611,sk-cleaning
js-009002,RB73269,sk-cleaning
js-009003,RB73301,sk-cleaning
js-009004,RB76663,sk-driving
js-009005,RB79412,sk-cleaning
js-009006,RB79412,sk-driving-category-b
js-009007,RB79383,sk-cleaning
js-009008,RB79383,sk-driving-category-b
js-009009,RB86702,sk-driving
js-009010,RB84550,sk-microsoft-office
js-009011,RB84550,sk-slovenian-language
js-009012,RB84550,sk-english-language
js-009013,RB84624,sk-microsoft-office
js-009014,RB84624,sk-slovenian-language
js-009015,RB84624,sk-english-language
js-009016,RB84607,sk-microsoft-office
js-009017,RB84607,sk-slovenian-language
js-009018,RB84607,sk-english-language
js-009019,RC05890,sk-accounting
js-009020,RC05890,sk-microsoft-office
js-009021,RC05890,sk-driving-category-b
js-009022,RC05890,sk-italian-language
js-009023,RC10200,sk-teaching
js-009024,RC10200,sk-communication
js-009025,RC10200,sk-special-education
js-009026,RC10200,sk-driving-category-b
js-009027,RC08883,sk-teaching
js-009028,RC08883,sk-communication
js-009029,RC08883,sk-mathematics
js-009030,RC08883,sk-microsoft-office
js-009031,RC08883,sk-slovenian-language
js-009032,RC01780,sk-teaching
js-009033,RC01780,sk-communication
js-009034,RC01780,sk-customer-service
js-009035,RC01780,sk-slovenian-language
js-009036,RC01690,sk-administration
js-009037,RC01690,sk-slovenian-language
js-009038,RA28392,sk-teaching
js-009039,RA28392,sk-communication
js-009040,RA28392,sk-microsoft-office
js-009041,RA28392,sk-slovenian-language
js-009042,RC04526,sk-teaching
js-009043,RC04526,sk-communication
js-009044,RC04526,sk-microsoft-office
js-009045,RC04526,sk-driving-category-b
js-009046,RC04418,sk-teaching
js-009047,RC04418,sk-communication
js-009048,RC04418,sk-driving-category-b
js-009049,RC04910,sk-teaching
js-009050,RC04910,sk-communication
js-009051,RC04910,sk-physics
js-009052,RC04910,sk-microsoft-office
js-009053,RC04910,sk-driving-category-b
js-009054,RC04327,sk-early-childhood-education
js-009055,RC04327,sk-teaching
js-009056,RC04327,sk-communication
js-009057,RC04327,sk-microsoft-office
js-009058,RC04327,sk-driving-category-b
js-009059,RC05080,sk-teaching
js-009060,RC05080,sk-communication
js-009061,RC05080,sk-music-education
js-009062,RC05080,sk-microsoft-office
js-009063,RC05080,sk-driving-category-b
js-009064,RC05032,sk-teaching
js-009065,RC05032,sk-communication
js-009066,RC05032,sk-mathematics
js-009067,RC05032,sk-microsoft-office
js-009068,RC05032,sk-driving-category-b
js-009069,RC05964,sk-microsoft-office
js-009070,RC05964,sk-driving-category-b
js-009071,RC04588,sk-teaching
js-009072,RC04588,sk-communication
js-009073,RC04588,sk-art-education
js-009074,RC04588,sk-microsoft-office
js-009075,RC04588,sk-driving-category-b
js-009076,RB43805,sk-production-work
js-009077,RB43805,sk-slovenian-language
js-009078,RC00646,sk-early-childhood-education
js-009079,RC00646,sk-teaching
js-009080,RC00646,sk-communication
js-009081,RC00646,sk-driving-category-b
js-009082,RC00646,sk-driving-category-e
js-009083,RC04054,sk-early-childhood-education
js-009084,RC04054,sk-teaching
js-009085,RC04054,sk-communication
js-009086,RC04054,sk-driving-category-b
js-009087,RC04054,sk-slovenian-language
js-009088,RB64712,sk-production-work
js-009089,RB64712,sk-driving-category-b
js-009090,RB64712,sk-slovenian-language
js-009091,RB87006,sk-teaching
js-009092,RB87006,sk-communication
js-009093,RB87006,sk-driving-category-b
js-009094,RB87006,sk-slovenian-language
js-009095,RB24981,sk-teaching
js-009096,RB24981,sk-communication
js-009097,RB24981,sk-mathematics
js-009098,RB24981,sk-driving-category-b
js-009099,RB24981,sk-slovenian-language
js-009100,RA53761,sk-early-childhood-education
js-009101,RA53761,sk-teaching
js-009102,RA53761,sk-communication
js-009103,RA53761,sk-microsoft-office
js-009104,RA53761,sk-driving-category-b
js-009105,RA53761,sk-slovenian-language
js-009106,RB24950,sk-teaching
js-009107,RB24950,sk-communication
js-009108,RB24950,sk-mathematics
js-009109,RB24950,sk-driving-category-b
js-009110,RB24950,sk-slovenian-language
js-009111,RA69530,sk-administration
js-009112,RA69530,sk-microsoft-office
js-009113,RA69530,sk-driving-category-b
js-009114,RA69530,sk-slovenian-language
js-009115,RB49400,sk-cleaning
js-009116,RB49400,sk-driving-category-b
js-009117,RB49400,sk-slovenian-language
js-009118,RC05691,sk-teaching
js-009119,RC05691,sk-communication
js-009120,RC05691,sk-mathematics
js-009121,RC05691,sk-computer-science
js-009122,RC05691,sk-driving-category-b
js-009123,RC05691,sk-slovenian-language
js-009124,RC02496,sk-microsoft-office
js-009125,RC02496,sk-slovenian-language
js-009126,RA10404,sk-cleaning
js-009127,RA10404,sk-slovenian-language
js-009128,RC10076,sk-teaching
js-009129,RC10076,sk-communication
js-009130,RC10076,sk-microsoft-office
js-009131,RC10076,sk-driving-category-b
js-009132,RC10076,sk-slovenian-language
js-009133,RC10244,sk-microsoft-office
js-009134,RC10244,sk-driving-category-b
js-009135,RC10244,sk-slovenian-language
js-009136,RC09659,sk-teaching
js-009137,RC09659,sk-communication
js-009138,RC09659,sk-microsoft-office
js-009139,RC09659,sk-driving-category-b
js-009140,RC09659,sk-slovenian-language
js-009141,RC09705,sk-teaching
js-009142,RC09705,sk-communication
js-009143,RC09705,sk-music-education
js-009144,RC09705,sk-microsoft-office
js-009145,RC09705,sk-driving-category-b
js-009146,RC09705,sk-slovenian-language
js-009147,RC09767,sk-teaching
js-009148,RC09767,sk-communication
js-009149,RC09767,sk-microsoft-office
js-009150,RC09767,sk-driving-category-b
js-009151,RC09767,sk-slovenian-language
js-009152,RC09600,sk-teaching
js-009153,RC09600,sk-communication
js-009154,RC09600,sk-mathematics
js-009155,RC09600,sk-physics
js-009156,RC09600,sk-microsoft-office
js-009157,RC09600,sk-driving-category-b
js-009158,RC09600,sk-slovenian-language
js-009159,RC09540,sk-teaching
js-009160,RC09540,sk-communication
js-009161,RC09540,sk-microsoft-office
js-009162,RC09540,sk-driving-category-b
js-009163,RC09540,sk-slovenian-language
js-009164,RC10579,sk-cleaning
js-009165,RC10579,sk-microsoft-office
js-009166,RC10579,sk-driving-category-b
js-009167,RC10579,sk-slovenian-language
js-009168,RC10596,sk-microsoft-office
js-009169,RC10596,sk-driving-category-b
js-009170,RC10596,sk-slovenian-language
js-009171,RC05552,sk-teaching
js-009172,RC05552,sk-communication
js-009173,RC05552,sk-mathematics
js-009174,RC05552,sk-microsoft-office
js-009175,RC05552,sk-driving-category-b
js-009176,RC05552,sk-slovenian-language
js-009177,RC04466,sk-teaching
js-009178,RC04466,sk-communication
js-009179,RC04466,sk-microsoft-office
js-009180,RC04466,sk-driving-category-b
js-009181,RC04466,sk-slovenian-language
js-009182,RC04389,sk-teaching
js-009183,RC04389,sk-communication
js-009184,RC04389,sk-microsoft-office
js-009185,RC04389,sk-driving-category-b
js-009186,RC04389,sk-slovenian-language
js-009187,RC04620,sk-teaching
js-009188,RC04620,sk-communication
js-009189,RC04620,sk-microsoft-office
js-009190,RC04620,sk-driving-category-b
js-009191,RC04620,sk-slovenian-language
js-009192,RC04620,sk-english-language
js-009193,RC12626,sk-teaching
js-009194,RC12626,sk-communication
js-009195,RC12626,sk-music-education
js-009196,RC12626,sk-microsoft-office
js-009197,RC12626,sk-slovenian-language
js-009198,RC13072,sk-teaching
js-009199,RC13072,sk-communication
js-009200,RC13072,sk-music-education
js-009201,RC13072,sk-microsoft-office
js-009202,RC01230,sk-teaching
js-009203,RC01230,sk-communication
js-009204,RC01230,sk-mathematics
js-009205,RC01230,sk-physics
js-009206,RC01230,sk-microsoft-office
js-009207,RC01230,sk-driving-category-b
js-009208,RC01230,sk-slovenian-language
js-009209,RC01212,sk-teaching
js-009210,RC01212,sk-communication
js-009211,RC01212,sk-mathematics
js-009212,RC01212,sk-microsoft-office
js-009213,RC01212,sk-driving-category-b
js-009214,RC01212,sk-slovenian-language
js-009215,RC13268,sk-production-work
js-009216,RC11327,sk-teaching
js-009217,RC11327,sk-communication
js-009218,RC11327,sk-driving-category-b
js-009219,RC11327,sk-slovenian-language
js-009220,RB93488,sk-teaching
js-009221,RB93488,sk-communication
js-009222,RB93488,sk-art-education
js-009223,RB93488,sk-microsoft-office
js-009224,RB93488,sk-slovenian-language
js-009225,RB61660,sk-teaching
js-009226,RB61660,sk-communication
js-009227,RB61660,sk-microsoft-office
js-009228,RB61660,sk-driving-category-b
js-009229,RB61660,sk-slovenian-language
js-009230,RB90325,sk-production-work
js-009231,RB90325,sk-driving-category-b
js-009232,RB90325,sk-slovenian-language
js-009233,RB90342,sk-teaching
js-009234,RB90342,sk-communication
js-009235,RB90342,sk-driving-category-b
js-009236,RB90342,sk-slovenian-language
js-009237,RB99450,sk-teaching
js-009238,RB99450,sk-communication
js-009239,RB99450,sk-driving-category-b
js-009240,RB99450,sk-slovenian-language
js-009241,RC10370,sk-customer-service
js-009242,RC10370,sk-communication
js-009243,RC10370,sk-driving-category-b
js-009244,RC10370,sk-driving-category-e
js-009245,RC10370,sk-slovenian-language
js-009246,RB65613,sk-cleaning
js-009247,RB65613,sk-slovenian-language
js-009248,RB64960,sk-microsoft-office
js-009249,RB64960,sk-english-language
js-009250,RC09861,sk-early-childhood-education
js-009251,RC09861,sk-teaching
js-009252,RC09861,sk-communication
js-009253,RC09861,sk-microsoft-office
js-009254,RC09861,sk-slovenian-language
js-009255,RB98207,sk-teaching
js-009256,RB98207,sk-communication
js-009257,RB98207,sk-physical-education
js-009258,RB98207,sk-microsoft-office
js-009259,RB98207,sk-slovenian-language
js-009260,RB97860,sk-teaching
js-009261,RB97860,sk-communication
js-009262,RB97860,sk-microsoft-office
js-009263,RB97860,sk-slovenian-language
js-009264,RB97860,sk-english-language
js-009265,RC12461,sk-teaching
js-009266,RC12461,sk-communication
js-009267,RC12461,sk-music-education
js-009268,RC12461,sk-slovenian-language
js-009269,RC12748,sk-teaching
js-009270,RC12748,sk-communication
js-009271,RC12748,sk-slovenian-language
js-009272,RC11955,sk-teaching
js-009273,RC11955,sk-communication
js-009274,RC11955,sk-physics
js-009275,RC11955,sk-slovenian-language
js-009276,RB97016,sk-teaching
js-009277,RB97016,sk-communication
js-009278,RB97016,sk-special-education
js-009279,RB97016,sk-microsoft-office
js-009280,RB97016,sk-slovenian-language
js-009281,RA79247,sk-teaching
js-009282,RA79247,sk-communication
js-009283,RA79247,sk-mathematics
js-009284,RA79247,sk-microsoft-office
js-009285,RA79247,sk-slovenian-language
js-009286,RB94969,sk-administration
js-009287,RB94969,sk-microsoft-office
js-009288,RB94969,sk-slovenian-language
js-009289,RB94969,sk-english-language
js-009290,RB95626,sk-cleaning
js-009291,RB95626,sk-slovenian-language
js-009292,RC09571,sk-accounting
js-009293,RC09571,sk-microsoft-office
js-009294,RC09571,sk-slovenian-language
js-009295,RC09571,sk-english-language
js-009296,RB94560,sk-teaching
js-009297,RB94560,sk-communication
js-009298,RB94560,sk-music-education
js-009299,RB94560,sk-slovenian-language
js-009300,RB84044,sk-accounting
js-009301,RB84044,sk-slovenian-language
js-009302,RC00217,sk-administration
js-009303,RC00217,sk-microsoft-office
js-009304,RB97246,sk-teaching
js-009305,RB97246,sk-communication
js-009306,RB97246,sk-mathematics
js-009307,RB97246,sk-physics
js-009308,RB97246,sk-driving-category-b
js-009309,RB97246,sk-driving-category-e
js-009310,RB97246,sk-slovenian-language
js-009311,RB53590,sk-teaching
js-009312,RB53590,sk-communication
js-009313,RB53590,sk-slovenian-language
js-009314,RB53590,sk-english-language
js-009315,RB53620,sk-teaching
js-009316,RB53620,sk-communication
js-009317,RB53620,sk-slovenian-language
js-009318,RB53620,sk-english-language
js-009319,RB53620,sk-german-language
js-009320,RC11895,sk-teaching
js-009321,RC11895,sk-communication
js-009322,RC11895,sk-driving-category-b
js-009323,RC11895,sk-slovenian-language
js-009324,RC02189,sk-production-work
js-009325,RC02189,sk-driving-category-b
js-009326,RC02189,sk-slovenian-language
js-009327,RC11010,sk-teaching
js-009328,RC11010,sk-communication
js-009329,RC11010,sk-microsoft-office
js-009330,RB76143,sk-teaching
js-009331,RB76143,sk-communication
js-009332,RB76143,sk-mathematics
js-009333,RB76143,sk-physics
js-009334,RB76143,sk-microsoft-office
js-009335,RB76143,sk-slovenian-language
js-009336,RC02479,sk-teaching
js-009337,RC02479,sk-communication
js-009338,RC02479,sk-physical-education
js-009339,RC02479,sk-microsoft-office
js-009340,RC02479,sk-slovenian-language
js-009341,RB70549,sk-teaching
js-009342,RB70549,sk-communication
js-009343,RB70549,sk-microsoft-office
js-009344,RB70549,sk-english-language
js-009345,RB93750,sk-teaching
js-009346,RB93750,sk-communication
js-009347,RB93750,sk-slovenian-language
js-009348,RB93932,sk-production-work
js-009349,RB93932,sk-slovenian-language
js-009350,RB93838,sk-production-work
js-009351,RB93838,sk-slovenian-language
js-009352,RB93980,sk-teaching
js-009353,RB93980,sk-communication
js-009354,RB93980,sk-slovenian-language
js-009355,RC09190,sk-teaching
js-009356,RC09190,sk-communication
js-009357,RC09190,sk-microsoft-office
js-009358,RC09190,sk-slovenian-language
js-009359,RB73468,sk-teaching
js-009360,RB73468,sk-communication
js-009361,RB73468,sk-mathematics
js-009362,RB73468,sk-physics
js-009363,RB73468,sk-microsoft-office
js-009364,RB73468,sk-slovenian-language
js-009365,RB73406,sk-teaching
js-009366,RB73406,sk-communication
js-009367,RB73406,sk-mathematics
js-009368,RB73406,sk-microsoft-office
js-009369,RB73406,sk-slovenian-language
js-009370,RB73423,sk-teaching
js-009371,RB73423,sk-communication
js-009372,RB73423,sk-mathematics
js-009373,RB73423,sk-computer-science
js-009374,RB73423,sk-microsoft-office
js-009375,RB73423,sk-slovenian-language
js-009376,RB73440,sk-teaching
js-009377,RB73440,sk-communication
js-009378,RB73440,sk-mathematics
js-009379,RB73440,sk-microsoft-office
js-009380,RB73440,sk-slovenian-language
js-009381,RC05842,sk-teaching
js-009382,RC05842,sk-communication
js-009383,RC05842,sk-driving-category-b
js-009384,RC05842,sk-slovenian-language
js-009385,RB95305,sk-teaching
js-009386,RB95305,sk-communication
js-009387,RB95305,sk-microsoft-office
js-009388,RB95305,sk-english-language
js-009389,RC07371,sk-teaching
js-009390,RC07371,sk-communication
js-009391,RC07229,sk-teaching
js-009392,RC07229,sk-communication
js-009393,RC07229,sk-mathematics
js-009394,RC13774,sk-teaching
js-009395,RC13774,sk-communication
js-009396,RC13774,sk-driving-category-b
js-009397,RC13774,sk-driving-category-e
js-009398,RC13803,sk-teaching
js-009399,RC13803,sk-communication
js-009400,RC13803,sk-microsoft-office
js-009401,RC13803,sk-driving-category-b
js-009402,RC13803,sk-driving-category-e
js-009403,RC13791,sk-teaching
js-009404,RC13791,sk-communication
js-009405,RC13791,sk-music-education
js-009406,RC13791,sk-driving-category-b
js-009407,RC13791,sk-driving-category-e
js-009408,RB41991,sk-cleaning
js-009409,RB41991,sk-microsoft-office
js-009410,RB41991,sk-driving-category-b
js-009411,RB41991,sk-driving-category-e
js-009412,RB41991,sk-slovenian-language
js-009413,RB15977,sk-teaching
js-009414,RB15977,sk-communication
js-009415,RB15977,sk-mathematics
js-009416,RB15977,sk-microsoft-office
js-009417,RB15977,sk-driving-category-b
js-009418,RB15977,sk-driving-category-e
js-009419,RB15977,sk-slovenian-language
js-009420,RB15980,sk-teaching
js-009421,RB15980,sk-communication
js-009422,RB15980,sk-microsoft-office
js-009423,RB15980,sk-driving-category-b
js-009424,RB15980,sk-driving-category-e
js-009425,RB15980,sk-slovenian-language
js-009426,RB15980,sk-english-language
js-009427,RB72783,sk-teaching
js-009428,RB72783,sk-communication
js-009429,RB72783,sk-microsoft-office
js-009430,RB72783,sk-driving-category-b
js-009431,RB72783,sk-driving-category-e
js-009432,RB72783,sk-slovenian-language
js-009433,RB79890,sk-microsoft-office
js-009434,RB79890,sk-driving-category-b
js-009435,RB79890,sk-driving-category-e
js-009436,RB79890,sk-slovenian-language
js-009437,RC02906,sk-teaching
js-009438,RC02906,sk-communication
js-009439,RC02906,sk-microsoft-office
js-009440,RC02906,sk-driving-category-b
js-009441,RC02906,sk-driving-category-e
js-009442,RC02906,sk-slovenian-language
js-009443,RC02906,sk-english-language
js-009444,RC03140,sk-teaching
js-009445,RC03140,sk-communication
js-009446,RC03140,sk-microsoft-office
js-009447,RC03140,sk-slovenian-language
js-009448,RA18900,sk-microsoft-office
js-009449,RA18900,sk-slovenian-language
js-009450,RA23532,sk-teaching
js-009451,RA23532,sk-communication
js-009452,RA23532,sk-microsoft-office
js-009453,RA23532,sk-driving-category-b
js-009454,RA23532,sk-driving-category-e
js-009455,RA23532,sk-slovenian-language
js-009456,RB77533,sk-teaching
js-009457,RB77533,sk-communication
js-009458,RB77533,sk-physical-education
js-009459,RB77533,sk-microsoft-office
js-009460,RB77533,sk-driving-category-b
js-009461,RB77533,sk-driving-category-e
js-009462,RB77533,sk-slovenian-language
js-009463,RB17920,sk-cleaning
js-009464,RB17920,sk-driving-category-b
js-009465,RB17920,sk-driving-category-e
js-009466,RB17920,sk-slovenian-language
js-009467,RB99676,sk-cleaning
js-009468,RB99676,sk-slovenian-language
js-009469,RB97050,sk-teaching
js-009470,RB97050,sk-communication
js-009471,RB97050,sk-physics
js-009472,RB97050,sk-chemistry
js-009473,RB97050,sk-microsoft-office
js-009474,RB97050,sk-slovenian-language
js-009475,RB97050,sk-english-language
js-009476,RC01962,sk-teaching
js-009477,RC01962,sk-communication
js-009478,RC01962,sk-physical-education
js-009479,RC01962,sk-driving-category-b
js-009480,RC01962,sk-driving-category-e
js-009481,RC01962,sk-slovenian-language
js-009482,RC01962,sk-english-language
js-009483,RC02022,sk-teaching
js-009484,RC02022,sk-communication
js-009485,RC02022,sk-mathematics
js-009486,RC02022,sk-computer-science
js-009487,RC02022,sk-driving-category-b
js-009488,RC02022,sk-driving-category-e
js-009489,RC02022,sk-slovenian-language
js-009490,RC02022,sk-english-language
js-009491,RA49004,sk-administration
js-009492,RA49004,sk-driving-category-b
js-009493,RB97476,sk-administration
js-009494,RB97476,sk-slovenian-language
js-009495,RB95609,sk-teaching
js-009496,RB95609,sk-communication
js-009497,RB95609,sk-microsoft-office
js-009498,RB95609,sk-slovenian-language
js-009499,RB95978,sk-microsoft-office
js-009500,RB95978,sk-customer-service
js-009501,RB95978,sk-communication
js-009502,RB95978,sk-slovenian-language
js-009503,RB96072,sk-teaching
js-009504,RB96072,sk-communication
js-009505,RB96072,sk-microsoft-office
js-009506,RB96072,sk-customer-service
js-009507,RB96072,sk-slovenian-language
js-009508,RC13422,sk-teaching
js-009509,RC13422,sk-communication
js-009510,RC13422,sk-physics
js-009511,RC13422,sk-computer-science
js-009512,RC13422,sk-microsoft-office
js-009513,RC13422,sk-customer-service
js-009514,RC13422,sk-slovenian-language
js-009515,RC13440,sk-microsoft-office
js-009516,RC13440,sk-customer-service
js-009517,RC13440,sk-communication
js-009518,RC13440,sk-slovenian-language
js-009519,RC04760,sk-gardening
js-009520,RC04760,sk-driving-category-b
js-009521,RC05400,sk-teaching
js-009522,RC05400,sk-communication
js-009523,RC05400,sk-mathematics
js-009524,RC05400,sk-microsoft-office
js-009525,RC05400,sk-slovenian-language
js-009526,RB96760,sk-teaching
js-009527,RB96760,sk-communication
js-009528,RB96760,sk-microsoft-office
js-009529,RB96760,sk-slovenian-language
js-009530,RC09463,sk-driving
js-009531,RC09463,sk-driving-category-b
js-009532,RC05123,sk-teaching
js-009533,RC05123,sk-communication
js-009534,RC05123,sk-slovenian-language
js-009535,RB78832,sk-production-work
js-009536,RB78832,sk-driving-category-b
js-009537,RB78832,sk-slovenian-language
js-009538,RC04725,sk-teaching
js-009539,RC04725,sk-communication
js-009540,PX34765,sk-teaching
js-009541,PX34765,sk-communication
js-009542,PX34765,sk-microsoft-office
js-009543,PX34765,sk-customer-service
js-009544,PX34765,sk-slovenian-language
js-009545,RC07095,sk-early-childhood-education
js-009546,RC07095,sk-teaching
js-009547,RC07095,sk-communication
js-009548,RC07095,sk-slovenian-language
js-009549,RC07124,sk-administration
js-009550,RC07124,sk-slovenian-language
js-009551,RC10656,sk-teaching
js-009552,RC10656,sk-communication
js-009553,RC10656,sk-special-education
js-009554,RC10656,sk-microsoft-office
js-009555,RC10656,sk-slovenian-language
js-009556,RC07505,sk-teaching
js-009557,RC07505,sk-communication
js-009558,RC07505,sk-special-education
js-009559,RC07505,sk-slovenian-language
js-009560,RC08410,sk-teaching
js-009561,RC08410,sk-communication
js-009562,RC08410,sk-special-education
js-009563,RC08410,sk-microsoft-office
js-009564,RC08410,sk-slovenian-language
js-009565,RC08350,sk-teaching
js-009566,RC08350,sk-communication
js-009567,RC08350,sk-special-education
js-009568,RC08350,sk-microsoft-office
js-009569,RC08350,sk-slovenian-language
js-009570,RC08195,sk-administration
js-009571,RC08195,sk-slovenian-language
js-009572,RB92829,sk-cleaning
js-009573,RB92829,sk-haccp
js-009574,RB92829,sk-slovenian-language
js-009575,RC06328,sk-administration
js-009576,RC06328,sk-slovenian-language
js-009577,RC02999,sk-teaching
js-009578,RC02999,sk-communication
js-009579,RC02999,sk-special-education
js-009580,RC02999,sk-customer-service
js-009581,RC02999,sk-slovenian-language
js-009582,RC03838,sk-teaching
js-009583,RC03838,sk-communication
js-009584,RC03838,sk-driving-category-b
js-009585,RC03838,sk-slovenian-language
js-009586,RC09020,sk-plumbing
js-009587,RC09020,sk-haccp
js-009588,RC01533,sk-teaching
js-009589,RC01533,sk-communication
js-009590,RC01533,sk-physics
js-009591,RC01655,sk-teaching
js-009592,RC01655,sk-communication
js-009593,RC01655,sk-chemistry
js-009594,RC01581,sk-teaching
js-009595,RC01581,sk-communication
js-009596,RC01581,sk-mathematics
js-009597,RC01750,sk-information-technology
js-009598,RC01777,sk-teaching
js-009599,RC01777,sk-communication
js-009600,RA05604,sk-teaching
js-009601,RA05604,sk-communication
js-009602,RA05561,sk-teaching
js-009603,RA05561,sk-communication
js-009604,RC05413,sk-teaching
js-009605,RC05413,sk-communication
js-009606,RC05413,sk-chemistry
js-009607,RC05413,sk-microsoft-office
js-009608,RC12245,sk-teaching
js-009609,RC12245,sk-communication
js-009610,RC12245,sk-microsoft-office
js-009611,RB81844,sk-teaching
js-009612,RB81844,sk-communication
js-009613,RB81844,sk-mathematics
js-009614,RB81844,sk-slovenian-language
js-009615,RC12200,sk-teaching
js-009616,RC12200,sk-communication
js-009617,RC12200,sk-slovenian-language
js-009618,RB79702,sk-teaching
js-009619,RB79702,sk-communication
js-009620,RB79702,sk-mathematics
js-009621,RB79702,sk-microsoft-office
js-009622,RB79702,sk-slovenian-language
js-009623,RC05839,sk-teaching
js-009624,RC05839,sk-communication
js-009625,RC05839,sk-mathematics
js-009626,RC05839,sk-english-language
js-009627,RB98713,sk-teaching
js-009628,RB98713,sk-communication
js-009629,RB98713,sk-physics
js-009630,RB98713,sk-english-language
js-009631,RC10045,sk-cooking
js-009632,RB81264,sk-administration
js-009633,RB81264,sk-driving-category-b
js-009634,RB81264,sk-slovenian-language
js-009635,PW21630,sk-construction-work
js-009636,PW21630,sk-driving-category-b
js-009637,RB96086,sk-construction-work
js-009638,RB96086,sk-driving-category-b
js-009639,RB96086,sk-slovenian-language
js-009640,PN44175,sk-assembly
js-009641,PN44175,sk-driving-category-b
js-009642,OY13368,sk-administration
js-009643,OY13368,sk-driving-category-b
js-009644,OY13431,sk-roofing
js-009645,OY13431,sk-construction-work
js-009646,OY13431,sk-driving-category-b
js-009647,OY13462,sk-roofing
js-009648,OY13462,sk-construction-work
js-009649,OY13462,sk-driving-category-b
js-009650,OY13505,sk-masonry
js-009651,OY13505,sk-construction-work
js-009652,OY13505,sk-driving-category-b
js-009653,RB11438,sk-construction-work
js-009654,RB11438,sk-microsoft-office
js-009655,RB11438,sk-cash-handling
js-009656,RB11438,sk-driving-category-b
js-009657,RB11563,sk-construction-work
js-009658,RB11563,sk-microsoft-office
js-009659,RB11563,sk-cash-handling
js-009660,RB11563,sk-driving-category-b
js-009661,RB11671,sk-construction-work
js-009662,RB11671,sk-microsoft-office
js-009663,RB11671,sk-cash-handling
js-009664,RB11671,sk-driving-category-b
js-009665,RB11671,sk-driving-category-e
js-009666,RC13223,sk-warehouse-operations
js-009667,RC13223,sk-forklift-operation
js-009668,RC13223,sk-microsoft-office
js-009669,RC13223,sk-driving-category-b
js-009670,RC04193,sk-pediatrics
js-009671,RC04300,sk-legal-work
js-009672,PW35149,sk-laboratory-diagnostics
js-009673,PW35149,sk-customer-service
js-009674,PW35149,sk-communication
js-009675,RC08207,sk-nursing
js-009676,RC08207,sk-patient-care
js-009677,RC08207,sk-orthopedics
js-009678,RC08207,sk-microsoft-office
js-009679,RC08207,sk-slovenian-language
js-009680,RC08818,sk-customer-service
js-009681,RC08818,sk-communication
js-009682,RC08818,sk-slovenian-language
js-009683,RC08011,sk-medicine
js-009684,RC08011,sk-laboratory-diagnostics
js-009685,RC00629,sk-nursing
js-009686,RC00629,sk-patient-care
js-009687,RC00629,sk-customer-service
js-009688,RC00629,sk-communication
js-009689,RC00629,sk-slovenian-language
js-009690,RC00590,sk-nursing
js-009691,RC00590,sk-patient-care
js-009692,RC00590,sk-customer-service
js-009693,RC00590,sk-communication
js-009694,RC00590,sk-slovenian-language
js-009695,RB79824,sk-production-work
js-009696,RB79824,sk-warehouse-operations
js-009697,RB79824,sk-slovenian-language
js-009698,RC13007,sk-laboratory-diagnostics
js-009699,RC13007,sk-oncology
js-009700,RC11358,sk-customer-service
js-009701,RC11358,sk-communication
js-009702,RC11449,sk-production-work
js-009703,RC11449,sk-slovenian-language
js-009704,RC08210,sk-accounting
js-009705,RC08210,sk-microsoft-office
js-009706,RC08210,sk-slovenian-language
js-009707,RC08619,sk-production-work
js-009708,RC08619,sk-warehouse-operations
js-009709,RC08619,sk-slovenian-language
js-009710,RC11023,sk-nursing
js-009711,RC11023,sk-patient-care
js-009712,RC11023,sk-emergency-medicine
js-009713,RC11023,sk-cash-handling
js-009714,RC11023,sk-slovenian-language
js-009715,RA26326,sk-customer-service
js-009716,RA26326,sk-communication
js-009717,RA26326,sk-slovenian-language
js-009718,RB95489,sk-microsoft-office
js-009719,RB95489,sk-slovenian-language
js-009720,RB95458,sk-microsoft-office
js-009721,RB95458,sk-slovenian-language
js-009722,RB93457,sk-microsoft-office
js-009723,RB93457,sk-slovenian-language
js-009724,PZ97520,sk-nursing
js-009725,PZ97520,sk-patient-care
js-009726,PZ97520,sk-emergency-medicine
js-009727,PZ97520,sk-microsoft-office
js-009728,PZ97520,sk-slovenian-language
js-009729,PZ78220,sk-nursing
js-009730,PZ78220,sk-patient-care
js-009731,PZ78220,sk-intensive-care
js-009732,PZ78220,sk-emergency-medicine
js-009733,PZ78220,sk-slovenian-language
js-009734,PZ90917,sk-nursing
js-009735,PZ90917,sk-patient-care
js-009736,PZ90917,sk-emergency-medicine
js-009737,PZ90917,sk-slovenian-language
js-009738,PZ91147,sk-nursing
js-009739,PZ91147,sk-patient-care
js-009740,PZ91147,sk-emergency-medicine
js-009741,PZ91147,sk-slovenian-language
js-009742,PZ91181,sk-nursing
js-009743,PZ91181,sk-patient-care
js-009744,PZ91181,sk-emergency-medicine
js-009745,PZ91181,sk-customer-service
js-009746,PZ91181,sk-communication
js-009747,PZ91181,sk-slovenian-language
js-009748,PZ91423,sk-nursing
js-009749,PZ91423,sk-patient-care
js-009750,PZ91423,sk-slovenian-language
js-009751,PZ91406,sk-nursing
js-009752,PZ91406,sk-patient-care
js-009753,PZ91406,sk-intensive-care
js-009754,PZ91406,sk-emergency-medicine
js-009755,PZ91406,sk-slovenian-language
js-009756,PZ91437,sk-nursing
js-009757,PZ91437,sk-patient-care
js-009758,PZ91437,sk-slovenian-language
js-009759,RB04637,sk-nursing
js-009760,RB04637,sk-patient-care
js-009761,RB04637,sk-surgery
js-009762,RB04637,sk-orthopedics
js-009763,RB04637,sk-slovenian-language
js-009764,RB06212,sk-nursing
js-009765,RB06212,sk-patient-care
js-009766,RB06212,sk-emergency-medicine
js-009767,RB06212,sk-microsoft-office
js-009768,RB06212,sk-slovenian-language
js-009769,RC08653,sk-medicine
js-009770,RC08653,sk-laboratory-diagnostics
js-009771,RC08653,sk-microsoft-office
js-009772,RC08653,sk-slovenian-language
js-009773,RB32848,sk-nursing
js-009774,RB32848,sk-patient-care
js-009775,RB32848,sk-sterilization
js-009776,RB58340,sk-production-work
js-009777,RB58340,sk-slovenian-language
js-009778,RA96871,sk-midwifery
js-009779,RA96871,sk-slovenian-language
js-009780,RA96473,sk-nursing
js-009781,RA96473,sk-surgery
js-009782,RA96473,sk-slovenian-language
js-009783,RA05589,sk-physiotherapy
js-009784,RA05589,sk-slovenian-language
js-009785,PZ49439,sk-nursing
js-009786,PZ49439,sk-midwifery
js-009787,PZ49439,sk-slovenian-language
js-009788,PY18406,sk-nursing
js-009789,PY18406,sk-intensive-care
js-009790,PY18406,sk-anesthesiology
js-009791,PY18406,sk-slovenian-language
js-009792,PY66759,sk-nursing
js-009793,PY66759,sk-slovenian-language
js-009794,PY50058,sk-nursing
js-009795,PY50058,sk-patient-care
js-009796,PY50058,sk-slovenian-language
js-009797,PY46910,sk-nursing
js-009798,PY46910,sk-slovenian-language
js-009799,PY46941,sk-nursing
js-009800,PY46941,sk-slovenian-language
js-009801,RC13090,sk-nursing
js-009802,RC13090,sk-patient-care
js-009803,RC13090,sk-intensive-care
js-009804,RC13090,sk-anesthesiology
js-009805,RC13090,sk-slovenian-language
js-009806,RB94159,sk-nursing
js-009807,RB94159,sk-emergency-medicine
js-009808,RB94159,sk-slovenian-language
js-009809,RB94651,sk-nursing
js-009810,RB94651,sk-dialysis-care
js-009811,RB94651,sk-slovenian-language
js-009812,RB98821,sk-production-work
js-009813,RB98821,sk-slovenian-language
js-009814,RB98500,sk-nursing
js-009815,RB98500,sk-slovenian-language
js-009816,OZ69880,sk-medicine
js-009817,OZ69880,sk-internal-medicine
js-009818,OZ69880,sk-intensive-care
js-009819,OZ69880,sk-cardiology
js-009820,OZ69880,sk-microsoft-office
js-009821,OZ69880,sk-slovenian-language
js-009822,OX52880,sk-medicine
js-009823,OX52880,sk-radiology
js-009824,OX52880,sk-microsoft-office
js-009825,OX52880,sk-slovenian-language
js-009826,PD96391,sk-medicine
js-009827,PD96391,sk-intensive-care
js-009828,PD96391,sk-anesthesiology
js-009829,PD96391,sk-microsoft-office
js-009830,PD96391,sk-slovenian-language
js-009831,PT44961,sk-medicine
js-009832,PT44961,sk-slovenian-language
js-009833,RA10470,sk-technical-maintenance
js-009834,RA10470,sk-driving-category-b
js-009835,RA10470,sk-slovenian-language
js-009836,PZ89084,sk-nursing
js-009837,PZ89084,sk-patient-care
js-009838,PZ89084,sk-dialysis-care
js-009839,PZ89084,sk-slovenian-language
js-009840,RA00763,sk-nursing
js-009841,RA00763,sk-patient-care
js-009842,RA00763,sk-slovenian-language
js-009843,RB56964,sk-nursing
js-009844,RB56964,sk-patient-care
js-009845,RB56964,sk-slovenian-language
js-009846,RB79261,sk-nursing
js-009847,RB79261,sk-patient-care
js-009848,RB79261,sk-endoscopy
js-009849,RB79261,sk-slovenian-language
js-009850,RB80988,sk-nursing
js-009851,RB80988,sk-patient-care
js-009852,RB80988,sk-emergency-medicine
js-009853,RB80988,sk-slovenian-language
js-009854,RB95518,sk-legal-work
js-009855,RB95518,sk-slovenian-language
js-009856,RB91871,sk-medicine
js-009857,RB91871,sk-slovenian-language
js-009858,RC05367,sk-nursing
js-009859,RC05367,sk-patient-care
js-009860,RC05367,sk-slovenian-language
js-009861,RC05825,sk-nursing
js-009862,RC05825,sk-patient-care
js-009863,RC05825,sk-midwifery
js-009864,RC05825,sk-slovenian-language
js-009865,RB97172,sk-nursing
js-009866,RB97172,sk-patient-care
js-009867,RB97172,sk-driving-category-b
js-009868,PP64718,sk-medicine
js-009869,PP64735,sk-medicine
js-009870,PP64735,sk-emergency-medicine
js-009871,PY39162,sk-nursing
js-009872,PY39162,sk-patient-care
js-009873,PX39668,sk-emergency-medicine
js-009874,PX39668,sk-driving-category-b
js-009875,PX39668,sk-slovenian-language
js-009876,PV37278,sk-medicine
js-009877,PV37278,sk-driving-category-b
js-009878,PV37278,sk-slovenian-language
js-009879,PX29020,sk-medicine
js-009880,PX29020,sk-dental-care
js-009881,PX29020,sk-driving-category-b
js-009882,PX29020,sk-slovenian-language
js-009883,PP33562,sk-radiology
js-009884,PP33562,sk-driving-category-b
js-009885,PP33562,sk-slovenian-language
js-009886,RA25794,sk-microsoft-office
js-009887,RA25794,sk-driving-category-b
js-009888,RA25794,sk-slovenian-language
js-009889,RB76220,sk-medicine
js-009890,RB76220,sk-driving-category-b
js-009891,RB76220,sk-slovenian-language
js-009892,RB64803,sk-nursing
js-009893,RB64803,sk-emergency-medicine
js-009894,RB64803,sk-driving-category-b
js-009895,RB64803,sk-slovenian-language
js-009896,RB64817,sk-nursing
js-009897,RB64817,sk-driving-category-b
js-009898,RB64817,sk-slovenian-language
js-009899,RB64618,sk-physiotherapy
js-009900,RB64618,sk-driving-category-b
js-009901,RB64618,sk-slovenian-language
js-009902,RB17063,sk-emergency-medicine
js-009903,RB17063,sk-driving-category-b
js-009904,RB17063,sk-driving-category-c
js-009905,RB17063,sk-slovenian-language
js-009906,RC02511,sk-nursing
js-009907,RC02511,sk-patient-care
js-009908,RC02511,sk-pediatrics
js-009909,RC02511,sk-driving-category-b
js-009910,RC02511,sk-slovenian-language
js-009911,RC02710,sk-nursing
js-009912,RC02710,sk-driving-category-b
js-009913,RC02710,sk-driving-category-e
js-009914,RC02710,sk-slovenian-language
js-009915,PC97065,sk-medicine
js-009916,PC97065,sk-pediatrics
js-009917,PC97065,sk-psychiatry
js-009918,PC97065,sk-microsoft-office
js-009919,PC97065,sk-driving-category-b
js-009920,RA32334,sk-production-work
js-009921,RA32334,sk-driving-category-b
js-009922,RA32334,sk-slovenian-language
js-009923,RB83279,sk-midwifery
js-009924,RB83279,sk-microsoft-office
js-009925,RB83279,sk-driving-category-b
js-009926,RB83279,sk-slovenian-language
js-009927,RB20013,sk-nursing
js-009928,RB20013,sk-patient-care
js-009929,RB20013,sk-customer-service
js-009930,RB20013,sk-communication
js-009931,RB20013,sk-driving-category-b
js-009932,RB20013,sk-slovenian-language
js-009933,RC01564,sk-medicine
js-009934,RC01564,sk-orthopedics
js-009935,RC01564,sk-dental-care
js-009936,RC01564,sk-driving-category-b
js-009937,RC01564,sk-slovenian-language
js-009938,OZ07343,sk-medicine
js-009939,OZ07343,sk-pediatrics
js-009940,OZ07343,sk-microsoft-office
js-009941,OZ07343,sk-driving-category-b
js-009942,OZ07343,sk-slovenian-language
js-009943,PG69191,sk-medicine
js-009944,PG69191,sk-radiology
js-009945,PG69191,sk-microsoft-office
js-009946,PG69191,sk-driving-category-b
js-009947,PG69191,sk-slovenian-language
js-009948,PR30833,sk-medicine
js-009949,PR30833,sk-emergency-medicine
js-009950,PR30833,sk-microsoft-office
js-009951,PR30833,sk-driving-category-b
js-009952,PR30833,sk-slovenian-language
js-009953,PR34440,sk-medicine
js-009954,PR34440,sk-laboratory-diagnostics
js-009955,PR34440,sk-emergency-medicine
js-009956,PR34440,sk-radiology
js-009957,PR34440,sk-microsoft-office
js-009958,PR34440,sk-driving-category-b
js-009959,PR34440,sk-slovenian-language
js-009960,PY53620,sk-medicine
js-009961,PY53620,sk-laboratory-diagnostics
js-009962,PY53620,sk-radiology
js-009963,PY53620,sk-orthopedics
js-009964,PY53620,sk-dental-care
js-009965,PY53620,sk-microsoft-office
js-009966,PY53620,sk-driving-category-b
js-009967,PY53620,sk-slovenian-language
js-009968,PZ91991,sk-medicine
js-009969,PZ91991,sk-microsoft-office
js-009970,PZ91991,sk-driving-category-b
js-009971,PZ91991,sk-slovenian-language
js-009972,RB05097,sk-nursing
js-009973,RB05097,sk-patient-care
js-009974,RB05097,sk-emergency-medicine
js-009975,RB05097,sk-microsoft-office
js-009976,RB05097,sk-driving-category-b
js-009977,RB05097,sk-slovenian-language
js-009978,RB89024,sk-laboratory-diagnostics
js-009979,RB89024,sk-microsoft-office
js-009980,RB89024,sk-driving-category-b
js-009981,RB89024,sk-slovenian-language
js-009982,RC02539,sk-nursing
js-009983,RC02539,sk-patient-care
js-009984,RC02539,sk-laboratory-diagnostics
js-009985,RC02539,sk-sterilization
js-009986,RC02539,sk-microsoft-office
js-009987,RC02539,sk-driving-category-b
js-009988,RC02539,sk-slovenian-language
js-009989,RC03824,sk-medicine
js-009990,RC03824,sk-slovenian-language
js-009991,RC03824,sk-italian-language
js-009992,RB97540,sk-medicine
js-009993,RB97540,sk-psychiatry
js-009994,RB97540,sk-slovenian-language
js-009995,RB97540,sk-italian-language
js-009996,PZ06653,sk-medicine
js-009997,PZ06653,sk-emergency-medicine
js-009998,PZ06653,sk-slovenian-language
js-009999,PZ06653,sk-italian-language
js-010000,PZ06684,sk-medicine
js-010001,PZ06684,sk-pediatrics
js-010002,PZ06684,sk-slovenian-language
js-010003,PZ06684,sk-italian-language
js-010004,RB65476,sk-production-work
js-010005,RB65476,sk-slovenian-language
js-010006,PN41410,sk-medicine
js-010007,PN41410,sk-emergency-medicine
js-010008,PN41410,sk-midwifery
js-010009,PN41410,sk-customer-service
js-010010,PN41410,sk-communication
js-010011,PN41410,sk-slovenian-language
js-010012,OZ80912,sk-medicine
js-010013,OZ80912,sk-laboratory-diagnostics
js-010014,OZ80912,sk-slovenian-language
js-010015,RC03716,sk-nursing
js-010016,RC03716,sk-patient-care
js-010017,RC03716,sk-emergency-medicine
js-010018,RC03716,sk-first-aid
js-010019,RC03716,sk-cash-handling
js-010020,RC03716,sk-driving-category-b
js-010021,RC03716,sk-slovenian-language
js-010022,RC05521,sk-nursing
js-010023,RC05521,sk-patient-care
js-010024,RC05521,sk-microsoft-office
js-010025,RC05521,sk-driving-category-b
js-010026,RC05521,sk-slovenian-language
js-010027,RC05521,sk-english-language
js-010028,RB97400,sk-medicine
js-010029,RB97400,sk-microsoft-office
js-010030,RB97400,sk-driving-category-b
js-010031,RB97400,sk-slovenian-language
js-010032,RB97400,sk-english-language
js-010033,RB96709,sk-microsoft-office
js-010034,RB96709,sk-driving-category-b
js-010035,RB96709,sk-slovenian-language
js-010036,RB96709,sk-english-language
js-010037,PU45154,sk-nursing
js-010038,PU45154,sk-patient-care
js-010039,PU45154,sk-emergency-medicine
js-010040,PU45154,sk-microsoft-office
js-010041,PU45154,sk-driving-category-b
js-010042,PU45154,sk-driving-category-c
js-010043,PU45154,sk-slovenian-language
js-010044,PY26997,sk-medicine
js-010045,PY26997,sk-pediatrics
js-010046,PY26997,sk-microsoft-office
js-010047,PY26997,sk-driving-category-b
js-010048,PY26997,sk-slovenian-language
js-010049,PY26997,sk-english-language
js-010050,PW76596,sk-nursing
js-010051,PW76596,sk-patient-care
js-010052,PW76596,sk-emergency-medicine
js-010053,PW76596,sk-driving-category-b
js-010054,PW76596,sk-slovenian-language
js-010055,RB50944,sk-nursing
js-010056,RB50944,sk-patient-care
js-010057,RB50944,sk-emergency-medicine
js-010058,RB50944,sk-microsoft-office
js-010059,RB50944,sk-driving-category-b
js-010060,RB50944,sk-slovenian-language
js-010061,RB50944,sk-english-language
js-010062,RB12356,sk-nursing
js-010063,RB12356,sk-patient-care
js-010064,RB12356,sk-microsoft-office
js-010065,RB12356,sk-driving-category-b
js-010066,RB12356,sk-slovenian-language
js-010067,PF21821,sk-medicine
js-010068,PF21821,sk-radiology
js-010069,PF21821,sk-slovenian-language
js-010070,RA95663,sk-laboratory-diagnostics
js-010071,RA95663,sk-slovenian-language
js-010072,OR15536,sk-medicine
js-010073,OR15536,sk-driving-category-b
js-010074,PN79231,sk-medicine
js-010075,PN79231,sk-psychiatry
js-010076,PN79231,sk-driving-category-b
js-010077,RB81813,sk-medicine
js-010078,RB81813,sk-laboratory-diagnostics
js-010079,RB81813,sk-psychiatry
js-010080,RB81813,sk-slovenian-language
js-010081,RA99955,sk-laboratory-diagnostics
js-010082,RA99955,sk-customer-service
js-010083,RA99955,sk-communication
js-010084,RA99955,sk-driving-category-b
js-010085,RA99955,sk-driving-category-c
js-010086,RA99955,sk-slovenian-language
js-010087,RA27596,sk-medicine
js-010088,RA27596,sk-emergency-medicine
js-010089,RA27596,sk-driving-category-b
js-010090,PD34162,sk-medicine
js-010091,PD34162,sk-laboratory-diagnostics
js-010092,PD34162,sk-radiology
js-010093,PD34162,sk-orthopedics
js-010094,PD34162,sk-dental-care
js-010095,OP50358,sk-medicine
js-010096,OP50358,sk-laboratory-diagnostics
js-010097,OP50358,sk-psychiatry
js-010098,OR15323,sk-medicine
js-010099,OR15323,sk-radiology
js-010100,OT01515,sk-medicine
js-010101,OT01515,sk-emergency-medicine
js-010102,OT01515,sk-slovenian-language
js-010103,PB62170,sk-nursing
js-010104,PB62170,sk-patient-care
js-010105,PB62170,sk-sterilization
js-010106,PB62170,sk-slovenian-language
js-010107,PC55649,sk-laboratory-diagnostics
js-010108,PC55649,sk-emergency-medicine
js-010109,PC55649,sk-slovenian-language
js-010110,PD30191,sk-medicine
js-010111,PD30191,sk-orthopedics
js-010112,PD30191,sk-dental-care
js-010113,PD30191,sk-slovenian-language
js-010114,RB29668,sk-laboratory-diagnostics
js-010115,RB29668,sk-slovenian-language
js-010116,PK43087,sk-production-work
js-010117,PK43087,sk-slovenian-language
js-010118,PY94362,sk-medicine
js-010119,PY94362,sk-radiology
js-010120,PY94362,sk-slovenian-language
js-010121,PY96468,sk-radiology
js-010122,PY96468,sk-dental-care
js-010123,PY96468,sk-customer-service
js-010124,PY96468,sk-communication
js-010125,PY96468,sk-slovenian-language
js-010126,PY13977,sk-nursing
js-010127,PY13977,sk-patient-care
js-010128,PY13977,sk-dental-care
js-010129,PY13977,sk-sterilization
js-010130,PY13977,sk-slovenian-language
js-010131,PZ97915,sk-customer-service
js-010132,PZ97915,sk-communication
js-010133,PZ97915,sk-slovenian-language
js-010134,PZ44033,sk-laboratory-diagnostics
js-010135,PZ44033,sk-slovenian-language
js-010136,RA64502,sk-customer-service
js-010137,RA64502,sk-communication
js-010138,RA64502,sk-slovenian-language
js-010139,PK82329,sk-medicine
js-010140,PK82329,sk-emergency-medicine
js-010141,PK82329,sk-slovenian-language
js-010142,PY78648,sk-laboratory-diagnostics
js-010143,PY78648,sk-customer-service
js-010144,PY78648,sk-communication
js-010145,PY78648,sk-slovenian-language
js-010146,PW45219,sk-medicine
js-010147,PW45219,sk-emergency-medicine
js-010148,PW45219,sk-slovenian-language
js-010149,PW62948,sk-laboratory-diagnostics
js-010150,PW62948,sk-slovenian-language
js-010151,PF90709,sk-laboratory-diagnostics
js-010152,PF90709,sk-slovenian-language
js-010153,RA74099,sk-nursing
js-010154,RA74099,sk-patient-care
js-010155,RA74099,sk-slovenian-language
js-010156,RB14587,sk-medicine
js-010157,RB14587,sk-emergency-medicine
js-010158,RB14587,sk-slovenian-language
js-010159,RB10480,sk-production-work
js-010160,RB10480,sk-slovenian-language
js-010161,PX96660,sk-laboratory-diagnostics
js-010162,PX96660,sk-emergency-medicine
js-010163,PX96660,sk-slovenian-language
js-010164,PY30359,sk-medicine
js-010165,PY30359,sk-pediatrics
js-010166,PY30359,sk-slovenian-language
js-010167,RA52519,sk-nursing
js-010168,RA52519,sk-patient-care
js-010169,RA52519,sk-slovenian-language
js-010170,RB97190,sk-customer-service
js-010171,RB97190,sk-communication
js-010172,RB97190,sk-slovenian-language
js-010173,RB94267,sk-medicine
js-010174,RB94267,sk-dental-care
js-010175,RB94267,sk-slovenian-language
js-010176,RC07812,sk-medicine
js-010177,RC07812,sk-dental-care
js-010178,RC07812,sk-customer-service
js-010179,RC07812,sk-communication
js-010180,RC07812,sk-slovenian-language
js-010181,RA82322,sk-medicine
js-010182,RA82322,sk-emergency-medicine
js-010183,RA82322,sk-dental-care
js-010184,RA82322,sk-slovenian-language
js-010185,RB35295,sk-nursing
js-010186,RB35295,sk-patient-care
js-010187,RB35295,sk-slovenian-language
js-010188,PP67117,sk-laboratory-diagnostics
js-010189,PP67117,sk-customer-service
js-010190,PP67117,sk-communication
js-010191,PP67117,sk-slovenian-language
js-010192,RC03963,sk-accounting
js-010193,RC03963,sk-cash-handling
js-010194,RC03963,sk-slovenian-language
js-010195,RB86443,sk-nursing
js-010196,RB86443,sk-patient-care
js-010197,RB86443,sk-slovenian-language
js-010198,PY53665,sk-nursing
js-010199,PY53665,sk-patient-care
js-010200,PY53665,sk-dental-care
js-010201,PY53665,sk-sterilization
js-010202,PY53665,sk-slovenian-language
js-010203,RB97917,sk-production-work
js-010204,RB97917,sk-slovenian-language
js-010205,PZ35293,sk-laboratory-diagnostics
js-010206,PZ35293,sk-slovenian-language
js-010207,RB86932,sk-laboratory-diagnostics
js-010208,RB86932,sk-slovenian-language
js-010209,RB86932,sk-english-language
js-010210,RC06254,sk-microsoft-office
js-010211,RC06254,sk-slovenian-language
js-010212,RC06254,sk-english-language
js-010213,RB52655,sk-nursing
js-010214,RB52655,sk-patient-care
js-010215,RB52655,sk-emergency-medicine
js-010216,RB52655,sk-cardiology
js-010217,RB52655,sk-driving-category-b
js-010218,RB52655,sk-driving-category-c
js-010219,RB52655,sk-driving-category-e
js-010220,RB52655,sk-slovenian-language
js-010221,RB31168,sk-customer-service
js-010222,RB31168,sk-communication
js-010223,RB31168,sk-driving-category-b
js-010224,RB31168,sk-slovenian-language
js-010225,RB80667,sk-physiotherapy
js-010226,RB80667,sk-driving-category-b
js-010227,RB80667,sk-slovenian-language
js-010228,RB78448,sk-production-work
js-010229,RB78448,sk-driving-category-b
js-010230,RB78448,sk-slovenian-language
js-010231,RB78434,sk-production-work
js-010232,RB78434,sk-driving-category-b
js-010233,RB78434,sk-slovenian-language
js-010234,RA84368,sk-medicine
js-010235,RA84368,sk-pediatrics
js-010236,RA84368,sk-microsoft-office
js-010237,RA84368,sk-driving-category-b
js-010238,RA84368,sk-slovenian-language
js-010239,PX45719,sk-medicine
js-010240,PX45719,sk-emergency-medicine
js-010241,PX45719,sk-pediatrics
js-010242,PX45719,sk-microsoft-office
js-010243,PX45719,sk-driving-category-b
js-010244,PX45719,sk-slovenian-language
js-010245,PY57454,sk-nursing
js-010246,PY57454,sk-patient-care
js-010247,PY57454,sk-microsoft-office
js-010248,PY57454,sk-driving-category-b
js-010249,PY57454,sk-slovenian-language
js-010250,PW44778,sk-production-work
js-010251,PW44778,sk-driving-category-b
js-010252,PW44778,sk-slovenian-language
js-010253,PX17357,sk-medicine
js-010254,PX17357,sk-pediatrics
js-010255,PX17357,sk-microsoft-office
js-010256,PX17357,sk-driving-category-b
js-010257,PX17357,sk-slovenian-language
js-010258,PV07217,sk-microsoft-office
js-010259,PV07217,sk-customer-service
js-010260,PV07217,sk-communication
js-010261,PV07217,sk-driving-category-b
js-010262,PV07217,sk-slovenian-language
js-010263,PB91065,sk-medicine
js-010264,PB91065,sk-emergency-medicine
js-010265,PB91065,sk-driving-category-b
js-010266,PB91065,sk-slovenian-language
js-010267,PB91051,sk-medicine
js-010268,PB91051,sk-internal-medicine
js-010269,PB91051,sk-driving-category-b
js-010270,PB91051,sk-slovenian-language
js-010271,PB91034,sk-medicine
js-010272,PB91034,sk-driving-category-b
js-010273,PB91034,sk-slovenian-language
js-010274,PB91020,sk-microsoft-office
js-010275,PB91020,sk-customer-service
js-010276,PB91020,sk-communication
js-010277,PB91020,sk-driving-category-b
js-010278,PB91020,sk-slovenian-language
js-010279,PB91523,sk-medicine
js-010280,PB91523,sk-driving-category-b
js-010281,PB91523,sk-slovenian-language
js-010282,PE50174,sk-medicine
js-010283,PE50174,sk-laboratory-diagnostics
js-010284,PE50174,sk-radiology
js-010285,PE50174,sk-microsoft-office
js-010286,PE50174,sk-slovenian-language
js-010287,PF95203,sk-medicine
js-010288,PF95203,sk-pediatrics
js-010289,PF95203,sk-psychiatry
js-010290,PF95203,sk-microsoft-office
js-010291,PF95203,sk-driving-category-b
js-010292,PF95203,sk-slovenian-language
js-010293,PF95203,sk-english-language
js-010294,PR83905,sk-medicine
js-010295,PR83905,sk-dental-care
js-010296,PR83905,sk-microsoft-office
js-010297,PR83905,sk-driving-category-b
js-010298,PR83905,sk-slovenian-language
js-010299,OR49310,sk-medicine
js-010300,OR49310,sk-driving-category-b
js-010301,OR49310,sk-slovenian-language
js-010302,PL36664,sk-medicine
js-010303,PL36664,sk-driving-category-b
js-010304,PL36664,sk-slovenian-language
js-010305,PR35844,sk-nursing
js-010306,PR35844,sk-patient-care
js-010307,PR35844,sk-driving-category-b
js-010308,PR35844,sk-slovenian-language
js-010309,PD97690,sk-medicine
js-010310,PD97690,sk-driving-category-b
js-010311,PD97690,sk-driving-category-c
js-010312,PD97690,sk-slovenian-language
js-010313,PY68013,sk-microsoft-office
js-010314,PY68013,sk-slovenian-language
js-010315,PX75337,sk-medicine
js-010316,PX75337,sk-emergency-medicine
js-010317,PX75337,sk-microsoft-office
js-010318,PX75337,sk-driving-category-b
js-010319,PX75337,sk-driving-category-c
js-010320,PX75337,sk-slovenian-language
js-010321,RB49597,sk-laboratory-diagnostics
js-010322,RB49597,sk-slovenian-language
js-010323,RB49597,sk-english-language
js-010324,RB00834,sk-nursing
js-010325,RB00834,sk-patient-care
js-010326,RB00834,sk-driving-category-b
js-010327,RB00834,sk-slovenian-language
js-010328,RB00848,sk-production-work
js-010329,RB00848,sk-slovenian-language
js-010330,PZ37107,sk-laboratory-diagnostics
js-010331,PZ37107,sk-microsoft-office
js-010332,PZ37107,sk-slovenian-language
js-010333,RA01283,sk-nursing
js-010334,RA01283,sk-patient-care
js-010335,RA01283,sk-driving-category-b
js-010336,RA01283,sk-driving-category-e
js-010337,RA01283,sk-slovenian-language
js-010338,PX13949,sk-laboratory-diagnostics
js-010339,PX13949,sk-microsoft-office
js-010340,PX13949,sk-slovenian-language
js-010341,PX13949,sk-english-language
js-010342,RC04790,sk-nursing
js-010343,RC04790,sk-dental-care
js-010344,RC04790,sk-slovenian-language
js-010345,RC04756,sk-nursing
js-010346,RC04756,sk-dental-care
js-010347,RC04756,sk-slovenian-language
js-010348,RB82350,sk-legal-work
js-010349,RB82350,sk-slovenian-language
js-010350,RB89960,sk-production-work
js-010351,RB89960,sk-warehouse-operations
js-010352,RB89960,sk-driving-category-b
js-010353,RB89960,sk-slovenian-language
js-010354,RB77396,sk-nursing
js-010355,RB77396,sk-patient-care
js-010356,RB77396,sk-midwifery
js-010357,RB77396,sk-microsoft-office
js-010358,RB77396,sk-driving-category-b
js-010359,RB77396,sk-slovenian-language
js-010360,PV35306,sk-microsoft-office
js-010361,PV35306,sk-customer-service
js-010362,PV35306,sk-communication
js-010363,PV35306,sk-driving-category-b
js-010364,PV35306,sk-slovenian-language
js-010365,PW45816,sk-medicine
js-010366,PW45816,sk-laboratory-diagnostics
js-010367,PW45816,sk-customer-service
js-010368,PW45816,sk-communication
js-010369,PW45816,sk-driving-category-b
js-010370,PW45816,sk-slovenian-language
js-010371,PY12357,sk-medicine
js-010372,PY12357,sk-emergency-medicine
js-010373,PY12357,sk-microsoft-office
js-010374,PY12357,sk-customer-service
js-010375,PY12357,sk-communication
js-010376,PY12357,sk-driving-category-b
js-010377,PY12357,sk-slovenian-language
js-010378,PR79167,sk-medicine
js-010379,PR79167,sk-laboratory-diagnostics
js-010380,PR79167,sk-customer-service
js-010381,PR79167,sk-communication
js-010382,PR79167,sk-driving-category-b
js-010383,PR79167,sk-slovenian-language
js-010384,RC05262,sk-medicine
js-010385,RC05262,sk-emergency-medicine
js-010386,RC05262,sk-slovenian-language
js-010387,RC05262,sk-english-language
js-010388,RC05322,sk-medicine
js-010389,RC05322,sk-driving-category-b
js-010390,RC05322,sk-slovenian-language
js-010391,RC05322,sk-english-language
js-010392,RB93230,sk-nursing
js-010393,RB93230,sk-patient-care
js-010394,RB93230,sk-microsoft-office
js-010395,RB93230,sk-slovenian-language
js-010396,RA23151,sk-microsoft-office
js-010397,RA23151,sk-slovenian-language
js-010398,PZ24092,sk-nursing
js-010399,PZ24092,sk-patient-care
js-010400,PZ24092,sk-microsoft-office
js-010401,PZ24092,sk-slovenian-language
js-010402,RB20655,sk-medicine
js-010403,RB20655,sk-emergency-medicine
js-010404,RB20655,sk-microsoft-office
js-010405,RB20655,sk-slovenian-language
js-010406,RB18299,sk-medicine
js-010407,RB18299,sk-laboratory-diagnostics
js-010408,RB18299,sk-emergency-medicine
js-010409,RB18299,sk-psychiatry
js-010410,RB18299,sk-microsoft-office
js-010411,RB18299,sk-customer-service
js-010412,RB18299,sk-slovenian-language
js-010413,RB18712,sk-medicine
js-010414,RB18712,sk-emergency-medicine
js-010415,RB18712,sk-microsoft-office
js-010416,RB18712,sk-slovenian-language
js-010417,RB18908,sk-medicine
js-010418,RB18908,sk-neurology
js-010419,RB18908,sk-dental-care
js-010420,RB18908,sk-microsoft-office
js-010421,RB18908,sk-slovenian-language
js-010422,RB18942,sk-medicine
js-010423,RB18942,sk-laboratory-diagnostics
js-010424,RB18942,sk-microsoft-office
js-010425,RB18942,sk-customer-service
js-010426,RB18942,sk-communication
js-010427,RB18942,sk-slovenian-language
js-010428,RB19002,sk-medicine
js-010429,RB19002,sk-microsoft-office
js-010430,RB19002,sk-customer-service
js-010431,RB19002,sk-communication
js-010432,RB19002,sk-slovenian-language
js-010433,RB19047,sk-medicine
js-010434,RB19047,sk-dermatovenerology
js-010435,RB19047,sk-microsoft-office
js-010436,RB19047,sk-customer-service
js-010437,RB19047,sk-communication
js-010438,RB19047,sk-slovenian-language
js-010439,RB19064,sk-medicine
js-010440,RB19064,sk-orthopedics
js-010441,RB19064,sk-dental-care
js-010442,RB19064,sk-microsoft-office
js-010443,RB19064,sk-slovenian-language
js-010444,RB19891,sk-microsoft-office
js-010445,RB19891,sk-slovenian-language
js-010446,RB19752,sk-microsoft-office
js-010447,RB19752,sk-customer-service
js-010448,RB19752,sk-communication
js-010449,RB19752,sk-slovenian-language
js-010450,RB19826,sk-microsoft-office
js-010451,RB19826,sk-customer-service
js-010452,RB19826,sk-communication
js-010453,RB19826,sk-slovenian-language
js-010454,RB82441,sk-nursing
js-010455,RB82441,sk-patient-care
js-010456,RB82441,sk-driving-category-b
js-010457,RB82441,sk-slovenian-language
js-010458,PX23209,sk-medicine
js-010459,PX23209,sk-laboratory-diagnostics
js-010460,PX23209,sk-emergency-medicine
js-010461,PX23209,sk-pediatrics
js-010462,PX23209,sk-microsoft-office
js-010463,PX23209,sk-customer-service
js-010464,PX23209,sk-driving-category-b
js-010465,PX23209,sk-slovenian-language
js-010466,PX23320,sk-medicine
js-010467,PX23320,sk-emergency-medicine
js-010468,PX23320,sk-driving-category-b
js-010469,PX23320,sk-slovenian-language
js-010470,RB76998,sk-medicine
js-010471,RB76998,sk-emergency-medicine
js-010472,RB76998,sk-driving-category-b
js-010473,RB76998,sk-slovenian-language
js-010474,RB77061,sk-medicine
js-010475,RB77061,sk-pediatrics
js-010476,RB77061,sk-driving-category-b
js-010477,RB77061,sk-slovenian-language
js-010478,RB77013,sk-medicine
js-010479,RB77013,sk-pediatrics
js-010480,RB77013,sk-driving-category-b
js-010481,RB77013,sk-slovenian-language
js-010482,RB76967,sk-medicine
js-010483,RB76967,sk-emergency-medicine
js-010484,RB76967,sk-driving-category-b
js-010485,RB76967,sk-slovenian-language
js-010486,RB79810,sk-laboratory-diagnostics
js-010487,RB79810,sk-customer-service
js-010488,RB79810,sk-communication
js-010489,RB79810,sk-driving-category-b
js-010490,RB79810,sk-slovenian-language
js-010491,RB79534,sk-medicine
js-010492,RB79534,sk-emergency-medicine
js-010493,RB79534,sk-dental-care
js-010494,RB79534,sk-customer-service
js-010495,RB79534,sk-communication
js-010496,RB79534,sk-driving-category-b
js-010497,RB79534,sk-slovenian-language
js-010498,RB79778,sk-laboratory-diagnostics
js-010499,RB79778,sk-driving-category-b
js-010500,RB79778,sk-slovenian-language
js-010501,PC13625,sk-medicine
js-010502,PC13625,sk-emergency-medicine
js-010503,PC13625,sk-pediatrics
js-010504,PC13625,sk-slovenian-language
js-010505,RB79656,sk-microsoft-office
js-010506,RB79656,sk-driving-category-b
js-010507,RB79656,sk-english-language
js-010508,RC10059,sk-masonry
js-010509,RC10059,sk-construction-work
js-010510,RC10059,sk-driving-category-b
js-010511,RC10059,sk-slovenian-language
js-010512,RA13476,sk-woodworking
js-010513,RA13476,sk-driving-category-b
js-010514,RA13476,sk-driving-category-e
js-010515,RA13476,sk-slovenian-language
js-010516,RB94404,sk-packaging
js-010517,RB94404,sk-production-work
js-010518,RB97982,sk-packaging
js-010519,RB97982,sk-forklift-operation
js-010520,RB97982,sk-production-work
js-010521,PZ67964,sk-microsoft-office
js-010522,PZ67964,sk-customer-service
js-010523,PZ67964,sk-communication
js-010524,PZ67964,sk-driving-category-b
js-010525,PZ67964,sk-english-language
js-010526,PZ67964,sk-german-language
js-010527,RB87421,sk-cleaning
js-010528,RB87421,sk-driving-category-b
js-010529,RB87421,sk-slovenian-language
js-010530,RB87358,sk-reception-work
js-010531,RB87358,sk-customer-service
js-010532,RB87358,sk-communication
js-010533,RB87358,sk-driving-category-b
js-010534,RB87358,sk-slovenian-language
js-010535,RB87651,sk-reception-work
js-010536,RB87651,sk-customer-service
js-010537,RB87651,sk-communication
js-010538,RB87651,sk-cash-handling
js-010539,RB87651,sk-driving-category-b
js-010540,RB87651,sk-slovenian-language
js-010541,RB87509,sk-haccp
js-010542,RB87509,sk-customer-service
js-010543,RB87509,sk-communication
js-010544,RB87509,sk-driving-category-b
js-010545,RB87509,sk-driving-category-e
js-010546,RB87509,sk-slovenian-language
js-010547,RB87509,sk-production-work
js-010548,RB87682,sk-warehouse-operations
js-010549,RB87682,sk-inventory-management
js-010550,RB87682,sk-haccp
js-010551,RB87682,sk-customer-service
js-010552,RB87682,sk-communication
js-010553,RB87682,sk-cash-handling
js-010554,RB87682,sk-driving-category-b
js-010555,RB87682,sk-slovenian-language
js-010556,RB87682,sk-english-language
js-010557,RB99142,sk-machine-operation
js-010558,RB99142,sk-cash-handling
js-010559,RB99142,sk-driving-category-b
js-010560,RA20661,sk-security-work
js-010561,RA20661,sk-customer-service
js-010562,RA20661,sk-communication
js-010563,RA20661,sk-driving-category-b
js-010564,RA20735,sk-driving
js-010565,RA20735,sk-driving-category-b
js-010566,RA20735,sk-customer-service
js-010567,RA20735,sk-communication
js-010568,RC13299,sk-security-work
js-010569,RC13299,sk-customer-service
js-010570,RC13299,sk-communication
js-010571,RC13299,sk-driving-category-b
js-010572,RC09784,sk-driving
js-010573,RC09784,sk-cash-handling
js-010574,RC09784,sk-customer-service
js-010575,RC09784,sk-communication
js-010576,RC09800,sk-driving
js-010577,RC09800,sk-cash-handling
js-010578,RC09800,sk-customer-service
js-010579,RC09800,sk-communication
js-010580,RC08440,sk-microsoft-office
js-010581,RC08440,sk-customer-service
js-010582,RC08440,sk-communication
js-010583,RC08440,sk-driving-category-b
js-010584,RB64163,sk-driving
js-010585,RB64163,sk-driving-category-b
js-010586,RB64237,sk-administration
js-010587,RB64237,sk-driving-category-b
js-010588,RB64194,sk-security-work
js-010589,RB64194,sk-customer-service
js-010590,RB64194,sk-microsoft-office
js-010591,RB64194,sk-communication
js-010592,RB64194,sk-driving-category-b
js-010593,RA54034,sk-security-work
js-010594,RA54034,sk-customer-service
js-010595,RA54034,sk-driving-category-b
js-010596,RA26616,sk-security-work
js-010597,RA26616,sk-customer-service
js-010598,RB70106,sk-security-work
js-010599,RB70106,sk-customer-service
js-010600,RB70106,sk-microsoft-office
js-010601,RB70106,sk-driving-category-b
js-010602,RB70200,sk-security-work
js-010603,RB70200,sk-customer-service
js-010604,RB70200,sk-microsoft-office
js-010605,RB70200,sk-driving-category-b
js-010606,RB71237,sk-security-work
js-010607,RB71237,sk-customer-service
js-010608,RB71237,sk-microsoft-office
js-010609,IC93650,sk-microsoft-office
js-010610,IC93650,sk-driving-category-b
js-010611,IC93650,sk-slovenian-language
js-010612,RB96621,sk-microsoft-office
js-010613,RB96621,sk-driving-category-b
js-010614,RB96621,sk-english-language
js-010615,RB62284,sk-legal-work
js-010616,RB62284,sk-microsoft-office
js-010617,RB62284,sk-driving-category-b
js-010618,RB62284,sk-slovenian-language
js-010619,RB62284,sk-english-language
js-010620,RB62418,sk-agriculture
js-010621,RB62418,sk-microsoft-office
js-010622,RB62418,sk-driving-category-b
js-010623,RB62418,sk-driving-category-e
js-010624,RB62418,sk-slovenian-language
js-010625,RB62418,sk-english-language
js-010626,RB26826,sk-agriculture
js-010627,RB26826,sk-microsoft-office
js-010628,RB26826,sk-driving-category-b
js-010629,RB26826,sk-driving-category-e
js-010630,RB26826,sk-slovenian-language
js-010631,RB26826,sk-english-language
js-010632,RB93170,sk-administration
js-010633,RB93170,sk-driving-category-b
js-010634,RB93170,sk-driving-category-e
js-010635,RB93105,sk-microsoft-office
js-010636,RB93105,sk-cash-handling
js-010637,RB93105,sk-slovenian-language
js-010638,RB88353,sk-administration
js-010639,RA93390,sk-production-work
js-010640,RA93390,sk-driving-category-b
js-010641,RB96470,sk-production-work
js-010642,RB79292,sk-production-work
js-010643,RB79292,sk-driving-category-b
js-010644,RB79122,sk-production-work
js-010645,RB79122,sk-driving-category-b
js-010646,PZ77164,sk-baking
js-010647,PZ77164,sk-food-preparation
js-010648,PZ77164,sk-microsoft-office
js-010649,PZ77164,sk-driving-category-b
js-010650,PZ77164,sk-slovenian-language
js-010651,PZ77164,sk-english-language
js-010652,RC06635,sk-microsoft-office
js-010653,RC06635,sk-driving-category-b
js-010654,RC06635,sk-slovenian-language
js-010655,RC06803,sk-microsoft-office
js-010656,RC06803,sk-slovenian-language
js-010657,RC06730,sk-microsoft-office
js-010658,RC06730,sk-driving-category-b
js-010659,RC06730,sk-slovenian-language
js-010660,RC01456,sk-customer-service
js-010661,RC01456,sk-communication
js-010662,RC08468,sk-cash-handling
js-010663,RC08468,sk-slovenian-language
js-010664,RC08528,sk-cash-handling
js-010665,RC08528,sk-slovenian-language
js-010666,RB93460,sk-production-work
js-010667,RB93460,sk-slovenian-language
js-010668,RB97812,sk-machine-operation
js-010669,RB97812,sk-microsoft-office
js-010670,RB97812,sk-driving-category-b
js-010671,RC11665,sk-automotive-repair
js-010672,RC11665,sk-electrical-work
js-010673,RC11665,sk-vehicle-towing
js-010674,RC11665,sk-customer-service
js-010675,RC11665,sk-communication
js-010676,RC11665,sk-cash-handling
js-010677,RC11665,sk-driving-category-c
js-010678,RB95430,sk-production-work
js-010679,PY99524,sk-forklift-operation
js-010680,RA92485,sk-forklift-operation
js-010681,PR75273,sk-welding
js-010682,PR75273,sk-metalworking
js-010683,PW28746,sk-administration
js-010684,PW28777,sk-administration
js-010685,PW09323,sk-forklift-operation
js-010686,RB08426,sk-cleaning
js-010687,RB08460,sk-cleaning
js-010688,RB15230,sk-assembly
js-010689,RB15230,sk-forklift-operation
js-010690,RB15244,sk-forklift-operation
js-010691,PW04189,sk-medicine
js-010692,PW04189,sk-pediatrics
js-010693,PW04189,sk-driving-category-b
js-010694,PW04189,sk-slovenian-language
js-010695,PW73097,sk-medicine
js-010696,PW73097,sk-driving-category-b
js-010697,PW73097,sk-slovenian-language
js-010698,PP50768,sk-laboratory-diagnostics
js-010699,PP50768,sk-driving-category-b
js-010700,PP50768,sk-slovenian-language
js-010701,OE74660,sk-medicine
js-010702,OE74660,sk-microsoft-office
js-010703,OE74660,sk-driving-category-b
js-010704,OE74660,sk-slovenian-language
js-010705,OT07427,sk-medicine
js-010706,OT07427,sk-emergency-medicine
js-010707,OT07427,sk-driving-category-b
js-010708,OT07427,sk-slovenian-language
js-010709,OU30121,sk-medicine
js-010710,OU30121,sk-driving-category-b
js-010711,OU30121,sk-slovenian-language
js-010712,PW64645,sk-medicine
js-010713,PW64645,sk-pediatrics
js-010714,PW64645,sk-microsoft-office
js-010715,PW64645,sk-driving-category-b
js-010716,PW64645,sk-driving-category-c
js-010717,PW64645,sk-slovenian-language
js-010718,PW64705,sk-medicine
js-010719,PW64705,sk-emergency-medicine
js-010720,PW64705,sk-microsoft-office
js-010721,PW64705,sk-driving-category-b
js-010722,PW64705,sk-slovenian-language
js-010723,PW64736,sk-medicine
js-010724,PW64736,sk-midwifery
js-010725,PW64736,sk-microsoft-office
js-010726,PW64736,sk-slovenian-language
js-010727,PW64800,sk-medicine
js-010728,PW64800,sk-microsoft-office
js-010729,PW64800,sk-slovenian-language
js-010730,PW64858,sk-medicine
js-010731,PW64858,sk-microsoft-office
js-010732,PW64858,sk-driving-category-b
js-010733,PW64858,sk-driving-category-c
js-010734,PW64858,sk-slovenian-language
js-010735,RB51970,sk-medicine
js-010736,RB51970,sk-dental-care
js-010737,RB51970,sk-microsoft-office
js-010738,RB51970,sk-slovenian-language
js-010739,RB94300,sk-accounting
js-010740,RB94300,sk-microsoft-office
js-010741,RB94300,sk-slovenian-language
js-010742,RC11389,sk-construction-work
js-010743,RC11389,sk-customer-service
js-010744,RC11850,sk-legal-work
js-010745,RC11850,sk-customer-service
js-010746,RC11850,sk-communication
js-010747,RB99736,sk-microsoft-office
js-010748,RB99736,sk-cash-handling
js-010749,RB99736,sk-driving-category-b
js-010750,RB99736,sk-slovenian-language
js-010751,RC00112,sk-construction-work
js-010752,RC00160,sk-production-work
js-010753,RC08178,sk-construction-work
js-010754,RC08178,sk-driving-category-b
js-010755,RB64090,sk-automotive-repair
js-010756,RB64090,sk-forklift-operation
js-010757,RB64090,sk-driving-category-b
js-010758,RB80500,sk-microsoft-office
js-010759,RB80500,sk-driving-category-b
js-010760,PZ61208,sk-administration
js-010761,PZ61208,sk-driving-category-b
js-010762,RB94881,sk-driving
js-010763,RB94881,sk-driving-category-b
js-010764,RB94881,sk-driving-category-e
js-010765,RB94881,sk-slovenian-language
js-010766,RC00814,sk-cnc-machining
js-010767,RC00814,sk-machine-operation
js-010768,RC00814,sk-english-language
js-010769,RB52288,sk-microsoft-office
js-010770,RB52288,sk-customer-service
js-010771,RB52288,sk-communication
js-010772,RB52288,sk-driving-category-b
js-010773,RB52288,sk-english-language
js-010774,RB52288,sk-german-language
js-010775,RB52226,sk-forklift-operation
js-010776,RB52226,sk-driving-category-b
js-010777,RB52226,sk-driving-category-e
js-010778,RC00859,sk-reception-work
js-010779,RC00859,sk-customer-service
js-010780,RC00859,sk-communication
js-010781,RC00859,sk-cash-handling
js-010782,RC00859,sk-slovenian-language
js-010783,RC00859,sk-english-language
js-010784,RB96697,sk-microsoft-office
js-010785,RB96697,sk-driving-category-b
js-010786,RB96697,sk-slovenian-language
js-010787,RB96697,sk-english-language
js-010788,RA63601,sk-legal-work
js-010789,RB93352,sk-legal-work
js-010790,RB96440,sk-administration
js-010791,RB96440,sk-customer-service
js-010792,RC10890,sk-accounting
js-010793,RC10890,sk-microsoft-office
js-010794,RC10890,sk-cash-handling
js-010795,RC10890,sk-driving-category-b
js-010796,RC10890,sk-slovenian-language
js-010797,RC08269,sk-legal-work
js-010798,RC08269,sk-customer-service
js-010799,RC08269,sk-communication
js-010800,RB43870,sk-legal-work
js-010801,RB43870,sk-customer-service
js-010802,RB43870,sk-communication
js-010803,RC10335,sk-cooking
js-010804,RC10335,sk-slovenian-language
js-010805,RB84732,sk-driving
js-010806,RB84732,sk-driving-category-b
js-010807,RB84732,sk-slovenian-language
js-010808,RB93716,sk-administration
js-010809,RC08930,sk-administration
js-010810,RB97047,sk-customer-service
js-010811,RB97047,sk-communication
js-010812,RC11114,sk-customer-service
js-010813,RC11114,sk-communication
js-010814,RC07141,sk-production-work
js-010815,RC11742,sk-quality-control
js-010816,RC11742,sk-customer-service
js-010817,RC11742,sk-communication
js-010818,RA07454,sk-accounting
js-010819,RA37956,sk-pharmacy
js-010820,RA37956,sk-customer-service
js-010821,RA37956,sk-communication
js-010822,RB91460,sk-customer-service
js-010823,RB91460,sk-communication
js-010824,RB91460,sk-driving-category-b
js-010825,RB91460,sk-english-language
js-010826,RB91460,sk-croatian-language
js-010827,RB90629,sk-agriculture
js-010828,RB90629,sk-driving-category-b
js-010829,RB16006,sk-early-childhood-education
js-010830,RB16006,sk-teaching
js-010831,RB16006,sk-communication
js-010832,RB16006,sk-microsoft-office
js-010833,RB16006,sk-driving-category-b
js-010834,RB16006,sk-driving-category-e
js-010835,RB16006,sk-slovenian-language
js-010836,RB18405,sk-early-childhood-education
js-010837,RB18405,sk-teaching
js-010838,RB18405,sk-communication
js-010839,RB18405,sk-driving-category-b
js-010840,RC04452,sk-cleaning
js-010841,RB39755,sk-early-childhood-education
js-010842,RB39755,sk-teaching
js-010843,RB39755,sk-communication
js-010844,RB39755,sk-microsoft-office
js-010845,RB39755,sk-slovenian-language
js-010846,RB24293,sk-cleaning
js-010847,RB24293,sk-driving-category-b
js-010848,RB24293,sk-slovenian-language
js-010849,RC09401,sk-early-childhood-education
js-010850,RC09401,sk-teaching
js-010851,RC09401,sk-communication
js-010852,RC09401,sk-microsoft-office
js-010853,RC13115,sk-cooking
js-010854,RC13115,sk-dietary-cooking
js-010855,RC13115,sk-customer-service
js-010856,RC13115,sk-communication
js-010857,RB92022,sk-production-work
js-010858,RB92022,sk-slovenian-language
js-010859,RB67111,sk-administration
js-010860,RB67111,sk-slovenian-language
js-010861,RC09250,sk-driving
js-010862,RC09250,sk-driving-category-b
js-010863,RC09250,sk-slovenian-language
js-010864,RB16557,sk-haccp
js-010865,RB16557,sk-microsoft-office
js-010866,RB16557,sk-slovenian-language
js-010867,PZ72170,sk-early-childhood-education
js-010868,PZ72170,sk-teaching
js-010869,PZ72170,sk-communication
js-010870,PZ72170,sk-microsoft-office
js-010871,PZ72170,sk-slovenian-language
js-010872,RB96791,sk-administration
js-010873,RB96791,sk-slovenian-language
js-010874,RB65522,sk-plumbing
js-010875,RB65522,sk-slovenian-language
js-010876,RC07920,sk-cleaning
js-010877,RC10720,sk-early-childhood-education
js-010878,RC10720,sk-teaching
js-010879,RC10720,sk-communication
js-010880,RC10720,sk-driving-category-b
js-010881,RC10720,sk-slovenian-language
js-010882,RC01516,sk-early-childhood-education
js-010883,RC01516,sk-teaching
js-010884,RC01516,sk-communication
js-010885,RC01516,sk-driving-category-b
js-010886,RC01516,sk-slovenian-language
js-010887,RC02880,sk-teaching
js-010888,RC02880,sk-communication
js-010889,RC02880,sk-microsoft-office
js-010890,RC02880,sk-driving-category-b
js-010891,RC02880,sk-slovenian-language
js-010892,RB94634,sk-teaching
js-010893,RB94634,sk-communication
js-010894,RB94205,sk-teaching
js-010895,RB94205,sk-communication
js-010896,RB94205,sk-mathematics
js-010897,RC09680,sk-hairdressing
js-010898,RC09680,sk-customer-service
js-010899,RC09680,sk-slovenian-language
js-010900,RC00694,sk-microsoft-office
js-010901,RC04159,sk-accounting
js-010902,RC04159,sk-microsoft-office
js-010903,RC04159,sk-driving-category-b
js-010904,RC04159,sk-driving-category-e
js-010905,RC04159,sk-slovenian-language
js-010906,RC04222,sk-accounting
js-010907,RC04222,sk-microsoft-office
js-010908,RC04222,sk-cash-handling
js-010909,RC04222,sk-driving-category-b
js-010910,RC04222,sk-slovenian-language
js-010911,RB78100,sk-sales
js-010912,RB78100,sk-customer-service
js-010913,RB78100,sk-microsoft-office
js-010914,RB78100,sk-communication
js-010915,RB78100,sk-driving-category-b
js-010916,RB78100,sk-german-language
js-010917,RC05231,sk-cleaning
js-010918,RC05231,sk-driving-category-b
js-010919,RC05231,sk-slovenian-language
js-010920,RC03045,sk-hospitality
js-010921,RC03045,sk-restaurant-service
js-010922,RC03045,sk-customer-service
js-010923,RC03045,sk-communication
js-010924,RC03045,sk-driving-category-b
js-010925,RC03045,sk-driving-category-e
js-010926,RC03045,sk-slovenian-language
js-010927,RC03105,sk-truck-driving
js-010928,RC03105,sk-warehouse-operations
js-010929,RC03105,sk-driving-category-b
js-010930,RC03105,sk-driving-category-c
js-010931,RC03105,sk-driving-category-e
js-010932,RC03105,sk-driving-category-ce
js-010933,RC03105,sk-slovenian-language
js-010934,PY58952,sk-automotive-repair
js-010935,PY58952,sk-driving-category-b
js-010936,PY58952,sk-driving-category-e
js-010937,PY31934,sk-administration
js-010938,PY31934,sk-driving-category-b
js-010939,RB57726,sk-technical-maintenance
js-010940,RB57726,sk-electrical-work
js-010941,RB57726,sk-microsoft-office
js-010942,RB57726,sk-driving-category-b
js-010943,RB57726,sk-english-language
js-010944,RB93611,sk-teaching
js-010945,RB93611,sk-communication
js-010946,RB93611,sk-mathematics
js-010947,RB93611,sk-physics
js-010948,RB93611,sk-slovenian-language
js-010949,RC11588,sk-teaching
js-010950,RC11588,sk-communication
js-010951,RC11588,sk-slovenian-language
js-010952,RB91044,sk-teaching
js-010953,RB91044,sk-communication
js-010954,RB91044,sk-slovenian-language
js-010955,RB91044,sk-english-language
js-010956,RC04708,sk-teaching
js-010957,RC04708,sk-communication
js-010958,RC04708,sk-slovenian-language
js-010959,RC04708,sk-english-language
js-010960,RB33310,sk-teaching
js-010961,RB33310,sk-communication
js-010962,RB33310,sk-mathematics
js-010963,RB45291,sk-teaching
js-010964,RB45291,sk-communication
js-010965,RB45291,sk-mathematics
js-010966,RB45291,sk-microsoft-office
js-010967,RB45291,sk-driving-category-b
js-010968,RB45291,sk-slovenian-language
js-010969,RB94010,sk-construction-work
js-010970,RB94010,sk-driving-category-b
js-010971,RA20368,sk-cleaning
js-010972,RC02357,sk-cleaning
js-010973,RC02357,sk-driving-category-b
js-010974,PZ01397,sk-driving
js-010975,PY85392,sk-electrical-work
js-010976,PX21441,sk-customer-service
js-010977,PX21441,sk-communication
js-010978,PJ08250,sk-reception-work
js-010979,PJ08250,sk-customer-service
js-010980,PJ08250,sk-communication
js-010981,PT24682,sk-security-work
js-010982,PT24682,sk-customer-service
js-010983,PT24682,sk-driving-category-b
js-010984,RB83601,sk-security-work
js-010985,RB83601,sk-customer-service
js-010986,RB41727,sk-security-work
js-010987,RB41727,sk-customer-service
js-010988,RB53221,sk-construction-work
js-010989,RB55603,sk-security-work
js-010990,RB55603,sk-customer-service
js-010991,PR58996,sk-reception-work
js-010992,PR58996,sk-customer-service
js-010993,PR58996,sk-communication
js-010994,PY12070,sk-security-work
js-010995,PY12070,sk-customer-service
js-010996,PX71335,sk-security-work
js-010997,PX71335,sk-customer-service
js-010998,PX47112,sk-reception-work
js-010999,PX47112,sk-customer-service
js-011000,PX47112,sk-communication
js-011001,PZ35340,sk-security-work
js-011002,PZ35340,sk-customer-service
js-011003,PZ29939,sk-security-work
js-011004,PZ29939,sk-customer-service
js-011005,PZ97460,sk-driving
js-011006,PX59552,sk-reception-work
js-011007,PX59552,sk-customer-service
js-011008,PX59552,sk-communication
js-011009,RB20209,sk-security-work
js-011010,RB20209,sk-customer-service
js-011011,RB72232,sk-security-work
js-011012,RB72232,sk-customer-service
js-011013,RB96498,sk-teaching
js-011014,RB96498,sk-communication
js-011015,RB96498,sk-microsoft-office
js-011016,RB96498,sk-driving-category-b
js-011017,RB96498,sk-slovenian-language
js-011018,RB96498,sk-english-language
js-011019,RB96652,sk-teaching
js-011020,RB96652,sk-communication
js-011021,RB96652,sk-microsoft-office
js-011022,RB96652,sk-driving-category-b
js-011023,RB96652,sk-slovenian-language
js-011024,RB96652,sk-english-language
js-011025,RC10838,sk-nursing
js-011026,RC10838,sk-patient-care
js-011027,RC10838,sk-microsoft-office
js-011028,RC10838,sk-driving-category-b
js-011029,RC10838,sk-slovenian-language
js-011030,RC10838,sk-english-language
js-011031,ID37040,sk-warehouse-operations
js-011032,ID37040,sk-forklift-operation
js-011033,ID37036,sk-administration
js-011034,RA70524,sk-medicine
js-011035,RA70524,sk-internal-medicine
js-011036,RA70524,sk-cardiology
js-011037,RA70524,sk-microsoft-office
js-011038,RA70524,sk-driving-category-b
js-011039,RA70524,sk-driving-category-e
js-011040,RA70524,sk-slovenian-language
js-011041,RA70524,sk-english-language
js-011042,RC09372,sk-medicine
js-011043,RC09372,sk-microsoft-office
js-011044,RC09372,sk-slovenian-language
js-011045,RB97830,sk-nursing
js-011046,RB97830,sk-patient-care
js-011047,RB97830,sk-microsoft-office
js-011048,RB97830,sk-driving-category-b
js-011049,RB97830,sk-slovenian-language
js-011050,RC06743,sk-customer-service
js-011051,RC06743,sk-communication
js-011052,RC06743,sk-driving-category-b
js-011053,RB67705,sk-customer-service
js-011054,RB67705,sk-communication
js-011055,RB67705,sk-driving-category-b
js-011056,RB67770,sk-customer-service
js-011057,RB67770,sk-communication
js-011058,RB67770,sk-driving-category-b
js-011059,RB70504,sk-technical-maintenance
js-011060,RB70504,sk-mechanical-repair
js-011061,RB08080,sk-nursing
js-011062,RB08080,sk-patient-care
js-011063,RB08080,sk-first-aid
js-011064,RB08080,sk-driving-category-b
js-011065,RB67827,sk-administration
js-011066,RB67827,sk-driving-category-b
js-011067,RC13069,sk-administration
js-011068,RC13069,sk-slovenian-language
js-011069,RA43199,sk-administration
js-011070,RA43199,sk-slovenian-language
js-011071,RA80582,sk-administration
js-011072,RA80582,sk-slovenian-language
js-011073,PP95960,sk-administration
js-011074,PP95960,sk-driving-category-b
js-011075,PP95960,sk-slovenian-language
js-011076,PP07716,sk-administration
js-011077,PP07716,sk-driving-category-b
js-011078,PP07716,sk-slovenian-language
js-011079,RB10202,sk-administration
js-011080,RB10202,sk-driving-category-b
js-011081,RB10202,sk-slovenian-language
js-011082,RC11240,sk-production-work
js-011083,RC11240,sk-driving-category-b
js-011084,RC07996,sk-teaching
js-011085,RC07996,sk-communication
js-011086,RC07996,sk-slovenian-language
js-011087,RB64440,sk-microsoft-office
js-011088,RB64440,sk-driving-category-b
js-011089,RA79401,sk-gardening
js-011090,RA79401,sk-driving-category-b
js-011091,RA79401,sk-slovenian-language
js-011092,RC09160,sk-customer-service
js-011093,RC09160,sk-communication
js-011094,RC09160,sk-driving-category-b
js-011095,RB97783,sk-production-work
js-011096,RB97783,sk-driving-category-b
js-011097,RB60391,sk-accounting
js-011098,RB60391,sk-microsoft-office
js-011099,RB60391,sk-cash-handling
js-011100,RC12384,sk-microsoft-office
js-011101,RC12384,sk-driving-category-b
js-011102,RA24905,sk-automotive-repair
js-011103,RA24905,sk-electrical-work
js-011104,RA24905,sk-microsoft-office
js-011105,RA24905,sk-driving-category-b
js-011106,RA25058,sk-production-work
js-011107,RA25058,sk-forklift-operation
js-011108,RA25058,sk-microsoft-office
js-011109,RA25058,sk-driving-category-b
js-011110,RB06058,sk-administration
js-011111,RB06058,sk-slovenian-language
js-011112,RB32254,sk-administration
js-011113,PL61760,sk-nursing
js-011114,PL61760,sk-patient-care
js-011115,PL61760,sk-slovenian-language
js-011116,PY63903,sk-nursing
js-011117,PY63903,sk-patient-care
js-011118,PY63903,sk-slovenian-language
js-011119,RC03841,sk-cooking
js-011120,RC03841,sk-dietary-cooking
js-011121,RC03841,sk-slovenian-language
js-011122,PY43641,sk-microsoft-office
js-011123,PY43641,sk-customer-service
js-011124,PY43641,sk-communication
js-011125,PY43641,sk-driving-category-b
js-011126,PY43641,sk-slovenian-language
js-011127,PW62874,sk-cleaning
js-011128,PW62874,sk-slovenian-language
js-011129,PK45529,sk-nursing
js-011130,PK45529,sk-patient-care
js-011131,PK45529,sk-microsoft-office
js-011132,PK45529,sk-driving-category-b
js-011133,PK45529,sk-slovenian-language
js-011134,PG86932,sk-administration
js-011135,PG86932,sk-slovenian-language
js-011136,OT11695,sk-nursing
js-011137,OT11695,sk-patient-care
js-011138,OT11695,sk-microsoft-office
js-011139,OT11695,sk-driving-category-b
js-011140,OT11695,sk-slovenian-language
js-011141,OT11560,sk-nursing
js-011142,OT11560,sk-patient-care
js-011143,OT11560,sk-microsoft-office
js-011144,OT11560,sk-driving-category-b
js-011145,OT11560,sk-slovenian-language
js-011146,PF32610,sk-cooking
js-011147,PF32610,sk-dietary-cooking
js-011148,PF32610,sk-microsoft-office
js-011149,PF32610,sk-customer-service
js-011150,PF32610,sk-communication
js-011151,PF32610,sk-driving-category-b
js-011152,PF32610,sk-slovenian-language
js-011153,RA51069,sk-cleaning
js-011154,RA51069,sk-slovenian-language
js-011155,RB11026,sk-administration
js-011156,RC13834,sk-administration
js-011157,RC13788,sk-cleaning
js-011158,RA12925,sk-customer-service
js-011159,RA12925,sk-communication
js-011160,RA12925,sk-slovenian-language
js-011161,PZ86455,sk-customer-service
js-011162,PZ86455,sk-communication
js-011163,PZ86455,sk-slovenian-language
js-011164,PZ00525,sk-nursing
js-011165,PZ00525,sk-patient-care
js-011166,PZ00525,sk-customer-service
js-011167,PZ00525,sk-communication
js-011168,PZ00525,sk-slovenian-language
js-011169,RC11421,sk-nursing
js-011170,RC11421,sk-patient-care
js-011171,RC11421,sk-laboratory-diagnostics
js-011172,RC11421,sk-emergency-medicine
js-011173,RC11421,sk-sterilization
js-011174,RC11421,sk-slovenian-language
js-011175,RC11878,sk-administration
js-011176,RC11878,sk-slovenian-language
js-011177,RC11907,sk-administration
js-011178,RC11907,sk-slovenian-language
js-011179,RC11910,sk-nursing
js-011180,RC11910,sk-patient-care
js-011181,RC11910,sk-slovenian-language
js-011182,RC12001,sk-administration
js-011183,RC12001,sk-slovenian-language
js-011184,RC11969,sk-cleaning
js-011185,RC11969,sk-slovenian-language
js-011186,RC11972,sk-cooking
js-011187,RC11972,sk-dietary-cooking
js-011188,RC11972,sk-haccp
js-011189,RC11972,sk-slovenian-language
js-011190,PW99320,sk-nursing
js-011191,PW99320,sk-patient-care
js-011192,PW99320,sk-laboratory-diagnostics
js-011193,PW99320,sk-geriatric-care
js-011194,PW99320,sk-emergency-medicine
js-011195,PW99320,sk-sterilization
js-011196,PW99320,sk-slovenian-language
js-011197,RC07704,sk-customer-service
js-011198,RC07704,sk-communication
js-011199,RC07704,sk-slovenian-language
js-011200,RC07169,sk-cooking
js-011201,RC07169,sk-dietary-cooking
js-011202,RC07169,sk-haccp
js-011203,RA40877,sk-nursing
js-011204,RA40877,sk-patient-care
js-011205,RA40877,sk-geriatric-care
js-011206,RA40877,sk-slovenian-language
js-011207,PJ64958,sk-microsoft-office
js-011208,PJ64958,sk-driving-category-b
js-011209,PJ64958,sk-slovenian-language
js-011210,RA84600,sk-geriatric-care
js-011211,RA84600,sk-microsoft-office
js-011212,RA84600,sk-customer-service
js-011213,RA84600,sk-communication
js-011214,RA84600,sk-driving-category-b
js-011215,RA84600,sk-slovenian-language
js-011216,RB20868,sk-driving
js-011217,RB20868,sk-customer-service
js-011218,RB20868,sk-communication
js-011219,RB20868,sk-driving-category-b
js-011220,RB20868,sk-slovenian-language
js-011221,RB20928,sk-driving
js-011222,RB20928,sk-driving-category-b
js-011223,RB20928,sk-slovenian-language
js-011224,RA56070,sk-administration
js-011225,RA56070,sk-driving-category-b
js-011226,RA56070,sk-slovenian-language
js-011227,RC00308,sk-administration
js-011228,RC00308,sk-driving-category-b
js-011229,RC00308,sk-slovenian-language
js-011230,RC00308,sk-german-language
js-011231,RB64561,sk-technical-maintenance
js-011232,RB64561,sk-slovenian-language
js-011233,RB10568,sk-cleaning
js-011234,RB10568,sk-slovenian-language
js-011235,RB80301,sk-customer-service
js-011236,RB80301,sk-communication
js-011237,RC01520,sk-customer-service
js-011238,RC01520,sk-communication
js-011239,RC01291,sk-medicine
js-011240,RC01291,sk-physiotherapy
js-011241,RC01291,sk-customer-service
js-011242,RC01291,sk-communication
js-011243,RC01291,sk-driving-category-b
js-011244,RC05430,sk-administration
js-011245,RC05549,sk-cooking
js-011246,RC05549,sk-dietary-cooking
js-011247,RC05549,sk-customer-service
js-011248,RC05549,sk-communication
js-011249,RC05535,sk-nursing
js-011250,RC05535,sk-patient-care
js-011251,RC05535,sk-emergency-medicine
js-011252,RC05475,sk-nursing
js-011253,RC05475,sk-patient-care
js-011254,RC05475,sk-emergency-medicine
js-011255,RC05461,sk-nursing
js-011256,RC05461,sk-patient-care
js-011257,RC05461,sk-orthopedics
js-011258,RC05461,sk-first-aid
js-011259,PZ09447,sk-nursing
js-011260,PZ09447,sk-patient-care
js-011261,PZ09447,sk-emergency-medicine
js-011262,PZ09447,sk-sterilization
js-011263,PZ09447,sk-first-aid
js-011264,PZ09447,sk-microsoft-office
js-011265,PZ09447,sk-slovenian-language
js-011266,PZ09481,sk-nursing
js-011267,PZ09481,sk-patient-care
js-011268,PZ09481,sk-emergency-medicine
js-011269,PZ09481,sk-sterilization
js-011270,PZ09481,sk-first-aid
js-011271,PZ09481,sk-microsoft-office
js-011272,PZ09481,sk-slovenian-language
js-011273,RC08758,sk-cooking
js-011274,RC08758,sk-dietary-cooking
js-011275,RC08758,sk-microsoft-office
js-011276,RC08758,sk-slovenian-language
js-011277,RB87452,sk-cleaning
js-011278,RB87452,sk-slovenian-language
js-011279,PZ72929,sk-cooking
js-011280,PZ72929,sk-dietary-cooking
js-011281,PZ72929,sk-customer-service
js-011282,PZ72929,sk-communication
js-011283,PW53199,sk-nursing
js-011284,PW53199,sk-patient-care
js-011285,PW53199,sk-physiotherapy
js-011286,PW53199,sk-emergency-medicine
js-011287,PW53199,sk-slovenian-language
js-011288,PY75516,sk-cooking
js-011289,PY75516,sk-dietary-cooking
js-011290,PY75516,sk-customer-service
js-011291,PY75516,sk-communication
js-011292,PY75516,sk-slovenian-language
js-011293,RB72766,sk-nursing
js-011294,RB72766,sk-patient-care
js-011295,RB72766,sk-slovenian-language
js-011296,RB41559,sk-medicine
js-011297,RB41559,sk-physiotherapy
js-011298,RB41559,sk-microsoft-office
js-011299,RB41559,sk-customer-service
js-011300,RB41559,sk-communication
js-011301,RB41559,sk-driving-category-b
js-011302,RB41559,sk-slovenian-language
js-011303,RB42628,sk-microsoft-office
js-011304,RB42628,sk-slovenian-language
js-011305,PY78418,sk-nursing
js-011306,PY78418,sk-patient-care
js-011307,PY78418,sk-geriatric-care
js-011308,PY78418,sk-sterilization
js-011309,PY78418,sk-microsoft-office
js-011310,PY78418,sk-driving-category-b
js-011311,PY78418,sk-slovenian-language
js-011312,PY89238,sk-nursing
js-011313,PY89238,sk-patient-care
js-011314,PY89238,sk-geriatric-care
js-011315,PY89238,sk-sterilization
js-011316,PY89238,sk-microsoft-office
js-011317,PY89238,sk-slovenian-language
js-011318,RA36398,sk-nursing
js-011319,RA36398,sk-patient-care
js-011320,RA36398,sk-sterilization
js-011321,RA36398,sk-microsoft-office
js-011322,RA36398,sk-slovenian-language
js-011323,PZ75817,sk-geriatric-care
js-011324,PZ75817,sk-slovenian-language
js-011325,RA18750,sk-geriatric-care
js-011326,RA18750,sk-slovenian-language
js-011327,RC07979,sk-accounting
js-011328,RC07979,sk-microsoft-office
js-011329,RC07979,sk-cash-handling
js-011330,RC07979,sk-slovenian-language
js-011331,RB30100,sk-administration
js-011332,RB30100,sk-driving-category-b
js-011333,RB19400,sk-administration
js-011334,RB19400,sk-driving-category-b
js-011335,RB78590,sk-administration
js-011336,RB78590,sk-driving-category-b
js-011337,RB86409,sk-nursing
js-011338,RB86409,sk-patient-care
js-011339,RB86409,sk-first-aid
js-011340,RB86409,sk-customer-service
js-011341,RB86409,sk-communication
js-011342,RB86409,sk-driving-category-b
js-011343,RB86409,sk-slovenian-language
js-011344,RB86460,sk-first-aid
js-011345,RB86460,sk-driving-category-b
js-011346,RB86460,sk-slovenian-language
js-011347,PZ57343,sk-nursing
js-011348,PZ57343,sk-patient-care
js-011349,PZ57343,sk-first-aid
js-011350,PZ57343,sk-customer-service
js-011351,PZ57343,sk-communication
js-011352,PZ57343,sk-driving-category-b
js-011353,PZ57343,sk-slovenian-language
js-011354,PY57116,sk-first-aid
js-011355,PY57116,sk-customer-service
js-011356,PY57116,sk-communication
js-011357,PY57116,sk-driving-category-b
js-011358,PY57116,sk-slovenian-language
js-011359,RC03213,sk-cash-handling
js-011360,RC00771,sk-warehouse-operations
js-011361,RC00771,sk-forklift-operation
js-011362,RC00771,sk-microsoft-office
js-011363,RC00771,sk-slovenian-language
js-011364,RB99295,sk-assembly
js-011365,RB99295,sk-driving-category-b
js-011366,RC01823,sk-production-work
js-011367,RC01823,sk-slovenian-language
js-011368,RC01823,sk-english-language
js-011369,RB94222,sk-customer-service
js-011370,RB94222,sk-communication
js-011371,RB94222,sk-driving-category-b
js-011372,RB94284,sk-welding
js-011373,RB94284,sk-metalworking
js-011374,RB94284,sk-driving-category-b
js-011375,RB94330,sk-laboratory-diagnostics
js-011376,RB94330,sk-driving-category-b
js-011377,RC07951,sk-administration
js-011378,RB80514,sk-administration
js-011379,RB68088,sk-midwifery
js-011380,RB68088,sk-microsoft-office
js-011381,RB68088,sk-slovenian-language
js-011382,RB68088,sk-english-language
js-011383,RC04071,sk-driving
js-011384,RC04071,sk-microsoft-office
js-011385,RC04071,sk-driving-category-b
js-011386,RC10687,sk-driving
js-011387,RC10687,sk-driving-category-b
js-011388,RC10687,sk-production-work
js-011389,RB61397,sk-electrical-work
js-011390,RB61397,sk-driving-category-b
js-011391,RB61289,sk-driving
js-011392,RB61289,sk-driving-category-b
js-011393,RB36780,sk-driving
js-011394,RB36780,sk-driving-category-b
js-011395,RB36780,sk-production-work
js-011396,RB36822,sk-driving
js-011397,RB36822,sk-driving-category-b
js-011398,RB36822,sk-production-work
js-011399,RB98406,sk-driving
js-011400,RB98406,sk-microsoft-office
js-011401,RB98406,sk-cash-handling
js-011402,RB98406,sk-driving-category-b
js-011403,RB98406,sk-slovenian-language
js-011404,RB98406,sk-croatian-language
js-011405,RC13086,sk-welding
js-011406,RC13086,sk-metalworking
js-011407,RC13086,sk-production-work
js-011408,RC13132,sk-production-work
js-011409,RB61656,sk-production-work
js-011410,RB61656,sk-warehouse-operations
js-011411,RB61656,sk-driving-category-b
js-011412,RB61656,sk-english-language
js-011413,RB61656,sk-german-language
js-011414,RA75964,sk-administration
js-011415,RA75964,sk-driving-category-b
js-011416,RA75964,sk-driving-category-e
js-011417,RA75964,sk-slovenian-language
js-011418,RA75964,sk-english-language
js-011419,RA86020,sk-cnc-machining
js-011420,RA86020,sk-machine-operation
js-011421,RA86020,sk-driving-category-b
js-011422,RA86020,sk-slovenian-language
js-011423,RC09341,sk-construction-work
js-011424,RC09341,sk-driving-category-b
js-011425,RB78084,sk-cnc-machining
js-011426,RB78084,sk-machine-operation
js-011427,RB95811,sk-cnc-machining
js-011428,RB95811,sk-machine-operation
js-011429,RB95811,sk-driving-category-b
js-011430,RB94037,sk-assembly
js-011431,RC01166,sk-technical-maintenance
js-011432,RC01166,sk-mechanical-repair
js-011433,RC01166,sk-electrical-work
js-011434,RC01166,sk-driving-category-b
js-011435,RC01209,sk-administration
js-011436,RC01209,sk-driving-category-b
js-011437,PU22692,sk-administration
js-011438,RB66147,sk-cnc-machining
js-011439,RB66147,sk-machine-operation
js-011440,RB66178,sk-cnc-machining
js-011441,RB66178,sk-machine-operation
js-011442,RB99770,sk-administration
js-011443,RB99770,sk-driving-category-b
js-011444,RB99770,sk-driving-category-e
js-011445,RB92040,sk-sales
js-011446,RB92040,sk-customer-service
js-011447,RB92040,sk-microsoft-office
js-011448,RB92040,sk-communication
js-011449,RB92040,sk-driving-category-b
js-011450,RB92040,sk-english-language
js-011451,RB90191,sk-technical-maintenance
js-011452,RB90191,sk-mechanical-repair
js-011453,RB84806,sk-assembly
js-011454,RB84806,sk-driving-category-b
js-011455,RB84806,sk-slovenian-language
js-011456,RC10460,sk-customer-service
js-011457,RC10460,sk-communication
js-011458,RC10460,sk-driving-category-b
js-011459,RC10460,sk-driving-category-e
js-011460,RC10460,sk-slovenian-language
js-011461,RC10460,sk-english-language
js-011462,RB84425,sk-administration
js-011463,RB84425,sk-driving-category-b
js-011464,PY06275,sk-production-work
js-011465,PY06275,sk-driving-category-b
js-011466,RB54045,sk-pharmacy
js-011467,RB54045,sk-customer-service
js-011468,RB54045,sk-communication
js-011469,RB54031,sk-pharmacy
js-011470,RB54031,sk-customer-service
js-011471,RB54031,sk-communication
js-011472,RC12123,sk-administration
js-011473,RC12123,sk-driving-category-b
js-011474,RA61997,sk-technical-maintenance
js-011475,RA61997,sk-mechanical-repair
js-011476,RA61997,sk-microsoft-office
js-011477,RA61997,sk-driving-category-b
js-011478,RC11651,sk-hospitality
js-011479,RC11651,sk-restaurant-service
js-011480,RC11651,sk-customer-service
js-011481,RC11651,sk-driving-category-b
js-011482,RC11651,sk-communication
js-011483,RB95231,sk-warehouse-operations
js-011484,RB95231,sk-forklift-operation
js-011485,RB95231,sk-driving-category-b
js-011486,RB95231,sk-slovenian-language
js-011487,RB95245,sk-warehouse-operations
js-011488,RB95245,sk-forklift-operation
js-011489,RB95245,sk-driving-category-b
js-011490,RB95245,sk-slovenian-language
js-011491,RB95245,sk-customer-service
js-011492,RC12489,sk-cleaning
js-011493,RC12489,sk-driving-category-b
js-011494,RC12489,sk-slovenian-language
js-011495,RB27866,sk-accounting
js-011496,RB27866,sk-microsoft-office
js-011497,RB27866,sk-cash-handling
js-011498,RB27866,sk-slovenian-language
js-011499,DN62930,sk-microsoft-office
js-011500,DN62930,sk-production-work
js-011501,RB97826,sk-cleaning
js-011502,RB76615,sk-cleaning
js-011503,RC12171,sk-haccp
js-011504,RC12171,sk-customer-service
js-011505,RC12171,sk-communication
js-011506,RC12154,sk-haccp
js-011507,RC12154,sk-customer-service
js-011508,RC12154,sk-communication
js-011509,RC12185,sk-cooking
js-011510,RB80974,sk-cleaning
js-011511,RB93548,sk-customer-service
js-011512,RB93548,sk-communication
js-011513,RB93548,sk-slovenian-language
js-011514,RB93548,sk-english-language
js-011515,RB93548,sk-croatian-language
js-011516,RA92640,sk-plumbing
js-011517,RA92640,sk-driving-category-b
js-011518,RA92640,sk-driving-category-e
js-011519,RC05950,sk-cooking
js-011520,RC05950,sk-haccp
js-011521,RC05950,sk-driving-category-b
js-011522,RC05950,sk-slovenian-language
js-011523,RC11330,sk-teaching
js-011524,RC11330,sk-communication
js-011525,RC11330,sk-music-education
js-011526,RC11330,sk-driving-category-b
js-011527,RC11330,sk-slovenian-language
js-011528,RC08147,sk-early-childhood-education
js-011529,RC08147,sk-teaching
js-011530,RC08147,sk-communication
js-011531,RC08147,sk-microsoft-office
js-011532,RC08147,sk-driving-category-b
js-011533,RC08147,sk-driving-category-e
js-011534,RC08147,sk-slovenian-language
js-011535,RC07689,sk-teaching
js-011536,RC07689,sk-communication
js-011537,RC07689,sk-music-education
js-011538,RC07689,sk-microsoft-office
js-011539,RC07689,sk-slovenian-language
js-011540,RC09278,sk-cleaning
js-011541,RC09278,sk-driving-category-b
js-011542,RC09278,sk-slovenian-language
js-011543,RC02525,sk-teaching
js-011544,RC02525,sk-communication
js-011545,RC02525,sk-driving-category-b
js-011546,RC02525,sk-english-language
js-011547,ID35893,sk-teaching
js-011548,ID35893,sk-communication
js-011549,ID35893,sk-driving-category-b
js-011550,RC10977,sk-accounting
js-011551,RC10977,sk-microsoft-office
js-011552,RC10977,sk-slovenian-language
js-011553,RC12504,sk-microsoft-office
js-011554,RC12504,sk-driving-category-b
js-011555,RC12504,sk-slovenian-language
js-011556,RC02616,sk-teaching
js-011557,RC02616,sk-communication
js-011558,RC02616,sk-special-education
js-011559,RC02616,sk-driving-category-b
js-011560,RC02616,sk-slovenian-language
js-011561,RB98883,sk-microsoft-office
js-011562,RB98883,sk-slovenian-language
js-011563,RB47582,sk-teaching
js-011564,RB47582,sk-communication
js-011565,RB47582,sk-special-education
js-011566,RB47582,sk-microsoft-office
js-011567,RB47582,sk-driving-category-b
js-011568,RB47582,sk-slovenian-language
js-011569,RB47582,sk-english-language
js-011570,RC10105,sk-construction-work
js-011571,RC10105,sk-microsoft-office
js-011572,RC10105,sk-customer-service
js-011573,RC10105,sk-communication
js-011574,RC10105,sk-english-language
js-011575,RB94588,sk-construction-work
js-011576,RB94588,sk-microsoft-office
js-011577,RC11404,sk-construction-work
js-011578,RC11404,sk-microsoft-office
js-011579,RC11404,sk-customer-service
js-011580,RC11404,sk-communication
js-011581,RC07570,sk-accounting
js-011582,RC07570,sk-microsoft-office
js-011583,RC07570,sk-cash-handling
js-011584,RC07570,sk-english-language
js-011585,RC07277,sk-accounting
js-011586,RC07277,sk-microsoft-office
js-011587,RC07277,sk-cash-handling
js-011588,RC07277,sk-english-language
js-011589,OH87391,sk-medicine
js-011590,OH87391,sk-microsoft-office
js-011591,OH87391,sk-slovenian-language
js-011592,RB77075,sk-medicine
js-011593,RB77075,sk-emergency-medicine
js-011594,RB77075,sk-microsoft-office
js-011595,RB77075,sk-driving-category-b
js-011596,RB77075,sk-slovenian-language
js-011597,RB80241,sk-medicine
js-011598,RB80241,sk-dental-care
js-011599,RB80241,sk-microsoft-office
js-011600,RB80241,sk-slovenian-language
js-011601,RB80207,sk-nursing
js-011602,RB80207,sk-patient-care
js-011603,RB80207,sk-microsoft-office
js-011604,RB80207,sk-driving-category-b
js-011605,RB80207,sk-slovenian-language
js-011606,RC05995,sk-nursing
js-011607,RC05995,sk-patient-care
js-011608,RC05995,sk-microsoft-office
js-011609,RC05995,sk-driving-category-b
js-011610,RC05995,sk-slovenian-language
js-011611,RC05887,sk-medicine
js-011612,RC05887,sk-microsoft-office
js-011613,RC05887,sk-slovenian-language
js-011614,RC05518,sk-medicine
js-011615,RC05518,sk-orthopedics
js-011616,RC05518,sk-dental-care
js-011617,RC05518,sk-microsoft-office
js-011618,RC05518,sk-slovenian-language
js-011619,RC10170,sk-nursing
js-011620,RC10170,sk-patient-care
js-011621,RC10170,sk-emergency-medicine
js-011622,RC10170,sk-microsoft-office
js-011623,RC10170,sk-driving-category-b
js-011624,RC10170,sk-driving-category-c
js-011625,RC10170,sk-slovenian-language
js-011626,RC05860,sk-nursing
js-011627,RC05860,sk-patient-care
js-011628,RC05860,sk-laboratory-diagnostics
js-011629,RC05860,sk-dental-care
js-011630,RC05860,sk-microsoft-office
js-011631,RC05860,sk-cash-handling
js-011632,RC05860,sk-slovenian-language
js-011633,RC04972,sk-laboratory-diagnostics
js-011634,RC04972,sk-microsoft-office
js-011635,RC04972,sk-slovenian-language
js-011636,RC04986,sk-technical-maintenance
js-011637,RC04986,sk-driving-category-b
js-011638,RC04986,sk-driving-category-e
js-011639,RC04986,sk-slovenian-language
js-011640,RC04787,sk-medicine
js-011641,RC04787,sk-internal-medicine
js-011642,RC04787,sk-slovenian-language
js-011643,RC04941,sk-medicine
js-011644,RC04941,sk-customer-service
js-011645,RC04941,sk-communication
js-011646,RC04941,sk-slovenian-language
js-011647,RC04955,sk-pediatrics
js-011648,RC04955,sk-psychiatry
js-011649,RC04955,sk-microsoft-office
js-011650,RC04955,sk-slovenian-language
js-011651,RB63535,sk-driving
js-011652,RB63535,sk-driving-category-b
js-011653,RB63660,sk-security-work
js-011654,RB63660,sk-customer-service
js-011655,RB63660,sk-communication
js-011656,RB63842,sk-cash-handling
js-011657,RB63570,sk-driving
js-011658,RB63570,sk-driving-category-b
js-011659,RB63720,sk-driving
js-011660,RB63796,sk-driving
js-011661,RB63796,sk-driving-category-b
js-011662,RB63597,sk-security-work
js-011663,RB63597,sk-customer-service
js-011664,RB63597,sk-communication
js-011665,RC09722,sk-security-work
js-011666,RC09722,sk-customer-service
js-011667,RC09722,sk-cash-handling
js-011668,RC09722,sk-communication
js-011669,RC09753,sk-security-work
js-011670,RC09753,sk-customer-service
js-011671,RC09753,sk-cash-handling
js-011672,RC09753,sk-communication
js-011673,RC09156,sk-driving
js-011674,RC09156,sk-customer-service
js-011675,RC09156,sk-communication
js-011676,RC08974,sk-security-work
js-011677,RC08974,sk-customer-service
js-011678,RC08974,sk-driving-category-b
js-011679,RC08974,sk-communication
js-011680,RC09111,sk-driving
js-011681,RC09111,sk-customer-service
js-011682,RC09111,sk-communication
js-011683,RC09082,sk-security-work
js-011684,RC09082,sk-customer-service
js-011685,RC09082,sk-driving-category-b
js-011686,RC09082,sk-communication
js-011687,RC09065,sk-driving
js-011688,RC09065,sk-driving-category-b
js-011689,RC09034,sk-administration
js-011690,RC09034,sk-driving-category-b
js-011691,RC13345,sk-production-work
js-011692,RC13345,sk-warehouse-operations
js-011693,RC13345,sk-driving-category-b
js-011694,RC13345,sk-driving-category-e
js-011695,RB94820,sk-accounting
js-011696,RB94820,sk-microsoft-office
js-011697,RB94820,sk-driving-category-b
js-011698,RB94820,sk-slovenian-language
js-011699,RC09645,sk-technical-maintenance
js-011700,RC09645,sk-driving-category-b
js-011701,RC09645,sk-slovenian-language
js-011702,RB87620,sk-forestry
js-011703,RC05171,sk-administration
js-011704,RC05171,sk-slovenian-language
js-011705,RC05228,sk-administration
js-011706,RC05228,sk-slovenian-language
js-011707,RC05110,sk-administration
js-011708,RC05110,sk-slovenian-language
js-011709,RC05293,sk-production-work
js-011710,RC05293,sk-slovenian-language
js-011711,RC05276,sk-production-work
js-011712,RC05276,sk-slovenian-language
js-011713,RC05106,sk-administration
js-011714,RC05106,sk-slovenian-language
js-011715,RB99858,sk-legal-work
js-011716,RB99858,sk-customer-service
js-011717,RB99858,sk-communication
js-011718,RB73883,sk-driving
js-011719,RB73883,sk-warehouse-operations
js-011720,RB73883,sk-driving-category-b
js-011721,RC00541,sk-driving
js-011722,RC00541,sk-driving-category-b
js-011723,RC00541,sk-driving-category-e
js-011724,RC00541,sk-slovenian-language
js-011725,RC07107,sk-cleaning
js-011726,RC07232,sk-technical-maintenance
js-011727,RC07232,sk-mechanical-repair
js-011728,RC07232,sk-microsoft-office
js-011729,RC07232,sk-driving-category-b
js-011730,RC07232,sk-slovenian-language
js-011731,RC07232,sk-english-language
js-011732,RC04040,sk-teaching
js-011733,RC04040,sk-communication
js-011734,RC04040,sk-physical-education
js-011735,RC04696,sk-teaching
js-011736,RC04696,sk-communication
js-011737,RC04696,sk-microsoft-office
js-011738,RC04696,sk-driving-category-b
js-011739,RC04696,sk-slovenian-language
js-011740,RC04696,sk-english-language
js-011741,RC04696,sk-german-language
js-011742,RB81662,sk-teaching
js-011743,RB81662,sk-communication
js-011744,RB81662,sk-driving-category-b
js-011745,RB81662,sk-slovenian-language
js-011746,RC06848,sk-information-technology
js-011747,RC06848,sk-network-administration
js-011748,RC06848,sk-software-development
js-011749,RC06848,sk-project-management
js-011750,RC06848,sk-microsoft-office
js-011751,RC06848,sk-driving-category-b
js-011752,RC06848,sk-slovenian-language
js-011753,RC01092,sk-teaching
js-011754,RC01092,sk-communication
js-011755,RC01092,sk-art-education
js-011756,RC01092,sk-microsoft-office
js-011757,RC01092,sk-driving-category-b
js-011758,RC01092,sk-slovenian-language
js-011759,RC01089,sk-teaching
js-011760,RC01089,sk-communication
js-011761,RC01089,sk-mathematics
js-011762,RC01089,sk-microsoft-office
js-011763,RC01089,sk-driving-category-b
js-011764,RC01089,sk-slovenian-language
js-011765,RC01058,sk-teaching
js-011766,RC01058,sk-communication
js-011767,RC01058,sk-microsoft-office
js-011768,RC01058,sk-driving-category-b
js-011769,RC01058,sk-slovenian-language
js-011770,RC01075,sk-teaching
js-011771,RC01075,sk-communication
js-011772,RC01075,sk-microsoft-office
js-011773,RC01075,sk-driving-category-b
js-011774,RC01075,sk-slovenian-language
js-011775,RC02098,sk-teaching
js-011776,RC02098,sk-communication
js-011777,RC02098,sk-physical-education
js-011778,RC02098,sk-microsoft-office
js-011779,RC02098,sk-driving-category-b
js-011780,RC02098,sk-slovenian-language
js-011781,RC08912,sk-microsoft-office
js-011782,RC08912,sk-slovenian-language
js-011783,RC01595,sk-driving
js-011784,RC01595,sk-driving-category-b
js-011785,RC01595,sk-slovenian-language
js-011786,RC07493,sk-microsoft-office
js-011787,RC07493,sk-slovenian-language
js-011788,RC13561,sk-nursing
js-011789,RC13561,sk-patient-care
js-011790,RC13561,sk-slovenian-language
js-011791,RC13527,sk-cooking
js-011792,RC13527,sk-dietary-cooking
js-011793,RC13527,sk-haccp
js-011794,RC13527,sk-slovenian-language
js-011795,RC13530,sk-production-work
js-011796,RC13530,sk-slovenian-language
js-011797,RC13544,sk-nursing
js-011798,RC13544,sk-patient-care
js-011799,RC13544,sk-psychiatry
js-011800,RC13544,sk-slovenian-language
js-011801,RB26078,sk-customer-service
js-011802,RB26078,sk-communication
js-011803,RB26078,sk-slovenian-language
js-011804,RB23361,sk-physiotherapy
js-011805,RB23361,sk-psychiatry
js-011806,RB23361,sk-slovenian-language
js-011807,RB11731,sk-technical-maintenance
js-011808,RB11731,sk-driving-category-b
js-011809,RB11731,sk-slovenian-language
js-011810,RC01976,sk-administration
js-011811,RC01976,sk-driving-category-b
js-011812,RC01976,sk-slovenian-language
js-011813,RC05643,sk-nursing
js-011814,RC05643,sk-patient-care
js-011815,RC05643,sk-laboratory-diagnostics
js-011816,RC05643,sk-geriatric-care
js-011817,RC05643,sk-emergency-medicine
js-011818,RC05643,sk-microsoft-office
js-011819,RC05643,sk-driving-category-b
js-011820,RC05643,sk-slovenian-language
js-011821,RC05720,sk-pharmacy
js-011822,RC05720,sk-microsoft-office
js-011823,RC05720,sk-customer-service
js-011824,RC05720,sk-communication
js-011825,RC05720,sk-slovenian-language
js-011826,RB94617,sk-physiotherapy
js-011827,RB94617,sk-geriatric-care
js-011828,RB94617,sk-microsoft-office
js-011829,RB94617,sk-driving-category-b
js-011830,RB94617,sk-slovenian-language
js-011831,RB94270,sk-psychiatry
js-011832,RB94270,sk-microsoft-office
js-011833,RB94270,sk-driving-category-b
js-011834,RB94270,sk-slovenian-language
js-011835,RB94526,sk-geriatric-care
js-011836,RB94526,sk-microsoft-office
js-011837,RB94526,sk-driving-category-b
js-011838,RB94526,sk-slovenian-language
js-011839,RB94344,sk-microsoft-office
js-011840,RB94344,sk-customer-service
js-011841,RB94344,sk-communication
js-011842,RB94344,sk-driving-category-b
js-011843,RB94344,sk-slovenian-language
js-011844,RB94421,sk-nursing
js-011845,RB94421,sk-patient-care
js-011846,RB94421,sk-geriatric-care
js-011847,RB94421,sk-sterilization
js-011848,RB94421,sk-microsoft-office
js-011849,RB94421,sk-driving-category-b
js-011850,RB94421,sk-slovenian-language
js-011851,RB94497,sk-nursing
js-011852,RB94497,sk-patient-care
js-011853,RB94497,sk-laboratory-diagnostics
js-011854,RB94497,sk-geriatric-care
js-011855,RB94497,sk-sterilization
js-011856,RB94497,sk-microsoft-office
js-011857,RB94497,sk-driving-category-b
js-011858,RB94497,sk-slovenian-language
js-011859,RB94253,sk-microsoft-office
js-011860,RB94253,sk-driving-category-b
js-011861,RB94253,sk-slovenian-language
js-011862,RB93994,sk-driving
js-011863,RB93994,sk-microsoft-office
js-011864,RB93994,sk-driving-category-b
js-011865,RB93994,sk-slovenian-language
js-011866,RB93660,sk-technical-maintenance
js-011867,RB93660,sk-slovenian-language
js-011868,RB93950,sk-cooking
js-011869,RB93950,sk-haccp
js-011870,RB93950,sk-customer-service
js-011871,RB93950,sk-communication
js-011872,RB93950,sk-slovenian-language
js-011873,RB93733,sk-cooking
js-011874,RB93733,sk-dietary-cooking
js-011875,RB93733,sk-haccp
js-011876,RB93733,sk-slovenian-language
js-011877,RB93687,sk-cleaning
js-011878,RB93687,sk-driving-category-b
js-011879,RB93687,sk-slovenian-language
js-011880,PY79200,sk-masonry
js-011881,PY79200,sk-construction-work
js-011882,PY79200,sk-driving-category-b
js-011883,ID35130,sk-administration
js-011884,RB86062,sk-masonry
js-011885,RB86062,sk-construction-work
js-011886,RB86062,sk-slovenian-language
js-011887,RB86136,sk-construction-work
js-011888,RB86136,sk-slovenian-language
js-011889,RC05245,sk-truck-driving
js-011890,RC05245,sk-driving-category-c
js-011891,RC05245,sk-driving-category-e
js-011892,RC08727,sk-administration
js-011893,RC08727,sk-microsoft-office
js-011894,RC08727,sk-driving-category-b
js-011895,RC08727,sk-slovenian-language
js-011896,RC08727,sk-english-language
js-011897,RC08727,sk-german-language
js-011898,RA97417,sk-construction-work
js-011899,RA97417,sk-microsoft-office
js-011900,RA97417,sk-driving-category-b
js-011901,RA97417,sk-english-language
js-011902,RA97417,sk-german-language
js-011903,RC02829,sk-driving
js-011904,RC02829,sk-warehouse-operations
js-011905,RC02829,sk-microsoft-office
js-011906,RC02829,sk-driving-category-b
js-011907,RC02829,sk-driving-category-c
js-011908,RC02829,sk-driving-category-e
js-011909,RC02829,sk-driving-category-d
js-011910,RC02829,sk-slovenian-language
js-011911,RC02846,sk-postal-delivery
js-011912,RC02846,sk-customer-service
js-011913,RC02846,sk-forklift-operation
js-011914,RC02846,sk-driving-category-b
js-011915,RC02846,sk-driving-category-c
js-011916,RC02846,sk-driving-category-e
js-011917,RC01607,sk-nursing
js-011918,RC01607,sk-patient-care
js-011919,RC01607,sk-intensive-care
js-011920,RC01607,sk-emergency-medicine
js-011921,RC01607,sk-cardiology
js-011922,RC01607,sk-customer-service
js-011923,RC01607,sk-slovenian-language
js-011924,RC01701,sk-nursing
js-011925,RC01701,sk-patient-care
js-011926,RC01701,sk-customer-service
js-011927,RC01701,sk-communication
js-011928,RC01701,sk-slovenian-language
js-011929,RC01288,sk-nursing
js-011930,RC01288,sk-patient-care
js-011931,RC01288,sk-endoscopy
js-011932,RC01288,sk-sterilization
js-011933,RC01288,sk-customer-service
js-011934,RC01288,sk-communication
js-011935,RC01288,sk-slovenian-language
js-011936,RC01490,sk-nursing
js-011937,RC01490,sk-patient-care
js-011938,RC01490,sk-customer-service
js-011939,RC01490,sk-communication
js-011940,RC01490,sk-slovenian-language
js-011941,RC08346,sk-nursing
js-011942,RC08346,sk-patient-care
js-011943,RC08346,sk-emergency-medicine
js-011944,RC08346,sk-customer-service
js-011945,RC08346,sk-communication
js-011946,RC08346,sk-slovenian-language
js-011947,RC08272,sk-nursing
js-011948,RC08272,sk-patient-care
js-011949,RC08272,sk-cardiology
js-011950,RC08272,sk-customer-service
js-011951,RC08272,sk-communication
js-011952,RC08272,sk-slovenian-language
js-011953,RA86770,sk-nursing
js-011954,RA86770,sk-patient-care
js-011955,RA86770,sk-emergency-medicine
js-011956,RA86770,sk-customer-service
js-011957,RA86770,sk-communication
js-011958,RA86770,sk-slovenian-language
js-011959,RB15349,sk-nursing
js-011960,RB15349,sk-patient-care
js-011961,RB15349,sk-intensive-care
js-011962,RB15349,sk-emergency-medicine
js-011963,RB15349,sk-slovenian-language
js-011964,RB15352,sk-nursing
js-011965,RB15352,sk-patient-care
js-011966,RB15352,sk-emergency-medicine
js-011967,RB15352,sk-customer-service
js-011968,RB15352,sk-communication
js-011969,RB15352,sk-slovenian-language
js-011970,RB15426,sk-nursing
js-011971,RB15426,sk-patient-care
js-011972,RB15426,sk-emergency-medicine
js-011973,RB15426,sk-customer-service
js-011974,RB15426,sk-communication
js-011975,RB15426,sk-slovenian-language
js-011976,RB15491,sk-nursing
js-011977,RB15491,sk-patient-care
js-011978,RB15491,sk-emergency-medicine
js-011979,RB15491,sk-cardiology
js-011980,RB15491,sk-customer-service
js-011981,RB15491,sk-communication
js-011982,RB15491,sk-slovenian-language
js-011983,RB15258,sk-nursing
js-011984,RB15258,sk-patient-care
js-011985,RB15258,sk-emergency-medicine
js-011986,RB15258,sk-customer-service
js-011987,RB15258,sk-communication
js-011988,RB15258,sk-slovenian-language
js-011989,RC06223,sk-nursing
js-011990,RC06223,sk-patient-care
js-011991,RC06223,sk-pediatrics
js-011992,RC06223,sk-psychiatry
js-011993,RC06223,sk-slovenian-language
js-011994,RC05978,sk-nursing
js-011995,RC05978,sk-patient-care
js-011996,RC05978,sk-pediatrics
js-011997,RC05978,sk-customer-service
js-011998,RC05978,sk-communication
js-011999,RC05978,sk-slovenian-language
js-012000,RC06007,sk-nursing
js-012001,RC06007,sk-patient-care
js-012002,RC06007,sk-pediatrics
js-012003,RC06007,sk-customer-service
js-012004,RC06007,sk-communication
js-012005,RC06007,sk-slovenian-language
js-012006,RC06010,sk-nursing
js-012007,RC06010,sk-patient-care
js-012008,RC06010,sk-emergency-medicine
js-012009,RC06010,sk-pediatrics
js-012010,RC06010,sk-customer-service
js-012011,RC06010,sk-communication
js-012012,RC06010,sk-slovenian-language
js-012013,RC06072,sk-nursing
js-012014,RC06072,sk-patient-care
js-012015,RC06072,sk-pediatrics
js-012016,RC06072,sk-customer-service
js-012017,RC06072,sk-communication
js-012018,RC06072,sk-slovenian-language
js-012019,RC06150,sk-nursing
js-012020,RC06150,sk-patient-care
js-012021,RC06150,sk-intensive-care
js-012022,RC06150,sk-emergency-medicine
js-012023,RC06150,sk-pediatrics
js-012024,RC06150,sk-customer-service
js-012025,RC06150,sk-slovenian-language
js-012026,RC00970,sk-nursing
js-012027,RC00970,sk-patient-care
js-012028,RC00970,sk-neurology
js-012029,RC00970,sk-customer-service
js-012030,RC00970,sk-communication
js-012031,RC00970,sk-slovenian-language
js-012032,RC00967,sk-nursing
js-012033,RC00967,sk-patient-care
js-012034,RC00967,sk-customer-service
js-012035,RC00967,sk-communication
js-012036,RC00967,sk-slovenian-language
js-012037,RC01135,sk-nursing
js-012038,RC01135,sk-patient-care
js-012039,RC01135,sk-sterilization
js-012040,RC01135,sk-customer-service
js-012041,RC01135,sk-communication
js-012042,RC01135,sk-slovenian-language
js-012043,RC00984,sk-nursing
js-012044,RC00984,sk-patient-care
js-012045,RC00984,sk-emergency-medicine
js-012046,RC00984,sk-customer-service
js-012047,RC00984,sk-communication
js-012048,RC00984,sk-slovenian-language
js-012049,RC00880,sk-nursing
js-012050,RC00880,sk-patient-care
js-012051,RC00880,sk-neurology
js-012052,RC00880,sk-customer-service
js-012053,RC00880,sk-communication
js-012054,RC00880,sk-slovenian-language
js-012055,RC06865,sk-nursing
js-012056,RC06865,sk-patient-care
js-012057,RC06865,sk-emergency-medicine
js-012058,RC06865,sk-surgery
js-012059,RC06865,sk-customer-service
js-012060,RC06865,sk-communication
js-012061,RC06865,sk-slovenian-language
js-012062,RC06791,sk-nursing
js-012063,RC06791,sk-patient-care
js-012064,RC06791,sk-orthopedics
js-012065,RC06791,sk-customer-service
js-012066,RC06791,sk-communication
js-012067,RC06791,sk-slovenian-language
js-012068,RC07250,sk-nursing
js-012069,RC07250,sk-patient-care
js-012070,RC07250,sk-surgery
js-012071,RC07250,sk-customer-service
js-012072,RC07250,sk-communication
js-012073,RC07250,sk-slovenian-language
js-012074,RB49811,sk-nursing
js-012075,RB49811,sk-patient-care
js-012076,RB49811,sk-emergency-medicine
js-012077,RB49811,sk-customer-service
js-012078,RB49811,sk-communication
js-012079,RB49811,sk-slovenian-language
js-012080,RB00299,sk-nursing
js-012081,RB00299,sk-patient-care
js-012082,RB00299,sk-customer-service
js-012083,RB00299,sk-communication
js-012084,RB00299,sk-slovenian-language
js-012085,RC06575,sk-nursing
js-012086,RC06575,sk-patient-care
js-012087,RC06575,sk-oncology
js-012088,RC06575,sk-customer-service
js-012089,RC06575,sk-communication
js-012090,RC06575,sk-slovenian-language
js-012091,RC06666,sk-nursing
js-012092,RC06666,sk-patient-care
js-012093,RC06666,sk-oncology
js-012094,RC06666,sk-customer-service
js-012095,RC06666,sk-communication
js-012096,RC06666,sk-slovenian-language
js-012097,RC06180,sk-administration
js-012098,RC06180,sk-slovenian-language
js-012099,RB25359,sk-medicine
js-012100,RB25359,sk-midwifery
js-012101,RB25359,sk-microsoft-office
js-012102,RB25359,sk-slovenian-language
js-012103,RC03750,sk-packaging
js-012104,RC03750,sk-production-work
js-012105,RB98835,sk-warehouse-operations
js-012106,RB98835,sk-microsoft-office
js-012107,RB98835,sk-customer-service
js-012108,RB98835,sk-communication
js-012109,RB98835,sk-driving-category-b
js-012110,RB98835,sk-german-language
js-012111,RB91564,sk-accounting
js-012112,RB91564,sk-microsoft-office
js-012113,RB91564,sk-customer-service
js-012114,RB91564,sk-communication
js-012115,RB91564,sk-english-language
js-012116,RB91607,sk-truck-driving
js-012117,RB91607,sk-warehouse-operations
js-012118,RB91607,sk-driving-category-ce
js-012119,RB91607,sk-english-language
js-012120,RB93596,sk-administration
js-012121,RB93596,sk-driving-category-b
js-012122,RB93596,sk-slovenian-language
js-012123,RB94620,sk-security-work
js-012124,RB94620,sk-customer-service
js-012125,RB94620,sk-driving-category-b
js-012126,RB94620,sk-communication
js-012127,RC12475,sk-teaching
js-012128,RC12475,sk-communication
js-012129,RC12475,sk-music-education
js-012130,RC12475,sk-driving-category-b
js-012131,RC12475,sk-slovenian-language
js-012132,RC04557,sk-production-work
js-012133,RC04557,sk-slovenian-language
js-012134,RB91655,sk-production-work
js-012135,RB91655,sk-slovenian-language
js-012136,RC03690,sk-legal-work
js-012137,RC03690,sk-driving-category-b
js-012138,RC05626,sk-pharmacy
js-012139,RC05626,sk-microsoft-office
js-012140,RC05626,sk-driving-category-b
js-012141,RC05626,sk-slovenian-language
js-012142,RC03491,sk-teaching
js-012143,RC03491,sk-communication
js-012144,RC03491,sk-driving-category-b
js-012145,RC03491,sk-driving-category-e
js-012146,RC03491,sk-slovenian-language
js-012147,RC03491,sk-english-language
js-012148,RC11180,sk-cleaning
js-012149,RC11180,sk-driving-category-b
js-012150,RC11180,sk-slovenian-language
js-012151,RC09537,sk-production-work
js-012152,RC09537,sk-driving-category-b
js-012153,RC09537,sk-slovenian-language
js-012154,RB94679,sk-teaching
js-012155,RB94679,sk-communication
js-012156,RB94679,sk-physical-education
js-012157,RB94679,sk-microsoft-office
js-012158,RB94679,sk-driving-category-b
js-012159,RB94679,sk-slovenian-language
js-012160,RB84348,sk-microsoft-office
js-012161,RB84348,sk-driving-category-b
js-012162,RB84348,sk-slovenian-language
js-012163,RC02417,sk-early-childhood-education
js-012164,RC02417,sk-teaching
js-012165,RC02417,sk-communication
js-012166,RC02417,sk-driving-category-b
js-012167,RC02417,sk-slovenian-language
js-012168,RB98758,sk-microsoft-office
js-012169,RB98758,sk-slovenian-language
js-012170,RB97078,sk-teaching
js-012171,RB97078,sk-communication
js-012172,RB97078,sk-slovenian-language
js-012173,RB97078,sk-english-language
js-012174,RB97110,sk-teaching
js-012175,RB97110,sk-communication
js-012176,RB97110,sk-slovenian-language
js-012177,RB97110,sk-english-language
js-012178,RB49168,sk-nursing
js-012179,RB49168,sk-patient-care
js-012180,RB49168,sk-emergency-medicine
js-012181,RB49168,sk-microsoft-office
js-012182,RA79034,sk-nursing
js-012183,RA79034,sk-patient-care
js-012184,RA79034,sk-emergency-medicine
js-012185,RA79034,sk-microsoft-office
js-012186,RA79034,sk-slovenian-language
js-012187,PJ38262,sk-medicine
js-012188,PJ38262,sk-laboratory-diagnostics
js-012189,PJ38262,sk-internal-medicine
js-012190,PJ38262,sk-emergency-medicine
js-012191,PJ38262,sk-microsoft-office
js-012192,PJ38262,sk-customer-service
js-012193,PJ38199,sk-medicine
js-012194,PJ38199,sk-laboratory-diagnostics
js-012195,PJ38199,sk-emergency-medicine
js-012196,PJ38199,sk-microsoft-office
js-012197,PJ38199,sk-customer-service
js-012198,PJ38199,sk-communication
js-012199,PJ38185,sk-medicine
js-012200,PJ38185,sk-laboratory-diagnostics
js-012201,PJ38185,sk-emergency-medicine
js-012202,PJ38185,sk-microsoft-office
js-012203,PJ38185,sk-customer-service
js-012204,PJ38185,sk-communication
js-012205,RB95319,sk-nursing
js-012206,RB95319,sk-patient-care
js-012207,RB95319,sk-emergency-medicine
js-012208,RB95319,sk-driving-category-b
js-012209,RB95319,sk-slovenian-language
js-012210,RC04864,sk-medicine
js-012211,RC04864,sk-microsoft-office
js-012212,RC04864,sk-slovenian-language
js-012213,PJ45995,sk-medicine
js-012214,PJ45995,sk-microsoft-office
js-012215,PJ45995,sk-driving-category-b
js-012216,PJ45995,sk-slovenian-language
js-012217,PJ46010,sk-medicine
js-012218,PJ46010,sk-pediatrics
js-012219,PJ46010,sk-psychiatry
js-012220,PJ46010,sk-microsoft-office
js-012221,PJ46010,sk-driving-category-b
js-012222,PJ46010,sk-slovenian-language
js-012223,PJ46055,sk-medicine
js-012224,PJ46055,sk-psychiatry
js-012225,PJ46055,sk-microsoft-office
js-012226,PJ46055,sk-driving-category-b
js-012227,PJ46055,sk-slovenian-language
js-012228,PJ46072,sk-medicine
js-012229,PJ46072,sk-microsoft-office
js-012230,PJ46072,sk-driving-category-b
js-012231,PJ46072,sk-slovenian-language
js-012232,PL07720,sk-medicine
js-012233,PL07720,sk-pediatrics
js-012234,PL07720,sk-microsoft-office
js-012235,PL07720,sk-driving-category-b
js-012236,PL07720,sk-slovenian-language
js-012237,PL07751,sk-medicine
js-012238,PL07751,sk-microsoft-office
js-012239,PL07751,sk-driving-category-b
js-012240,PL07751,sk-slovenian-language
js-012241,PL07873,sk-medicine
js-012242,PL07873,sk-microsoft-office
js-012243,PL07873,sk-driving-category-b
js-012244,PL07873,sk-slovenian-language
js-012245,PW53367,sk-nursing
js-012246,PW53367,sk-patient-care
js-012247,PW53367,sk-microsoft-office
js-012248,PW53367,sk-slovenian-language
js-012249,RA78883,sk-physiotherapy
js-012250,RA78883,sk-microsoft-office
js-012251,RA78883,sk-driving-category-b
js-012252,RA78883,sk-slovenian-language
js-012253,RA28023,sk-microsoft-office
js-012254,RA28023,sk-driving-category-b
js-012255,RA28023,sk-slovenian-language
js-012256,RB09725,sk-legal-work
js-012257,RB09725,sk-microsoft-office
js-012258,RB09725,sk-slovenian-language
js-012259,RB09760,sk-cleaning
js-012260,RB09760,sk-slovenian-language
js-012261,RB16773,sk-production-work
js-012262,RB16773,sk-warehouse-operations
js-012263,RB16773,sk-driving-category-b
js-012264,RA96746,sk-physiotherapy
js-012265,RA96746,sk-orthopedics
js-012266,RA96746,sk-customer-service
js-012267,RA96746,sk-communication
js-012268,RA96746,sk-driving-category-b
js-012269,RC08499,sk-customer-service
js-012270,RC08499,sk-communication
js-012271,RC08499,sk-driving-category-b
js-012272,RC08531,sk-customer-service
js-012273,RC08531,sk-communication
js-012274,RC08531,sk-driving-category-b
js-012275,RC13210,sk-administration
js-012276,RC13210,sk-driving-category-b
js-012277,RC13210,sk-slovenian-language
js-012278,RC13254,sk-accounting
js-012279,RC13254,sk-microsoft-office
js-012280,RC13254,sk-driving-category-b
js-012281,RC13254,sk-slovenian-language
js-012282,RA46991,sk-nursing
js-012283,RA46991,sk-patient-care
js-012284,RA46991,sk-driving-category-b
js-012285,RA46991,sk-slovenian-language
js-012286,RA47048,sk-nursing
js-012287,RA47048,sk-patient-care
js-012288,RA47048,sk-customer-service
js-012289,RA47048,sk-communication
js-012290,RA47048,sk-driving-category-b
js-012291,RA47048,sk-driving-category-e
js-012292,RA47048,sk-slovenian-language
js-012293,RA47065,sk-nursing
js-012294,RA47065,sk-patient-care
js-012295,RA47065,sk-driving-category-b
js-012296,RA47065,sk-slovenian-language
js-012297,RA47108,sk-administration
js-012298,RA47108,sk-driving-category-b
js-012299,RA47108,sk-slovenian-language
js-012300,PU91765,sk-nursing
js-012301,PU91765,sk-patient-care
js-012302,PU91765,sk-driving-category-b
js-012303,PU91765,sk-slovenian-language
js-012304,PU91779,sk-medicine
js-012305,PU91779,sk-laboratory-diagnostics
js-012306,PU91779,sk-driving-category-b
js-012307,PU91779,sk-slovenian-language
js-012308,PT02860,sk-nursing
js-012309,PT02860,sk-patient-care
js-012310,PT02860,sk-driving-category-b
js-012311,PT02860,sk-slovenian-language
js-012312,PT02874,sk-nursing
js-012313,PT02874,sk-patient-care
js-012314,PT02874,sk-driving-category-b
js-012315,PT02874,sk-slovenian-language
js-012316,PR25834,sk-nursing
js-012317,PR25834,sk-patient-care
js-012318,PR25834,sk-driving-category-b
js-012319,PR25834,sk-slovenian-language
js-012320,PR53252,sk-nursing
js-012321,PR53252,sk-patient-care
js-012322,PR53252,sk-customer-service
js-012323,PR53252,sk-communication
js-012324,PR53252,sk-driving-category-b
js-012325,PR53252,sk-driving-category-e
js-012326,PR53252,sk-slovenian-language
js-012327,RB22412,sk-administration
js-012328,RB22412,sk-driving-category-b
js-012329,RB22412,sk-slovenian-language
js-012330,RB13641,sk-nursing
js-012331,RB13641,sk-patient-care
js-012332,RB13641,sk-driving-category-b
js-012333,RB13641,sk-slovenian-language
js-012334,RB74494,sk-nursing
js-012335,RB74494,sk-emergency-medicine
js-012336,RB74494,sk-first-aid
js-012337,RB74494,sk-driving-category-b
js-012338,RB74494,sk-slovenian-language
js-012339,RA62900,sk-nursing
js-012340,RA62900,sk-patient-care
js-012341,RA62900,sk-microsoft-office
js-012342,RA62900,sk-slovenian-language
js-012343,PZ61805,sk-microsoft-office
js-012344,PZ61805,sk-driving-category-b
js-012345,PZ61805,sk-slovenian-language
js-012346,PZ95135,sk-orthopedics
js-012347,PZ95135,sk-slovenian-language
js-012348,PZ95075,sk-medicine
js-012349,PZ95075,sk-physiotherapy
js-012350,PZ95075,sk-microsoft-office
js-012351,PZ95075,sk-customer-service
js-012352,PZ95075,sk-communication
js-012353,PZ95075,sk-slovenian-language
js-012354,PZ95044,sk-nursing
js-012355,PZ95044,sk-patient-care
js-012356,PZ95044,sk-microsoft-office
js-012357,RC11526,sk-warehouse-operations
js-012358,RC11526,sk-microsoft-office
js-012359,RC11526,sk-customer-service
js-012360,RC11526,sk-communication
js-012361,RC11526,sk-driving-category-b
js-012362,RC11526,sk-slovenian-language
js-012363,RB71314,sk-driving
js-012364,RB71314,sk-driving-category-b
js-012365,RB71314,sk-driving-category-c
js-012366,RB71314,sk-driving-category-e
js-012367,RB71314,sk-slovenian-language
js-012368,RB71314,sk-english-language
js-012369,RB91291,sk-production-work
js-012370,RB91291,sk-driving-category-b
js-012371,RB97462,sk-packaging
js-012372,RB97480,sk-machine-operation
js-012373,RB62560,sk-cleaning
js-012374,RB62071,sk-technical-maintenance
js-012375,RB62071,sk-mechanical-repair
js-012376,RB00129,sk-production-work
js-012377,RB00129,sk-warehouse-operations
js-012378,DN58270,sk-technical-maintenance
js-012379,DN58270,sk-electrical-work
js-012380,DN58266,sk-packaging
js-012381,RB62404,sk-welding
js-012382,RB62404,sk-metalworking
js-012383,RB62404,sk-microsoft-office
js-012384,RB62404,sk-driving-category-b
js-012385,RB62404,sk-english-language
js-012386,RB62404,sk-german-language
js-012387,RB84638,sk-forklift-operation
js-012388,RB84638,sk-driving-category-b
js-012389,RB84750,sk-welding
js-012390,RB84750,sk-metalworking
js-012391,RC06271,sk-driving
js-012392,RC06271,sk-warehouse-operations
js-012393,RC06271,sk-forklift-operation
js-012394,RC06271,sk-driving-category-b
js-012395,RB75759,sk-warehouse-operations
js-012396,RB75759,sk-forklift-operation
js-012397,RB75759,sk-microsoft-office
js-012398,RB75759,sk-driving-category-b
js-012399,RB75759,sk-driving-category-e
js-012400,RB75759,sk-english-language
js-012401,RC06132,sk-cnc-machining
js-012402,RC06132,sk-machine-operation
js-012403,RB79491,sk-administration
js-012404,RB79491,sk-customer-service
js-012405,RB79491,sk-communication
js-012406,RB79491,sk-microsoft-office
js-012407,RB79491,sk-cash-handling
js-012408,RB36333,sk-electrical-work
js-012409,RB36333,sk-driving-category-b
js-012410,RB36333,sk-english-language
js-012411,RB36580,sk-assembly
js-012412,RB36580,sk-driving-category-b
js-012413,RB37416,sk-assembly
js-012414,RB37416,sk-driving-category-b
js-012415,RB69905,sk-electrical-work
js-012416,RB69905,sk-customer-service
js-012417,RB69905,sk-communication
js-012418,RB69905,sk-driving-category-b
js-012419,RB69905,sk-english-language
js-012420,RB70430,sk-construction-work
js-012421,RB70430,sk-microsoft-office
js-012422,RB70430,sk-driving-category-b
js-012423,RB70430,sk-english-language
js-012424,RB70094,sk-construction-work
js-012425,RB70094,sk-microsoft-office
js-012426,RB70094,sk-driving-category-b
js-012427,RB70094,sk-driving-category-d
js-012428,RB70094,sk-english-language
js-012429,RB70001,sk-machine-operation
js-012430,RB70001,sk-customer-service
js-012431,RB70001,sk-communication
js-012432,RB70001,sk-driving-category-b
js-012433,RB70001,sk-english-language
js-012434,RB70489,sk-welding
js-012435,RB70489,sk-metalworking
js-012436,RB70489,sk-forklift-operation
js-012437,RB70489,sk-driving-category-b
js-012438,RB95748,sk-warehouse-operations
js-012439,RB95748,sk-driving-category-b
js-012440,RB95703,sk-construction-work
js-012441,RB95703,sk-driving-category-b
js-012442,RB81187,sk-warehouse-operations
js-012443,RB81187,sk-driving-category-b
js-012444,RB81187,sk-production-work
js-012445,RA36430,sk-production-work
js-012446,RA36430,sk-warehouse-operations
js-012447,RA36430,sk-driving-category-b
js-012448,RA36430,sk-driving-category-e
js-012449,RA43920,sk-administration
js-012450,PX71503,sk-technical-maintenance
js-012451,PX71503,sk-mechanical-repair
js-012452,PX71503,sk-microsoft-office
js-012453,PX71503,sk-driving-category-b
js-012454,PX71503,sk-english-language
js-012455,RC10318,sk-warehouse-operations
js-012456,RC10318,sk-forklift-operation
js-012457,RC10318,sk-microsoft-office
js-012458,RC10318,sk-english-language
js-012459,RC13163,sk-technical-maintenance
js-012460,RC13163,sk-mechanical-repair
js-012461,RA46698,sk-administration
js-012462,RB90828,sk-truck-driving
js-012463,RB90828,sk-warehouse-operations
js-012464,RB90828,sk-driving-category-b
js-012465,RB90828,sk-driving-category-ce
js-012466,RB74216,sk-automotive-repair
js-012467,RB74216,sk-vehicle-diagnostics
js-012468,RB74216,sk-microsoft-office
js-012469,RB74216,sk-driving-category-b
js-012470,RB74216,sk-english-language
js-012471,RB74250,sk-microsoft-office
js-012472,RB74250,sk-driving-category-b
js-012473,RB74250,sk-english-language
js-012474,RB97934,sk-packaging
js-012475,RB97934,sk-customer-service
js-012476,RB97934,sk-communication
js-012477,RB97934,sk-cash-handling
js-012478,RC09892,sk-warehouse-operations
js-012479,RC09892,sk-forklift-operation
js-012480,PZ89036,sk-cleaning
js-012481,PZ89036,sk-driving-category-b
js-012482,PZ89036,sk-slovenian-language
js-012483,PX83039,sk-customer-service
js-012484,PX83039,sk-communication
js-012485,PX83039,sk-driving-category-b
js-012486,PX83039,sk-slovenian-language
js-012487,PX83039,sk-english-language
js-012488,PT00796,sk-nursing
js-012489,PT00796,sk-patient-care
js-012490,PT00796,sk-neurology
js-012491,PT00796,sk-orthopedics
js-012492,PT00796,sk-cash-handling
js-012493,PT00796,sk-driving-category-b
js-012494,PT00796,sk-driving-category-e
js-012495,PT00796,sk-slovenian-language
js-012496,PT01101,sk-nursing
js-012497,PT01101,sk-patient-care
js-012498,PT01101,sk-customer-service
js-012499,PT01101,sk-communication
js-012500,PT01101,sk-cash-handling
js-012501,PT01101,sk-driving-category-b
js-012502,PT01101,sk-driving-category-e
js-012503,PT01101,sk-slovenian-language
js-012504,RB83940,sk-administration
js-012505,RB83940,sk-customer-service
js-012506,RB83940,sk-communication
js-012507,RB83940,sk-microsoft-office
js-012508,RB83940,sk-driving-category-b
js-012509,RB83940,sk-driving-category-e
js-012510,RC08562,sk-warehouse-operations
js-012511,RC08562,sk-microsoft-office
js-012512,RC08700,sk-welding
js-012513,RC08700,sk-metalworking
js-012514,RC08698,sk-production-work
js-012515,RC08667,sk-machine-operation
js-012516,RC08684,sk-warehouse-operations
js-012517,RC08593,sk-cnc-machining
js-012518,RC08593,sk-machine-operation
js-012519,RC08580,sk-production-work
js-012520,RC08576,sk-painting
js-012521,RB93673,sk-welding
js-012522,RB93673,sk-metalworking
js-012523,RB93673,sk-production-work
js-012524,DN58403,sk-welding
js-012525,DN58403,sk-metalworking
js-012526,DN58403,sk-forklift-operation
js-012527,PZ06943,sk-hospitality
js-012528,PZ06943,sk-restaurant-service
js-012529,PZ06943,sk-customer-service
js-012530,PZ06943,sk-slovenian-language
js-012531,RC10140,sk-cnc-machining
js-012532,RC10140,sk-machine-operation
js-012533,RC10140,sk-slovenian-language
js-012534,RC05748,sk-technical-maintenance
js-012535,RC05748,sk-mechanical-repair
js-012536,RC05748,sk-microsoft-office
js-012537,RC05748,sk-driving-category-b
js-012538,RC05748,sk-english-language
js-012539,RC05748,sk-croatian-language
js-012540,RC05796,sk-welding
js-012541,RC05796,sk-metalworking
js-012542,RC05796,sk-forklift-operation
js-012543,RC05796,sk-driving-category-b
js-012544,RC05796,sk-english-language
js-012545,RA84263,sk-cnc-machining
js-012546,RA84263,sk-machine-operation
js-012547,RA84263,sk-driving-category-b
js-012548,RA84263,sk-slovenian-language
js-012549,RB52274,sk-machine-operation
js-012550,RB52274,sk-driving-category-b
js-012551,RB52274,sk-slovenian-language
js-012552,RB52274,sk-english-language
js-012553,RA80275,sk-plumbing
js-012554,RA80275,sk-driving-category-b
js-012555,RA80275,sk-driving-category-e
js-012556,RA08800,sk-machine-operation
js-012557,RA08800,sk-microsoft-office
js-012558,RA08800,sk-driving-category-b
js-012559,PL81092,sk-carpentry
js-012560,PL81092,sk-construction-work
js-012561,PL81092,sk-driving-category-b
js-012562,PJ97112,sk-warehouse-operations
js-012563,PJ97112,sk-microsoft-office
js-012564,PJ97112,sk-driving-category-b
js-012565,OF68020,sk-masonry
js-012566,OF68020,sk-construction-work
js-012567,OF68020,sk-driving-category-b
js-012568,OF68048,sk-construction-work
js-012569,OF68048,sk-driving-category-b
js-012570,OF69610,sk-administration
js-012571,OF69610,sk-driving-category-b
js-012572,OF69668,sk-machine-operation
js-012573,OF69668,sk-driving-category-b
js-012574,OT75283,sk-microsoft-office
js-012575,OT75283,sk-driving-category-b
js-012576,RC10122,sk-truck-driving
js-012577,RC10122,sk-driving-category-c
js-012578,RC10122,sk-driving-category-e
js-012579,RB97445,sk-hospitality
js-012580,RB97445,sk-restaurant-service
js-012581,RB97445,sk-customer-service
js-012582,RB97445,sk-communication
js-012583,RB61702,sk-warehouse-operations
js-012584,RB61702,sk-driving-category-b
js-012585,RC01243,sk-microsoft-office
js-012586,RC03764,sk-truck-driving
js-012587,RC03764,sk-driving-category-c
js-012588,RC03764,sk-driving-category-e
js-012589,RC07201,sk-microsoft-office
js-012590,RC07201,sk-customer-service
js-012591,RC07201,sk-communication
js-012592,RC07201,sk-slovenian-language
js-012593,RC07306,sk-early-childhood-education
js-012594,RC07306,sk-teaching
js-012595,RC07306,sk-communication
js-012596,RC07306,sk-microsoft-office
js-012597,RC07306,sk-slovenian-language
js-012598,RC12413,sk-teaching
js-012599,RC12413,sk-communication
js-012600,RC12413,sk-chemistry
js-012601,RC12413,sk-microsoft-office
js-012602,RC12413,sk-driving-category-b
js-012603,RC12413,sk-slovenian-language
js-012604,RC12583,sk-microsoft-office
js-012605,RC12583,sk-driving-category-b
js-012606,RC12583,sk-driving-category-e
js-012607,RC12583,sk-slovenian-language
js-012608,RC11682,sk-teaching
js-012609,RC11682,sk-communication
js-012610,RC11682,sk-mathematics
js-012611,RC11682,sk-microsoft-office
js-012612,RC11682,sk-driving-category-b
js-012613,RC11682,sk-slovenian-language
js-012614,RC00601,sk-teaching
js-012615,RC00601,sk-communication
js-012616,RC00601,sk-microsoft-office
js-012617,RC00601,sk-driving-category-b
js-012618,RC00799,sk-microsoft-office
js-012619,RC00799,sk-driving-category-b
js-012620,RB45763,sk-teaching
js-012621,RB45763,sk-communication
js-012622,RB45763,sk-microsoft-office
js-012623,RB45763,sk-driving-category-b
js-012624,PZ92506,sk-customer-service
js-012625,PZ92506,sk-communication
js-012626,PZ92506,sk-driving-category-b
js-012627,PZ92506,sk-driving-category-e
js-012628,PZ92506,sk-slovenian-language
js-012629,PZ92506,sk-english-language
js-012630,PZ92506,sk-croatian-language
js-012631,RC08238,sk-sales
js-012632,RC08238,sk-customer-service
js-012633,RC08238,sk-communication
js-012634,RC08238,sk-driving-category-b
js-012635,RC08238,sk-driving-category-e
js-012636,RC08238,sk-slovenian-language
js-012637,RC08238,sk-english-language
js-012638,RC08238,sk-croatian-language
js-012639,PX06827,sk-nursing
js-012640,PX06827,sk-patient-care
js-012641,PX06827,sk-intensive-care
js-012642,PX06827,sk-microsoft-office
js-012643,PX06827,sk-slovenian-language
js-012644,IC54922,sk-administration
js-012645,IC54922,sk-driving-category-b
js-012646,IC54922,sk-driving-category-d
js-012647,RB45581,sk-production-work
js-012648,RB45581,sk-driving-category-b
js-012649,RB58368,sk-medicine
js-012650,RB58368,sk-laboratory-diagnostics
js-012651,RB58368,sk-emergency-medicine
js-012652,RB58368,sk-microsoft-office
js-012653,RB58323,sk-medicine
js-012654,RB58323,sk-microsoft-office
js-012655,RB58306,sk-medicine
js-012656,RB58306,sk-pediatrics
js-012657,RB58306,sk-microsoft-office
js-012658,RB58294,sk-microsoft-office
js-012659,RB80849,sk-nursing
js-012660,RB80849,sk-patient-care
js-012661,RB80849,sk-pediatrics
js-012662,RC06129,sk-microsoft-office
js-012663,RB94850,sk-nursing
js-012664,RB94850,sk-patient-care
js-012665,RB94850,sk-emergency-medicine
js-012666,RB94850,sk-driving-category-b
js-012667,RB40033,sk-medicine
js-012668,RB40033,sk-internal-medicine
js-012669,RB40033,sk-microsoft-office
js-012670,RB40033,sk-driving-category-b
js-012671,RB40033,sk-slovenian-language
js-012672,RB40337,sk-medicine
js-012673,RB40337,sk-nephrology
js-012674,RB40337,sk-microsoft-office
js-012675,RB40337,sk-driving-category-b
js-012676,RB40337,sk-driving-category-c
js-012677,RB40337,sk-slovenian-language
js-012678,RB94006,sk-midwifery
js-012679,RB94006,sk-customer-service
js-012680,RB94006,sk-communication
js-012681,RB94006,sk-driving-category-b
js-012682,RB94006,sk-slovenian-language
js-012683,RB94068,sk-customer-service
js-012684,RB94068,sk-communication
js-012685,RB94068,sk-driving-category-b
js-012686,RB94068,sk-slovenian-language
js-012687,RB56029,sk-medicine
js-012688,RB56029,sk-microsoft-office
js-012689,RB56029,sk-driving-category-b
js-012690,RB56029,sk-slovenian-language
js-012691,RB56077,sk-medicine
js-012692,RB56077,sk-microsoft-office
js-012693,RB56077,sk-driving-category-b
js-012694,RB56077,sk-slovenian-language
js-012695,RB56171,sk-medicine
js-012696,RB56171,sk-radiology
js-012697,RB56171,sk-microsoft-office
js-012698,RB56171,sk-driving-category-b
js-012699,RB56171,sk-slovenian-language
js-012700,RB56185,sk-medicine
js-012701,RB56185,sk-microsoft-office
js-012702,RB56185,sk-driving-category-b
js-012703,RB56185,sk-slovenian-language
js-012704,RB56444,sk-medicine
js-012705,RB56444,sk-psychiatry
js-012706,RB56444,sk-microsoft-office
js-012707,RB56444,sk-driving-category-b
js-012708,RB56444,sk-driving-category-c
js-012709,RB56444,sk-slovenian-language
js-012710,RB56400,sk-medicine
js-012711,RB56400,sk-pediatrics
js-012712,RB56400,sk-microsoft-office
js-012713,RB56400,sk-driving-category-b
js-012714,RB56400,sk-slovenian-language
js-012715,RB56280,sk-medicine
js-012716,RB56280,sk-emergency-medicine
js-012717,RB56280,sk-microsoft-office
js-012718,RB56280,sk-driving-category-b
js-012719,RB56280,sk-slovenian-language
js-012720,RB56231,sk-medicine
js-012721,RB56231,sk-microsoft-office
js-012722,RB56231,sk-driving-category-b
js-012723,RB56231,sk-slovenian-language
js-012724,RB56214,sk-medicine
js-012725,RB56214,sk-microsoft-office
js-012726,RB56214,sk-driving-category-b
js-012727,RB56214,sk-slovenian-language
js-012728,RB55588,sk-medicine
js-012729,RB55588,sk-dental-care
js-012730,RB55588,sk-microsoft-office
js-012731,RB55588,sk-driving-category-b
js-012732,RB55588,sk-slovenian-language
js-012733,RB55651,sk-medicine
js-012734,RB55651,sk-dermatovenerology
js-012735,RB55651,sk-microsoft-office
js-012736,RB55651,sk-driving-category-b
js-012737,RB55651,sk-slovenian-language
js-012738,RB55739,sk-medicine
js-012739,RB55739,sk-anesthesiology
js-012740,RB55739,sk-microsoft-office
js-012741,RB55739,sk-driving-category-b
js-012742,RB55739,sk-slovenian-language
js-012743,RB76234,sk-accounting
js-012744,RB76234,sk-cash-handling
js-012745,RB76234,sk-driving-category-b
js-012746,RB94298,sk-legal-work
js-012747,RB96359,sk-legal-work
js-012748,RB63305,sk-early-childhood-education
js-012749,RB63305,sk-teaching
js-012750,RB63305,sk-communication
js-012751,RB63305,sk-slovenian-language
js-012752,RC12811,sk-nursing
js-012753,RC12811,sk-patient-care
js-012754,RC12811,sk-emergency-medicine
js-012755,RC12811,sk-slovenian-language
js-012756,RC12890,sk-nursing
js-012757,RC12890,sk-patient-care
js-012758,RC12890,sk-slovenian-language
js-012759,RC12947,sk-physiotherapy
js-012760,RC12947,sk-slovenian-language
js-012761,RC13010,sk-production-work
js-012762,RC13010,sk-slovenian-language
js-012763,PZ01014,sk-cleaning
js-012764,PZ01014,sk-slovenian-language
js-012765,PY96775,sk-technical-maintenance
js-012766,PY96775,sk-slovenian-language
js-012767,PY96883,sk-production-work
js-012768,PY96883,sk-slovenian-language
js-012769,PY97003,sk-nursing
js-012770,PY97003,sk-patient-care
js-012771,PY97003,sk-sterilization
js-012772,PY97003,sk-slovenian-language
js-012773,PY97202,sk-production-work
js-012774,PY97202,sk-slovenian-language
js-012775,PY97338,sk-nursing
js-012776,PY97338,sk-patient-care
js-012777,PY97338,sk-sterilization
js-012778,PY97338,sk-slovenian-language
js-012779,PY89039,sk-cooking
js-012780,PY89039,sk-dietary-cooking
js-012781,PY89039,sk-microsoft-office
js-012782,PY89039,sk-customer-service
js-012783,PY89039,sk-communication
js-012784,PY89039,sk-driving-category-b
js-012785,PY89039,sk-slovenian-language
js-012786,PY68487,sk-nursing
js-012787,PY68487,sk-patient-care
js-012788,PY68487,sk-psychiatry
js-012789,PY68487,sk-microsoft-office
js-012790,PY68487,sk-driving-category-b
js-012791,PY68487,sk-slovenian-language
js-012792,PX91051,sk-nursing
js-012793,PX91051,sk-patient-care
js-012794,PX91051,sk-emergency-medicine
js-012795,PX91051,sk-microsoft-office
js-012796,PX91051,sk-driving-category-b
js-012797,PX91051,sk-slovenian-language
js-012798,PX62260,sk-nursing
js-012799,PX62260,sk-patient-care
js-012800,PX62260,sk-psychiatry
js-012801,PX62260,sk-microsoft-office
js-012802,PX62260,sk-driving-category-b
js-012803,PX62260,sk-slovenian-language
js-012804,PX67484,sk-microsoft-office
js-012805,PX67484,sk-driving-category-b
js-012806,PX67484,sk-slovenian-language
js-012807,PX67527,sk-administration
js-012808,PX67527,sk-driving-category-b
js-012809,PX01219,sk-nursing
js-012810,PX01219,sk-patient-care
js-012811,PX01219,sk-emergency-medicine
js-012812,PX01219,sk-psychiatry
js-012813,PX01219,sk-microsoft-office
js-012814,PX01219,sk-driving-category-b
js-012815,PX01219,sk-slovenian-language
js-012816,PX44423,sk-microsoft-office
js-012817,PX44423,sk-driving-category-b
js-012818,PX44423,sk-slovenian-language
js-012819,PW45530,sk-nursing
js-012820,PW45530,sk-patient-care
js-012821,PW45530,sk-microsoft-office
js-012822,PW45530,sk-driving-category-b
js-012823,PW45530,sk-slovenian-language
js-012824,PW34248,sk-administration
js-012825,PW34248,sk-driving-category-b
js-012826,PW34248,sk-driving-category-c
js-012827,PW34248,sk-slovenian-language
js-012828,PV72077,sk-nursing
js-012829,PV72077,sk-patient-care
js-012830,PV72077,sk-microsoft-office
js-012831,PV72077,sk-driving-category-b
js-012832,PV72077,sk-slovenian-language
js-012833,PT27476,sk-microsoft-office
js-012834,PT27476,sk-driving-category-b
js-012835,PT27476,sk-slovenian-language
js-012836,PT46456,sk-nursing
js-012837,PT46456,sk-patient-care
js-012838,PT46456,sk-microsoft-office
js-012839,PT46456,sk-driving-category-b
js-012840,PT46456,sk-slovenian-language
js-012841,PV10172,sk-cooking
js-012842,PV10172,sk-dietary-cooking
js-012843,PV10172,sk-haccp
js-012844,PV10172,sk-customer-service
js-012845,PV10172,sk-communication
js-012846,PV10172,sk-driving-category-b
js-012847,PV10172,sk-slovenian-language
js-012848,PM94439,sk-nursing
js-012849,PM94439,sk-patient-care
js-012850,PM94439,sk-psychiatry
js-012851,PM94439,sk-driving-category-b
js-012852,PM94439,sk-slovenian-language
js-012853,PP06330,sk-nursing
js-012854,PP06330,sk-patient-care
js-012855,PP06330,sk-driving-category-b
js-012856,PP06330,sk-slovenian-language
js-012857,PP07397,sk-production-work
js-012858,PP07397,sk-driving-category-b
js-012859,PP07397,sk-slovenian-language
js-012860,PZ93594,sk-microsoft-office
js-012861,PZ93594,sk-customer-service
js-012862,PZ93594,sk-communication
js-012863,PZ93594,sk-driving-category-b
js-012864,PZ93594,sk-slovenian-language
js-012865,RA24416,sk-cooking
js-012866,RA24416,sk-dietary-cooking
js-012867,RA24416,sk-haccp
js-012868,RA24416,sk-microsoft-office
js-012869,RA24416,sk-customer-service
js-012870,RA24416,sk-communication
js-012871,RA24416,sk-driving-category-b
js-012872,RA24416,sk-slovenian-language
js-012873,RA51709,sk-nursing
js-012874,RA51709,sk-patient-care
js-012875,RA51709,sk-emergency-medicine
js-012876,RA51709,sk-psychiatry
js-012877,RA51709,sk-microsoft-office
js-012878,RA51709,sk-driving-category-b
js-012879,RA51709,sk-slovenian-language
js-012880,RB53738,sk-microsoft-office
js-012881,RB53738,sk-driving-category-b
js-012882,RB53738,sk-slovenian-language
js-012883,RB53846,sk-cooking
js-012884,RB53846,sk-dietary-cooking
js-012885,RB53846,sk-microsoft-office
js-012886,RB53846,sk-customer-service
js-012887,RB53846,sk-communication
js-012888,RB53846,sk-driving-category-b
js-012889,RB53846,sk-driving-category-e
js-012890,RB53846,sk-slovenian-language
js-012891,RB53937,sk-cleaning
js-012892,RB53937,sk-driving-category-b
js-012893,RB53937,sk-slovenian-language
js-012894,RB22886,sk-microsoft-office
js-012895,RB22886,sk-driving-category-b
js-012896,RB22886,sk-slovenian-language
js-012897,RB95779,sk-nursing
js-012898,RB95779,sk-patient-care
js-012899,RB95779,sk-psychiatry
js-012900,RB95779,sk-microsoft-office
js-012901,RB95779,sk-slovenian-language
js-012902,PZ99228,sk-sales
js-012903,PZ99228,sk-customer-service
js-012904,PZ99228,sk-communication
js-012905,PZ99228,sk-cash-handling
js-012906,PZ99228,sk-driving-category-b
js-012907,PZ99228,sk-slovenian-language
js-012908,PZ99228,sk-croatian-language
js-012909,PZ36041,sk-automotive-repair
js-012910,PZ36041,sk-cash-handling
js-012911,PZ36041,sk-driving-category-b
js-012912,PZ36041,sk-slovenian-language
js-012913,PZ36072,sk-cash-handling
js-012914,PZ36072,sk-driving-category-b
js-012915,PZ36072,sk-slovenian-language
js-012916,PL81980,sk-driving
js-012917,PL81980,sk-driving-category-c
js-012918,PL81980,sk-driving-category-e
js-012919,ID08340,sk-accounting
js-012920,RB63353,sk-baking
js-012921,RB63353,sk-food-preparation
js-012922,RB63353,sk-customer-service
js-012923,RB63353,sk-communication
js-012924,RB63353,sk-driving-category-b
js-012925,RC00538,sk-cooking
js-012926,RC00555,sk-hospitality
js-012927,RC00555,sk-restaurant-service
js-012928,RC00555,sk-customer-service
js-012929,RC03430,sk-truck-driving
js-012930,RC03430,sk-driving-category-c
js-012931,RC03430,sk-driving-category-e
js-012932,RB56630,sk-truck-driving
js-012933,RB56630,sk-driving-category-c
js-012934,RB56630,sk-driving-category-e
js-012935,RB88839,sk-driving
js-012936,RB88839,sk-driving-category-b
js-012937,RB88839,sk-driving-category-c
js-012938,RB88839,sk-driving-category-e
js-012939,RB76420,sk-truck-driving
js-012940,RB76420,sk-warehouse-operations
js-012941,RB76420,sk-driving-category-c
js-012942,RB76420,sk-driving-category-e
js-012943,RB76420,sk-driving-category-ce
js-012944,RB76420,sk-slovenian-language
js-012945,RB76464,sk-forestry
js-012946,RB76464,sk-driving-category-b
js-012947,RB76464,sk-slovenian-language
js-012948,RB76478,sk-forestry
js-012949,RB76478,sk-driving-category-b
js-012950,RB76478,sk-slovenian-language
js-012951,ID03234,sk-administration
js-012952,ID03234,sk-driving-category-b
js-012953,ID03234,sk-slovenian-language
js-012954,RC04344,sk-hospitality
js-012955,RC04344,sk-restaurant-service
js-012956,RC04344,sk-customer-service
js-012957,RC04344,sk-communication
js-012958,RC04344,sk-driving-category-b
js-012959,RC04344,sk-driving-category-e
js-012960,RC06592,sk-cooking
js-012961,RC06592,sk-customer-service
js-012962,RC06592,sk-communication
js-012963,RC06592,sk-driving-category-b
js-012964,RC06592,sk-slovenian-language
js-012965,RC06649,sk-cooking
js-012966,RC06649,sk-customer-service
js-012967,RC06649,sk-communication
js-012968,RC06649,sk-driving-category-b
js-012969,RC06649,sk-slovenian-language
js-012970,RB74659,sk-cleaning
js-012971,RB74659,sk-customer-service
js-012972,RB74659,sk-communication
js-012973,RB74659,sk-slovenian-language
js-012974,RA87668,sk-hairdressing
js-012975,RA87668,sk-customer-service
js-012976,RB95643,sk-administration
js-012977,RC11219,sk-forestry
js-012978,RB92388,sk-technical-maintenance
js-012979,RB92388,sk-production-work
js-012980,RB93642,sk-machine-operation
js-012981,RB91075,sk-machine-operation
js-012982,RC05029,sk-microsoft-office
js-012983,RC05029,sk-driving-category-b
js-012984,RC05029,sk-english-language
js-012985,RC03167,sk-administration
js-012986,RC03167,sk-microsoft-office
js-012987,RC03167,sk-cash-handling
js-012988,RC03167,sk-driving-category-b
js-012989,RC03167,sk-slovenian-language
js-012990,RC03167,sk-english-language
js-012991,RC12691,sk-automotive-repair
js-012992,RC12691,sk-electrical-work
js-012993,RC12691,sk-vehicle-diagnostics
js-012994,RC12691,sk-driving-category-b
js-012995,RC12691,sk-slovenian-language
js-012996,RC12691,sk-english-language
js-012997,RB76555,sk-warehouse-operations
js-012998,RB76555,sk-forklift-operation
js-012999,RB76555,sk-driving-category-b
js-013000,RB76555,sk-slovenian-language
js-013001,RB85954,sk-warehouse-operations
js-013002,RB85954,sk-forklift-operation
js-013003,RB57177,sk-driving
js-013004,RB57177,sk-cash-handling
js-013005,RB57177,sk-driving-category-b
js-013006,RC02971,sk-laboratory-diagnostics
js-013007,RC02971,sk-english-language
js-013008,RC03028,sk-laboratory-diagnostics
js-013009,RC03028,sk-english-language
js-013010,RB72749,sk-accounting
js-013011,RB72749,sk-microsoft-office
js-013012,RB72749,sk-cash-handling
js-013013,RB72749,sk-english-language
js-013014,RB79886,sk-sales
js-013015,RB79886,sk-customer-service
js-013016,RB79886,sk-microsoft-office
js-013017,RB79886,sk-slovenian-language
js-013018,RB79886,sk-english-language
js-013019,RB79886,sk-communication
js-013020,RC06470,sk-automotive-repair
js-013021,RC06470,sk-electrical-work
js-013022,RC06470,sk-vehicle-towing
js-013023,RC06470,sk-driving-category-b
js-013024,RC06419,sk-automotive-repair
js-013025,RC06419,sk-electrical-work
js-013026,RC06419,sk-vehicle-towing
js-013027,RC06419,sk-driving-category-b
js-013028,RC06038,sk-microsoft-office
js-013029,RC06038,sk-cash-handling
js-013030,RB95384,sk-administration
js-013031,RB95384,sk-microsoft-office
js-013032,RB95384,sk-cash-handling
js-013033,RB97414,sk-production-work
js-013034,RB71774,sk-production-work
js-013035,RB71774,sk-english-language
js-013036,RB88461,sk-production-work
js-013037,RB97704,sk-information-technology
js-013038,RB97704,sk-network-administration
js-013039,RB97704,sk-project-management
js-013040,RB91810,sk-microsoft-office
js-013041,RB91810,sk-driving-category-b
js-013042,RB91810,sk-english-language
js-013043,RC11816,sk-technical-maintenance
js-013044,RB97553,sk-cooking
js-013045,RC01379,sk-cooking
js-013046,RC11773,sk-automotive-repair
js-013047,RC11773,sk-electrical-work
js-013048,RC01396,sk-production-work
js-013049,RB95612,sk-administration
js-013050,RB52610,sk-nursing
js-013051,RB52610,sk-patient-care
js-013052,RB52610,sk-emergency-medicine
js-013053,RB52610,sk-cardiology
js-013054,RB52610,sk-driving-category-b
js-013055,RB52610,sk-driving-category-c
js-013056,RB52610,sk-driving-category-e
js-013057,RB52610,sk-slovenian-language
js-013058,RB33081,sk-cash-handling
js-013059,RB33081,sk-slovenian-language
js-013060,RB66926,sk-cash-handling
js-013061,RB66926,sk-slovenian-language
js-013062,RC08835,sk-cash-handling
js-013063,RC08835,sk-driving-category-b
js-013064,RC08835,sk-driving-category-e
js-013065,RC08835,sk-slovenian-language
js-013066,RB53587,sk-cash-handling
js-013067,RB53587,sk-driving-category-b
js-013068,RB53587,sk-driving-category-e
js-013069,RB53587,sk-driving-category-d
js-013070,PU94849,sk-cash-handling
js-013071,PU94849,sk-driving-category-b
js-013072,PU94849,sk-driving-category-e
js-013073,PU94849,sk-slovenian-language
js-013074,PY05508,sk-cash-handling
js-013075,PY05508,sk-driving-category-b
js-013076,PY05508,sk-driving-category-e
js-013077,PY05508,sk-slovenian-language
js-013078,RB54596,sk-administration
js-013079,RB54596,sk-slovenian-language
js-013080,RB54565,sk-cash-handling
js-013081,RB54565,sk-slovenian-language
js-013082,RB30648,sk-driving
js-013083,RB30648,sk-cash-handling
js-013084,RB30648,sk-driving-category-b
js-013085,RB30648,sk-driving-category-e
js-013086,RB30648,sk-slovenian-language
js-013087,PZ23538,sk-cash-handling
js-013088,PZ23538,sk-driving-category-b
js-013089,PZ23538,sk-driving-category-e
js-013090,PZ23538,sk-slovenian-language
js-013091,RB75165,sk-microsoft-office
js-013092,RB75165,sk-driving-category-b
js-013093,RB75165,sk-driving-category-e
js-013094,RB75165,sk-slovenian-language
js-013095,PW88818,sk-microsoft-office
js-013096,PW88818,sk-driving-category-b
js-013097,PW88818,sk-slovenian-language
js-013098,PZ08395,sk-microsoft-office
js-013099,PZ08395,sk-driving-category-b
js-013100,PZ08395,sk-slovenian-language
js-013101,RB97229,sk-microsoft-office
js-013102,RB97229,sk-driving-category-b
js-013103,RB97229,sk-slovenian-language
js-013104,RC12015,sk-microsoft-office
js-013105,RC12015,sk-driving-category-b
js-013106,RC12015,sk-driving-category-e
js-013107,RC12015,sk-slovenian-language
js-013108,RB78204,sk-microsoft-office
js-013109,RB78204,sk-driving-category-b
js-013110,RB78204,sk-slovenian-language
js-013111,RB53420,sk-microsoft-office
js-013112,RB53420,sk-driving-category-b
js-013113,RB53420,sk-slovenian-language
js-013114,RC01610,sk-microsoft-office
js-013115,RC01610,sk-driving-category-b
js-013116,RC01610,sk-slovenian-language
js-013117,OX02861,sk-administration
js-013118,OX02861,sk-driving-category-b
js-013119,OX02861,sk-slovenian-language
js-013120,RA51362,sk-administration
js-013121,RA51362,sk-driving-category-b
js-013122,RA51362,sk-slovenian-language
js-013123,RB31305,sk-administration
js-013124,RB31305,sk-driving-category-b
js-013125,RB31305,sk-slovenian-language
js-013126,RB80789,sk-administration
js-013127,RB80789,sk-english-language
js-013128,RB26749,sk-microsoft-office
js-013129,RB26749,sk-cash-handling
js-013130,RB26749,sk-english-language
js-013131,RB26735,sk-microsoft-office
js-013132,RB26735,sk-cash-handling
js-013133,RB26735,sk-english-language
js-013134,RB98640,sk-microsoft-office
js-013135,RB98640,sk-cash-handling
js-013136,RB98640,sk-english-language
js-013137,RC02769,sk-cooking
js-013138,RC02769,sk-slovenian-language
js-013139,RC08730,sk-cash-handling
js-013140,RB96803,sk-information-technology
js-013141,RB96803,sk-it-infrastructure
js-013142,RB96803,sk-network-administration
js-013143,RB96803,sk-project-management
js-013144,RB94180,sk-legal-work
js-013145,RC08437,sk-customer-service
js-013146,RC08437,sk-communication
js-013147,RC08437,sk-cash-handling
js-013148,RC07078,sk-legal-work
js-013149,RC07078,sk-customer-service
js-013150,RC07078,sk-communication
js-013151,RB84578,sk-legal-work
js-013152,RB81892,sk-legal-work
js-013153,RC07081,sk-legal-work
js-013154,RC07081,sk-customer-service
js-013155,RC07081,sk-communication
js-013156,RB92511,sk-driving
js-013157,RB92511,sk-driving-category-b
js-013158,RB93915,sk-microsoft-office
js-013159,RB93915,sk-customer-service
js-013160,RB93915,sk-communication
js-013161,RB93915,sk-driving-category-b
js-013162,RB93915,sk-slovenian-language
js-013163,RB93915,sk-english-language
js-013164,PZ64790,sk-microsoft-office
js-013165,PZ64790,sk-customer-service
js-013166,PZ64790,sk-communication
js-013167,PZ64790,sk-driving-category-b
js-013168,PZ64790,sk-slovenian-language
js-013169,PZ64790,sk-english-language
js-013170,PZ64695,sk-microsoft-office
js-013171,PZ64695,sk-customer-service
js-013172,PZ64695,sk-communication
js-013173,PZ64695,sk-driving-category-b
js-013174,PZ64695,sk-slovenian-language
js-013175,PZ64695,sk-english-language
js-013176,OK62558,sk-customer-service
js-013177,OK62558,sk-communication
js-013178,OK62558,sk-driving-category-b
js-013179,OK62558,sk-slovenian-language
js-013180,OK62558,sk-english-language
js-013181,RB63199,sk-teaching
js-013182,RB63199,sk-communication
js-013183,RB63199,sk-microsoft-office
js-013184,RB63199,sk-customer-service
js-013185,RB63199,sk-driving-category-b
js-013186,RB63199,sk-english-language
js-013187,RB89086,sk-woodworking
js-013188,RB89086,sk-cash-handling
js-013189,RB89086,sk-production-work
js-013190,PW97117,sk-woodworking
js-013191,PW97117,sk-production-work
js-013192,PV37830,sk-woodworking
js-013193,PV37830,sk-cash-handling
js-013194,PV37830,sk-driving-category-b
js-013195,PV37830,sk-production-work
js-013196,RB95259,sk-sales
js-013197,RB95259,sk-customer-service
js-013198,RB95259,sk-communication
js-013199,RB95259,sk-slovenian-language
js-013200,RB95259,sk-english-language
js-013201,RB95262,sk-hospitality
js-013202,RB95262,sk-restaurant-service
js-013203,RB95262,sk-customer-service
js-013204,RB95262,sk-communication
js-013205,RB95262,sk-slovenian-language
js-013206,RB95262,sk-english-language
js-013207,RC12856,sk-sales
js-013208,RC12856,sk-customer-service
js-013209,RC12856,sk-cash-handling
js-013210,RC12856,sk-slovenian-language
js-013211,RC12856,sk-italian-language
js-013212,RA63203,sk-warehouse-operations
js-013213,RA63203,sk-microsoft-office
js-013214,RA63203,sk-driving-category-b
js-013215,RA63203,sk-english-language
js-013216,RB63612,sk-warehouse-operations
js-013217,RB63612,sk-forklift-operation
js-013218,RB63612,sk-driving-category-b
js-013219,RB63612,sk-driving-category-e
js-013220,RB64730,sk-laboratory-diagnostics
js-013221,RB64730,sk-forklift-operation
js-013222,RB64730,sk-microsoft-office
js-013223,RB64730,sk-driving-category-b
js-013224,RB56873,sk-welding
js-013225,RB56873,sk-metalworking
js-013226,RB56873,sk-driving-category-b
js-013227,RB56873,sk-slovenian-language
js-013228,RB56873,sk-english-language
js-013229,RB56873,sk-croatian-language
js-013230,RB63319,sk-welding
js-013231,RB63319,sk-metalworking
js-013232,RB63319,sk-driving-category-b
js-013233,RB75012,sk-cnc-machining
js-013234,RB75012,sk-machine-operation
js-013235,RB75012,sk-driving-category-b
js-013236,RB87910,sk-construction-work
js-013237,RB87910,sk-driving-category-b
js-013238,RB87910,sk-driving-category-c
js-013239,ID29044,sk-cleaning
js-013240,RC11267,sk-production-work
js-013241,RC11267,sk-forklift-operation
js-013242,RC11267,sk-customer-service
js-013243,RC11267,sk-communication
js-013244,RC11267,sk-cash-handling
js-013245,RC11267,sk-driving-category-b
js-013246,RC11267,sk-driving-category-e
js-013247,RB95734,sk-pharmacy
js-013248,RB95734,sk-slovenian-language
js-013249,RB95720,sk-pharmacy
js-013250,RB95720,sk-customer-service
js-013251,RB95720,sk-communication
js-013252,RB95720,sk-slovenian-language
js-013253,RB61687,sk-hospitality
js-013254,RB61687,sk-restaurant-service
js-013255,RB61687,sk-customer-service
js-013256,RB61687,sk-communication
js-013257,RB61687,sk-cash-handling
js-013258,RB61687,sk-driving-category-b
js-013259,RB61687,sk-driving-category-e
js-013260,RB61687,sk-slovenian-language
js-013261,RB61687,sk-english-language
js-013262,RB88336,sk-customer-service
js-013263,RB88336,sk-communication
js-013264,RB88336,sk-driving-category-b
js-013265,RB80698,sk-customer-service
js-013266,RB80698,sk-communication
js-013267,RB80698,sk-cash-handling
js-013268,RB92769,sk-warehouse-operations
js-013269,RB92681,sk-customer-service
js-013270,RB92681,sk-communication
js-013271,RB92724,sk-customer-service
js-013272,RB92724,sk-communication
js-013273,RC01334,sk-nursing
js-013274,RC01334,sk-patient-care
js-013275,RC01334,sk-laboratory-diagnostics
js-013276,RC01334,sk-customer-service
js-013277,RC01334,sk-communication
js-013278,RC01334,sk-slovenian-language
js-013279,RC11924,sk-nursing
js-013280,RC11924,sk-patient-care
js-013281,RC11924,sk-slovenian-language
js-013282,RC07721,sk-construction-work
js-013283,RC07721,sk-microsoft-office
js-013284,RC07721,sk-driving-category-b
js-013285,RC07721,sk-english-language
js-013286,IB96753,sk-accounting
js-013287,IB96753,sk-cash-handling
js-013288,IB96753,sk-english-language
js-013289,RC10994,sk-microsoft-office
js-013290,RC10994,sk-customer-service
js-013291,RC10994,sk-communication
js-013292,RB89440,sk-microsoft-office
js-013293,RB89440,sk-customer-service
js-013294,RB89440,sk-communication
js-013295,RC03901,sk-administration
js-013296,RC11574,sk-microsoft-office
js-013297,RC11574,sk-customer-service
js-013298,RC11574,sk-communication
js-013299,RB89834,sk-teaching
js-013300,RB89834,sk-communication
js-013301,RB89834,sk-italian-language
js-013302,RC03994,sk-teaching
js-013303,RC03994,sk-communication
js-013304,RC03994,sk-italian-language
js-013305,RC13359,sk-teaching
js-013306,RC13359,sk-communication
js-013307,RC13359,sk-microsoft-office
js-013308,RC13359,sk-slovenian-language
js-013309,RC13285,sk-teaching
js-013310,RC13285,sk-communication
js-013311,RC13285,sk-microsoft-office
js-013312,RC13285,sk-slovenian-language
js-013313,RB93534,sk-teaching
js-013314,RB93534,sk-communication
js-013315,RB93534,sk-driving-category-b
js-013316,RB93534,sk-slovenian-language
js-013317,RB93534,sk-italian-language
js-013318,RB40661,sk-teaching
js-013319,RB40661,sk-communication
js-013320,RB40661,sk-mathematics
js-013321,RB40661,sk-physics
js-013322,RB40661,sk-microsoft-office
js-013323,RB40661,sk-slovenian-language
js-013324,RB40891,sk-teaching
js-013325,RB40891,sk-communication
js-013326,RB40891,sk-microsoft-office
js-013327,RB40891,sk-slovenian-language
js-013328,RB41102,sk-teaching
js-013329,RB41102,sk-communication
js-013330,RB41102,sk-chemistry
js-013331,RB41102,sk-biology
js-013332,RB41102,sk-microsoft-office
js-013333,RB41102,sk-slovenian-language
js-013334,RB40860,sk-teaching
js-013335,RB40860,sk-communication
js-013336,RB40860,sk-microsoft-office
js-013337,RB40860,sk-slovenian-language
js-013338,RC01871,sk-cleaning
js-013339,OS49261,sk-nursing
js-013340,OS49261,sk-patient-care
js-013341,OS49261,sk-surgery
js-013342,RB94099,sk-cooking
js-013343,RB94099,sk-dietary-cooking
js-013344,RB94099,sk-haccp
js-013345,RB94099,sk-customer-service
js-013346,RB94099,sk-communication
js-013347,PY62848,sk-legal-work
js-013348,PM33023,sk-laboratory-diagnostics
js-013349,PK82500,sk-legal-work
js-013350,PX07975,sk-nursing
js-013351,PX07975,sk-patient-care
js-013352,PX07975,sk-dialysis-care
js-013353,PX07975,sk-microsoft-office
js-013354,PX24590,sk-nursing
js-013355,PX24590,sk-patient-care
js-013356,PX24590,sk-intensive-care
js-013357,PX24590,sk-emergency-medicine
js-013358,PZ64249,sk-nursing
js-013359,PZ64249,sk-patient-care
js-013360,PZ64249,sk-intensive-care
js-013361,PZ64249,sk-microsoft-office
js-013362,PZ71542,sk-nursing
js-013363,PZ71542,sk-patient-care
js-013364,PZ71542,sk-intensive-care
js-013365,PZ71542,sk-surgery
js-013366,PZ71542,sk-microsoft-office
js-013367,RA08571,sk-nursing
js-013368,RA08571,sk-patient-care
js-013369,RA08571,sk-intensive-care
js-013370,RA08571,sk-pediatrics
js-013371,RA08571,sk-microsoft-office
js-013372,RB63566,sk-nursing
js-013373,RB63566,sk-patient-care
js-013374,RB54582,sk-nursing
js-013375,RB54582,sk-patient-care
js-013376,RB54582,sk-surgery
js-013377,RB88492,sk-nursing
js-013378,RB88492,sk-patient-care
js-013379,RB88492,sk-intensive-care
js-013380,RB88492,sk-surgery
js-013381,RB88492,sk-microsoft-office
js-013382,RB99628,sk-nursing
js-013383,RB99628,sk-patient-care
js-013384,RB99628,sk-microsoft-office
js-013385,RB99662,sk-nursing
js-013386,RB99662,sk-patient-care
js-013387,RB99662,sk-microsoft-office
js-013388,PL21890,sk-nursing
js-013389,PL21890,sk-patient-care
js-013390,PL21890,sk-intensive-care
js-013391,PL21890,sk-microsoft-office
js-013392,PY61630,sk-nursing
js-013393,PY61630,sk-patient-care
js-013394,PY61630,sk-microsoft-office
js-013395,PY29226,sk-nursing
js-013396,PY29226,sk-patient-care
js-013397,PY29226,sk-microsoft-office
js-013398,PY40892,sk-nursing
js-013399,PY40892,sk-patient-care
js-013400,PY40892,sk-microsoft-office
js-013401,PY96870,sk-nursing
js-013402,PY96870,sk-patient-care
js-013403,PY96870,sk-intensive-care
js-013404,PY96870,sk-pediatrics
js-013405,PY96870,sk-microsoft-office
js-013406,PY96930,sk-nursing
js-013407,PY96930,sk-patient-care
js-013408,PY96930,sk-intensive-care
js-013409,PY96930,sk-midwifery
js-013410,PY96930,sk-microsoft-office
js-013411,PY97278,sk-nursing
js-013412,PY97278,sk-patient-care
js-013413,PY97278,sk-intensive-care
js-013414,PY97278,sk-microsoft-office
js-013415,PP19102,sk-nursing
js-013416,PP19102,sk-patient-care
js-013417,PP19102,sk-surgery
js-013418,PP19102,sk-microsoft-office
js-013419,RB56691,sk-nursing
js-013420,RB56691,sk-patient-care
js-013421,RB56691,sk-slovenian-language
js-013422,RB56717,sk-nursing
js-013423,RB56717,sk-patient-care
js-013424,RB56717,sk-laboratory-diagnostics
js-013425,RB56717,sk-dialysis-care
js-013426,RB56717,sk-microsoft-office
js-013427,RB56717,sk-slovenian-language
js-013428,PZ27298,sk-nursing
js-013429,PZ27298,sk-patient-care
js-013430,PZ27298,sk-geriatric-care
js-013431,PZ27298,sk-microsoft-office
js-013432,PZ27298,sk-slovenian-language
js-013433,RB50273,sk-customer-service
js-013434,RB50273,sk-communication
js-013435,RB94790,sk-nursing
js-013436,RB94790,sk-patient-care
js-013437,RB94790,sk-emergency-medicine
js-013438,RB94790,sk-customer-service
js-013439,RB94790,sk-communication
js-013440,RB94790,sk-driving-category-b
js-013441,RA99543,sk-microsoft-office
js-013442,RA99543,sk-customer-service
js-013443,RA99543,sk-communication
js-013444,RA99543,sk-driving-category-b
js-013445,RA99543,sk-slovenian-language
js-013446,PZ35734,sk-nursing
js-013447,PZ35734,sk-patient-care
js-013448,PZ35734,sk-microsoft-office
js-013449,PZ35734,sk-driving-category-b
js-013450,PZ35734,sk-slovenian-language
js-013451,PZ48160,sk-cleaning
js-013452,PZ48160,sk-slovenian-language
js-013453,PW97256,sk-nursing
js-013454,PW97256,sk-patient-care
js-013455,PW97256,sk-neurology
js-013456,PW97256,sk-psychiatry
js-013457,PW97256,sk-driving-category-b
js-013458,PW97256,sk-slovenian-language
js-013459,RB08409,sk-cooking
js-013460,RB08409,sk-dietary-cooking
js-013461,RB08409,sk-customer-service
js-013462,RB08409,sk-communication
js-013463,RB08409,sk-driving-category-b
js-013464,RB08409,sk-slovenian-language
js-013465,RB99190,sk-bus-driving
js-013466,RB99190,sk-warehouse-operations
js-013467,RB99190,sk-driving-category-b
js-013468,RB99190,sk-driving-category-c
js-013469,RB99190,sk-driving-category-e
js-013470,RB84516,sk-legal-work
js-013471,RB84516,sk-microsoft-office
js-013472,RB84516,sk-driving-category-b
js-013473,RB84516,sk-slovenian-language
js-013474,RB84516,sk-italian-language
js-013475,RC02937,sk-baking
js-013476,RC02937,sk-food-preparation
js-013477,RC02937,sk-microsoft-office
js-013478,RC02937,sk-driving-category-b
js-013479,RC02937,sk-slovenian-language
js-013480,RC02937,sk-italian-language
js-013481,RB91425,sk-legal-work
js-013482,RB91351,sk-legal-work
js-013483,RB90859,sk-driving
js-013484,RB90859,sk-driving-category-b
js-013485,RB90859,sk-slovenian-language
js-013486,RC12717,sk-cash-handling
js-013487,RC12717,sk-driving-category-b
js-013488,RC12717,sk-english-language
js-013489,RC05782,sk-early-childhood-education
js-013490,RC05782,sk-teaching
js-013491,RC05782,sk-communication
js-013492,RC05782,sk-driving-category-b
js-013493,RC05782,sk-slovenian-language
js-013494,RB93551,sk-early-childhood-education
js-013495,RB93551,sk-teaching
js-013496,RB93551,sk-communication
js-013497,RB93551,sk-driving-category-b
js-013498,RB93551,sk-driving-category-e
js-013499,RB93551,sk-slovenian-language
js-013500,RB93656,sk-early-childhood-education
js-013501,RB93656,sk-teaching
js-013502,RB93656,sk-communication
js-013503,RB93656,sk-driving-category-b
js-013504,RB93656,sk-driving-category-e
js-013505,RB93656,sk-slovenian-language
js-013506,RB78678,sk-teaching
js-013507,RB78678,sk-communication
js-013508,RB78923,sk-teaching
js-013509,RB78923,sk-communication
js-013510,RB77257,sk-teaching
js-013511,RB77257,sk-communication
js-013512,RB77257,sk-computer-science
js-013513,RB77257,sk-microsoft-office
js-013514,RB77257,sk-customer-service
js-013515,RB77257,sk-cash-handling
js-013516,RB77257,sk-driving-category-b
js-013517,RB77257,sk-english-language
js-013518,RC00919,sk-teaching
js-013519,RC00919,sk-communication
js-013520,RC00919,sk-microsoft-office
js-013521,RC00919,sk-driving-category-b
js-013522,RC00919,sk-slovenian-language
js-013523,RB72830,sk-nursing
js-013524,RB72830,sk-patient-care
js-013525,RB72830,sk-emergency-medicine
js-013526,RB72830,sk-sterilization
js-013527,RB72830,sk-first-aid
js-013528,RB72830,sk-customer-service
js-013529,RB72830,sk-slovenian-language
js-013530,RB72857,sk-administration
js-013531,RB72857,sk-slovenian-language
js-013532,RB72888,sk-cleaning
js-013533,RB72888,sk-slovenian-language
js-013534,RB30162,sk-nursing
js-013535,RB30162,sk-patient-care
js-013536,RB30162,sk-geriatric-care
js-013537,RB30162,sk-driving-category-b
js-013538,RB30162,sk-slovenian-language
js-013539,RB30023,sk-cleaning
js-013540,RB30023,sk-slovenian-language
js-013541,RA16455,sk-administration
js-013542,RA16455,sk-driving-category-b
js-013543,RA16455,sk-driving-category-e
js-013544,RA16455,sk-slovenian-language
js-013545,RC06177,sk-nursing
js-013546,RC06177,sk-patient-care
js-013547,RC06177,sk-microsoft-office
js-013548,RC06177,sk-slovenian-language
js-013549,RC06453,sk-nursing
js-013550,RC06453,sk-patient-care
js-013551,RC06453,sk-microsoft-office
js-013552,RC06453,sk-slovenian-language
js-013553,PR25007,sk-nursing
js-013554,PR25007,sk-patient-care
js-013555,PR25007,sk-slovenian-language
js-013556,PS37305,sk-cooking
js-013557,PS37305,sk-dietary-cooking
js-013558,PS37305,sk-customer-service
js-013559,PS37305,sk-communication
js-013560,PS37305,sk-slovenian-language
js-013561,RB44922,sk-nursing
js-013562,RB44922,sk-patient-care
js-013563,RB44922,sk-laboratory-diagnostics
js-013564,RB44922,sk-microsoft-office
js-013565,RB44922,sk-slovenian-language
js-013566,RC10520,sk-administration
js-013567,RC10520,sk-driving-category-b
js-013568,RC10520,sk-slovenian-language
js-013569,RC10534,sk-physiotherapy
js-013570,RC10534,sk-microsoft-office
js-013571,RC10534,sk-slovenian-language
js-013572,RA46039,sk-nursing
js-013573,RA46039,sk-patient-care
js-013574,RA46039,sk-microsoft-office
js-013575,RA46039,sk-slovenian-language
js-013576,PR25024,sk-nursing
js-013577,PR25024,sk-patient-care
js-013578,PR25024,sk-slovenian-language
js-013579,RA08048,sk-nursing
js-013580,RA08048,sk-patient-care
js-013581,RA08048,sk-geriatric-care
js-013582,RA08048,sk-sterilization
js-013583,RA08048,sk-slovenian-language
js-013584,RA06857,sk-technical-maintenance
js-013585,RA06857,sk-slovenian-language
js-013586,RA07269,sk-geriatric-care
js-013587,RA07269,sk-slovenian-language
js-013588,RC04236,sk-nursing
js-013589,RC04236,sk-emergency-medicine
js-013590,RC04236,sk-slovenian-language
js-013591,RB98150,sk-production-work
js-013592,RB98150,sk-slovenian-language
js-013593,RB97979,sk-production-work
js-013594,RB97979,sk-slovenian-language
js-013595,RC00070,sk-nursing
js-013596,RC00070,sk-patient-care
js-013597,RC00070,sk-physiotherapy
js-013598,RC00070,sk-laboratory-diagnostics
js-013599,RC00070,sk-geriatric-care
js-013600,RC00070,sk-emergency-medicine
js-013601,RC00070,sk-slovenian-language
js-013602,RC06405,sk-nursing
js-013603,RC06405,sk-patient-care
js-013604,RC06405,sk-geriatric-care
js-013605,RC06405,sk-slovenian-language
js-013606,RC06942,sk-haccp
js-013607,RC06942,sk-slovenian-language
js-013608,RC06380,sk-cooking
js-013609,RC06380,sk-dietary-cooking
js-013610,RC06380,sk-customer-service
js-013611,RC06380,sk-communication
js-013612,RC06380,sk-driving-category-b
js-013613,RC06380,sk-slovenian-language
js-013614,RB96820,sk-nursing
js-013615,RB96820,sk-patient-care
js-013616,RB96820,sk-emergency-medicine
js-013617,RB96820,sk-sterilization
js-013618,RB96820,sk-first-aid
js-013619,RB94682,sk-production-work
js-013620,RA23225,sk-administration
js-013621,RA23350,sk-nursing
js-013622,RA23350,sk-patient-care
js-013623,RA23350,sk-emergency-medicine
js-013624,RA23350,sk-sterilization
js-013625,RA23350,sk-first-aid
js-013626,PY98961,sk-cooking
js-013627,PY98961,sk-haccp
js-013628,PY98961,sk-microsoft-office
js-013629,PY98961,sk-customer-service
js-013630,PY98961,sk-communication
js-013631,PY98961,sk-driving-category-b
js-013632,PY98961,sk-slovenian-language
js-013633,PY98745,sk-cooking
js-013634,PY98745,sk-dietary-cooking
js-013635,PY98745,sk-haccp
js-013636,PY98745,sk-microsoft-office
js-013637,PY98745,sk-customer-service
js-013638,PY98745,sk-communication
js-013639,PY98745,sk-driving-category-b
js-013640,PY98745,sk-slovenian-language
js-013641,PZ31980,sk-nursing
js-013642,PZ31980,sk-patient-care
js-013643,PZ31980,sk-sterilization
js-013644,PZ31980,sk-microsoft-office
js-013645,PZ31980,sk-driving-category-b
js-013646,PZ31980,sk-english-language
js-013647,PZ31980,sk-italian-language
js-013648,RB56228,sk-microsoft-office
js-013649,RB56228,sk-driving-category-b
js-013650,RB56228,sk-slovenian-language
js-013651,RB56228,sk-italian-language
js-013652,RB56259,sk-driving
js-013653,RB56259,sk-driving-category-b
js-013654,RB56259,sk-slovenian-language
js-013655,RB56259,sk-italian-language
js-013656,RB71132,sk-microsoft-office
js-013657,RB71132,sk-driving-category-b
js-013658,RB71132,sk-english-language
js-013659,RB83308,sk-accounting
js-013660,RB83308,sk-microsoft-office
js-013661,RC04298,sk-cleaning
js-013662,RC04298,sk-slovenian-language
js-013663,PX82600,sk-warehouse-operations
js-013664,PX82600,sk-driving-category-b
js-013665,PX82613,sk-production-work
js-013666,PX82613,sk-driving-category-b
js-013667,PX82613,sk-customer-service
js-013668,PW90579,sk-construction-work
js-013669,PW90579,sk-microsoft-office
js-013670,PW90579,sk-cash-handling
js-013671,PW90579,sk-driving-category-b
js-013672,PW90579,sk-english-language
js-013673,PW90582,sk-construction-work
js-013674,PW90582,sk-cash-handling
js-013675,PW90582,sk-driving-category-b
js-013676,PW90582,sk-slovenian-language
js-013677,PW90582,sk-croatian-language
js-013678,RB63280,sk-assembly
js-013679,RB63280,sk-driving-category-b
js-013680,RB29103,sk-administration
js-013681,RB29103,sk-driving-category-b
js-013682,RB29103,sk-english-language
js-013683,RB29103,sk-german-language
js-013684,RB29134,sk-automotive-repair
js-013685,RB29134,sk-driving-category-b
js-013686,RB29134,sk-english-language
js-013687,RB29134,sk-german-language
js-013688,RB29151,sk-automotive-repair
js-013689,RB29151,sk-driving-category-b
js-013690,RB29151,sk-english-language
js-013691,RB29151,sk-german-language
js-013692,PZ79840,sk-microsoft-office
js-013693,PZ79840,sk-driving-category-b
js-013694,PZ79840,sk-driving-category-e
js-013695,PZ79840,sk-english-language
js-013696,PZ79840,sk-german-language
js-013697,RA93693,sk-administration
js-013698,RA93693,sk-driving-category-b
js-013699,RA93693,sk-english-language
js-013700,RA93693,sk-german-language
js-013701,RA93705,sk-welding
js-013702,RA93705,sk-metalworking
js-013703,RA93705,sk-driving-category-b
js-013704,PZ63152,sk-truck-driving
js-013705,PZ63152,sk-driving-category-c
js-013706,PZ63152,sk-driving-category-e
js-013707,PZ63152,sk-driving-category-ce
js-013708,RB20320,sk-administration
js-013709,RB20320,sk-driving-category-b
js-013710,RB20320,sk-driving-category-c
js-013711,RB20320,sk-driving-category-e
js-013712,RB20320,sk-driving-category-ce
js-013713,PX34748,sk-truck-driving
js-013714,PX34748,sk-warehouse-operations
js-013715,PX34748,sk-forklift-operation
js-013716,PX34748,sk-driving-category-b
js-013717,PX34748,sk-driving-category-c
js-013718,PX34748,sk-driving-category-e
js-013719,PX34748,sk-driving-category-ce
js-013720,PX34748,sk-slovenian-language
js-013721,RA39562,sk-electrical-work
js-013722,RA39562,sk-forklift-operation
js-013723,RA39562,sk-driving-category-b
js-013724,RA39562,sk-slovenian-language
js-013725,RA39670,sk-electrical-work
js-013726,RA39670,sk-driving-category-b
js-013727,RA39670,sk-slovenian-language
js-013728,PY05465,sk-microsoft-office
js-013729,PY05465,sk-driving-category-b
js-013730,PY05465,sk-slovenian-language
js-013731,PY05465,sk-english-language
js-013732,PY05465,sk-italian-language
js-013733,PY70536,sk-microsoft-office
js-013734,PY70536,sk-driving-category-b
js-013735,PY70536,sk-english-language
js-013736,RC12860,sk-microsoft-office
js-013737,RC12860,sk-driving-category-b
js-013738,RC12860,sk-english-language
js-013739,RC03383,sk-microsoft-office
js-013740,RC03383,sk-customer-service
js-013741,RC03383,sk-communication
js-013742,RC03383,sk-driving-category-b
js-013743,RB55023,sk-technical-maintenance
js-013744,RB55023,sk-electrical-work
js-013745,RB55023,sk-driving-category-b
js-013746,RB54807,sk-cash-handling
js-013747,RB54807,sk-driving-category-b
js-013748,RB54838,sk-cash-handling
js-013749,RB54838,sk-driving-category-b
js-013750,RB54838,sk-driving-category-e
js-013751,RB54764,sk-production-work
js-013752,RB54795,sk-production-work
js-013753,RB82515,sk-sales
js-013754,RB82515,sk-customer-service
js-013755,RB82515,sk-communication
js-013756,RB82515,sk-driving-category-b
js-013757,RC10548,sk-forklift-operation
js-013758,RB62708,sk-assembly
js-013759,RB62708,sk-driving-category-b
js-013760,RA30148,sk-machine-operation
js-013761,RA30148,sk-driving-category-b
js-013762,RA30148,sk-slovenian-language
js-013763,RA30378,sk-warehouse-operations
js-013764,RA30378,sk-inventory-management
js-013765,RA30378,sk-customer-service
js-013766,RA30378,sk-communication
js-013767,RA30378,sk-driving-category-b
js-013768,RA30378,sk-slovenian-language
js-013769,RA30438,sk-production-work
js-013770,RA30438,sk-warehouse-operations
js-013771,RA30438,sk-driving-category-b
js-013772,RA30438,sk-slovenian-language
js-013773,RA94900,sk-forklift-operation
js-013774,RA94900,sk-cash-handling
js-013775,RB83021,sk-microsoft-office
js-013776,RB83021,sk-customer-service
js-013777,RB83021,sk-communication
js-013778,RB83021,sk-cash-handling
js-013779,RB83021,sk-driving-category-b
js-013780,RB83021,sk-english-language
js-013781,RB83021,sk-german-language
js-013782,RB83021,sk-italian-language
js-013783,RB89194,sk-laboratory-diagnostics
js-013784,RB89194,sk-microsoft-office
js-013785,RB89194,sk-cash-handling
js-013786,RB89194,sk-english-language
js-013787,RA69788,sk-machine-operation
js-013788,RA69788,sk-driving-category-b
js-013789,RA69788,sk-slovenian-language
js-013790,PX72470,sk-cnc-machining
js-013791,PX72470,sk-machine-operation
js-013792,PX72470,sk-driving-category-b
js-013793,PX72470,sk-slovenian-language
js-013794,RB57240,sk-production-work
js-013795,RB57240,sk-driving-category-b
js-013796,RA57502,sk-sales
js-013797,RA57502,sk-customer-service
js-013798,RA57502,sk-communication
js-013799,RA57502,sk-driving-category-b
js-013800,RB85326,sk-welding
js-013801,RB85326,sk-metalworking
js-013802,RB85326,sk-driving-category-b
js-013803,RB85326,sk-slovenian-language
js-013804,RC08804,sk-production-work
js-013805,RC08804,sk-warehouse-operations
js-013806,RC08804,sk-packaging
js-013807,RB45885,sk-machine-operation
js-013808,RB45885,sk-driving-category-b
js-013809,RB45885,sk-slovenian-language
js-013810,RB26246,sk-construction-work
js-013811,RB26246,sk-metalworking
js-013812,RB26246,sk-driving-category-b
js-013813,RB26246,sk-driving-category-e
js-013814,RB96527,sk-welding
js-013815,RB96527,sk-metalworking
js-013816,RB96527,sk-cash-handling
js-013817,RB96527,sk-driving-category-b
js-013818,RB96544,sk-welding
js-013819,RB96544,sk-metalworking
js-013820,RB96544,sk-cash-handling
js-013821,RB96544,sk-driving-category-b
js-013822,RB96484,sk-production-work
js-013823,RB96484,sk-cash-handling
js-013824,RB96484,sk-driving-category-b
js-013825,RB87924,sk-customer-service
js-013826,RB87924,sk-communication
js-013827,RB87924,sk-driving-category-b
js-013828,RC00677,sk-welding
js-013829,RC00677,sk-metalworking
js-013830,RC00677,sk-cash-handling
js-013831,RC02465,sk-assembly
js-013832,RC02465,sk-english-language
js-013833,RC03781,sk-administration
js-013834,RB97519,sk-truck-driving
js-013835,RB97519,sk-driving-category-b
js-013836,RB65110,sk-microsoft-office
js-013837,RB65110,sk-driving-category-b
js-013838,RB65110,sk-english-language
js-013839,RB65110,sk-italian-language
js-013840,RC04907,sk-masonry
js-013841,RC04907,sk-construction-work
js-013842,RC04907,sk-driving-category-b
js-013843,RC04711,sk-construction-work
js-013844,RC04711,sk-driving-category-b
js-013845,RC05001,sk-construction-work
js-013846,RB84547,sk-assembly
js-013847,RB84547,sk-driving-category-b
js-013848,RB84490,sk-construction-work
js-013849,RB84490,sk-driving-category-b
js-013850,RB84490,sk-production-work
js-013851,RB56978,sk-assembly
js-013852,RB56978,sk-slovenian-language
js-013853,RB56933,sk-quality-control
js-013854,RB56933,sk-slovenian-language
js-013855,RB56933,sk-production-work
js-013856,RB56947,sk-cnc-machining
js-013857,RB56947,sk-machine-operation
js-013858,RB56947,sk-slovenian-language
js-013859,RC06359,sk-van-driving
js-013860,RC06359,sk-warehouse-operations
js-013861,RC06359,sk-forklift-operation
js-013862,RC06359,sk-driving-category-b
js-013863,RC06359,sk-slovenian-language
js-013864,RB29975,sk-automotive-repair
js-013865,RB29975,sk-electrical-work
js-013866,RB29975,sk-vehicle-diagnostics
js-013867,RB29975,sk-driving-category-b
js-013868,RB29975,sk-slovenian-language
js-013869,RB74537,sk-hospitality
js-013870,RB74537,sk-restaurant-service
js-013871,RB74537,sk-customer-service
js-013872,RA92835,sk-warehouse-operations
js-013873,RA92835,sk-customer-service
js-013874,RA92835,sk-communication
js-013875,RA92835,sk-driving-category-b
js-013876,RA92835,sk-slovenian-language
js-013877,RA92835,sk-english-language
js-013878,RB91624,sk-warehouse-operations
js-013879,RB91624,sk-forklift-operation
js-013880,RB91624,sk-slovenian-language
js-013881,RB91610,sk-warehouse-operations
js-013882,RB91610,sk-forklift-operation
js-013883,RB91610,sk-slovenian-language
js-013884,RB91638,sk-warehouse-operations
js-013885,RB91638,sk-forklift-operation
js-013886,RB91638,sk-slovenian-language
js-013887,RB91638,sk-customer-service
js-013888,RB91641,sk-construction-work
js-013889,RB91641,sk-customer-service
js-013890,RB91641,sk-communication
js-013891,RB91641,sk-slovenian-language
js-013892,RC07190,sk-truck-driving
js-013893,RC07190,sk-warehouse-operations
js-013894,RC07190,sk-cash-handling
js-013895,RC07190,sk-driving-category-b
js-013896,RC07190,sk-driving-category-c
js-013897,RC07190,sk-driving-category-ce
js-013898,RC07263,sk-truck-driving
js-013899,RC07263,sk-warehouse-operations
js-013900,RC07263,sk-cash-handling
js-013901,RC07263,sk-driving-category-b
js-013902,RC07263,sk-driving-category-c
js-013903,RC07263,sk-driving-category-ce
js-013904,RC04404,sk-warehouse-operations
js-013905,RC04404,sk-inventory-management
js-013906,RC04404,sk-cash-handling
js-013907,RC06652,sk-customer-service
js-013908,RC06652,sk-communication
js-013909,RC06652,sk-driving-category-b
js-013910,RB95674,sk-customer-service
js-013911,RB95674,sk-communication
js-013912,RB95674,sk-driving-category-b
js-013913,RB32791,sk-accounting
js-013914,RB32791,sk-microsoft-office
js-013915,RB32791,sk-english-language
js-013916,RB32791,sk-german-language
js-013917,RB32791,sk-croatian-language
js-013918,RB95029,sk-assembly
js-013919,RB95029,sk-cash-handling
js-013920,RB95029,sk-driving-category-b
js-013921,RB98619,sk-accounting
js-013922,RB98619,sk-microsoft-office
js-013923,RB98619,sk-driving-category-b
js-013924,RB98619,sk-english-language
js-013925,RA51712,sk-bus-driving
js-013926,RA51712,sk-driving-category-b
js-013927,RA51712,sk-driving-category-d
js-013928,RA51712,sk-slovenian-language
js-013929,RA51712,sk-english-language
js-013930,RA51712,sk-italian-language
js-013931,RC01473,sk-construction-work
js-013932,RC01473,sk-microsoft-office
js-013933,RC01473,sk-driving-category-b
js-013934,RC01928,sk-teaching
js-013935,RC01928,sk-communication
js-013936,RC01928,sk-music-education
js-013937,RC01928,sk-slovenian-language
js-013938,RB87634,sk-construction-work
js-013939,RB87634,sk-driving-category-b
js-013940,RB87634,sk-slovenian-language
js-013941,RB87634,sk-english-language
js-013942,RB57618,sk-cleaning
js-013943,RA86631,sk-cleaning
js-013944,PZ23097,sk-hospitality
js-013945,PZ23097,sk-restaurant-service
js-013946,PZ23097,sk-customer-service
js-013947,PZ23097,sk-cash-handling
js-013948,PZ23097,sk-driving-category-b
js-013949,PZ23097,sk-slovenian-language
js-013950,PZ92705,sk-cleaning
js-013951,PR02210,sk-administration
js-013952,PR02210,sk-driving-category-b
js-013953,PR02210,sk-slovenian-language
js-013954,RB41042,sk-cleaning
js-013955,RB67139,sk-baking
js-013956,RB67139,sk-food-preparation
js-013957,RC05137,sk-cleaning
js-013958,RC06086,sk-hospitality
js-013959,RC06086,sk-restaurant-service
js-013960,RC06086,sk-customer-service
js-013961,RC06086,sk-cash-handling
js-013962,PY69542,sk-medicine
js-013963,PY69542,sk-laboratory-diagnostics
js-013964,PY69542,sk-surgery
js-013965,RC13683,sk-nursing
js-013966,RC13683,sk-patient-care
js-013967,RC13683,sk-dental-care
js-013968,RC13683,sk-cash-handling
js-013969,RC13683,sk-driving-category-b
js-013970,RC13683,sk-english-language
js-013971,PX45220,sk-warehouse-operations
js-013972,PX45220,sk-driving-category-b
js-013973,PX45220,sk-driving-category-e
js-013974,PX45250,sk-warehouse-operations
js-013975,PX45250,sk-driving-category-b
js-013976,PX45250,sk-driving-category-e
js-013977,PX45295,sk-assembly
js-013978,PX45295,sk-driving-category-b
js-013979,PX45295,sk-driving-category-e
js-013980,PX45341,sk-assembly
js-013981,PX45341,sk-driving-category-b
js-013982,PX45341,sk-driving-category-e
js-013983,PX45415,sk-warehouse-operations
js-013984,PX45415,sk-driving-category-b
js-013985,PX45415,sk-driving-category-e
js-013986,RC10747,sk-microsoft-office
js-013987,RC10747,sk-customer-service
js-013988,RC10747,sk-communication
js-013989,RC10747,sk-driving-category-b
js-013990,RC10747,sk-driving-category-e
js-013991,RC10747,sk-english-language
js-013992,RB58979,sk-customer-service
js-013993,RB58979,sk-communication
js-013994,RB58979,sk-cash-handling
js-013995,RB58979,sk-driving-category-b
js-013996,RB58979,sk-english-language
js-013997,RC06956,sk-microsoft-office
js-013998,RC06956,sk-driving-category-b
js-013999,RC06956,sk-slovenian-language
js-014000,RC06956,sk-english-language
js-014001,RC06956,sk-italian-language
js-014002,RC06956,sk-croatian-language
js-014003,RB57712,sk-cleaning
js-014004,RB55955,sk-driving
js-014005,RB56032,sk-driving
js-014006,RB56032,sk-warehouse-operations
js-014007,RB56032,sk-cash-handling
js-014008,RB56032,sk-driving-category-b
js-014009,RB56032,sk-driving-category-e
js-014010,RB56032,sk-production-work
js-014011,RA84431,sk-cleaning
js-014012,RA84431,sk-cash-handling
js-014013,PZ86333,sk-van-driving
js-014014,PZ86333,sk-customer-service
js-014015,PZ86333,sk-communication
js-014016,PZ86333,sk-cash-handling
js-014017,PZ86333,sk-driving-category-b
js-014018,PZ49686,sk-cash-handling
js-014019,RA87822,sk-sales
js-014020,RA87822,sk-customer-service
js-014021,RA87822,sk-driving-category-b
js-014022,RA87822,sk-slovenian-language
js-014023,RB95981,sk-truck-driving
js-014024,RB95981,sk-microsoft-office
js-014025,RB95981,sk-driving-category-c
js-014026,RB95981,sk-slovenian-language
js-014027,RB90433,sk-surgery
js-014028,RB90433,sk-english-language
js-014029,RB90433,sk-italian-language
js-014030,RB78175,sk-accounting
js-014031,RB78175,sk-microsoft-office
js-014032,RB78175,sk-driving-category-b
js-014033,RB78175,sk-english-language
js-014034,ID13596,sk-administration
js-014035,RB79733,sk-plumbing
js-014036,RB79733,sk-customer-service
js-014037,RB79733,sk-communication
js-014038,RB79733,sk-driving-category-b
js-014039,RB79733,sk-slovenian-language
js-014040,RB89973,sk-construction-work
js-014041,RB89973,sk-driving-category-b
js-014042,RB89973,sk-slovenian-language
js-014043,RB89712,sk-construction-work
js-014044,RB89712,sk-microsoft-office
js-014045,RB89712,sk-driving-category-b
js-014046,RB89712,sk-slovenian-language
js-014047,RC12427,sk-driving
js-014048,RC12427,sk-driving-category-b
js-014049,RC12427,sk-slovenian-language
js-014050,ID35905,sk-driving
js-014051,ID35905,sk-warehouse-operations
js-014052,ID35905,sk-production-work
js-014053,RC06440,sk-packaging
js-014054,RC06440,sk-production-work
js-014055,RB82501,sk-warehouse-operations
js-014056,RB82501,sk-forklift-operation
js-014057,RB82501,sk-production-work
js-014058,RB29793,sk-warehouse-operations
js-014059,RB72476,sk-microsoft-office
js-014060,RB72476,sk-driving-category-b
js-014061,RB72476,sk-slovenian-language
js-014062,RB72280,sk-production-work
js-014063,RB72280,sk-microsoft-office
js-014064,RB72280,sk-driving-category-b
js-014065,RB72280,sk-slovenian-language
js-014066,RC01899,sk-production-work
js-014067,RC03031,sk-construction-work
js-014068,RC03031,sk-microsoft-office
js-014069,RC03031,sk-driving-category-b
js-014070,RC03031,sk-slovenian-language
js-014071,RC06163,sk-driving
js-014072,RC06163,sk-cash-handling
js-014073,RC06163,sk-driving-category-b
js-014074,RC06163,sk-driving-category-c
js-014075,RC06163,sk-driving-category-e
js-014076,RC08789,sk-production-work
js-014077,RC08789,sk-driving-category-b
js-014078,RC04847,sk-driving
js-014079,RC04847,sk-driving-category-b
js-014080,RC04847,sk-driving-category-c
js-014081,RC04847,sk-driving-category-e
js-014082,RB71817,sk-construction-work
js-014083,RA54571,sk-construction-work
js-014084,RA54571,sk-driving-category-b
js-014085,RA54571,sk-slovenian-language
js-014086,PY85526,sk-microsoft-office
js-014087,PY85526,sk-driving-category-b
js-014088,PY85526,sk-english-language
js-014089,RA10634,sk-pharmacy
js-014090,RA10634,sk-driving-category-b
js-014091,RA10634,sk-slovenian-language
js-014092,PY20059,sk-pharmacy
js-014093,PY20059,sk-driving-category-b
js-014094,PY20059,sk-slovenian-language
js-014095,RC01638,sk-production-work
js-014096,RC01638,sk-slovenian-language
js-014097,RC01669,sk-production-work
js-014098,RC01669,sk-driving-category-b
js-014099,RC01669,sk-slovenian-language
js-014100,RC03093,sk-early-childhood-education
js-014101,RC03093,sk-teaching
js-014102,RC03093,sk-communication
js-014103,RC03093,sk-microsoft-office
js-014104,RC03093,sk-slovenian-language
js-014105,RC03093,sk-english-language
js-014106,PR35767,sk-warehouse-operations
js-014107,PR35767,sk-microsoft-office
js-014108,PR35767,sk-haccp
js-014109,PR35767,sk-driving-category-b
js-014110,PL04681,sk-microsoft-office
js-014111,PL04681,sk-customer-service
js-014112,PL04681,sk-communication
js-014113,PL04681,sk-driving-category-b
js-014114,PL04681,sk-english-language
js-014115,PL04832,sk-technical-maintenance
js-014116,PL04832,sk-mechanical-repair
js-014117,PL04832,sk-electrical-work
js-014118,PL04832,sk-driving-category-b
js-014119,PL04923,sk-administration
js-014120,PL04923,sk-driving-category-b
js-014121,PL05000,sk-technical-maintenance
js-014122,PL05000,sk-driving-category-b
js-014123,PL05093,sk-administration
js-014124,PL05093,sk-driving-category-b
js-014125,PM56923,sk-electrical-work
js-014126,PM56923,sk-microsoft-office
js-014127,PM56923,sk-driving-category-b
js-014128,PM56923,sk-english-language
js-014129,PK15686,sk-cleaning
js-014130,PK15686,sk-driving-category-b
js-014131,RB86093,sk-cash-handling
js-014132,RB86093,sk-driving-category-b
js-014133,RC10810,sk-automotive-repair
js-014134,RC10810,sk-tire-service
js-014135,RC10810,sk-cash-handling
js-014136,RC10810,sk-driving-category-b
js-014137,RC10781,sk-driving
js-014138,RC10781,sk-cash-handling
js-014139,RC10781,sk-english-language
js-014140,RC10781,sk-serbian-language
js-014141,RB68944,sk-cleaning
js-014142,RB68944,sk-driving-category-b
js-014143,RA25442,sk-hospitality
js-014144,RA25442,sk-restaurant-service
js-014145,RA25442,sk-customer-service
js-014146,RA25442,sk-communication
js-014147,RA25442,sk-english-language
js-014148,RA25502,sk-production-work
js-014149,RC03474,sk-hospitality
js-014150,RC03474,sk-restaurant-service
js-014151,RC03474,sk-customer-service
js-014152,RC03474,sk-communication
js-014153,RB95521,sk-teaching
js-014154,RB95521,sk-communication
js-014155,RB95521,sk-slovenian-language
js-014156,RB95570,sk-teaching
js-014157,RB95570,sk-communication
js-014158,RC12444,sk-cleaning
js-014159,RC12444,sk-slovenian-language
js-014160,RB09847,sk-teaching
js-014161,RB09847,sk-communication
js-014162,RB09847,sk-mathematics
js-014163,RB09847,sk-computer-science
js-014164,RB09847,sk-microsoft-office
js-014165,RB09847,sk-slovenian-language
js-014166,RB26903,sk-teaching
js-014167,RB26903,sk-communication
js-014168,RB26903,sk-mathematics
js-014169,RB26903,sk-slovenian-language
js-014170,RC09202,sk-teaching
js-014171,RC09202,sk-communication
js-014172,RC09202,sk-slovenian-language
js-014173,RC08926,sk-teaching
js-014174,RC08926,sk-communication
js-014175,RC08926,sk-mathematics
js-014176,RC08926,sk-physics
js-014177,RC08926,sk-slovenian-language
js-014178,RC08133,sk-teaching
js-014179,RC08133,sk-communication
js-014180,RC08133,sk-microsoft-office
js-014181,RC08133,sk-slovenian-language
js-014182,RC03136,sk-cleaning
js-014183,RB98241,sk-teaching
js-014184,RB98241,sk-communication
js-014185,RB98241,sk-physical-education
js-014186,RB98241,sk-microsoft-office
js-014187,RB98241,sk-driving-category-b
js-014188,RB98241,sk-slovenian-language
js-014189,RB98332,sk-teaching
js-014190,RB98332,sk-communication
js-014191,RB98332,sk-driving-category-b
js-014192,RB98332,sk-slovenian-language
js-014193,RB98195,sk-teaching
js-014194,RB98195,sk-communication
js-014195,RB98195,sk-mathematics
js-014196,RB98195,sk-physics
js-014197,RC02252,sk-customer-service
js-014198,RC02252,sk-communication
js-014199,RC00191,sk-teaching
js-014200,RC00191,sk-communication
js-014201,RC00191,sk-microsoft-office
js-014202,RC00109,sk-teaching
js-014203,RC00109,sk-communication
js-014204,RC00109,sk-art-education
js-014205,RC00109,sk-microsoft-office
js-014206,RC00018,sk-teaching
js-014207,RC00018,sk-communication
js-014208,RC00018,sk-microsoft-office
js-014209,RC00004,sk-teaching
js-014210,RC00004,sk-communication
js-014211,RC00004,sk-microsoft-office
js-014212,RC00004,sk-slovenian-language
js-014213,RB99830,sk-teaching
js-014214,RB99830,sk-communication
js-014215,RB99830,sk-physics
js-014216,RB99830,sk-microsoft-office
js-014217,RB99830,sk-slovenian-language
js-014218,RC00203,sk-teaching
js-014219,RC00203,sk-communication
js-014220,RC00203,sk-slovenian-language
js-014221,RB97428,sk-microsoft-office
js-014222,RB97277,sk-teaching
js-014223,RB97277,sk-communication
js-014224,RB97277,sk-microsoft-office
js-014225,RB97888,sk-teaching
js-014226,RB97888,sk-communication
js-014227,RB97888,sk-music-education
js-014228,RB97888,sk-microsoft-office
js-014229,RB97888,sk-slovenian-language
js-014230,RC11711,sk-teaching
js-014231,RC11711,sk-communication
js-014232,RC11711,sk-mathematics
js-014233,RC11711,sk-driving-category-b
js-014234,RC12140,sk-teaching
js-014235,RC12140,sk-communication
js-014236,RC12140,sk-driving-category-b
js-014237,RC00464,sk-cleaning
js-014238,RC00464,sk-slovenian-language
js-014239,RC01732,sk-teaching
js-014240,RC01732,sk-communication
js-014241,RC01732,sk-mathematics
js-014242,RC01732,sk-microsoft-office
js-014243,RC01732,sk-slovenian-language
js-014244,RC01732,sk-english-language
js-014245,IC63937,sk-microsoft-office
js-014246,IC63937,sk-driving-category-b
js-014247,IC63937,sk-slovenian-language
js-014248,IC63937,sk-english-language
js-014249,RC08380,sk-cleaning
js-014250,RC08380,sk-slovenian-language
js-014251,RC08406,sk-cleaning
js-014252,RC08406,sk-slovenian-language
js-014253,RB98792,sk-haccp
js-014254,RB98792,sk-customer-service
js-014255,RB98792,sk-communication
js-014256,RB98792,sk-slovenian-language
js-014257,RB98667,sk-haccp
js-014258,RB98667,sk-customer-service
js-014259,RB98667,sk-communication
js-014260,RB98667,sk-slovenian-language
js-014261,ND88921,sk-medicine
js-014262,ND88921,sk-customer-service
js-014263,ND88921,sk-communication
js-014264,ND88921,sk-slovenian-language
js-014265,NJ20772,sk-medicine
js-014266,NJ20772,sk-emergency-medicine
js-014267,NJ20772,sk-customer-service
js-014268,NJ20772,sk-communication
js-014269,NJ20772,sk-slovenian-language
js-014270,OH89509,sk-medicine
js-014271,OH89509,sk-pediatrics
js-014272,OH89509,sk-customer-service
js-014273,OH89509,sk-communication
js-014274,OH89509,sk-slovenian-language
js-014275,OH89509,sk-english-language
js-014276,OT85340,sk-laboratory-diagnostics
js-014277,OT85340,sk-radiology
js-014278,OT85340,sk-slovenian-language
js-014279,OT85340,sk-english-language
js-014280,ON77493,sk-technical-maintenance
js-014281,ON77493,sk-slovenian-language
js-014282,ON77493,sk-english-language
js-014283,PF94472,sk-medicine
js-014284,PF94472,sk-radiology
js-014285,PF94472,sk-slovenian-language
js-014286,PF94472,sk-english-language
js-014287,PJ64030,sk-medicine
js-014288,PJ64030,sk-pharmacy
js-014289,PJ64030,sk-microsoft-office
js-014290,PJ64030,sk-customer-service
js-014291,PJ64030,sk-communication
js-014292,PJ64030,sk-slovenian-language
js-014293,PJ64030,sk-english-language
js-014294,PJ36244,sk-medicine
js-014295,PJ36244,sk-slovenian-language
js-014296,PJ36244,sk-english-language
js-014297,PR38837,sk-technical-maintenance
js-014298,PR38837,sk-slovenian-language
js-014299,PR38837,sk-english-language
js-014300,PN97858,sk-medicine
js-014301,PN97858,sk-intensive-care
js-014302,PN97858,sk-anesthesiology
js-014303,PN97858,sk-slovenian-language
js-014304,PN97858,sk-english-language
js-014305,PN05161,sk-anesthesiology
js-014306,PN05161,sk-slovenian-language
js-014307,PN05161,sk-english-language
js-014308,PN05235,sk-radiology
js-014309,PN05235,sk-slovenian-language
js-014310,PN05235,sk-english-language
js-014311,PX94118,sk-laboratory-diagnostics
js-014312,PX94118,sk-emergency-medicine
js-014313,PX94118,sk-operating-room-care
js-014314,PX94118,sk-radiology
js-014315,PX94118,sk-slovenian-language
js-014316,PX94118,sk-english-language
js-014317,PW39703,sk-medicine
js-014318,PW39703,sk-midwifery
js-014319,PW39703,sk-slovenian-language
js-014320,PW39703,sk-english-language
js-014321,PV99951,sk-nursing
js-014322,PV99951,sk-patient-care
js-014323,PV99951,sk-laboratory-diagnostics
js-014324,PV99951,sk-cardiology
js-014325,PV99951,sk-slovenian-language
js-014326,PV99951,sk-english-language
js-014327,PZ09279,sk-nursing
js-014328,PZ09279,sk-patient-care
js-014329,PZ09279,sk-laboratory-diagnostics
js-014330,PZ09279,sk-intensive-care
js-014331,PZ09279,sk-emergency-medicine
js-014332,PZ09279,sk-slovenian-language
js-014333,RB64544,sk-laboratory-diagnostics
js-014334,RB64544,sk-midwifery
js-014335,RB64544,sk-slovenian-language
js-014336,RB64544,sk-english-language
js-014337,RC10383,sk-medicine
js-014338,RC10383,sk-internal-medicine
js-014339,RC10383,sk-emergency-medicine
js-014340,RC10383,sk-neurology
js-014341,RC10383,sk-slovenian-language
js-014342,RC10383,sk-english-language
js-014343,RB91837,sk-midwifery
js-014344,RB91837,sk-slovenian-language
js-014345,RB91837,sk-english-language
js-014346,RC07294,sk-microsoft-office
js-014347,RC07294,sk-slovenian-language
js-014348,RC07294,sk-english-language
js-014349,RB85218,sk-medicine
js-014350,RB85218,sk-laboratory-diagnostics
js-014351,RB85218,sk-anesthesiology
js-014352,RB85218,sk-slovenian-language
js-014353,RB85235,sk-medicine
js-014354,RB85235,sk-laboratory-diagnostics
js-014355,RB85235,sk-pediatrics
js-014356,RB85235,sk-microsoft-office
js-014357,RB85235,sk-customer-service
js-014358,RB85235,sk-communication
js-014359,RB85235,sk-slovenian-language
js-014360,RA39883,sk-medicine
js-014361,RA39883,sk-laboratory-diagnostics
js-014362,RA39883,sk-midwifery
js-014363,RA39883,sk-slovenian-language
js-014364,PY56246,sk-microsoft-office
js-014365,PY56246,sk-cash-handling
js-014366,PY56246,sk-driving-category-b
js-014367,PY56246,sk-slovenian-language
js-014368,PZ55828,sk-nursing
js-014369,PZ55828,sk-patient-care
js-014370,PZ55828,sk-intensive-care
js-014371,PZ55828,sk-sterilization
js-014372,PZ55828,sk-midwifery
js-014373,PZ55828,sk-slovenian-language
js-014374,PZ09970,sk-medicine
js-014375,PZ09970,sk-intensive-care
js-014376,PZ09970,sk-emergency-medicine
js-014377,PZ09970,sk-anesthesiology
js-014378,PZ09970,sk-endoscopy
js-014379,PZ09970,sk-customer-service
js-014380,PZ09970,sk-slovenian-language
js-014381,RA41886,sk-nursing
js-014382,RA41886,sk-patient-care
js-014383,RA41886,sk-customer-service
js-014384,RA41886,sk-communication
js-014385,RA41886,sk-slovenian-language
js-014386,PN72065,sk-nursing
js-014387,PN72065,sk-patient-care
js-014388,PN72065,sk-intensive-care
js-014389,PN72065,sk-customer-service
js-014390,PN72065,sk-communication
js-014391,PN72065,sk-slovenian-language
js-014392,PS16770,sk-nursing
js-014393,PS16770,sk-patient-care
js-014394,PS16770,sk-slovenian-language
js-014395,PS34511,sk-medicine
js-014396,PS34511,sk-laboratory-diagnostics
js-014397,PS34511,sk-internal-medicine
js-014398,PS34511,sk-emergency-medicine
js-014399,PS34511,sk-customer-service
js-014400,PS34511,sk-communication
js-014401,PS34511,sk-slovenian-language
js-014402,PU46788,sk-pharmacy
js-014403,PU46788,sk-slovenian-language
js-014404,RB81142,sk-nursing
js-014405,RB81142,sk-patient-care
js-014406,RB81142,sk-emergency-medicine
js-014407,RB81142,sk-customer-service
js-014408,RB81142,sk-communication
js-014409,RB81142,sk-slovenian-language
js-014410,RB66315,sk-pharmacy
js-014411,RB66315,sk-slovenian-language
js-014412,RB48270,sk-pharmacy
js-014413,RB48270,sk-slovenian-language
js-014414,RB06243,sk-nursing
js-014415,RB06243,sk-patient-care
js-014416,RB06243,sk-slovenian-language
js-014417,RB13701,sk-radiology
js-014418,RB13701,sk-slovenian-language
js-014419,RB93062,sk-nursing
js-014420,RB93062,sk-patient-care
js-014421,RB93062,sk-customer-service
js-014422,RB93062,sk-communication
js-014423,RB93062,sk-slovenian-language
js-014424,PW58302,sk-medicine
js-014425,PW58302,sk-laboratory-diagnostics
js-014426,PW58302,sk-customer-service
js-014427,PW58302,sk-communication
js-014428,PW58302,sk-slovenian-language
js-014429,RB41315,sk-nursing
js-014430,RB41315,sk-patient-care
js-014431,RB41315,sk-emergency-medicine
js-014432,RB41315,sk-psychiatry
js-014433,RB41315,sk-customer-service
js-014434,RB41315,sk-communication
js-014435,RB41315,sk-slovenian-language
js-014436,PP33593,sk-medicine
js-014437,PP33593,sk-microsoft-office
js-014438,PP33593,sk-driving-category-b
js-014439,PP33593,sk-slovenian-language
js-014440,PP33500,sk-medicine
js-014441,PP33500,sk-emergency-medicine
js-014442,PP33500,sk-microsoft-office
js-014443,PP33500,sk-driving-category-b
js-014444,PP33500,sk-slovenian-language
js-014445,RC12842,sk-medicine
js-014446,RC12842,sk-emergency-medicine
js-014447,RC12842,sk-dental-care
js-014448,RC12842,sk-driving-category-b
js-014449,RC12842,sk-slovenian-language
js-014450,RB78650,sk-medicine
js-014451,RB78650,sk-emergency-medicine
js-014452,RB78650,sk-microsoft-office
js-014453,RB78650,sk-driving-category-b
js-014454,RB78650,sk-slovenian-language
js-014455,PT61204,sk-medicine
js-014456,PT61204,sk-emergency-medicine
js-014457,PT61204,sk-midwifery
js-014458,PT61204,sk-microsoft-office
js-014459,PT61204,sk-driving-category-b
js-014460,PT61204,sk-slovenian-language
js-014461,RC08897,sk-nursing
js-014462,RC08897,sk-patient-care
js-014463,RC08897,sk-dental-care
js-014464,RC08897,sk-microsoft-office
js-014465,RC08897,sk-slovenian-language
js-014466,RC08943,sk-medicine
js-014467,RC08943,sk-laboratory-diagnostics
js-014468,RC08943,sk-dental-care
js-014469,RC08943,sk-microsoft-office
js-014470,RC08943,sk-slovenian-language
js-014471,RB95367,sk-nursing
js-014472,RB95367,sk-patient-care
js-014473,RB95367,sk-slovenian-language
js-014474,NL00527,sk-medicine
js-014475,NL00527,sk-radiology
js-014476,NL00527,sk-slovenian-language
js-014477,NL00561,sk-medicine
js-014478,NL00561,sk-slovenian-language
js-014479,PC16498,sk-medicine
js-014480,PC16498,sk-emergency-medicine
js-014481,PC16498,sk-driving-category-b
js-014482,PC16498,sk-slovenian-language
js-014483,PY90985,sk-medicine
js-014484,PY90985,sk-orthopedics
js-014485,PY90985,sk-slovenian-language
js-014486,PY91028,sk-medicine
js-014487,PY91028,sk-dermatovenerology
js-014488,PY91028,sk-slovenian-language
js-014489,NM22255,sk-medicine
js-014490,NM22255,sk-driving-category-b
js-014491,NM22255,sk-slovenian-language
js-014492,PZ28734,sk-medicine
js-014493,PZ28734,sk-laboratory-diagnostics
js-014494,PZ28734,sk-radiology
js-014495,PZ28734,sk-slovenian-language
js-014496,PZ29649,sk-medicine
js-014497,PZ29649,sk-microsoft-office
js-014498,PZ29649,sk-driving-category-b
js-014499,PZ29649,sk-slovenian-language
js-014500,PZ93780,sk-medicine
js-014501,PZ93780,sk-emergency-medicine
js-014502,PZ93780,sk-microsoft-office
js-014503,PZ93780,sk-driving-category-b
js-014504,PZ93780,sk-slovenian-language
js-014505,RB82714,sk-nursing
js-014506,RB82714,sk-patient-care
js-014507,RB82714,sk-emergency-medicine
js-014508,RB82714,sk-customer-service
js-014509,RB82714,sk-communication
js-014510,RB82714,sk-slovenian-language
js-014511,RB82745,sk-nursing
js-014512,RB82745,sk-patient-care
js-014513,RB82745,sk-midwifery
js-014514,RB82745,sk-slovenian-language
js-014515,RB82853,sk-nursing
js-014516,RB82853,sk-patient-care
js-014517,RB82853,sk-laboratory-diagnostics
js-014518,RB82853,sk-sterilization
js-014519,RB82853,sk-microsoft-office
js-014520,RB82853,sk-slovenian-language
js-014521,RC05609,sk-laboratory-diagnostics
js-014522,RC05609,sk-microsoft-office
js-014523,RC05609,sk-slovenian-language
js-014524,RC05612,sk-laboratory-diagnostics
js-014525,RC05612,sk-microsoft-office
js-014526,RC05612,sk-customer-service
js-014527,RC05612,sk-communication
js-014528,RC05612,sk-slovenian-language
js-014529,PE43282,sk-medicine
js-014530,PE43282,sk-microsoft-office
js-014531,PE43282,sk-slovenian-language
js-014532,OL65122,sk-medicine
js-014533,OL65122,sk-slovenian-language
js-014534,OH07646,sk-medicine
js-014535,OH07646,sk-laboratory-diagnostics
js-014536,OH07646,sk-radiology
js-014537,OH07646,sk-driving-category-b
js-014538,OH07646,sk-slovenian-language
js-014539,PG31458,sk-medicine
js-014540,PG31458,sk-surgery
js-014541,PG31458,sk-orthopedics
js-014542,PG31458,sk-microsoft-office
js-014543,PG31458,sk-driving-category-b
js-014544,PG31458,sk-slovenian-language
js-014545,RB83555,sk-nursing
js-014546,RB83555,sk-patient-care
js-014547,RB83555,sk-dental-care
js-014548,RB83555,sk-microsoft-office
js-014549,RB83555,sk-slovenian-language
js-014550,RB92270,sk-nursing
js-014551,RB92270,sk-patient-care
js-014552,RB92270,sk-dental-care
js-014553,RB92270,sk-microsoft-office
js-014554,RB92270,sk-slovenian-language
js-014555,PW26623,sk-technical-maintenance
js-014556,PW26623,sk-mechanical-repair
js-014557,RC00737,sk-nursing
js-014558,RC00737,sk-patient-care
js-014559,RC00737,sk-microsoft-office
js-014560,RC00737,sk-driving-category-b
js-014561,RC00737,sk-slovenian-language
js-014562,RB86153,sk-administration
js-014563,RB86153,sk-driving-category-b
js-014564,RB86153,sk-slovenian-language
js-014565,RB84868,sk-microsoft-office
js-014566,RC01000,sk-production-work
js-014567,RB90740,sk-administration
js-014568,RC02542,sk-plumbing
js-014569,RC02542,sk-microsoft-office
js-014570,RC02542,sk-customer-service
js-014571,RC02542,sk-communication
js-014572,RC02542,sk-driving-category-b
js-014573,RC02542,sk-slovenian-language
js-014574,RC08056,sk-microsoft-office
js-014575,RC08056,sk-customer-service
js-014576,RC08056,sk-communication
js-014577,RC08056,sk-driving-category-b
js-014578,RC08056,sk-slovenian-language
js-014579,RC08056,sk-english-language
js-014580,RC08713,sk-production-work
js-014581,RB80957,sk-cleaning
js-014582,RB80957,sk-driving-category-b
js-014583,RB00086,sk-legal-work
js-014584,RB00086,sk-slovenian-language
js-014585,RB06928,sk-production-work
js-014586,RB06928,sk-driving-category-b
js-014587,RB06928,sk-english-language
js-014588,RC02204,sk-early-childhood-education
js-014589,RC02204,sk-teaching
js-014590,RC02204,sk-communication
js-014591,RC03807,sk-production-work
js-014592,RC03807,sk-slovenian-language
js-014593,RB79140,sk-teaching
js-014594,RB79140,sk-communication
js-014595,RB79140,sk-microsoft-office
js-014596,RB79140,sk-slovenian-language
js-014597,RC01351,sk-teaching
js-014598,RC01351,sk-communication
js-014599,RC01351,sk-microsoft-office
js-014600,RC01351,sk-driving-category-b
js-014601,RC01351,sk-driving-category-e
js-014602,RC01351,sk-slovenian-language
js-014603,RC01351,sk-english-language
js-014604,RC05077,sk-teaching
js-014605,RC05077,sk-communication
js-014606,RC05077,sk-microsoft-office
js-014607,RC05077,sk-driving-category-b
js-014608,RC05077,sk-english-language
js-014609,RC10872,sk-teaching
js-014610,RC10872,sk-communication
js-014611,RC10872,sk-microsoft-office
js-014612,RC10872,sk-driving-category-b
js-014613,RC10872,sk-english-language
js-014614,RB87128,sk-teaching
js-014615,RB87128,sk-communication
js-014616,RB87128,sk-microsoft-office
js-014617,RB87128,sk-driving-category-b
js-014618,RB87128,sk-english-language
js-014619,RB89041,sk-teaching
js-014620,RB89041,sk-communication
js-014621,RB89041,sk-microsoft-office
js-014622,RB89041,sk-driving-category-b
js-014623,RB89041,sk-english-language
js-014624,RB89069,sk-teaching
js-014625,RB89069,sk-communication
js-014626,RB89069,sk-microsoft-office
js-014627,RB89069,sk-driving-category-b
js-014628,RB89069,sk-english-language
js-014629,RB24430,sk-teaching
js-014630,RB24430,sk-communication
js-014631,RB24430,sk-microsoft-office
js-014632,RB24430,sk-driving-category-b
js-014633,RB24430,sk-english-language
js-014634,RB24430,sk-german-language
js-014635,RB40704,sk-teaching
js-014636,RB40704,sk-communication
js-014637,RB40704,sk-microsoft-office
js-014638,RB40704,sk-driving-category-b
js-014639,RB40704,sk-english-language
js-014640,RA08568,sk-teaching
js-014641,RA08568,sk-communication
js-014642,RA08568,sk-microsoft-office
js-014643,RA08568,sk-driving-category-b
js-014644,RA08568,sk-english-language
js-014645,RA08631,sk-teaching
js-014646,RA08631,sk-communication
js-014647,RA08631,sk-microsoft-office
js-014648,RA08631,sk-driving-category-b
js-014649,RA08631,sk-english-language
js-014650,PZ01946,sk-microsoft-office
js-014651,PZ01946,sk-driving-category-b
js-014652,PZ01946,sk-english-language
js-014653,PZ02114,sk-microsoft-office
js-014654,PZ02114,sk-driving-category-b
js-014655,PZ02114,sk-english-language
js-014656,RC02560,sk-driving
js-014657,RC02560,sk-driving-category-b
js-014658,PA63499,sk-nursing
js-014659,PA63499,sk-patient-care
js-014660,PA63499,sk-geriatric-care
js-014661,PA63499,sk-microsoft-office
js-014662,PA63499,sk-slovenian-language
js-014663,PV27041,sk-nursing
js-014664,PV27041,sk-patient-care
js-014665,PV27041,sk-slovenian-language
js-014666,PX14731,sk-nursing
js-014667,PX14731,sk-patient-care
js-014668,PX14731,sk-slovenian-language
js-014669,RB11759,sk-administration
js-014670,RB11759,sk-driving-category-b
js-014671,RB11759,sk-slovenian-language
js-014672,RB11793,sk-nursing
js-014673,RB11793,sk-patient-care
js-014674,RB11793,sk-geriatric-care
js-014675,RB11793,sk-home-care
js-014676,RB11793,sk-slovenian-language
js-014677,RC10503,sk-microsoft-office
js-014678,RC10503,sk-customer-service
js-014679,RC10503,sk-communication
js-014680,RC10503,sk-slovenian-language
js-014681,RC10517,sk-microsoft-office
js-014682,RC10517,sk-driving-category-b
js-014683,RC10517,sk-slovenian-language
js-014684,PT79266,sk-cooking
js-014685,PT79266,sk-dietary-cooking
js-014686,PT79266,sk-customer-service
js-014687,PT79266,sk-communication
js-014688,PT79266,sk-driving-category-b
js-014689,PT79266,sk-driving-category-d
js-014690,PY99018,sk-nursing
js-014691,PY99018,sk-patient-care
js-014692,PY99018,sk-customer-service
js-014693,PY99018,sk-communication
js-014694,PY99018,sk-driving-category-b
js-014695,PY99018,sk-slovenian-language
js-014696,PY99021,sk-nursing
js-014697,PY99021,sk-patient-care
js-014698,PY99021,sk-driving-category-b
js-014699,PY99021,sk-slovenian-language
js-014700,PY98989,sk-technical-maintenance
js-014701,PY98989,sk-driving-category-b
js-014702,PY98989,sk-slovenian-language
js-014703,PY99004,sk-nursing
js-014704,PY99004,sk-patient-care
js-014705,PY99004,sk-driving-category-b
js-014706,PY99004,sk-slovenian-language
js-014707,PY98134,sk-nursing
js-014708,PY98134,sk-patient-care
js-014709,PY98134,sk-driving-category-b
js-014710,PY98134,sk-slovenian-language
js-014711,PY98302,sk-cleaning
js-014712,PY98302,sk-driving-category-b
js-014713,PY98302,sk-slovenian-language
js-014714,PY98347,sk-nursing
js-014715,PY98347,sk-patient-care
js-014716,PY98347,sk-driving-category-b
js-014717,PY98347,sk-slovenian-language
js-014718,RA82413,sk-technical-maintenance
js-014719,RA82413,sk-driving-category-b
js-014720,RA82413,sk-slovenian-language
js-014721,RA82430,sk-cooking
js-014722,RA82430,sk-dietary-cooking
js-014723,RA82430,sk-haccp
js-014724,RA82430,sk-driving-category-b
js-014725,RA82430,sk-slovenian-language
js-014726,RC08290,sk-quality-control
js-014727,RC08290,sk-haccp
js-014728,RC08290,sk-customer-service
js-014729,RC08290,sk-communication
js-014730,RC08290,sk-slovenian-language
js-014731,RC08315,sk-warehouse-operations
js-014732,RC08315,sk-haccp
js-014733,RC08315,sk-slovenian-language
js-014734,RC08377,sk-warehouse-operations
js-014735,RC08377,sk-haccp
js-014736,RC08377,sk-slovenian-language
js-014737,RC11847,sk-nursing
js-014738,RC11847,sk-patient-care
js-014739,RC11847,sk-geriatric-care
js-014740,RC11847,sk-microsoft-office
js-014741,RC11847,sk-slovenian-language
js-014742,RC03869,sk-warehouse-operations
js-014743,RC03869,sk-haccp
js-014744,RC03869,sk-slovenian-language
js-014745,RA72084,sk-nursing
js-014746,RA72084,sk-patient-care
js-014747,RA72084,sk-laboratory-diagnostics
js-014748,RA72084,sk-sterilization
js-014749,RA72084,sk-microsoft-office
js-014750,RA72084,sk-slovenian-language
js-014751,RA72448,sk-microsoft-office
js-014752,RA72448,sk-customer-service
js-014753,RA72448,sk-communication
js-014754,RA72448,sk-slovenian-language
js-014755,RA35574,sk-nursing
js-014756,RA35574,sk-patient-care
js-014757,RA35574,sk-orthopedics
js-014758,RA35574,sk-customer-service
js-014759,RA35574,sk-communication
js-014760,RA35574,sk-slovenian-language
js-014761,RA35617,sk-nursing
js-014762,RA35617,sk-patient-care
js-014763,RA35617,sk-slovenian-language
js-014764,RB44157,sk-nursing
js-014765,RB44157,sk-patient-care
js-014766,RB44157,sk-laboratory-diagnostics
js-014767,RB44157,sk-sterilization
js-014768,RB44157,sk-microsoft-office
js-014769,RB44157,sk-slovenian-language
js-014770,RB44112,sk-nursing
js-014771,RB44112,sk-patient-care
js-014772,RB44112,sk-slovenian-language
js-014773,RB34272,sk-nursing
js-014774,RB34272,sk-patient-care
js-014775,RB34272,sk-slovenian-language
js-014776,RB93929,sk-teaching
js-014777,RB93929,sk-communication
js-014778,RB93929,sk-art-education
js-014779,RB93929,sk-microsoft-office
js-014780,RB93929,sk-driving-category-b
js-014781,RB93929,sk-slovenian-language
js-014782,RB93929,sk-english-language
js-014783,RB55240,sk-cleaning
js-014784,RB55240,sk-slovenian-language
js-014785,RC06210,sk-production-work
js-014786,RB78403,sk-customer-service
js-014787,RB78403,sk-communication
js-014788,RC06709,sk-early-childhood-education
js-014789,RC06709,sk-teaching
js-014790,RC06709,sk-communication
js-014791,RC06709,sk-slovenian-language
js-014792,RC12920,sk-packaging
js-014793,RC12920,sk-production-work
js-014794,PY17812,sk-packaging
js-014795,PY17812,sk-driving-category-b
js-014796,PY17812,sk-production-work
js-014797,RB77823,sk-administration
js-014798,RB77823,sk-customer-service
js-014799,RB77823,sk-communication
js-014800,RB77823,sk-microsoft-office
js-014801,RB77823,sk-driving-category-b
js-014802,RB77823,sk-english-language
js-014803,RB77810,sk-driving
js-014804,RB77810,sk-microsoft-office
js-014805,RB77810,sk-customer-service
js-014806,RB77810,sk-communication
js-014807,RB77810,sk-driving-category-b
js-014808,RB77810,sk-english-language
js-014809,RB77810,sk-serbian-language
js-014810,RB49077,sk-accounting
js-014811,RB49077,sk-microsoft-office
js-014812,RB49077,sk-driving-category-b
js-014813,RC05734,sk-accounting
js-014814,RB91226,sk-warehouse-operations
js-014815,RB91226,sk-microsoft-office
js-014816,RB91226,sk-haccp
js-014817,RB91226,sk-driving-category-b
js-014818,RB58809,sk-forklift-operation
js-014819,RB58812,sk-construction-work
js-014820,RB58770,sk-microsoft-office
js-014821,RB59090,sk-construction-work
js-014822,RC03352,sk-forklift-operation
js-014823,RC03352,sk-cash-handling
js-014824,RC03409,sk-cash-handling
js-014825,RC03412,sk-cash-handling
js-014826,ID06994,sk-sales
js-014827,ID06994,sk-customer-service
js-014828,ID06994,sk-microsoft-office
js-014829,ID06994,sk-driving-category-b
js-014830,ID06994,sk-slovenian-language
js-014831,ID07006,sk-automotive-repair
js-014832,ID07006,sk-electrical-work
js-014833,ID07006,sk-driving-category-b
js-014834,RB73147,sk-electrical-work
js-014835,RB73147,sk-microsoft-office
js-014836,RB73147,sk-english-language
js-014837,RB73147,sk-german-language
js-014838,RB88995,sk-electrical-work
js-014839,RC09003,sk-microsoft-office
js-014840,RC09003,sk-cash-handling
js-014841,RC09003,sk-driving-category-b
js-014842,RC09003,sk-driving-category-e
js-014843,RC09003,sk-english-language
js-014844,RB87941,sk-forklift-operation
js-014845,RB87941,sk-cash-handling
js-014846,RB87941,sk-driving-category-b
js-014847,RB87941,sk-slovenian-language
js-014848,RB87941,sk-production-work
js-014849,RB87986,sk-cash-handling
js-014850,RB87986,sk-driving-category-b
js-014851,RB87986,sk-slovenian-language
js-014852,RB87986,sk-production-work
js-014853,RC09048,sk-cleaning
js-014854,RC09048,sk-slovenian-language
js-014855,RC00572,sk-teaching
js-014856,RC00572,sk-communication
js-014857,RC00572,sk-physics
js-014858,RC00572,sk-slovenian-language
js-014859,RC07860,sk-teaching
js-014860,RC07860,sk-communication
js-014861,RC07860,sk-mathematics
js-014862,RC07860,sk-microsoft-office
js-014863,RC07860,sk-driving-category-b
js-014864,RC07860,sk-slovenian-language
js-014865,RC08090,sk-nursing
js-014866,RC08090,sk-patient-care
js-014867,RC08090,sk-intensive-care
js-014868,RC08090,sk-emergency-medicine
js-014869,RC08090,sk-sterilization
js-014870,RC08090,sk-slovenian-language
js-014871,RC08394,sk-nursing
js-014872,RC08394,sk-patient-care
js-014873,RC08394,sk-anesthesiology
js-014874,RC08394,sk-slovenian-language
js-014875,RC03608,sk-pharmacy
js-014876,RC03608,sk-slovenian-language
js-014877,RB98120,sk-physiotherapy
js-014878,RB98120,sk-driving-category-b
js-014879,RB98120,sk-slovenian-language
js-014880,RB20750,sk-laboratory-diagnostics
js-014881,RB20750,sk-microsoft-office
js-014882,RB20750,sk-driving-category-b
js-014883,RB20750,sk-slovenian-language
js-014884,RB93781,sk-production-work
js-014885,RB93781,sk-slovenian-language
js-014886,RC01980,sk-nursing
js-014887,RC01980,sk-patient-care
js-014888,RC01980,sk-customer-service
js-014889,RC01980,sk-communication
js-014890,RC01980,sk-slovenian-language
js-014891,RC09125,sk-early-childhood-education
js-014892,RC09125,sk-teaching
js-014893,RC09125,sk-communication
js-014894,RC09125,sk-slovenian-language
js-014895,RC08087,sk-accounting
js-014896,RC08087,sk-microsoft-office
js-014897,RC08087,sk-customer-service
js-014898,RC08087,sk-communication
js-014899,RC08087,sk-slovenian-language
js-014900,RC12597,sk-microsoft-office
js-014901,RC12597,sk-cash-handling
js-014902,RC12597,sk-slovenian-language
js-014903,RC10716,sk-nursing
js-014904,RC10716,sk-patient-care
js-014905,RC10716,sk-microsoft-office
js-014906,RC10716,sk-slovenian-language
js-014907,RC10660,sk-nursing
js-014908,RC10660,sk-patient-care
js-014909,RC10660,sk-microsoft-office
js-014910,RC10660,sk-slovenian-language
js-014911,RC10639,sk-nursing
js-014912,RC10639,sk-patient-care
js-014913,RC10639,sk-microsoft-office
js-014914,RC10639,sk-slovenian-language
js-014915,RC10733,sk-physiotherapy
js-014916,RC10733,sk-microsoft-office
js-014917,RC10733,sk-slovenian-language
js-014918,RC10608,sk-microsoft-office
js-014919,RC10608,sk-slovenian-language
js-014920,RC10611,sk-cleaning
js-014921,RC10611,sk-slovenian-language
js-014922,RB40078,sk-first-aid
js-014923,RB40078,sk-customer-service
js-014924,RB40078,sk-communication
js-014925,RB40078,sk-driving-category-b
js-014926,RB40078,sk-slovenian-language
js-014927,PY82334,sk-nursing
js-014928,PY82334,sk-patient-care
js-014929,PY82334,sk-driving-category-b
js-014930,PY82334,sk-slovenian-language
js-014931,PZ09097,sk-nursing
js-014932,PZ09097,sk-patient-care
js-014933,PZ09097,sk-sterilization
js-014934,PZ09097,sk-driving-category-b
js-014935,PZ09097,sk-slovenian-language
js-014936,PZ09157,sk-administration
js-014937,PZ09157,sk-driving-category-b
js-014938,PZ09157,sk-slovenian-language
js-014939,PZ65517,sk-customer-service
js-014940,PZ65517,sk-communication
js-014941,PZ65517,sk-driving-category-b
js-014942,PZ65517,sk-slovenian-language
js-014943,RC05570,sk-hospitality
js-014944,RC05570,sk-restaurant-service
js-014945,RC05570,sk-customer-service
js-014946,RC07400,sk-driving
js-014947,RC07400,sk-driving-category-c
js-014948,RA75660,sk-agriculture
js-014949,RA75660,sk-driving-category-b
js-014950,RB97692,sk-microsoft-office
js-014951,RB97692,sk-driving-category-b
js-014952,RB97692,sk-slovenian-language
js-014953,RB97692,sk-english-language
js-014954,RB97692,sk-german-language
js-014955,RB97692,sk-croatian-language
js-014956,RC06911,sk-forklift-operation
js-014957,RC06911,sk-driving-category-b
js-014958,RC06911,sk-driving-category-c
js-014959,RC06911,sk-driving-category-ce
js-014960,RC06911,sk-slovenian-language
js-014961,RC07675,sk-forklift-operation
js-014962,RC07675,sk-microsoft-office
js-014963,RC07675,sk-customer-service
js-014964,RC07675,sk-communication
js-014965,RC07675,sk-driving-category-b
js-014966,RC07675,sk-driving-category-d
js-014967,RC07675,sk-slovenian-language
js-014968,RC07749,sk-microsoft-office
js-014969,RC07749,sk-driving-category-b
js-014970,RC07749,sk-slovenian-language
js-014971,RC05674,sk-production-work
js-014972,RC05674,sk-slovenian-language
js-014973,RB94240,sk-production-work
js-014974,RB94240,sk-cash-handling
js-014975,RB94240,sk-driving-category-b
js-014976,RB70811,sk-truck-driving
js-014977,RB70811,sk-warehouse-operations
js-014978,RB70811,sk-driving-category-b
js-014979,RB70811,sk-driving-category-c
js-014980,RB70811,sk-driving-category-e
js-014981,RB62327,sk-baking
js-014982,RB62327,sk-food-preparation
js-014983,RB62392,sk-baking
js-014984,RB62392,sk-food-preparation
js-014985,RB98670,sk-technical-maintenance
js-014986,RB98670,sk-electrical-work
js-014987,RB98670,sk-driving-category-b
js-014988,RB98653,sk-haccp
js-014989,RB98653,sk-driving-category-b
js-014990,RC11176,sk-production-work
js-014991,RC11176,sk-driving-category-b
js-014992,RC11176,sk-slovenian-language
js-014993,RB91183,sk-administration
js-014994,RB84794,sk-administration
js-014995,RB71527,sk-warehouse-operations
js-014996,RB71527,sk-forklift-operation
js-014997,RB71527,sk-inventory-management
js-014998,RB71527,sk-slovenian-language
js-014999,RB52516,sk-production-work
js-015000,RB52516,sk-driving-category-b
js-015001,RB52516,sk-driving-category-e
js-015002,RB52502,sk-production-work
js-015003,RB52502,sk-driving-category-b
js-015004,RA77797,sk-production-work
js-015005,PZ81549,sk-cnc-machining
js-015006,PZ81549,sk-machine-operation
js-015007,RB95751,sk-welding
js-015008,RB95751,sk-metalworking
js-015009,RB05248,sk-packaging
js-015010,RC06774,sk-technical-maintenance
js-015011,RC06774,sk-driving-category-b
js-015012,RC06774,sk-driving-category-c
js-015013,RC06774,sk-driving-category-e
js-015014,RC06774,sk-slovenian-language
js-015015,RB98684,sk-administration
js-015016,RB98684,sk-microsoft-office
js-015017,RB98684,sk-driving-category-b
js-015018,RC11253,sk-sales
js-015019,RC11253,sk-customer-service
js-015020,RC11253,sk-cash-handling
js-015021,RC11253,sk-driving-category-b
js-015022,RC11253,sk-driving-category-d
js-015023,RC10366,sk-electrical-work
js-015024,RB80011,sk-automotive-repair
js-015025,RB80011,sk-tire-service
js-015026,RB80011,sk-driving-category-b
js-015027,RB80011,sk-slovenian-language
js-015028,RB80011,sk-italian-language
js-015029,RB85985,sk-pharmacy
js-015030,RB85985,sk-slovenian-language
js-015031,RC12630,sk-pharmacy
js-015032,RC12630,sk-microsoft-office
js-015033,RC12630,sk-slovenian-language
js-015034,RB70140,sk-van-driving
js-015035,RB70140,sk-driving-category-b
js-015036,RB70140,sk-driving-category-e
js-015037,RB70140,sk-slovenian-language
js-015038,RC03950,sk-teaching
js-015039,RC03950,sk-communication
js-015040,RC03950,sk-driving-category-b
js-015041,RC03950,sk-slovenian-language
js-015042,RC00130,sk-teaching
js-015043,RC00130,sk-communication
js-015044,RC00130,sk-music-education
js-015045,RC00130,sk-slovenian-language
js-015046,RC06500,sk-technical-maintenance
js-015047,RC06500,sk-driving-category-b
js-015048,RC06500,sk-driving-category-e
js-015049,RC06500,sk-slovenian-language
js-015050,RA66122,sk-production-work
js-015051,RA66122,sk-driving-category-b
js-015052,RA66122,sk-slovenian-language
js-015053,RB51510,sk-administration
js-015054,RB51510,sk-english-language
js-015055,RB78417,sk-cleaning
js-015056,RB78417,sk-driving-category-b
js-015057,RB78417,sk-slovenian-language
js-015058,RB83191,sk-teaching
js-015059,RB83191,sk-communication
js-015060,RB83191,sk-music-education
js-015061,RB83191,sk-microsoft-office
js-015062,RB83191,sk-driving-category-b
js-015063,RB83191,sk-slovenian-language
js-015064,RC05353,sk-medicine
js-015065,RC05353,sk-slovenian-language
js-015066,RC04574,sk-medicine
js-015067,RC04574,sk-cash-handling
js-015068,RC04574,sk-slovenian-language
js-015069,RC02633,sk-medicine
js-015070,RC02633,sk-laboratory-diagnostics
js-015071,RC02633,sk-emergency-medicine
js-015072,RC02633,sk-surgery
js-015073,RC02633,sk-slovenian-language
js-015074,RC02850,sk-medicine
js-015075,RC02850,sk-laboratory-diagnostics
js-015076,RC02850,sk-emergency-medicine
js-015077,RC02850,sk-surgery
js-015078,RC02850,sk-slovenian-language
js-015079,RC03080,sk-administration
js-015080,RC03080,sk-slovenian-language
js-015081,RA77996,sk-medicine
js-015082,RA77996,sk-dental-care
js-015083,RA77996,sk-microsoft-office
js-015084,RA77996,sk-driving-category-b
js-015085,ID35967,sk-hospitality
js-015086,ID35967,sk-restaurant-service
js-015087,ID35967,sk-customer-service
js-015088,ID35967,sk-slovenian-language
js-015089,ID35967,sk-english-language
js-015090,PY87237,sk-medicine
js-015091,PY87237,sk-psychiatry
js-015092,PY87237,sk-microsoft-office
js-015093,PY87237,sk-driving-category-b
js-015094,PY87237,sk-driving-category-c
js-015095,PY87237,sk-slovenian-language
js-015096,PY47643,sk-midwifery
js-015097,PY47643,sk-microsoft-office
js-015098,PY47643,sk-driving-category-b
js-015099,PY47643,sk-driving-category-c
js-015100,PY47643,sk-slovenian-language
js-015101,PV87707,sk-microsoft-office
js-015102,PV87707,sk-driving-category-b
js-015103,PV87707,sk-slovenian-language
js-015104,RB76109,sk-medicine
js-015105,RB76109,sk-pediatrics
js-015106,RB76109,sk-driving-category-b
js-015107,RB76109,sk-slovenian-language
js-015108,RB75060,sk-medicine
js-015109,RB75060,sk-midwifery
js-015110,RB75060,sk-microsoft-office
js-015111,RB75060,sk-slovenian-language
js-015112,RB76070,sk-medicine
js-015113,RB76070,sk-emergency-medicine
js-015114,RB76070,sk-driving-category-b
js-015115,RB76070,sk-slovenian-language
js-015116,RC11560,sk-medicine
js-015117,RC11560,sk-pediatrics
js-015118,RC11560,sk-dental-care
js-015119,RC11560,sk-customer-service
js-015120,RC11560,sk-communication
js-015121,RC12228,sk-microsoft-office
js-015122,RC12228,sk-customer-service
js-015123,RC12228,sk-communication
js-015124,RC12228,sk-driving-category-b
js-015125,RC05444,sk-plumbing
js-015126,RC05444,sk-driving-category-b
js-015127,RC05444,sk-slovenian-language
js-015128,RB81997,sk-technical-maintenance
js-015129,RB81997,sk-driving-category-b
js-015130,RB81997,sk-slovenian-language
js-015131,RB81997,sk-english-language
js-015132,RB82117,sk-technical-maintenance
js-015133,RB82117,sk-driving-category-b
js-015134,RB82117,sk-slovenian-language
js-015135,RB82117,sk-english-language
js-015136,RB96268,sk-production-work
js-015137,RB90919,sk-driving
js-015138,RB90919,sk-driving-category-b
js-015139,RB90919,sk-slovenian-language
js-015140,RB71788,sk-technical-maintenance
js-015141,RB71788,sk-driving-category-b
js-015142,RB71788,sk-driving-category-c
js-015143,RB71788,sk-driving-category-e
js-015144,RB71788,sk-slovenian-language
js-015145,RC10167,sk-early-childhood-education
js-015146,RC10167,sk-teaching
js-015147,RC10167,sk-communication
js-015148,RC10153,sk-early-childhood-education
js-015149,RC10153,sk-teaching
js-015150,RC10153,sk-communication
js-015151,RC07718,sk-cooking
js-015152,RC07718,sk-dietary-cooking
js-015153,RC07718,sk-customer-service
js-015154,RC07718,sk-communication
js-015155,RC07752,sk-teaching
js-015156,RC07752,sk-communication
js-015157,RC07752,sk-driving-category-b
js-015158,RC07752,sk-slovenian-language
js-015159,RC07843,sk-teaching
js-015160,RC07843,sk-communication
js-015161,RC07843,sk-driving-category-b
js-015162,RC07843,sk-driving-category-e
js-015163,RC07843,sk-slovenian-language
js-015164,RC07874,sk-teaching
js-015165,RC07874,sk-communication
js-015166,RC07874,sk-chemistry
js-015167,RC07874,sk-biology
js-015168,RC07874,sk-driving-category-b
js-015169,RC07874,sk-slovenian-language
js-015170,RC08008,sk-production-work
js-015171,RC08008,sk-driving-category-b
js-015172,RC08008,sk-slovenian-language
js-015173,RC07982,sk-teaching
js-015174,RC07982,sk-communication
js-015175,RC07982,sk-driving-category-b
js-015176,RC07982,sk-slovenian-language
js-015177,RC08039,sk-teaching
js-015178,RC08039,sk-communication
js-015179,RC08039,sk-physical-education
js-015180,RC08039,sk-driving-category-b
js-015181,RC08039,sk-slovenian-language
js-015182,RB97644,sk-information-technology
js-015183,RB97644,sk-network-administration
js-015184,RB97644,sk-software-development
js-015185,RB97644,sk-microsoft-office
js-015186,RB97644,sk-driving-category-b
js-015187,RB97644,sk-slovenian-language
js-015188,RB97627,sk-laboratory-diagnostics
js-015189,RB97627,sk-microsoft-office
js-015190,RB97627,sk-driving-category-b
js-015191,RB97627,sk-slovenian-language
js-015192,PY79825,sk-cooking
js-015193,PY79825,sk-dietary-cooking
js-015194,PY79825,sk-customer-service
js-015195,PY79825,sk-communication
js-015196,PY79825,sk-driving-category-b
js-015197,PY79825,sk-driving-category-e
js-015198,PY79825,sk-slovenian-language
js-015199,PY79717,sk-cleaning
js-015200,PY79717,sk-driving-category-b
js-015201,PY79717,sk-driving-category-e
js-015202,PY79717,sk-slovenian-language
js-015203,PY79674,sk-nursing
js-015204,PY79674,sk-patient-care
js-015205,PY79674,sk-microsoft-office
js-015206,PY79674,sk-customer-service
js-015207,PY79674,sk-communication
js-015208,PY79674,sk-driving-category-b
js-015209,PY79674,sk-driving-category-e
js-015210,PY79674,sk-slovenian-language
js-015211,RB52013,sk-geriatric-care
js-015212,RB52013,sk-microsoft-office
js-015213,RB52013,sk-driving-category-b
js-015214,RB52013,sk-driving-category-e
js-015215,RB52013,sk-slovenian-language
js-015216,RB13669,sk-nursing
js-015217,RB13669,sk-patient-care
js-015218,RB13669,sk-emergency-medicine
js-015219,RB13669,sk-sterilization
js-015220,RB13669,sk-microsoft-office
js-015221,RB13669,sk-driving-category-b
js-015222,RB13669,sk-driving-category-e
js-015223,RB13669,sk-slovenian-language
js-015224,RB22795,sk-administration
js-015225,RB22795,sk-driving-category-b
js-015226,RB92923,sk-hospitality
js-015227,RB92923,sk-restaurant-service
js-015228,RB92923,sk-customer-service
js-015229,RB92923,sk-communication
js-015230,RB92923,sk-german-language
js-015231,RB96666,sk-administration
js-015232,RB96666,sk-english-language
js-015233,RB96666,sk-italian-language
js-015234,RB91061,sk-administration
js-015235,RB91061,sk-english-language
js-015236,RB91061,sk-italian-language
js-015237,RB91135,sk-cleaning
js-015238,RB91516,sk-hospitality
js-015239,RB91516,sk-restaurant-service
js-015240,RB91516,sk-customer-service
js-015241,RB91516,sk-communication
js-015242,RB98849,sk-sales
js-015243,RB98849,sk-customer-service
js-015244,RB98849,sk-driving-category-b
js-015245,RC05947,sk-welding
js-015246,RC05947,sk-metalworking
js-015247,RC05947,sk-microsoft-office
js-015248,RC05947,sk-cash-handling
js-015249,RC05947,sk-driving-category-b
js-015250,RC05947,sk-driving-category-d
js-015251,RC05947,sk-slovenian-language
js-015252,RC05597,sk-warehouse-operations
js-015253,RC05597,sk-customer-service
js-015254,RC05597,sk-communication
js-015255,RB93810,sk-machine-operation
js-015256,RB93810,sk-driving-category-b
js-015257,PY40830,sk-automotive-repair
js-015258,PY40830,sk-electrical-work
js-015259,PY40830,sk-customer-service
js-015260,PY40830,sk-communication
js-015261,PY40830,sk-driving-category-b
js-015262,PY40830,sk-slovenian-language
js-015263,PY40830,sk-english-language
js-015264,PY40830,sk-italian-language
js-015265,PX85410,sk-truck-driving
js-015266,PX85410,sk-driving-category-c
js-015267,PX85410,sk-driving-category-e
js-015268,PX85410,sk-driving-category-ce
js-015269,RB94711,sk-microsoft-office
js-015270,RB94711,sk-driving-category-b
js-015271,RB94711,sk-english-language
js-015272,PY91673,sk-nursing
js-015273,PY91673,sk-patient-care
js-015274,PY91673,sk-microsoft-office
js-015275,PY91673,sk-slovenian-language
js-015276,PY91702,sk-nursing
js-015277,PY91702,sk-patient-care
js-015278,PY91702,sk-slovenian-language
js-015279,PY91750,sk-nursing
js-015280,PY91750,sk-patient-care
js-015281,PY91750,sk-microsoft-office
js-015282,PY91750,sk-slovenian-language
js-015283,PZ20133,sk-nursing
js-015284,PZ20133,sk-patient-care
js-015285,PZ20133,sk-microsoft-office
js-015286,PZ20133,sk-slovenian-language
js-015287,RB26797,sk-cooking
js-015288,RB26797,sk-dietary-cooking
js-015289,RB26797,sk-microsoft-office
js-015290,RB26797,sk-customer-service
js-015291,RB26797,sk-communication
js-015292,RB26797,sk-slovenian-language
js-015293,RB87162,sk-nursing
js-015294,RB87162,sk-patient-care
js-015295,RB87162,sk-microsoft-office
js-015296,RB87162,sk-slovenian-language
js-015297,RC06558,sk-midwifery
js-015298,RC06558,sk-customer-service
js-015299,RC06558,sk-communication
js-015300,RC06558,sk-driving-category-b
js-015301,RC00420,sk-production-work
js-015302,RC00420,sk-slovenian-language
js-015303,RB93625,sk-nursing
js-015304,RB93625,sk-patient-care
js-015305,RB93625,sk-microsoft-office
js-015306,RB93625,sk-slovenian-language
js-015307,RC08363,sk-driving
js-015308,RC08363,sk-driving-category-b
js-015309,RB21403,sk-microsoft-office
js-015310,RB21403,sk-driving-category-b
js-015311,RB21403,sk-slovenian-language
js-015312,RB80269,sk-cleaning
js-015313,RB80269,sk-driving-category-b
js-015314,RB80269,sk-slovenian-language
js-015315,RC01303,sk-administration
js-015316,RC01303,sk-driving-category-b
js-015317,RC01303,sk-slovenian-language
js-015318,RC01320,sk-administration
js-015319,RC01320,sk-driving-category-b
js-015320,RC01320,sk-slovenian-language
js-015321,RC02894,sk-driving
js-015322,RC02894,sk-microsoft-office
js-015323,RC02894,sk-driving-category-b
js-015324,RC02894,sk-slovenian-language
js-015325,RC02738,sk-driving
js-015326,RC02738,sk-microsoft-office
js-015327,RC02738,sk-driving-category-b
js-015328,RC02738,sk-slovenian-language
js-015329,RB90601,sk-microsoft-office
js-015330,RB90601,sk-driving-category-b
js-015331,RB90601,sk-slovenian-language
js-015332,RC08181,sk-driving
js-015333,RC08181,sk-microsoft-office
js-015334,RC08181,sk-driving-category-b
js-015335,RC08181,sk-slovenian-language
js-015336,RB21357,sk-microsoft-office
js-015337,RB21357,sk-driving-category-b
js-015338,RB21357,sk-slovenian-language
js-015339,RC06987,sk-electrical-work
js-015340,RC06987,sk-driving-category-b
js-015341,RB55284,sk-welding
js-015342,RB55284,sk-metalworking
js-015343,RB55284,sk-driving-category-b
js-015344,RB55284,sk-driving-category-c
js-015345,RB55284,sk-driving-category-e
js-015346,RB55404,sk-customer-service
js-015347,RB55404,sk-communication
js-015348,RB55404,sk-driving-category-b
js-015349,RB55404,sk-driving-category-c
js-015350,RB55404,sk-driving-category-e
js-015351,RB55358,sk-customer-service
js-015352,RB55358,sk-communication
js-015353,RB55358,sk-driving-category-b
js-015354,RB55358,sk-driving-category-c
js-015355,RB55358,sk-driving-category-e
js-015356,RC07809,sk-customer-service
js-015357,RC07809,sk-communication
js-015358,RC07809,sk-driving-category-b
js-015359,RC07809,sk-slovenian-language
js-015360,RC07809,sk-english-language
js-015361,RB72169,sk-microsoft-office
js-015362,RB72169,sk-driving-category-b
js-015363,RC04267,sk-administration
js-015364,RB80792,sk-technical-maintenance
js-015365,RB80792,sk-driving-category-b
js-015366,RB80792,sk-slovenian-language
js-015367,RB80870,sk-gardening
js-015368,RB80870,sk-driving-category-b
js-015369,RB80870,sk-slovenian-language
js-015370,RB04438,sk-sales
js-015371,RB04438,sk-customer-service
js-015372,RB89163,sk-microsoft-office
js-015373,RB89163,sk-customer-service
js-015374,RB89163,sk-communication
js-015375,RB89163,sk-driving-category-b
js-015376,RB58371,sk-warehouse-operations
js-015377,RB58371,sk-forklift-operation
js-015378,RB58371,sk-driving-category-b
js-015379,RB12876,sk-warehouse-operations
js-015380,RB12876,sk-driving-category-b
js-015381,RB96788,sk-warehouse-operations
js-015382,RB96788,sk-forklift-operation
js-015383,RB96788,sk-driving-category-b
js-015384,RB96788,sk-slovenian-language
js-015385,RA51527,sk-welding
js-015386,RA51527,sk-metalworking
js-015387,RA51527,sk-forklift-operation
js-015388,RA51527,sk-driving-category-b
js-015389,RA51527,sk-slovenian-language
js-015390,RB98593,sk-administration
js-015391,RA01880,sk-welding
js-015392,RA01880,sk-metalworking
js-015393,RA01880,sk-production-work
js-015394,RA01894,sk-electrical-work
js-015395,RA01894,sk-production-work
js-015396,RA01937,sk-plumbing
js-015397,RA01937,sk-production-work
js-015398,RC01837,sk-truck-driving
js-015399,RC01837,sk-warehouse-operations
js-015400,RC01837,sk-driving-category-ce
js-015401,RA97448,sk-truck-driving
js-015402,RA97448,sk-warehouse-operations
js-015403,RA97448,sk-driving-category-ce
js-015404,RB76035,sk-hospitality
js-015405,RB76035,sk-restaurant-service
js-015406,RB76035,sk-customer-service
js-015407,RB76035,sk-communication
js-015408,RB61370,sk-warehouse-operations
js-015409,RB61370,sk-forklift-operation
js-015410,RB97600,sk-construction-work
js-015411,RB97600,sk-metalworking
js-015412,RB97600,sk-english-language
js-015413,RB15304,sk-information-technology
js-015414,RB15304,sk-network-administration
js-015415,RB15304,sk-software-development
js-015416,RB15304,sk-microsoft-office
js-015417,RB15304,sk-slovenian-language
js-015418,RB15304,sk-english-language
js-015419,RB89393,sk-driving
js-015420,RB89393,sk-warehouse-operations
js-015421,RB89393,sk-slovenian-language
js-015422,RB87617,sk-technical-maintenance
js-015423,RB87617,sk-electrical-work
js-015424,RB87617,sk-slovenian-language
js-015425,RB03480,sk-cnc-machining
js-015426,RB03480,sk-machine-operation
js-015427,RA71595,sk-administration
js-015428,RA71595,sk-slovenian-language
js-015429,RA71581,sk-construction-work
js-015430,RA71581,sk-slovenian-language
js-015431,RA71581,sk-production-work
js-015432,PZ54610,sk-administration
js-015433,PZ54610,sk-slovenian-language
js-015434,PV33185,sk-welding
js-015435,PV33185,sk-metalworking
js-015436,PV33185,sk-slovenian-language
js-015437,PX13813,sk-production-work
js-015438,PX13813,sk-warehouse-operations
js-015439,PX13813,sk-slovenian-language
js-015440,RA15264,sk-administration
js-015441,RA15264,sk-slovenian-language
js-015442,RB96010,sk-warehouse-operations
js-015443,RB96010,sk-microsoft-office
js-015444,RB96010,sk-driving-category-b
js-015445,RC12046,sk-legal-work
js-015446,RC12046,sk-microsoft-office
js-015447,RC12046,sk-driving-category-b
js-015448,RC12046,sk-english-language
js-015449,RC08025,sk-production-work
js-015450,RC08025,sk-driving-category-b
js-015451,RC08025,sk-slovenian-language
js-015452,RC07965,sk-driving
js-015453,RC07965,sk-driving-category-b
js-015454,RC07965,sk-slovenian-language
js-015455,PY32008,sk-automotive-repair
js-015456,PY32008,sk-electrical-work
js-015457,PY32008,sk-driving-category-b
js-015458,PY32008,sk-slovenian-language
js-015459,PY32008,sk-english-language
js-015460,RB19903,sk-microsoft-office
js-015461,RB65124,sk-technical-maintenance
js-015462,RB65124,sk-mechanical-repair
js-015463,RB65124,sk-electrical-work
js-015464,RB65124,sk-customer-service
js-015465,RB65124,sk-communication
js-015466,RB65124,sk-driving-category-b
js-015467,RB65124,sk-english-language
js-015468,PT89050,sk-administration
js-015469,IC65361,sk-dental-care
js-015470,RB96726,sk-production-work
js-015471,RB96726,sk-warehouse-operations
js-015472,RB96939,sk-packaging
js-015473,RB97310,sk-cnc-machining
js-015474,RB97310,sk-machine-operation
js-015475,RB88860,sk-accounting
js-015476,RB88860,sk-microsoft-office
js-015477,RB88860,sk-customer-service
js-015478,RB88860,sk-communication
js-015479,RB88860,sk-cash-handling
js-015480,RB88860,sk-slovenian-language
js-015481,RB59818,sk-truck-driving
js-015482,RB59818,sk-driving-category-b
js-015483,RB59818,sk-driving-category-c
js-015484,RB59818,sk-driving-category-e
js-015485,RB59818,sk-slovenian-language
js-015486,RB21417,sk-cleaning
js-015487,RB21417,sk-driving-category-b
js-015488,PZ07722,sk-cleaning
js-015489,PZ07722,sk-driving-category-b
js-015490,PY09652,sk-electrical-work
js-015491,PY09652,sk-driving-category-b
js-015492,PZ75038,sk-assembly
js-015493,PZ75038,sk-customer-service
js-015494,PZ75038,sk-communication
js-015495,PZ75038,sk-driving-category-b
js-015496,PZ75038,sk-slovenian-language
js-015497,PZ75038,sk-english-language
js-015498,PZ75038,sk-italian-language
js-015499,RC04509,sk-administration
js-015500,RB81659,sk-baking
js-015501,RB81659,sk-food-preparation
js-015502,RB81659,sk-microsoft-office
js-015503,RB81659,sk-customer-service
js-015504,RB81659,sk-communication
js-015505,RB81659,sk-driving-category-b
js-015506,RB81659,sk-english-language
js-015507,RB81599,sk-microsoft-office
js-015508,RB81599,sk-customer-service
js-015509,RB81599,sk-communication
js-015510,RB81599,sk-driving-category-b
js-015511,RB81599,sk-english-language
js-015512,RB85786,sk-microsoft-office
js-015513,RB85786,sk-customer-service
js-015514,RB85786,sk-communication
js-015515,RB85786,sk-driving-category-b
js-015516,RB85786,sk-english-language
js-015517,RB83112,sk-technical-maintenance
js-015518,RB83112,sk-mechanical-repair
js-015519,RB95094,sk-painting
js-015520,RB95080,sk-production-work
js-015521,RB89240,sk-quality-control
js-015522,RB89240,sk-microsoft-office
js-015523,RB89240,sk-customer-service
js-015524,RB89240,sk-communication
js-015525,RB89240,sk-driving-category-b
js-015526,RB89240,sk-english-language
js-015527,RC12305,sk-microsoft-office
js-015528,RC12305,sk-driving-category-b
js-015529,RC12305,sk-slovenian-language
js-015530,RC12305,sk-english-language
js-015531,RB59410,sk-microsoft-office
js-015532,RB59410,sk-customer-service
js-015533,RB59410,sk-communication
js-015534,RB59410,sk-driving-category-b
js-015535,RB59410,sk-english-language
js-015536,RB59410,sk-croatian-language
js-015537,RB92312,sk-warehouse-operations
js-015538,RB92312,sk-microsoft-office
js-015539,RB92312,sk-driving-category-b
js-015540,RB63688,sk-cleaning
js-015541,RB63688,sk-driving-category-b
js-015542,RB63643,sk-cooking
js-015543,RB63643,sk-driving-category-b
js-015544,RB32500,sk-administration
js-015545,RB32500,sk-driving-category-b
js-015546,RB32500,sk-slovenian-language
js-015547,ID35936,sk-warehouse-operations
js-015548,ID35936,sk-production-work
js-015549,RB70400,sk-nursing
js-015550,RB70400,sk-patient-care
js-015551,RB70400,sk-microsoft-office
js-015552,RB70400,sk-slovenian-language
js-015553,RB70400,sk-english-language
js-015554,ID37158,sk-sales
js-015555,ID37158,sk-customer-service
js-015556,ID37158,sk-english-language
js-015557,ID37158,sk-italian-language
js-015558,RB78482,sk-microsoft-office
js-015559,RB78482,sk-driving-category-b
js-015560,RB78482,sk-english-language
js-015561,IC96275,sk-truck-driving
js-015562,IC96275,sk-driving-category-c
js-015563,RB65310,sk-truck-driving
js-015564,RB65310,sk-driving-category-c
js-015565,RB65310,sk-driving-category-e
js-015566,RB00470,sk-gardening
js-015567,RB00470,sk-driving-category-b
js-015568,RB76296,sk-truck-driving
js-015569,RB76296,sk-warehouse-operations
js-015570,RB76296,sk-driving-category-b
js-015571,RB76296,sk-driving-category-c
js-015572,RB76296,sk-driving-category-e
js-015573,RB86764,sk-gardening
js-015574,RB86764,sk-driving-category-b
js-015575,RB86764,sk-slovenian-language
js-015576,RB86292,sk-administration
js-015577,RB86292,sk-driving-category-b
js-015578,RB86140,sk-warehouse-operations
js-015579,RB86140,sk-forklift-operation
js-015580,RB86045,sk-production-work
js-015581,ID08370,sk-cooking
js-015582,PY62618,sk-welding
js-015583,PY62618,sk-metalworking
js-015584,PY62618,sk-production-work
js-015585,IC74561,sk-assembly
js-015586,IC74561,sk-driving-category-b
js-015587,IC74561,sk-slovenian-language
js-015588,RB56842,sk-customer-service
js-015589,RB56842,sk-communication
js-015590,RB56842,sk-cash-handling
js-015591,RB56842,sk-driving-category-b
js-015592,RB56842,sk-slovenian-language
js-015593,RC06879,sk-sales
js-015594,RC06879,sk-customer-service
js-015595,RC06879,sk-communication
js-015596,RC06879,sk-cash-handling
js-015597,RB76828,sk-cooking
js-015598,RB76828,sk-haccp
js-015599,RB76828,sk-slovenian-language
js-015600,RB76859,sk-sales
js-015601,RB76859,sk-customer-service
js-015602,RB76859,sk-communication
js-015603,RB76859,sk-slovenian-language
js-015604,RB76814,sk-cooking
js-015605,RB76814,sk-haccp
js-015606,RB76814,sk-slovenian-language
js-015607,RB91118,sk-cleaning
js-015608,RB91118,sk-slovenian-language
js-015609,IC94581,sk-driving
js-015610,IC94581,sk-driving-category-c
js-015611,IC94581,sk-driving-category-e
js-015612,RB69070,sk-hospitality
js-015613,RB69070,sk-restaurant-service
js-015614,RB69070,sk-customer-service
js-015615,RB69070,sk-communication
js-015616,RB69070,sk-driving-category-b
js-015617,RC06757,sk-cleaning
js-015618,RC06757,sk-driving-category-b
js-015619,RC06757,sk-slovenian-language
js-015620,RC04037,sk-cleaning
js-015621,RC04037,sk-driving-category-b
js-015622,RC04037,sk-slovenian-language
js-015623,RC09889,sk-administration
js-015624,PX66094,sk-sales
js-015625,PX66094,sk-customer-service
js-015626,PX66094,sk-microsoft-office
js-015627,PX66094,sk-communication
js-015628,PX66094,sk-cash-handling
js-015629,PX66094,sk-driving-category-b
js-015630,PX66094,sk-driving-category-e
js-015631,PX66094,sk-slovenian-language
js-015632,PX66094,sk-english-language
js-015633,RB81628,sk-accounting
js-015634,RB81628,sk-microsoft-office
js-015635,RB29992,sk-teaching
js-015636,RB29992,sk-communication
js-015637,RB29992,sk-english-language
js-015638,RA98764,sk-teaching
js-015639,RA98764,sk-communication
js-015640,RA98764,sk-biology
js-015641,RA98764,sk-english-language
js-015642,RC04591,sk-forestry
js-015643,RC04591,sk-microsoft-office
js-015644,RC04591,sk-english-language
js-015645,RB94023,sk-woodworking
js-015646,PZ17854,sk-laboratory-diagnostics
js-015647,PZ17854,sk-midwifery
js-015648,RC06055,sk-information-technology
js-015649,RC06055,sk-it-infrastructure
js-015650,RC06055,sk-project-management
js-015651,RA34105,sk-administration
js-015652,PX29078,sk-laboratory-diagnostics
js-015653,PX29078,sk-emergency-medicine
js-015654,RA96334,sk-technical-maintenance
js-015655,RC10551,sk-laboratory-diagnostics
js-015656,RC10551,sk-emergency-medicine
js-015657,RC05902,sk-laboratory-diagnostics
js-015658,RC05902,sk-emergency-medicine
js-015659,RC08164,sk-surgery
js-015660,RC08164,sk-dental-care
js-015661,RB99307,sk-teaching
js-015662,RB99307,sk-communication
js-015663,RB99307,sk-microsoft-office
js-015664,RB99307,sk-driving-category-b
js-015665,RB99307,sk-english-language
js-015666,RB98789,sk-teaching
js-015667,RB98789,sk-communication
js-015668,RB98789,sk-microsoft-office
js-015669,RB98789,sk-english-language
js-015670,RB98181,sk-teaching
js-015671,RB98181,sk-communication
js-015672,RB98181,sk-microsoft-office
js-015673,RB98181,sk-customer-service
js-015674,RB98181,sk-english-language
js-015675,RB20425,sk-driving
js-015676,RB20425,sk-microsoft-office
js-015677,RB20425,sk-driving-category-b
js-015678,RB20425,sk-slovenian-language
js-015679,RB20425,sk-english-language
js-015680,RB90279,sk-driving
js-015681,RB90279,sk-warehouse-operations
js-015682,RB90279,sk-forklift-operation
js-015683,RB90279,sk-driving-category-b
js-015684,RB90279,sk-driving-category-e
js-015685,RA89226,sk-teaching
js-015686,RA89226,sk-communication
js-015687,RB90663,sk-cleaning
js-015688,RB50320,sk-teaching
js-015689,RB50320,sk-communication
js-015690,RB50320,sk-slovenian-language
js-015691,RB50347,sk-teaching
js-015692,RB50347,sk-communication
js-015693,RB12130,sk-teaching
js-015694,RB12130,sk-communication
js-015695,RB12130,sk-slovenian-language
js-015696,RB63293,sk-customer-service
js-015697,RB63293,sk-communication
js-015698,RB63293,sk-slovenian-language
js-015699,RB63293,sk-english-language
js-015700,RB76940,sk-teaching
js-015701,RB76940,sk-communication
js-015702,RB76940,sk-driving-category-b
js-015703,RB76940,sk-slovenian-language
js-015704,RB76940,sk-english-language
js-015705,RA93889,sk-teaching
js-015706,RA93889,sk-communication
js-015707,RA93889,sk-slovenian-language
js-015708,RA93889,sk-english-language
js-015709,RA98045,sk-teaching
js-015710,RA98045,sk-communication
js-015711,RB92130,sk-technical-maintenance
js-015712,RB92130,sk-mechanical-repair
js-015713,RB92130,sk-customer-service
js-015714,RB92130,sk-communication
js-015715,RB92130,sk-cash-handling
js-015716,RB92130,sk-driving-category-b
js-015717,RB92130,sk-english-language
js-015718,RC08255,sk-microsoft-office
js-015719,RC08255,sk-english-language
js-015720,RC06069,sk-laboratory-diagnostics
js-015721,RC06069,sk-english-language
js-015722,RC06194,sk-laboratory-diagnostics
js-015723,RC06194,sk-english-language
js-015724,RB83360,sk-laboratory-diagnostics
js-015725,RB83360,sk-english-language
js-015726,RB83234,sk-laboratory-diagnostics
js-015727,RB83234,sk-english-language
js-015728,RA38354,sk-production-work
js-015729,RB97095,sk-pharmacy
js-015730,RB97095,sk-microsoft-office
js-015731,RB97095,sk-english-language
js-015732,RB99892,sk-teaching
js-015733,RB99892,sk-communication
js-015734,RB99892,sk-music-education
js-015735,RB99892,sk-slovenian-language
js-015736,RC11512,sk-accounting
js-015737,RC11512,sk-microsoft-office
js-015738,RC11512,sk-customer-service
js-015739,RC11512,sk-communication
js-015740,RC11512,sk-slovenian-language
js-015741,RC11512,sk-english-language
js-015742,RB75700,sk-teaching
js-015743,RB75700,sk-communication
js-015744,RB15292,sk-teaching
js-015745,RB15292,sk-communication
js-015746,RB76919,sk-microsoft-office
js-015747,RC11159,sk-teaching
js-015748,RC11159,sk-communication
js-015749,RC05492,sk-administration
js-015750,RC05492,sk-slovenian-language
js-015751,RC05492,sk-english-language
js-015752,RB34789,sk-teaching
js-015753,RB34789,sk-communication
js-015754,RB34789,sk-slovenian-language
js-015755,RB34789,sk-english-language
js-015756,RB90308,sk-driving
js-015757,RB90308,sk-warehouse-operations
js-015758,RB90308,sk-forklift-operation
js-015759,RB90308,sk-driving-category-b
js-015760,RB90308,sk-slovenian-language
js-015761,PZ26200,sk-cnc-machining
js-015762,PZ26200,sk-machine-operation
js-015763,RB94145,sk-cnc-machining
js-015764,RB94145,sk-machine-operation
js-015765,RB95427,sk-administration
js-015766,RB98943,sk-administration
js-015767,RC01550,sk-warehouse-operations
js-015768,RC01013,sk-production-work
js-015769,PZ37598,sk-medicine
js-015770,PZ37598,sk-haccp
js-015771,PZ37598,sk-customer-service
js-015772,PZ37598,sk-communication
js-015773,RB80060,sk-information-technology
js-015774,RB80060,sk-network-administration
js-015775,RB80060,sk-cybersecurity
js-015776,RB80060,sk-project-management
js-015777,RB80060,sk-microsoft-office
js-015778,RB80060,sk-customer-service
js-015779,RB80060,sk-communication
js-015780,RB80060,sk-driving-category-b
js-015781,RB80060,sk-slovenian-language
js-015782,RB80060,sk-english-language
js-015783,RC00893,sk-microsoft-office
js-015784,RC00893,sk-slovenian-language
js-015785,RC00893,sk-english-language
js-015786,PZ96678,sk-microsoft-office
js-015787,PZ96678,sk-slovenian-language
js-015788,PZ96678,sk-english-language
js-015789,RA76865,sk-microsoft-office
js-015790,RA76865,sk-slovenian-language
js-015791,RA76865,sk-english-language
js-015792,RB35631,sk-administration
js-015793,RB90130,sk-microsoft-office
js-015794,RB90130,sk-driving-category-b
js-015795,RB90130,sk-english-language
js-015796,RB90130,sk-german-language
js-015797,RB94773,sk-administration
js-015798,RB94773,sk-microsoft-office
js-015799,RB94773,sk-driving-category-b
js-015800,RB94773,sk-slovenian-language
js-015801,RB94773,sk-english-language
js-015802,RC10261,sk-quality-control
js-015803,RC10261,sk-microsoft-office
js-015804,RC10261,sk-haccp
js-015805,RC10261,sk-customer-service
js-015806,RC10261,sk-communication
js-015807,RC10261,sk-driving-category-b
js-015808,RC10261,sk-driving-category-e
js-015809,RC10261,sk-slovenian-language
js-015810,RC10261,sk-english-language
js-015811,RB90157,sk-machine-operation
js-015812,RB90157,sk-forklift-operation
js-015813,RB90157,sk-slovenian-language
js-015814,RB83464,sk-assembly
js-015815,RB83464,sk-microsoft-office
js-015816,RB83464,sk-driving-category-b
js-015817,RB83507,sk-assembly
js-015818,RB83507,sk-driving-category-b
js-015819,RB64146,sk-cleaning
js-015820,RB64146,sk-driving-category-b
js-015821,RB63916,sk-cooking
js-015822,RB63916,sk-customer-service
js-015823,RB63916,sk-communication
js-015824,RB63916,sk-driving-category-b
js-015825,RB64007,sk-hospitality
js-015826,RB64007,sk-restaurant-service
js-015827,RB64007,sk-customer-service
js-015828,RB64007,sk-communication
js-015829,RB64007,sk-cash-handling
js-015830,RB64007,sk-driving-category-b
js-015831,RB64007,sk-driving-category-e
js-015832,RB64069,sk-baking
js-015833,RB64069,sk-food-preparation
js-015834,RB64069,sk-customer-service
js-015835,RB64069,sk-communication
js-015836,RB64069,sk-driving-category-b
js-015837,ID35143,sk-microsoft-office
js-015838,ID35143,sk-customer-service
js-015839,ID35143,sk-communication
js-015840,ID35143,sk-driving-category-b
js-015841,ID35143,sk-english-language
js-015842,ID35143,sk-italian-language
js-015843,ID35143,sk-croatian-language
js-015844,PZ95777,sk-electrical-work
js-015845,PZ95777,sk-microsoft-office
js-015846,PZ95777,sk-customer-service
js-015847,PZ95777,sk-communication
js-015848,PZ95777,sk-driving-category-b
js-015849,PZ95777,sk-english-language
js-015850,RB70856,sk-truck-driving
js-015851,RB70856,sk-driving-category-b
js-015852,RB70856,sk-driving-category-c
js-015853,RB70856,sk-driving-category-e
js-015854,RB57271,sk-technical-maintenance
js-015855,RB57271,sk-mechanical-repair
js-015856,RB57271,sk-electrical-work
js-015857,RB57271,sk-driving-category-b
js-015858,RB57271,sk-english-language
js-015859,RB57146,sk-packaging
js-015860,RB57146,sk-driving-category-b
js-015861,RB57146,sk-production-work
js-015862,RB57817,sk-construction-work
js-015863,RB57817,sk-slovenian-language
js-015864,RB57817,sk-production-work
js-015865,RC07110,sk-hospitality
js-015866,RC07110,sk-restaurant-service
js-015867,RC07110,sk-customer-service
js-015868,RC07110,sk-microsoft-office
js-015869,RC07110,sk-communication
js-015870,RC07110,sk-driving-category-b
js-015871,RC07110,sk-driving-category-e
js-015872,RC07110,sk-english-language
js-015873,RC07110,sk-german-language
js-015874,RA95998,sk-machine-operation
js-015875,RA95998,sk-microsoft-office
js-015876,RA95998,sk-customer-service
js-015877,RA95998,sk-communication
js-015878,RA95998,sk-driving-category-b
js-015879,RA95998,sk-slovenian-language
js-015880,RA95998,sk-english-language
js-015881,RB79136,sk-sales
js-015882,RB79136,sk-customer-service
js-015883,RB79136,sk-microsoft-office
js-015884,RB79136,sk-communication
js-015885,RB79136,sk-driving-category-b
js-015886,RB79136,sk-driving-category-e
js-015887,RB79136,sk-slovenian-language
js-015888,RB79136,sk-english-language
js-015889,RB79136,sk-serbian-language
js-015890,RA55009,sk-microsoft-office
js-015891,RA55009,sk-driving-category-b
js-015892,RA55009,sk-english-language
js-015893,RA52095,sk-teaching
js-015894,RA52095,sk-communication
js-015895,RA52095,sk-english-language
js-015896,RB61430,sk-cooking
js-015897,RB61430,sk-customer-service
js-015898,RB61430,sk-communication
js-015899,RB61430,sk-driving-category-b
js-015900,RC04358,sk-hospitality
js-015901,RC04358,sk-restaurant-service
js-015902,RC04358,sk-customer-service
js-015903,RB89359,sk-administration
js-015904,RB89359,sk-microsoft-office
js-015905,RB89359,sk-driving-category-b
js-015906,RB89359,sk-slovenian-language
js-015907,RB89359,sk-english-language
js-015908,RB78326,sk-physiotherapy
js-015909,RB78326,sk-english-language
js-015910,RA53545,sk-administration
js-015911,RA53545,sk-english-language
js-015912,RA53636,sk-laboratory-diagnostics
js-015913,RA53636,sk-english-language
js-015914,RA00000,sk-orthopedics
js-015915,RA00000,sk-slovenian-language
js-015916,RA25274,sk-nursing
js-015917,RA25274,sk-patient-care
js-015918,RA25274,sk-customer-service
js-015919,RA25274,sk-communication
js-015920,RA25274,sk-slovenian-language
js-015921,PZ55694,sk-cleaning
js-015922,PZ55694,sk-slovenian-language
js-015923,PY85682,sk-orthopedics
js-015924,PY85682,sk-slovenian-language
js-015925,PP18888,sk-nursing
js-015926,PP18888,sk-patient-care
js-015927,PP18888,sk-customer-service
js-015928,PP18888,sk-communication
js-015929,PP18888,sk-slovenian-language
js-015930,RC05504,sk-accounting
js-015931,RC05504,sk-microsoft-office
js-015932,RC05504,sk-cash-handling
js-015933,RC05504,sk-slovenian-language
js-015934,RC04938,sk-microsoft-office
js-015935,RC04938,sk-cash-handling
js-015936,RC04938,sk-slovenian-language
js-015937,RC06041,sk-sales
js-015938,RC06041,sk-customer-service
js-015939,RC06041,sk-microsoft-office
js-015940,RC06041,sk-cash-handling
js-015941,RC06041,sk-slovenian-language
js-015942,RB98700,sk-sales
js-015943,RB98700,sk-customer-service
js-015944,RB98700,sk-microsoft-office
js-015945,RB98700,sk-communication
js-015946,RB98700,sk-driving-category-b
js-015947,RB98700,sk-german-language
js-015948,RB98700,sk-hungarian-language
js-015949,RB98410,sk-warehouse-operations
js-015950,RB98410,sk-slovenian-language
js-015951,RB38442,sk-microsoft-office
js-015952,RB38442,sk-english-language
js-015953,IC89430,sk-administration
js-015954,IC89430,sk-driving-category-b
js-015955,IC89430,sk-slovenian-language
js-015956,IC92731,sk-nursing
js-015957,IC92731,sk-patient-care
js-015958,IC92731,sk-driving-category-b
js-015959,IC92731,sk-slovenian-language
js-015960,RB82700,sk-cleaning
js-015961,RB82700,sk-driving-category-b
js-015962,RB82759,sk-technical-maintenance
js-015963,RB82759,sk-forklift-operation
js-015964,RB82759,sk-driving-category-b
js-015965,RC08423,sk-information-technology
js-015966,RC08423,sk-network-administration
js-015967,RC08423,sk-network-monitoring
js-015968,RC08423,sk-software-development
js-015969,RC08423,sk-project-management
js-015970,RC08423,sk-microsoft-office
js-015971,RC08423,sk-customer-service
js-015972,RC08423,sk-communication
js-015973,RC08423,sk-english-language
js-015974,RB94907,sk-sales
js-015975,RB94907,sk-customer-service
js-015976,RB94907,sk-driving-category-b
js-015977,RB94907,sk-slovenian-language
js-015978,RB99310,sk-machine-operation
js-015979,RB99310,sk-driving-category-b
js-015980,RB99341,sk-construction-work
js-015981,RB99341,sk-driving-category-b
js-015982,RB99341,sk-slovenian-language
js-015983,RB99369,sk-assembly
js-015984,RB99369,sk-driving-category-b
js-015985,RB99355,sk-masonry
js-015986,RB99355,sk-construction-work
js-015987,RB99355,sk-driving-category-b
js-015988,RB99324,sk-truck-driving
js-015989,RB99324,sk-driving-category-b
js-015990,RB99324,sk-driving-category-c
js-015991,RB99324,sk-driving-category-e
js-015992,RB99324,sk-driving-category-ce
js-015993,RB99338,sk-construction-work
js-015994,RB99338,sk-driving-category-b
js-015995,RB99338,sk-slovenian-language
js-015996,RB67740,sk-driving-instruction
js-015997,RB67740,sk-teaching
js-015998,RB67740,sk-communication
js-015999,RB67740,sk-microsoft-office
js-016000,RB67740,sk-driving-category-b
js-016001,RB78755,sk-truck-driving
js-016002,RB78755,sk-driving-category-b
js-016003,RB78755,sk-driving-category-c
js-016004,RB78755,sk-driving-category-e
js-016005,PY60907,sk-truck-driving
js-016006,PY60907,sk-driving-category-b
js-016007,PY60907,sk-driving-category-c
js-016008,PY60907,sk-driving-category-d
js-016009,PY60907,sk-english-language
js-016010,PY60907,sk-italian-language
js-016011,RB87711,sk-hospitality
js-016012,RB87711,sk-restaurant-service
js-016013,RB87711,sk-customer-service
js-016014,RB87711,sk-communication
js-016015,RB87711,sk-english-language
js-016016,RC03153,sk-microsoft-office
js-016017,RC03153,sk-driving-category-b
js-016018,RC03153,sk-driving-category-e
js-016019,RC03153,sk-slovenian-language
js-016020,RC03153,sk-english-language
js-016021,RB28554,sk-warehouse-operations
js-016022,RB28554,sk-haccp
js-016023,RB28554,sk-customer-service
js-016024,RB28554,sk-communication
js-016025,RB28554,sk-driving-category-b
js-016026,RB28554,sk-slovenian-language
js-016027,RB28554,sk-english-language
js-016028,RB60801,sk-warehouse-operations
js-016029,RB60801,sk-driving-category-b
js-016030,RB60801,sk-driving-category-c
js-016031,RB60801,sk-croatian-language
js-016032,RB93579,sk-customer-service
js-016033,RB93579,sk-communication
js-016034,RB93579,sk-driving-category-b
js-016035,RB92968,sk-cleaning
js-016036,RB92968,sk-customer-service
js-016037,RB92968,sk-communication
js-016038,RB92968,sk-driving-category-b
js-016039,RB92968,sk-driving-category-d
js-016040,RB92968,sk-english-language
js-016041,RB92968,sk-german-language
js-016042,RC09599,sk-plumbing
js-016043,RC09599,sk-microsoft-office
js-016044,RC09599,sk-customer-service
js-016045,RC09599,sk-communication
js-016046,RC09599,sk-driving-category-b
js-016047,RC09310,sk-driving
js-016048,RC09310,sk-warehouse-operations
js-016049,RC09310,sk-microsoft-office
js-016050,RC09310,sk-customer-service
js-016051,RC09310,sk-communication
js-016052,RC09310,sk-cash-handling
js-016053,RC09310,sk-driving-category-b
js-016054,RB79031,sk-truck-driving
js-016055,RB79031,sk-driving-category-b
js-016056,RB79031,sk-driving-category-c
js-016057,RB79031,sk-driving-category-e
js-016058,RB79031,sk-driving-category-ce
js-016059,RB78968,sk-driving
js-016060,RB78968,sk-english-language
js-016061,RB78968,sk-italian-language
js-016062,RB78968,sk-serbian-language
js-016063,RB84871,sk-warehouse-operations
js-016064,RB84871,sk-haccp
js-016065,RC11344,sk-early-childhood-education
js-016066,RC11344,sk-teaching
js-016067,RC11344,sk-communication
js-016068,RC08150,sk-early-childhood-education
js-016069,RC08150,sk-teaching
js-016070,RC08150,sk-communication
js-016071,RC04682,sk-cnc-machining
js-016072,RC04682,sk-machine-operation
js-016073,RC04682,sk-driving-category-b
js-016074,RC04682,sk-slovenian-language
js-016075,RC04682,sk-english-language
js-016076,RB57791,sk-customer-service
js-016077,RB57791,sk-communication
js-016078,RB57791,sk-driving-category-b
js-016079,RB57791,sk-driving-category-e
js-016080,RB57791,sk-slovenian-language
js-016081,RB88384,sk-cooking
js-016082,RB88384,sk-driving-category-b
js-016083,RB88427,sk-administration
js-016084,RB88427,sk-driving-category-b
js-016085,RB88430,sk-administration
js-016086,RB88430,sk-driving-category-b
js-016087,RB42935,sk-microsoft-office
js-016088,RB42935,sk-english-language
js-016089,RB43120,sk-microsoft-office
js-016090,RB43120,sk-english-language
js-016091,RC01900,sk-information-technology
js-016092,RC01900,sk-it-infrastructure
js-016093,RC01900,sk-network-administration
js-016094,RC01900,sk-project-management
js-016095,RC01900,sk-microsoft-office
js-016096,RC01900,sk-english-language
js-016097,RC07354,sk-early-childhood-education
js-016098,RC07354,sk-teaching
js-016099,RC07354,sk-communication
js-016100,RC07354,sk-slovenian-language
js-016101,RC04530,sk-early-childhood-education
js-016102,RC04530,sk-teaching
js-016103,RC04530,sk-communication
js-016104,RC04530,sk-microsoft-office
js-016105,RC04530,sk-slovenian-language
js-016106,RC04739,sk-cooking
js-016107,RC04739,sk-microsoft-office
js-016108,RC04739,sk-customer-service
js-016109,RC04739,sk-communication
js-016110,RC04739,sk-slovenian-language
js-016111,RB99523,sk-early-childhood-education
js-016112,RB99523,sk-teaching
js-016113,RB99523,sk-communication
js-016114,RB99523,sk-microsoft-office
js-016115,RB99523,sk-slovenian-language
js-016116,RC10409,sk-driving
js-016117,RC10409,sk-cash-handling
js-016118,RC10409,sk-driving-category-b
js-016119,RC10409,sk-driving-category-e
js-016120,RC10409,sk-slovenian-language
js-016121,RC10412,sk-driving
js-016122,RC10412,sk-cash-handling
js-016123,RC10412,sk-driving-category-b
js-016124,RC10412,sk-slovenian-language
js-016125,RB98866,sk-nursing
js-016126,RB98866,sk-patient-care
js-016127,RB98866,sk-slovenian-language
js-016128,RB98912,sk-nursing
js-016129,RB98912,sk-patient-care
js-016130,RB98912,sk-slovenian-language
js-016131,RB24080,sk-cleaning
js-016132,RB24080,sk-slovenian-language
js-016133,RB91686,sk-packaging
js-016134,RB91686,sk-driving-category-b
js-016135,RB91686,sk-slovenian-language
js-016136,RB91686,sk-production-work
js-016137,RB91690,sk-administration
js-016138,RB91690,sk-driving-category-b
js-016139,RB91690,sk-slovenian-language
js-016140,RC02374,sk-microsoft-office
js-016141,RC02374,sk-customer-service
js-016142,RC02374,sk-communication
js-016143,RC02374,sk-cash-handling
js-016144,RC02374,sk-driving-category-b
js-016145,RC02374,sk-slovenian-language
js-016146,RC02374,sk-english-language
js-016147,RC02374,sk-production-work
js-016148,RC08870,sk-technical-maintenance
js-016149,RB54200,sk-cleaning
js-016150,RB54200,sk-slovenian-language
js-016151,ID10663,sk-cooking
js-016152,RB75350,sk-medicine
js-016153,RB75350,sk-dental-care
js-016154,RB75350,sk-microsoft-office
js-016155,RB75350,sk-slovenian-language
js-016156,RB81736,sk-packaging
js-016157,RB81736,sk-driving-category-b
js-016158,RB81736,sk-production-work
js-016159,RB71163,sk-machine-operation
js-016160,RB71163,sk-driving-category-b
js-016161,RB71163,sk-slovenian-language
js-016162,RB71163,sk-english-language
js-016163,RB96956,sk-microsoft-office
js-016164,RB96956,sk-driving-category-b
js-016165,RB96956,sk-slovenian-language
js-016166,RB96956,sk-english-language
js-016167,RB97891,sk-cooking
js-016168,RB97891,sk-driving-category-b
js-016169,RB97891,sk-slovenian-language
js-016170,RB97323,sk-warehouse-operations
js-016171,RB97323,sk-production-work
js-016172,RB77260,sk-truck-driving
js-016173,RB77260,sk-driving-category-b
js-016174,RB77260,sk-driving-category-c
js-016175,RA78440,sk-hospitality
js-016176,RA78440,sk-restaurant-service
js-016177,RA78440,sk-customer-service
js-016178,RA78440,sk-driving-category-b
js-016179,RB47720,sk-woodworking
js-016180,RB47720,sk-driving-category-b
js-016181,RC10397,sk-cleaning
js-016182,RB91806,sk-microsoft-office
js-016183,RB91806,sk-english-language
js-016184,RB91806,sk-german-language
js-016185,PC75806,sk-nursing
js-016186,PC75806,sk-slovenian-language
js-016187,PD26886,sk-cleaning
js-016188,PX61109,sk-administration
js-016189,PT40670,sk-nursing
js-016190,PT40670,sk-patient-care
js-016191,PT40670,sk-slovenian-language
js-016192,RB79397,sk-accounting
js-016193,RB79397,sk-microsoft-office
js-016194,RB79397,sk-cash-handling
js-016195,RB79397,sk-driving-category-b
js-016196,RB79397,sk-driving-category-e
js-016197,RB79397,sk-slovenian-language
js-016198,RB79397,sk-english-language
js-016199,ID36732,sk-customer-service
js-016200,ID36732,sk-communication
js-016201,RC02144,sk-cooking
js-016202,RC02144,sk-dietary-cooking
js-016203,RC02144,sk-customer-service
js-016204,RC02144,sk-communication
js-016205,RC02144,sk-driving-category-b
js-016206,RC02144,sk-slovenian-language
js-016207,RC01993,sk-cooking
js-016208,RC01993,sk-dietary-cooking
js-016209,RC01993,sk-customer-service
js-016210,RC01993,sk-communication
js-016211,RC01993,sk-driving-category-b
js-016212,RC01993,sk-slovenian-language
js-016213,RC02113,sk-nursing
js-016214,RC02113,sk-patient-care
js-016215,RC02113,sk-microsoft-office
js-016216,RC02113,sk-slovenian-language
js-016217,RC02113,sk-english-language
js-016218,RC11760,sk-microsoft-office
js-016219,RC11760,sk-customer-service
js-016220,RC11760,sk-communication
js-016221,RC11760,sk-driving-category-b
js-016222,RC11760,sk-slovenian-language
js-016223,RB23145,sk-technical-maintenance
js-016224,RB23145,sk-electrical-work
js-016225,RB23145,sk-driving-category-b
js-016226,RB23145,sk-slovenian-language
js-016227,RB10432,sk-technical-maintenance
js-016228,RB10432,sk-driving-category-b
js-016229,RB10432,sk-slovenian-language
js-016230,RB82208,sk-nursing
js-016231,RB82208,sk-patient-care
js-016232,RB82208,sk-emergency-medicine
js-016233,RB82208,sk-sterilization
js-016234,RB82208,sk-midwifery
js-016235,RB82208,sk-customer-service
js-016236,RB82208,sk-driving-category-b
js-016237,RB82208,sk-slovenian-language
js-016238,RB82290,sk-nursing
js-016239,RB82290,sk-patient-care
js-016240,RB82290,sk-emergency-medicine
js-016241,RB82290,sk-sterilization
js-016242,RB82290,sk-customer-service
js-016243,RB82290,sk-communication
js-016244,RB82290,sk-driving-category-b
js-016245,RB82290,sk-slovenian-language
js-016246,RC09307,sk-plumbing
js-016247,RC09307,sk-driving-category-b
js-016248,RC09307,sk-driving-category-d
js-016249,RC01030,sk-administration
js-016250,PG18470,sk-nursing
js-016251,PG18470,sk-slovenian-language
js-016252,PC92742,sk-cleaning
js-016253,PC92742,sk-slovenian-language
js-016254,RB98960,sk-administration
js-016255,RC02968,sk-technical-maintenance
js-016256,RB76157,sk-technical-maintenance
js-016257,RB76157,sk-mechanical-repair
js-016258,RB76157,sk-electrical-work
js-016259,RB76157,sk-microsoft-office
js-016260,RB76157,sk-customer-service
js-016261,RB76157,sk-communication
js-016262,RB76157,sk-driving-category-b
js-016263,RB76157,sk-driving-category-e
js-016264,RB76157,sk-slovenian-language
js-016265,RB76157,sk-english-language
js-016266,RB76157,sk-german-language
js-016267,RC11696,sk-warehouse-operations
js-016268,RC11696,sk-forklift-operation
js-016269,RC11696,sk-inventory-management
js-016270,RC11696,sk-microsoft-office
js-016271,RC11696,sk-customer-service
js-016272,RC11696,sk-communication
js-016273,RC11696,sk-driving-category-b
js-016274,RC11696,sk-english-language
js-016275,RC11696,sk-german-language
js-016276,RC11802,sk-technical-maintenance
js-016277,RC11802,sk-mechanical-repair
js-016278,RC11802,sk-microsoft-office
js-016279,RC11802,sk-driving-category-b
js-016280,RC11802,sk-english-language
js-016281,RC11802,sk-german-language
js-016282,RC11802,sk-production-work
js-016283,RB88825,sk-administration
js-016284,RB88825,sk-driving-category-b
js-016285,RB88825,sk-english-language
js-016286,RB76251,sk-warehouse-operations
js-016287,RB76251,sk-driving-category-b
js-016288,RB76282,sk-warehouse-operations
js-016289,RB76282,sk-inventory-management
js-016290,RB76282,sk-driving-category-b
js-016291,RB77152,sk-laboratory-diagnostics
js-016292,RB77152,sk-customer-service
js-016293,RB77152,sk-communication
js-016294,RB77152,sk-driving-category-b
js-016295,RB80440,sk-warehouse-operations
js-016296,RB80440,sk-driving-category-b
js-016297,RB70657,sk-laboratory-diagnostics
js-016298,RB70657,sk-driving-category-b
js-016299,RB70657,sk-driving-category-e
js-016300,RB70779,sk-cnc-machining
js-016301,RB70779,sk-machine-operation
js-016302,RB70779,sk-driving-category-b
js-016303,RB70920,sk-cnc-machining
js-016304,RB70920,sk-machine-operation
js-016305,RB70920,sk-driving-category-b
js-016306,RB70367,sk-quality-control
js-016307,RB70367,sk-driving-category-b
js-016308,RB92084,sk-customer-service
js-016309,RB92084,sk-communication
js-016310,RB92084,sk-driving-category-b
js-016311,RC02940,sk-customer-service
js-016312,RC02940,sk-communication
js-016313,RC02940,sk-driving-category-b
js-016314,RC03000,sk-production-work
js-016315,RC03000,sk-driving-category-b
js-016316,RB92127,sk-cnc-machining
js-016317,RB92127,sk-machine-operation
js-016318,RB92127,sk-driving-category-b
js-016319,RB92158,sk-information-technology
js-016320,RB92158,sk-software-development
js-016321,RB92158,sk-driving-category-b
js-016322,RB70597,sk-production-work
js-016323,RB70597,sk-driving-category-b
js-016324,RB70518,sk-welding
js-016325,RB70518,sk-metalworking
js-016326,RB70518,sk-driving-category-b
js-016327,RB70552,sk-welding
js-016328,RB70552,sk-metalworking
js-016329,RB70552,sk-driving-category-b
js-016330,RB75347,sk-warehouse-operations
js-016331,RB75347,sk-forklift-operation
js-016332,RB75347,sk-driving-category-b
js-016333,PW19060,sk-construction-work
js-016334,PY17155,sk-administration
js-016335,RB99048,sk-microsoft-office
js-016336,RB99048,sk-customer-service
js-016337,RB99048,sk-communication
js-016338,RB99048,sk-driving-category-b
js-016339,RB99048,sk-slovenian-language
js-016340,RB99048,sk-english-language
js-016341,RB99048,sk-italian-language
js-016342,RB98730,sk-microsoft-office
js-016343,RB98730,sk-customer-service
js-016344,RB98730,sk-communication
js-016345,RB98730,sk-driving-category-b
js-016346,RB98730,sk-slovenian-language
js-016347,RB98730,sk-english-language
js-016348,RB98730,sk-italian-language
js-016349,RB78710,sk-administration
js-016350,RB78710,sk-driving-category-b
js-016351,RB68117,sk-warehouse-operations
js-016352,RB68117,sk-forklift-operation
js-016353,RB64467,sk-production-work
js-016354,RB64467,sk-warehouse-operations
js-016355,RB64300,sk-administration
js-016356,RB82260,sk-production-work
js-016357,RB82103,sk-warehouse-operations
js-016358,PZ13792,sk-welding
js-016359,PZ13792,sk-metalworking
js-016360,PZ13792,sk-cash-handling
js-016361,PZ13792,sk-driving-category-b
js-016362,PZ13849,sk-packaging
js-016363,PZ13849,sk-forklift-operation
js-016364,PZ13849,sk-driving-category-b
js-016365,PZ13849,sk-production-work
js-016366,PZ13912,sk-machine-operation
js-016367,PZ13912,sk-cash-handling
js-016368,PZ13912,sk-driving-category-b
js-016369,RA07562,sk-production-work
js-016370,RA07562,sk-driving-category-b
js-016371,RB81952,sk-machine-operation
js-016372,RB91868,sk-microsoft-office
js-016373,RB91868,sk-driving-category-b
js-016374,RB91868,sk-driving-category-e
js-016375,RB91868,sk-slovenian-language
js-016376,RB91868,sk-production-work
js-016377,RB91914,sk-microsoft-office
js-016378,RB91914,sk-driving-category-b
js-016379,RB91914,sk-driving-category-e
js-016380,RB91914,sk-slovenian-language
js-016381,RA63629,sk-medicine
js-016382,RA63629,sk-geriatric-care
js-016383,RA63629,sk-microsoft-office
js-016384,RA63629,sk-driving-category-b
js-016385,RA63629,sk-driving-category-e
js-016386,RA63629,sk-slovenian-language
js-016387,RA45310,sk-technical-maintenance
js-016388,RA45310,sk-driving-category-b
js-016389,RA45310,sk-slovenian-language
js-016390,PW80049,sk-technical-maintenance
js-016391,PN64350,sk-physiotherapy
js-016392,PN64350,sk-geriatric-care
js-016393,PN64350,sk-intensive-care
js-016394,PN64350,sk-emergency-medicine
js-016395,PN64350,sk-driving-category-b
js-016396,PN64350,sk-slovenian-language
js-016397,PN64380,sk-technical-maintenance
js-016398,PN64380,sk-driving-category-b
js-016399,PN64380,sk-slovenian-language
js-016400,PN64423,sk-physiotherapy
js-016401,PN64423,sk-geriatric-care
js-016402,PN64423,sk-intensive-care
js-016403,PN64423,sk-emergency-medicine
js-016404,PN64423,sk-driving-category-b
js-016405,PN64423,sk-slovenian-language
js-016406,RB74048,sk-cooking
js-016407,RB74048,sk-dietary-cooking
js-016408,RB74048,sk-customer-service
js-016409,RB74048,sk-communication
js-016410,RB74048,sk-slovenian-language
js-016411,RB65371,sk-painting
js-016412,RB65371,sk-slovenian-language
js-016413,DN62043,sk-hospitality
js-016414,DN62043,sk-restaurant-service
js-016415,DN62043,sk-customer-service
js-016416,DN62043,sk-driving-category-b
js-016417,DN62043,sk-slovenian-language
js-016418,RC01810,sk-woodworking
js-016419,RB97306,sk-carpentry
js-016420,RB97306,sk-construction-work
js-016421,RB97306,sk-driving-category-b
js-016422,RB97306,sk-slovenian-language
js-016423,RB97354,sk-assembly
js-016424,RB97354,sk-driving-category-b
js-016425,RB97354,sk-slovenian-language
js-016426,RA21789,sk-van-driving
js-016427,RA21789,sk-driving-category-b
js-016428,RB92374,sk-driving
js-016429,RB92374,sk-driving-category-b
js-016430,RB92374,sk-slovenian-language
js-016431,RC03014,sk-baking
js-016432,RC03014,sk-food-preparation
js-016433,RC03014,sk-customer-service
js-016434,RC03014,sk-communication
js-016435,RC03014,sk-slovenian-language
js-016436,RA52002,sk-microsoft-office
js-016437,RA52002,sk-driving-category-b
js-016438,PW07050,sk-administration
js-016439,PW07050,sk-driving-category-b
js-016440,RC12168,sk-administration
js-016441,RC12168,sk-driving-category-b
js-016442,RB69859,sk-welding
js-016443,RB69859,sk-metalworking
js-016444,RB69880,sk-carpentry
js-016445,RB69880,sk-construction-work
js-016446,RB70015,sk-construction-work
js-016447,RB70015,sk-production-work
js-016448,RC08485,sk-construction-work
js-016449,RC08485,sk-cash-handling
js-016450,RC08485,sk-driving-category-b
js-016451,RC12873,sk-driving
js-016452,RC12873,sk-driving-category-b
js-016453,RC12873,sk-driving-category-c
js-016454,RC12933,sk-construction-work
js-016455,RB98930,sk-warehouse-operations
js-016456,RB98930,sk-inventory-management
js-016457,RB98930,sk-microsoft-office
js-016458,RB98930,sk-haccp
js-016459,RB98930,sk-customer-service
js-016460,RB98930,sk-communication
js-016461,RB98930,sk-driving-category-b
js-016462,RB98930,sk-driving-category-e
js-016463,RB98930,sk-english-language
js-016464,RC02084,sk-cash-handling
js-016465,RC02084,sk-slovenian-language
js-016466,RC02084,sk-production-work
js-016467,RC02127,sk-technical-maintenance
js-016468,RC02127,sk-driving-category-b
js-016469,RC02127,sk-slovenian-language
js-016470,RC02127,sk-production-work
js-016471,RC13331,sk-driving
js-016472,RC13331,sk-driving-category-b
js-016473,RC13331,sk-customer-service
js-016474,RC13331,sk-communication
js-016475,RC13328,sk-security-work
js-016476,RC13328,sk-customer-service
js-016477,RC13328,sk-communication
js-016478,RC13328,sk-driving-category-b
js-016479,RA16225,sk-roofing
js-016480,RA16225,sk-construction-work
js-016481,RA16225,sk-driving-category-b
js-016482,RC07783,sk-packaging
js-016483,RC07783,sk-production-work
js-016484,RC02388,sk-administration
js-016485,RB88168,sk-cleaning
js-016486,RB88185,sk-cleaning
js-016487,RC04679,sk-warehouse-operations
js-016488,RC04679,sk-inventory-management
js-016489,RC04679,sk-driving-category-b
js-016490,RC04969,sk-technical-maintenance
js-016491,RC04969,sk-mechanical-repair
js-016492,RC04969,sk-driving-category-b
js-016493,RC04850,sk-microsoft-office
js-016494,RC04850,sk-customer-service
js-016495,RC04850,sk-communication
js-016496,RC04850,sk-driving-category-b
js-016497,RC12570,sk-driving
js-016498,RC12570,sk-customer-service
js-016499,RC12570,sk-communication
js-016500,RC12570,sk-driving-category-b
js-016501,RC13500,sk-teaching
js-016502,RC13500,sk-communication
js-016503,RC13500,sk-mathematics
js-016504,RC13500,sk-driving-category-b
js-016505,RC13500,sk-slovenian-language
js-016506,RC13498,sk-teaching
js-016507,RC13498,sk-communication
js-016508,RC13498,sk-driving-category-b
js-016509,RC13498,sk-slovenian-language
js-016510,RC13467,sk-teaching
js-016511,RC13467,sk-communication
js-016512,RC13467,sk-driving-category-b
js-016513,RC13467,sk-english-language
js-016514,RC13362,sk-production-work
js-016515,RC13362,sk-driving-category-b
js-016516,RC13362,sk-slovenian-language
js-016517,RB99220,sk-teaching
js-016518,RB99220,sk-communication
js-016519,RB99220,sk-driving-category-b
js-016520,RB99220,sk-english-language
js-016521,RB98559,sk-teaching
js-016522,RB98559,sk-communication
js-016523,RB98559,sk-mathematics
js-016524,RB98559,sk-driving-category-b
js-016525,RB98559,sk-english-language
js-016526,PZ44186,sk-administration
js-016527,PZ44186,sk-driving-category-b
js-016528,PZ44186,sk-driving-category-e
js-016529,PZ44186,sk-slovenian-language
js-016530,PZ44186,sk-english-language
js-016531,PZ44186,sk-german-language
js-016532,PX96778,sk-warehouse-operations
js-016533,PX96778,sk-forklift-operation
js-016534,PX96778,sk-microsoft-office
js-016535,PX96778,sk-driving-category-b
js-016536,PX96778,sk-slovenian-language
js-016537,PX96778,sk-german-language
js-016538,PY53850,sk-microsoft-office
js-016539,PY53850,sk-driving-category-b
js-016540,PY53850,sk-slovenian-language
js-016541,PK68423,sk-nursing
js-016542,PK68423,sk-driving-category-b
js-016543,PK68423,sk-slovenian-language
js-016544,PK68514,sk-nursing
js-016545,PK68514,sk-driving-category-b
js-016546,PK68514,sk-slovenian-language
js-016547,PK68576,sk-administration
js-016548,PK68576,sk-driving-category-b
js-016549,PK68576,sk-slovenian-language
js-016550,PY87817,sk-administration
js-016551,PY87817,sk-driving-category-b
js-016552,PY87987,sk-administration
js-016553,PY87987,sk-driving-category-b
js-016554,PZ90340,sk-administration
js-016555,PZ90340,sk-driving-category-b
js-016556,PZ90340,sk-slovenian-language
js-016557,RB79551,sk-nursing
js-016558,RB79551,sk-patient-care
js-016559,PT71231,sk-microsoft-office
js-016560,PT71231,sk-cash-handling
js-016561,PT71231,sk-slovenian-language
js-016562,PW11252,sk-cleaning
js-016563,PW11252,sk-slovenian-language
js-016564,PX02123,sk-nursing
js-016565,PX02123,sk-patient-care
js-016566,PX02123,sk-laboratory-diagnostics
js-016567,PX02123,sk-first-aid
js-016568,PX02123,sk-microsoft-office
js-016569,PX02123,sk-slovenian-language
js-016570,RC03457,sk-nursing
js-016571,RC03457,sk-patient-care
js-016572,RC03457,sk-laboratory-diagnostics
js-016573,RC03457,sk-emergency-medicine
js-016574,RC03457,sk-psychiatry
js-016575,RC03457,sk-microsoft-office
js-016576,RC03457,sk-slovenian-language
js-016577,RB69130,sk-truck-driving
js-016578,RB69130,sk-driving-category-b
js-016579,RB69130,sk-driving-category-c
js-016580,RB69130,sk-slovenian-language
js-016581,RB69130,sk-italian-language
js-016582,RB99372,sk-nursing
js-016583,RB99372,sk-patient-care
js-016584,RB99372,sk-dental-care
js-016585,RB99372,sk-sterilization
js-016586,RB99372,sk-microsoft-office
js-016587,RB99372,sk-customer-service
js-016588,RB99372,sk-driving-category-b
js-016589,RB99372,sk-slovenian-language
js-016590,RC09736,sk-assembly
js-016591,RC09736,sk-customer-service
js-016592,RC09736,sk-communication
js-016593,RC09736,sk-driving-category-b
js-016594,RC09736,sk-driving-category-c
js-016595,RC09736,sk-driving-category-e
js-016596,RC08960,sk-reception-work
js-016597,RC08960,sk-customer-service
js-016598,RC08960,sk-communication
js-016599,RC09216,sk-reception-work
js-016600,RC09216,sk-customer-service
js-016601,RC09216,sk-communication
js-016602,RC09264,sk-reception-work
js-016603,RC09264,sk-customer-service
js-016604,RC09264,sk-communication
js-016605,RC09233,sk-security-work
js-016606,RC09233,sk-customer-service
js-016607,RC11617,sk-cleaning
js-016608,RC11617,sk-driving-category-b
js-016609,ID35157,sk-construction-work
js-016610,ID35157,sk-production-work
js-016611,RB74753,sk-electrical-work
js-016612,RB95168,sk-electrical-work
js-016613,RB98238,sk-construction-work
js-016614,RB98238,sk-microsoft-office
js-016615,RB98238,sk-customer-service
js-016616,RB98238,sk-communication
js-016617,ID09683,sk-driving
js-016618,ID09683,sk-driving-category-c
js-016619,RB98957,sk-sales
js-016620,RB98957,sk-customer-service
js-016621,RB98957,sk-slovenian-language
js-016622,RB91303,sk-sales
js-016623,RB91303,sk-customer-service
js-016624,RB91303,sk-slovenian-language
js-016625,RB99571,sk-microsoft-office
js-016626,RB99571,sk-english-language
js-016627,RB99571,sk-customer-service
js-016628,RB99571,sk-communication
js-016629,RB99540,sk-microsoft-office
js-016630,RB99540,sk-english-language
js-016631,RB99585,sk-administration
js-016632,RB99585,sk-english-language
js-016633,RB99614,sk-administration
js-016634,RB99614,sk-english-language
js-016635,RB99614,sk-customer-service
js-016636,RB99614,sk-communication
js-016637,RB57649,sk-accounting
js-016638,RB57649,sk-cash-handling
js-016639,RB57649,sk-english-language
js-016640,RB57697,sk-accounting
js-016641,RB57697,sk-cash-handling
js-016642,RB57697,sk-english-language
js-016643,RC07826,sk-truck-driving
js-016644,RC07826,sk-warehouse-operations
js-016645,RC07826,sk-driving-category-c
js-016646,RC07826,sk-driving-category-ce
js-016647,RC07857,sk-truck-driving
js-016648,RC07857,sk-warehouse-operations
js-016649,RC07857,sk-driving-category-c
js-016650,RC07857,sk-driving-category-ce
js-016651,RC07948,sk-construction-work
js-016652,RC07948,sk-microsoft-office
js-016653,RC07948,sk-customer-service
js-016654,RC07948,sk-communication
js-016655,RC07948,sk-driving-category-b
js-016656,RC07948,sk-english-language
js-016657,RC07948,sk-croatian-language
js-016658,RC07948,sk-production-work
js-016659,RC07770,sk-machine-operation
js-016660,RC07770,sk-driving-category-b
js-016661,RB94924,sk-cleaning
js-016662,RB93491,sk-technical-maintenance
js-016663,RB93491,sk-driving-category-b
js-016664,RC11787,sk-microsoft-office
js-016665,RC11787,sk-customer-service
js-016666,RC11787,sk-communication
js-016667,RC11787,sk-driving-category-b
js-016668,RC11787,sk-slovenian-language
js-016669,RC11787,sk-english-language
js-016670,RC06331,sk-administration
js-016671,RC06331,sk-customer-service
js-016672,RC06331,sk-communication
js-016673,RC06331,sk-microsoft-office
js-016674,RC06331,sk-driving-category-b
js-016675,RC06331,sk-slovenian-language
js-016676,RC06331,sk-english-language
js-016677,RC06331,sk-german-language
js-016678,RA97297,sk-construction-work
js-016679,RA97297,sk-driving-category-b
js-016680,RA97297,sk-slovenian-language
js-016681,RA97249,sk-truck-driving
js-016682,RA97249,sk-driving-category-b
js-016683,RA97249,sk-driving-category-c
js-016684,RA97249,sk-driving-category-e
js-016685,RA97249,sk-slovenian-language
js-016686,PW07674,sk-accounting
js-016687,PW07674,sk-microsoft-office
js-016688,PW07674,sk-driving-category-b
js-016689,PW07674,sk-driving-category-e
js-016690,PW07674,sk-slovenian-language
js-016691,PW07674,sk-english-language
js-016692,RB81355,sk-construction-work
js-016693,RB81355,sk-customer-service
js-016694,RB81355,sk-communication
js-016695,RB81355,sk-driving-category-b
js-016696,RB81355,sk-slovenian-language
js-016697,RB81355,sk-english-language
js-016698,RB81310,sk-warehouse-operations
js-016699,RB81310,sk-forklift-operation
js-016700,RB81310,sk-inventory-management
js-016701,RB81310,sk-driving-category-b
js-016702,RB81310,sk-driving-category-e
js-016703,RB81310,sk-slovenian-language
js-016704,RB81310,sk-english-language
js-016705,RB34454,sk-painting
js-016706,RB34454,sk-facade-work
js-016707,RB34454,sk-driving-category-b
js-016708,RA89777,sk-customer-service
js-016709,RA89777,sk-communication
js-016710,RA89777,sk-driving-category-b
js-016711,RA89777,sk-slovenian-language
js-016712,RA89777,sk-english-language
js-016713,RB84092,sk-truck-driving
js-016714,RB84092,sk-warehouse-operations
js-016715,RB84092,sk-driving-category-b
js-016716,RB84092,sk-slovenian-language
js-016717,RA32408,sk-sales
js-016718,RA32408,sk-customer-service
js-016719,RA32408,sk-microsoft-office
js-016720,RA32408,sk-slovenian-language
js-016721,RB64757,sk-construction-work
js-016722,RB64757,sk-metalworking
js-016723,RB64757,sk-driving-category-b
js-016724,RB64757,sk-driving-category-e
js-016725,RB64757,sk-slovenian-language
js-016726,RB44510,sk-driving
js-016727,RB44510,sk-driving-category-c
js-016728,RB44510,sk-driving-category-e
js-016729,RB44510,sk-driving-category-ce
js-016730,RB44510,sk-slovenian-language
js-016731,RB44510,sk-english-language
js-016732,RB44510,sk-croatian-language
js-016733,RB44510,sk-serbian-language
js-016734,ID10680,sk-administration
js-016735,ID10680,sk-driving-category-b
js-016736,ID10680,sk-driving-category-c
js-016737,RC10289,sk-truck-driving
js-016738,RC10289,sk-driving-category-b
js-016739,RC10289,sk-driving-category-c
js-016740,RC10289,sk-driving-category-d
js-016741,RC10230,sk-construction-work
js-016742,RC10230,sk-driving-category-b
js-016743,RB62760,sk-machine-operation
js-016744,RB62802,sk-automotive-repair
js-016745,RB62802,sk-electrical-work
js-016746,RB62802,sk-production-work
js-016747,RC06788,sk-construction-work
js-016748,RC06788,sk-microsoft-office
js-016749,RC06788,sk-customer-service
js-016750,RC06788,sk-communication
js-016751,RC06788,sk-driving-category-b
js-016752,RC06788,sk-english-language
js-016753,RB94375,sk-cleaning
js-016754,RB94375,sk-microsoft-office
js-016755,RB94375,sk-slovenian-language
js-016756,RB94833,sk-cnc-machining
js-016757,RB94833,sk-machine-operation
js-016758,RC09355,sk-masonry
js-016759,RC09355,sk-construction-work
js-016760,RC09355,sk-driving-category-b
js-016761,RC11990,sk-cooking
js-016762,RC11990,sk-customer-service
js-016763,RC11990,sk-communication
js-016764,RB99415,sk-hospitality
js-016765,RB99415,sk-restaurant-service
js-016766,RB99415,sk-customer-service
js-016767,RB99415,sk-communication
js-016768,RB99415,sk-slovenian-language
js-016769,RB99415,sk-english-language
js-016770,RB99415,sk-german-language
js-016771,RC02019,sk-driving
js-016772,RC02019,sk-microsoft-office
js-016773,RC02019,sk-customer-service
js-016774,RC02019,sk-communication
js-016775,RC02019,sk-cash-handling
js-016776,RC02019,sk-slovenian-language
js-016777,RC02019,sk-english-language
js-016778,RC02019,sk-german-language
js-016779,RB70492,sk-packaging
js-016780,RB70492,sk-driving-category-b
js-016781,RB70492,sk-production-work
js-016782,RB89558,sk-masonry
js-016783,RB89558,sk-construction-work
js-016784,RB83998,sk-technical-maintenance
js-016785,RB83998,sk-mechanical-repair
js-016786,RB83998,sk-electrical-work
js-016787,RB83998,sk-microsoft-office
js-016788,RB83998,sk-driving-category-b
js-016789,RB83998,sk-slovenian-language
js-016790,RB28079,sk-sales
js-016791,RB28079,sk-customer-service
js-016792,RB28079,sk-microsoft-office
js-016793,RB28079,sk-communication
js-016794,RB28079,sk-driving-category-b
js-016795,RB28079,sk-slovenian-language
js-016796,RB28079,sk-english-language
js-016797,RB69390,sk-truck-driving
js-016798,RB69390,sk-warehouse-operations
js-016799,RB69390,sk-cash-handling
js-016800,RB69390,sk-driving-category-b
js-016801,RB69390,sk-driving-category-c
js-016802,RB69390,sk-driving-category-e
js-016803,PZ16814,sk-machine-operation
js-016804,PZ16814,sk-cash-handling
js-016805,PZ55629,sk-construction-work
js-016806,PZ55629,sk-cash-handling
js-016807,RB82867,sk-laboratory-diagnostics
js-016808,RB82867,sk-microsoft-office
js-016809,RB82867,sk-driving-category-b
js-016810,RB82867,sk-english-language
js-016811,RA53437,sk-administration
js-016812,RA53437,sk-english-language
js-016813,RB94787,sk-physiotherapy
js-016814,RB94787,sk-customer-service
js-016815,RB94787,sk-communication
js-016816,RB94787,sk-slovenian-language
js-016817,RB94787,sk-english-language
js-016818,RB60620,sk-nursing
js-016819,RB60620,sk-slovenian-language
js-016820,RA95922,sk-administration
js-016821,RA95922,sk-customer-service
js-016822,RA95922,sk-communication
js-016823,RA95922,sk-slovenian-language
js-016824,RA90072,sk-cnc-machining
js-016825,RA90072,sk-machine-operation
js-016826,RA90072,sk-cash-handling
js-016827,RA90090,sk-cnc-machining
js-016828,RA90090,sk-machine-operation
js-016829,RA90090,sk-cash-handling
js-016830,PW21185,sk-packaging
js-016831,PW21185,sk-driving-category-b
js-016832,PW21185,sk-slovenian-language
js-016833,PW21185,sk-production-work
js-016834,RB79370,sk-hospitality
js-016835,RB79370,sk-restaurant-service
js-016836,RB79370,sk-customer-service
js-016837,RB77135,sk-hospitality
js-016838,RB77135,sk-restaurant-service
js-016839,RB77135,sk-customer-service
js-016840,RB77135,sk-communication
js-016841,RC03119,sk-administration
js-016842,RC03119,sk-driving-category-b
js-016843,RC03119,sk-slovenian-language
js-016844,RC03119,sk-english-language
js-016845,RC03119,sk-german-language
js-016846,RC03119,sk-croatian-language
js-016847,RC13300,sk-production-work
js-016848,RC13300,sk-warehouse-operations
js-016849,RB74631,sk-masonry
js-016850,RB74631,sk-construction-work
js-016851,RC07047,sk-assembly
js-016852,RC07047,sk-driving-category-b
js-016853,RC07047,sk-slovenian-language
js-016854,RC07047,sk-english-language
js-016855,RC07050,sk-assembly
js-016856,RC07050,sk-driving-category-b
js-016857,RC07050,sk-slovenian-language
js-016858,RC07050,sk-english-language
js-016859,RC02954,sk-cash-handling
js-016860,RC02954,sk-driving-category-b
js-016861,RC02954,sk-english-language
js-016862,RB62739,sk-construction-work
js-016863,DN63706,sk-construction-work
js-016864,DN63706,sk-driving-category-b
js-016865,RB95340,sk-truck-driving
js-016866,RB95340,sk-driving-category-c
js-016867,RB95340,sk-driving-category-ce
js-016868,RB91854,sk-assembly
js-016869,RB91854,sk-driving-category-b
js-016870,RB82182,sk-production-work
js-016871,RB82182,sk-driving-category-b
js-016872,RB82182,sk-english-language
js-016873,RC02221,sk-construction-work
js-016874,RB61946,sk-cnc-machining
js-016875,RB61946,sk-machine-operation
js-016876,RB61946,sk-driving-category-b
js-016877,RB61946,sk-slovenian-language
js-016878,PW52543,sk-automotive-repair
js-016879,PW52543,sk-vehicle-diagnostics
js-016880,PW52543,sk-driving-category-b
js-016881,PW52543,sk-slovenian-language
js-016882,RC12720,sk-construction-work
js-016883,RB96254,sk-accounting
js-016884,RB96254,sk-microsoft-office
js-016885,RB96254,sk-driving-category-b
js-016886,RB96254,sk-slovenian-language
js-016887,RC11634,sk-driving
js-016888,RC11634,sk-driving-category-b
js-016889,RC11634,sk-english-language
js-016890,RA05666,sk-driving
js-016891,RA05666,sk-warehouse-operations
js-016892,RA05666,sk-microsoft-office
js-016893,RA05666,sk-customer-service
js-016894,RA05666,sk-communication
js-016895,RA05666,sk-driving-category-b
js-016896,RA12990,sk-warehouse-operations
js-016897,RA12990,sk-forklift-operation
js-016898,RA12990,sk-customer-service
js-016899,RA12990,sk-communication
js-016900,RA12990,sk-driving-category-b
js-016901,RB57285,sk-truck-driving
js-016902,RB57285,sk-driving-category-b
js-016903,RB57285,sk-driving-category-c
js-016904,RB57285,sk-driving-category-e
js-016905,RB92602,sk-sales
js-016906,RB92602,sk-customer-service
js-016907,RB92602,sk-communication
js-016908,RB92602,sk-cash-handling
js-016909,RB92602,sk-driving-category-b
js-016910,RB92678,sk-sales
js-016911,RB92678,sk-customer-service
js-016912,RB92678,sk-communication
js-016913,RB92678,sk-cash-handling
js-016914,RB92678,sk-driving-category-b
js-016915,RB96419,sk-warehouse-operations
js-016916,RB70370,sk-warehouse-operations
js-016917,RB70370,sk-haccp
js-016918,RA77385,sk-warehouse-operations
js-016919,RA77459,sk-driving
js-016920,RC12214,sk-quality-control
js-016921,RC12214,sk-driving-category-b
js-016922,RC12214,sk-slovenian-language
js-016923,RB94756,sk-teaching
js-016924,RB94756,sk-communication
js-016925,RB94756,sk-driving-category-b
js-016926,RB94756,sk-slovenian-language
js-016927,RB94756,sk-english-language
js-016928,RB54929,sk-production-work
js-016929,RB54841,sk-production-work
js-016930,RB54869,sk-warehouse-operations
js-016931,RB54869,sk-forklift-operation
js-016932,RB16114,sk-hospitality
js-016933,RB16114,sk-restaurant-service
js-016934,RB16114,sk-customer-service
js-016935,RB16114,sk-microsoft-office
js-016936,RB16114,sk-communication
js-016937,RB16114,sk-driving-category-b
js-016938,RB16114,sk-slovenian-language
js-016939,RB83967,sk-sales
js-016940,RB83967,sk-customer-service
js-016941,RB83967,sk-driving-category-b
js-016942,RB83967,sk-slovenian-language
js-016943,RB76740,sk-cnc-machining
js-016944,RB76740,sk-machine-operation
js-016945,RB76740,sk-microsoft-office
js-016946,RB76740,sk-driving-category-b
js-016947,RB76740,sk-slovenian-language
js-016948,RB76740,sk-english-language
js-016949,RB65704,sk-hospitality
js-016950,RB65704,sk-restaurant-service
js-016951,RB65704,sk-customer-service
js-016952,RB59255,sk-construction-work
js-016953,RB59255,sk-driving-category-b
js-016954,RB59255,sk-driving-category-c
js-016955,PZ52056,sk-truck-driving
js-016956,PZ52056,sk-warehouse-operations
js-016957,PZ52056,sk-driving-category-b
js-016958,PZ52056,sk-driving-category-e
js-016959,RC03548,sk-cleaning
js-016960,RB95691,sk-microsoft-office
js-016961,RB95691,sk-customer-service
js-016962,RB95691,sk-communication
js-016963,RB64990,sk-production-work
js-016964,RB87574,sk-sewing
js-016965,RB87574,sk-textile-work
js-016966,RC13709,sk-customer-service
js-016967,RC13709,sk-communication
js-016968,RC04085,sk-driving
js-016969,RC04085,sk-warehouse-operations
js-016970,RC04085,sk-forklift-operation
js-016971,RC04284,sk-construction-work
js-016972,RC04284,sk-forklift-operation
js-016973,RB95444,sk-physiotherapy
js-016974,RB95444,sk-microsoft-office
js-016975,RB95444,sk-slovenian-language
js-016976,RB95413,sk-nursing
js-016977,RB95413,sk-patient-care
js-016978,RB95413,sk-emergency-medicine
js-016979,RB95413,sk-microsoft-office
js-016980,RB95413,sk-slovenian-language
js-016981,RB95504,sk-technical-maintenance
js-016982,RB95504,sk-slovenian-language
js-016983,RC09813,sk-warehouse-operations
js-016984,RC09813,sk-driving-category-b
js-016985,RC09813,sk-driving-category-e
js-016986,RC09813,sk-slovenian-language
js-016987,PT17452,sk-construction-work
js-016988,PT17452,sk-slovenian-language
js-016989,PT17512,sk-masonry
js-016990,PT17512,sk-construction-work
js-016991,PT17512,sk-slovenian-language
js-016992,PT17603,sk-construction-work
js-016993,PT17603,sk-driving-category-b
js-016994,PT17603,sk-slovenian-language
js-016995,PT17588,sk-construction-work
js-016996,PT17588,sk-slovenian-language
js-016997,PT17560,sk-construction-work
js-016998,PT17560,sk-driving-category-b
js-016999,PT17560,sk-driving-category-e
js-017000,PT17560,sk-slovenian-language
js-017001,PT17756,sk-construction-work
js-017002,PT17756,sk-microsoft-office
js-017003,PT17756,sk-customer-service
js-017004,PT17756,sk-communication
js-017005,PT17756,sk-driving-category-b
js-017006,PT17756,sk-slovenian-language
js-017007,PT17648,sk-construction-work
js-017008,PT17648,sk-driving-category-b
js-017009,PT17648,sk-driving-category-e
js-017010,PT17648,sk-slovenian-language
js-017011,PT17708,sk-construction-work
js-017012,PT17708,sk-microsoft-office
js-017013,PT17708,sk-customer-service
js-017014,PT17708,sk-communication
js-017015,PT17708,sk-driving-category-b
js-017016,PT17708,sk-slovenian-language
js-017017,PT17760,sk-laboratory-diagnostics
js-017018,PT17760,sk-microsoft-office
js-017019,PT17760,sk-driving-category-b
js-017020,PT17760,sk-slovenian-language
js-017021,RA10099,sk-technical-maintenance
js-017022,RA10099,sk-electrical-work
js-017023,RA10099,sk-microsoft-office
js-017024,RA10099,sk-driving-category-b
js-017025,RB17950,sk-microsoft-office
js-017026,RB17950,sk-customer-service
js-017027,RB17950,sk-communication
js-017028,RB17950,sk-driving-category-b
js-017029,RB17950,sk-slovenian-language
js-017030,RA45843,sk-driving
js-017031,RA45843,sk-driving-category-b
js-017032,RA45843,sk-slovenian-language
js-017033,RA45874,sk-driving
js-017034,RA45874,sk-driving-category-b
js-017035,RA45874,sk-slovenian-language
js-017036,PT24560,sk-security-work
js-017037,PT24560,sk-customer-service
js-017038,PT24560,sk-slovenian-language
js-017039,PV91211,sk-security-work
js-017040,PV91211,sk-customer-service
js-017041,PV91211,sk-slovenian-language
js-017042,PV91242,sk-security-work
js-017043,PV91242,sk-customer-service
js-017044,PV91242,sk-slovenian-language
js-017045,RB98974,sk-administration
js-017046,RC01044,sk-administration
js-017047,RB96299,sk-administration
js-017048,RB96299,sk-driving-category-b
js-017049,RB96405,sk-production-work
js-017050,RB96405,sk-driving-category-b
js-017051,ID30592,sk-driving
js-017052,ID30592,sk-driving-category-b
js-017053,ID30592,sk-driving-category-c
js-017054,ID30592,sk-slovenian-language
js-017055,RC12751,sk-baking
js-017056,RC12751,sk-food-preparation
js-017057,RC12688,sk-production-work
js-017058,RC12688,sk-driving-category-b
js-017059,RC12688,sk-slovenian-language
js-017060,PZ00846,sk-automotive-repair
js-017061,PZ00846,sk-cash-handling
js-017062,PZ00846,sk-driving-category-b
js-017063,PZ00846,sk-slovenian-language
js-017064,RC12703,sk-cooking
js-017065,RC12703,sk-customer-service
js-017066,RC12703,sk-communication
js-017067,IC60699,sk-production-work
js-017068,IC60699,sk-driving-category-b
js-017069,IC69849,sk-production-work
js-017070,IC69849,sk-driving-category-b
js-017071,RC13743,sk-hospitality
js-017072,RC13743,sk-restaurant-service
js-017073,RC13743,sk-customer-service
js-017074,DN63737,sk-hospitality
js-017075,DN63737,sk-restaurant-service
js-017076,DN63737,sk-customer-service
js-017077,RB85053,sk-construction-work
js-017078,RC00234,sk-warehouse-operations
js-017079,RC00234,sk-forklift-operation
js-017080,RC00234,sk-microsoft-office
js-017081,RC00234,sk-driving-category-b
js-017082,RC00234,sk-slovenian-language
js-017083,RC00234,sk-production-work
js-017084,RB54397,sk-microsoft-office
js-017085,RB54397,sk-slovenian-language
js-017086,RC13405,sk-microsoft-office
js-017087,RC13405,sk-driving-category-b
js-017088,RC13405,sk-slovenian-language
js-017089,RC13405,sk-english-language
js-017090,RB80926,sk-truck-driving
js-017091,RB80926,sk-warehouse-operations
js-017092,RB80926,sk-driving-category-c
js-017093,RB80926,sk-driving-category-ce
js-017094,RA83467,sk-cooking
js-017095,RA83467,sk-microsoft-office
js-017096,RA83467,sk-customer-service
js-017097,RA83467,sk-communication
js-017098,RA83467,sk-driving-category-b
js-017099,RC02664,sk-cleaning
js-017100,RA06965,sk-electrical-work
js-017101,RA06965,sk-driving-category-b
js-017102,RA06965,sk-slovenian-language
js-017103,RB96635,sk-assembly
js-017104,RB96635,sk-microsoft-office
js-017105,RB96635,sk-customer-service
js-017106,RB96635,sk-communication
js-017107,RB96635,sk-driving-category-b
js-017108,RB96635,sk-slovenian-language
js-017109,RB96730,sk-assembly
js-017110,RB96730,sk-microsoft-office
js-017111,RB96730,sk-customer-service
js-017112,RB96730,sk-communication
js-017113,RB96730,sk-driving-category-b
js-017114,RB96730,sk-slovenian-language
js-017115,RB96865,sk-plumbing
js-017116,RB96865,sk-microsoft-office
js-017117,RB96865,sk-customer-service
js-017118,RB96865,sk-communication
js-017119,RB96865,sk-driving-category-b
js-017120,RB96865,sk-slovenian-language
js-017121,RB96865,sk-english-language
js-017122,RB91701,sk-production-work
js-017123,RB91701,sk-driving-category-b
js-017124,RB91701,sk-slovenian-language
js-017125,RC03565,sk-driving
js-017126,RC03565,sk-microsoft-office
js-017127,RC03565,sk-driving-category-b
js-017128,RC03565,sk-english-language
js-017129,RB18180,sk-sales
js-017130,RB18180,sk-customer-service
js-017131,RB18180,sk-cash-handling
js-017132,RB18180,sk-driving-category-b
js-017133,RB18180,sk-english-language
js-017134,RB78221,sk-microsoft-office
js-017135,RB78221,sk-driving-category-b
js-017136,RB78221,sk-english-language
js-017137,ID05985,sk-hospitality
js-017138,ID05985,sk-restaurant-service
js-017139,ID05985,sk-customer-service
js-017140,ID05985,sk-driving-category-b
js-017141,RB66727,sk-assembly
js-017142,RB66727,sk-driving-category-b
js-017143,PV58280,sk-microsoft-office
js-017144,PV58280,sk-customer-service
js-017145,PV58280,sk-communication
js-017146,PV58280,sk-driving-category-b
js-017147,PV58280,sk-slovenian-language
js-017148,RC03200,sk-nursing
js-017149,RC03200,sk-patient-care
js-017150,RC03200,sk-emergency-medicine
js-017151,RC03200,sk-cardiology
js-017152,RC03200,sk-microsoft-office
js-017153,RC03200,sk-customer-service
js-017154,RC03200,sk-driving-category-b
js-017155,RC03200,sk-slovenian-language
js-017156,RC10855,sk-haccp
js-017157,RB53539,sk-construction-work
js-017158,RB53539,sk-customer-service
js-017159,RB53539,sk-communication
js-017160,RB53511,sk-customer-service
js-017161,RB53511,sk-communication
js-017162,RB76723,sk-warehouse-operations
js-017163,RB76723,sk-forklift-operation
js-017164,RB75958,sk-machine-operation
js-017165,RB98025,sk-cleaning
js-017166,RB98025,sk-driving-category-b
js-017167,RB94162,sk-microsoft-office
js-017168,RB94162,sk-slovenian-language
js-017169,RB59698,sk-construction-work
js-017170,RB59698,sk-driving-category-b
js-017171,RC11392,sk-warehouse-operations
js-017172,RC11392,sk-microsoft-office
js-017173,RC11392,sk-customer-service
js-017174,RC11392,sk-communication
js-017175,RC11392,sk-cash-handling
js-017176,RC11392,sk-driving-category-b
js-017177,RC11392,sk-slovenian-language
js-017178,RC02790,sk-driving
js-017179,RC02790,sk-driving-category-b
js-017180,RC08605,sk-driving
js-017181,RC08605,sk-driving-category-b
js-017182,RB92850,sk-construction-work
js-017183,RB92850,sk-driving-category-b
js-017184,RB92877,sk-automotive-repair
js-017185,RB92877,sk-driving-category-b
js-017186,RB92590,sk-truck-driving
js-017187,RB92590,sk-warehouse-operations
js-017188,RB92590,sk-driving-category-b
js-017189,RB92590,sk-driving-category-c
js-017190,RB92590,sk-driving-category-e
js-017191,RB92832,sk-driving
js-017192,RB92832,sk-driving-category-b
js-017193,RB92707,sk-construction-work
js-017194,RB92707,sk-microsoft-office
js-017195,RB92707,sk-driving-category-b
js-017196,RC04543,sk-legal-work
js-017197,RC04543,sk-customer-service
js-017198,RC04543,sk-communication
js-017199,PB28973,sk-driving
js-017200,PB28973,sk-driving-category-c
js-017201,PB28973,sk-driving-category-e
js-017202,PB28973,sk-driving-category-ce
js-017203,RB74952,sk-hospitality
js-017204,RB74952,sk-restaurant-service
js-017205,RB74952,sk-customer-service
js-017206,RB74952,sk-communication
js-017207,RB74949,sk-customer-service
js-017208,RB74949,sk-communication
js-017209,RB74921,sk-customer-service
js-017210,RB74921,sk-communication
js-017211,RB74918,sk-cooking
js-017212,RB74918,sk-customer-service
js-017213,RB74918,sk-communication
js-017214,RB98988,sk-administration
js-017215,PY28538,sk-warehouse-operations
js-017216,PY28538,sk-microsoft-office
js-017217,PY28538,sk-customer-service
js-017218,PY28538,sk-communication
js-017219,PY28538,sk-driving-category-b
js-017220,PY28538,sk-english-language
js-017221,PY28538,sk-german-language
js-017222,PY28538,sk-italian-language
js-017223,PZ51951,sk-cnc-machining
js-017224,PZ51951,sk-machine-operation
js-017225,PZ51951,sk-microsoft-office
js-017226,PZ51903,sk-cnc-machining
js-017227,PZ51903,sk-machine-operation
js-017228,PZ51903,sk-microsoft-office
js-017229,RA52445,sk-construction-work
js-017230,RA52445,sk-metalworking
js-017231,RA52445,sk-microsoft-office
js-017232,RA52445,sk-production-work
js-017233,RC01061,sk-accounting
js-017234,RC01061,sk-microsoft-office
js-017235,RC01061,sk-customer-service
js-017236,RC01061,sk-communication
js-017237,RB34730,sk-assembly
js-017238,RB34730,sk-microsoft-office
js-017239,RB34730,sk-driving-category-b
js-017240,RB34730,sk-slovenian-language
js-017241,RB34730,sk-english-language
js-017242,RB81858,sk-electrical-work
js-017243,RB81858,sk-customer-service
js-017244,RB81858,sk-communication
js-017245,RB81858,sk-driving-category-b
js-017246,RB81858,sk-driving-category-e
js-017247,RB81858,sk-english-language
js-017248,RB81858,sk-german-language
js-017249,RC05751,sk-hospitality
js-017250,RC05751,sk-restaurant-service
js-017251,RC05751,sk-customer-service
js-017252,RC05751,sk-communication
js-017253,RB76311,sk-construction-work
js-017254,RB76311,sk-microsoft-office
js-017255,RB76311,sk-english-language
js-017256,RA66690,sk-microsoft-office
js-017257,RA66690,sk-haccp
js-017258,RA66690,sk-customer-service
js-017259,RA66690,sk-communication
js-017260,RA66690,sk-cash-handling
js-017261,RA66690,sk-driving-category-b
js-017262,RA66690,sk-english-language
js-017263,RA66582,sk-microsoft-office
js-017264,RA66582,sk-cash-handling
js-017265,RA66582,sk-english-language
js-017266,RA15156,sk-microsoft-office
js-017267,RA15156,sk-driving-category-b
js-017268,RA15156,sk-english-language
js-017269,RB84288,sk-administration
js-017270,RB84288,sk-english-language
js-017271,PZ10765,sk-truck-driving
js-017272,PZ10765,sk-driving-category-c
js-017273,PZ10765,sk-slovenian-language
js-017274,RB53832,sk-microsoft-office
js-017275,RB53832,sk-driving-category-b
js-017276,RB53832,sk-driving-category-e
js-017277,RB53832,sk-slovenian-language
js-017278,RB53832,sk-english-language
js-017279,RB53832,sk-german-language
js-017280,RA15554,sk-construction-work
js-017281,RA15554,sk-driving-category-b
js-017282,RA15554,sk-customer-service
js-017283,RA16239,sk-cnc-machining
js-017284,RA16239,sk-machine-operation
js-017285,RA16239,sk-driving-category-b
js-017286,RA83834,sk-cleaning
js-017287,RA83834,sk-slovenian-language
js-017288,RA82106,sk-cleaning
js-017289,RA82106,sk-slovenian-language
js-017290,RA82077,sk-cleaning
js-017291,RA82077,sk-slovenian-language
js-017292,PV05523,sk-nursing
js-017293,PV05523,sk-patient-care
js-017294,PV05523,sk-first-aid
js-017295,PV05523,sk-microsoft-office
js-017296,PV05523,sk-slovenian-language
js-017297,RB47503,sk-sales
js-017298,RB47503,sk-customer-service
js-017299,PW07950,sk-laboratory-diagnostics
js-017300,PW07950,sk-driving-category-b
js-017301,PW07950,sk-driving-category-e
js-017302,RB75610,sk-laboratory-diagnostics
js-017303,RB75610,sk-customer-service
js-017304,RB75610,sk-communication
js-017305,RB75610,sk-driving-category-b
js-017306,RB56825,sk-welding
js-017307,RB56825,sk-metalworking
js-017308,RB59576,sk-automotive-repair
js-017309,RB59576,sk-vehicle-diagnostics
js-017310,RB96150,sk-driving
js-017311,RB96150,sk-microsoft-office
js-017312,RB96150,sk-driving-category-b
js-017313,RA01192,sk-sales
js-017314,RA01192,sk-customer-service
js-017315,RA01192,sk-driving-category-b
js-017316,RA01192,sk-slovenian-language
js-017317,RB71300,sk-cooking
js-017318,RB81108,sk-hospitality
js-017319,RB81108,sk-restaurant-service
js-017320,RB81108,sk-customer-service
js-017321,RC12839,sk-microsoft-office
js-017322,RC12839,sk-slovenian-language
js-017323,RC12839,sk-english-language
js-017324,RC12839,sk-german-language
js-017325,RA60346,sk-truck-driving
js-017326,RA60346,sk-microsoft-office
js-017327,RA60346,sk-driving-category-b
js-017328,RA60346,sk-english-language
js-017329,RC10491,sk-truck-driving
js-017330,RC10491,sk-warehouse-operations
js-017331,RC10491,sk-microsoft-office
js-017332,RC10491,sk-driving-category-b
js-017333,RC10491,sk-english-language
js-017334,RC03720,sk-microsoft-office
js-017335,RC03720,sk-english-language
js-017336,RB82287,sk-warehouse-operations
js-017337,RB82287,sk-forklift-operation
js-017338,RB88032,sk-welding
js-017339,RB88032,sk-metalworking
js-017340,RB88032,sk-forklift-operation
js-017341,RB88063,sk-welding
js-017342,RB88063,sk-metalworking
js-017343,RB88063,sk-forklift-operation
js-017344,RB60906,sk-construction-work
js-017345,RB60906,sk-driving-category-b
js-017346,RB60906,sk-slovenian-language
js-017347,RC11820,sk-assembly
js-017348,RC11820,sk-driving-category-b
js-017349,RC11820,sk-driving-category-d
js-017350,RC11820,sk-slovenian-language
js-017351,PZ82271,sk-microsoft-office
js-017352,PZ82271,sk-customer-service
js-017353,PZ82271,sk-communication
js-017354,PZ82271,sk-driving-category-b
js-017355,PZ82271,sk-slovenian-language
js-017356,PZ82271,sk-english-language
js-017357,PZ82271,sk-serbian-language
js-017358,RC09523,sk-microsoft-office
js-017359,RC09523,sk-driving-category-b
js-017360,RC09523,sk-slovenian-language
js-017361,RC09523,sk-english-language
js-017362,RA47676,sk-warehouse-operations
js-017363,RA47676,sk-forklift-operation
js-017364,RA47676,sk-inventory-management
js-017365,RA47676,sk-haccp
js-017366,RA47676,sk-driving-category-b
js-017367,RA95905,sk-microsoft-office
js-017368,RA95905,sk-driving-category-b
js-017369,RA95905,sk-slovenian-language
js-017370,RA95905,sk-english-language
js-017371,RA95905,sk-german-language
js-017372,RB72190,sk-nursing
js-017373,RB72190,sk-driving-category-b
js-017374,RB72190,sk-slovenian-language
js-017375,RB72190,sk-english-language
js-017376,RC06299,sk-microsoft-office
js-017377,RC06299,sk-driving-category-b
js-017378,RC06299,sk-driving-category-e
js-017379,RC06299,sk-slovenian-language
js-017380,RC06299,sk-english-language
js-017381,RB99020,sk-truck-driving
js-017382,RB99020,sk-driving-category-e
js-017383,RB74892,sk-welding
js-017384,RB74892,sk-metalworking
js-017385,RB74892,sk-driving-category-b
js-017386,RB74892,sk-driving-category-e
js-017387,RB74966,sk-administration
js-017388,RB74966,sk-driving-category-b
js-017389,RB74966,sk-driving-category-e
js-017390,RB89101,sk-automotive-repair
js-017391,RB89101,sk-electrical-work
js-017392,RB89101,sk-driving-category-b
js-017393,RB89621,sk-microsoft-office
js-017394,RB89621,sk-customer-service
js-017395,RB89621,sk-communication
js-017396,RB89621,sk-cash-handling
js-017397,RB89621,sk-slovenian-language
js-017398,RB89621,sk-english-language
js-017399,RB89621,sk-serbian-language
js-017400,RB90234,sk-accounting
js-017401,RB90234,sk-microsoft-office
js-017402,RB90234,sk-slovenian-language
js-017403,RB90234,sk-english-language
js-017404,RB90234,sk-serbian-language
js-017405,RB77900,sk-microsoft-office
js-017406,RB77900,sk-customer-service
js-017407,RB77900,sk-communication
js-017408,RB77900,sk-cash-handling
js-017409,RB77900,sk-slovenian-language
js-017410,RB77900,sk-english-language
js-017411,RB77900,sk-serbian-language
js-017412,RB90066,sk-production-work
js-017413,RB90004,sk-production-work
js-017414,IC97162,sk-nursing
js-017415,IC97162,sk-patient-care
js-017416,IC97162,sk-dental-care
js-017417,RB59454,sk-microsoft-office
js-017418,RB59454,sk-customer-service
js-017419,RB59454,sk-communication
js-017420,RB59454,sk-driving-category-b
js-017421,RB59454,sk-english-language
js-017422,RB67125,sk-production-work
js-017423,RC13419,sk-welding
js-017424,RC13419,sk-metalworking
js-017425,RC13380,sk-assembly
js-017426,RB52533,sk-technical-maintenance
js-017427,RB51768,sk-technical-maintenance
js-017428,RB51768,sk-electrical-work
js-017429,RB44251,sk-welding
js-017430,RB44251,sk-metalworking
js-017431,PZ73392,sk-cnc-machining
js-017432,PZ73392,sk-machine-operation
js-017433,PZ23191,sk-welding
js-017434,PZ23191,sk-metalworking
js-017435,PW53808,sk-welding
js-017436,PW53808,sk-metalworking
js-017437,PY47322,sk-warehouse-operations
js-017438,PY47322,sk-forklift-operation
js-017439,PY47262,sk-administration
js-017440,PZ23308,sk-forklift-operation
js-017441,PZ23308,sk-production-work
js-017442,RB95293,sk-administration
js-017443,RB95293,sk-driving-category-b
js-017444,RB95293,sk-slovenian-language
js-017445,RB91379,sk-technical-maintenance
js-017446,RB91379,sk-driving-category-b
js-017447,RB78130,sk-customer-service
js-017448,RB78130,sk-communication
js-017449,RB78130,sk-driving-category-b
js-017450,RB92755,sk-technical-maintenance
js-017451,RB96041,sk-construction-work
js-017452,RB96041,sk-driving-category-b
js-017453,RC04651,sk-construction-work
js-017454,RC04651,sk-driving-category-b
js-017455,RB92894,sk-technical-maintenance
js-017456,RB84672,sk-construction-work
js-017457,RB84672,sk-driving-category-b
js-017458,RB84672,sk-driving-category-d
js-017459,RB91382,sk-technical-maintenance
js-017460,RB91382,sk-driving-category-b
js-017461,RB78681,sk-customer-service
js-017462,RB78681,sk-communication
js-017463,RB78681,sk-driving-category-b
js-017464,RB95717,sk-construction-work
js-017465,RB95717,sk-driving-category-b
js-017466,RB89254,sk-technical-maintenance
js-017467,RB89254,sk-driving-category-b
js-017468,RB89299,sk-customer-service
js-017469,RB89299,sk-communication
js-017470,RB89299,sk-driving-category-b
js-017471,RB89879,sk-technical-maintenance
js-017472,RB89879,sk-driving-category-b
js-017473,RB89803,sk-customer-service
js-017474,RB89803,sk-communication
js-017475,RB89803,sk-driving-category-b
js-017476,RB89760,sk-technical-maintenance
js-017477,RB89760,sk-driving-category-b
js-017478,RB89683,sk-technical-maintenance
js-017479,RB89683,sk-driving-category-b
js-017480,RC06268,sk-sales
js-017481,RC06268,sk-customer-service
js-017482,RC06268,sk-driving-category-b
js-017483,RB96670,sk-cleaning
js-017484,RB96670,sk-driving-category-b
js-017485,RB96670,sk-slovenian-language
js-017486,RB95199,sk-driving
js-017487,RB95199,sk-customer-service
js-017488,RB95199,sk-communication
js-017489,RB95199,sk-cash-handling
js-017490,RB95199,sk-english-language
js-017491,PF17650,sk-microsoft-office
js-017492,PF17650,sk-driving-category-b
js-017493,PF17650,sk-driving-category-ce
js-017494,PF17650,sk-slovenian-language
js-017495,PU93337,sk-microsoft-office
js-017496,PP36586,sk-microsoft-office
js-017497,PP36586,sk-driving-category-b
js-017498,PP36586,sk-driving-category-ce
js-017499,PP36694,sk-microsoft-office
js-017500,PP36694,sk-driving-category-b
js-017501,PP36694,sk-driving-category-ce
js-017502,PR22781,sk-security-work
js-017503,PR22781,sk-customer-service
js-017504,PR22781,sk-driving-category-b
js-017505,PR22781,sk-driving-category-d
js-017506,PR93517,sk-cash-handling
js-017507,PV48772,sk-security-work
js-017508,PV48772,sk-customer-service
js-017509,PV48772,sk-microsoft-office
js-017510,RB62530,sk-administration
js-017511,RC04176,sk-security-work
js-017512,RC04176,sk-customer-service
js-017513,RC04219,sk-security-work
js-017514,RC04219,sk-customer-service
js-017515,RB62526,sk-administration
js-017516,RA46605,sk-administration
js-017517,RA46636,sk-administration
js-017518,PZ29271,sk-production-work
js-017519,RB83876,sk-administration
js-017520,RB83876,sk-driving-category-b
js-017521,RB99017,sk-administration
js-017522,RC12367,sk-construction-work
js-017523,RC12367,sk-driving-category-b
js-017524,RC12336,sk-construction-work
js-017525,RC12336,sk-driving-category-b
js-017526,RB99108,sk-construction-work
js-017527,RB99108,sk-microsoft-office
js-017528,RB99108,sk-cash-handling
js-017529,RB99108,sk-driving-category-b
js-017530,RB99108,sk-slovenian-language
js-017531,RB91411,sk-administration
js-017532,RB91411,sk-slovenian-language
js-017533,RC03596,sk-driving
js-017534,RC03596,sk-customer-service
js-017535,RC03596,sk-communication
js-017536,RC03596,sk-driving-category-c
js-017537,RC03596,sk-slovenian-language
js-017538,RC07600,sk-customer-service
js-017539,RC07600,sk-communication
js-017540,RC07600,sk-production-work
js-017541,RC07644,sk-reception-work
js-017542,RC07644,sk-customer-service
js-017543,RC07644,sk-communication
js-017544,RC07644,sk-microsoft-office
js-017545,RC07644,sk-cash-handling
js-017546,RC10275,sk-truck-driving
js-017547,RC10275,sk-driving-category-c
js-017548,RC10275,sk-driving-category-ce
js-017549,RB71618,sk-early-childhood-education
js-017550,RB71618,sk-teaching
js-017551,RB71618,sk-communication
js-017552,RB71618,sk-slovenian-language
js-017553,RB71618,sk-english-language
js-017554,RC04742,sk-administration
js-017555,RC04742,sk-microsoft-office
js-017556,RC04742,sk-driving-category-b
js-017557,RC04742,sk-driving-category-e
js-017558,RC04742,sk-slovenian-language
js-017559,RC04742,sk-english-language
js-017560,RA91138,sk-assembly
js-017561,RA91138,sk-driving-category-b
js-017562,RB65385,sk-cleaning
js-017563,RB65385,sk-slovenian-language
js-017564,RB64206,sk-cleaning
js-017565,RB64206,sk-slovenian-language
js-017566,RB58002,sk-administration
js-017567,RB58002,sk-slovenian-language
js-017568,RB58002,sk-english-language
js-017569,RB60189,sk-nursing
js-017570,RB60189,sk-patient-care
js-017571,RB60189,sk-microsoft-office
js-017572,RB60189,sk-slovenian-language
js-017573,PZ29007,sk-microsoft-office
js-017574,PZ29007,sk-driving-category-b
js-017575,PZ29007,sk-slovenian-language
js-017576,PW73325,sk-nursing
js-017577,PW73325,sk-patient-care
js-017578,PW73325,sk-geriatric-care
js-017579,PW73325,sk-microsoft-office
js-017580,PW73325,sk-customer-service
js-017581,PW73325,sk-communication
js-017582,PW73325,sk-driving-category-b
js-017583,PW73325,sk-driving-category-e
js-017584,PW73325,sk-slovenian-language
js-017585,PP09029,sk-nursing
js-017586,PP09029,sk-patient-care
js-017587,PP09029,sk-geriatric-care
js-017588,PP09029,sk-microsoft-office
js-017589,PP09029,sk-slovenian-language
js-017590,PP09185,sk-technical-maintenance
js-017591,PP09185,sk-slovenian-language
js-017592,RA05090,sk-nursing
js-017593,RA05090,sk-patient-care
js-017594,RA05090,sk-first-aid
js-017595,RB58215,sk-nursing
js-017596,RB58215,sk-patient-care
js-017597,RC05657,sk-electrical-work
js-017598,RC05657,sk-driving-category-b
js-017599,RC05660,sk-construction-work
js-017600,RC05660,sk-production-work
js-017601,RC06683,sk-warehouse-operations
js-017602,RC06683,sk-microsoft-office
js-017603,RC06683,sk-driving-category-b
js-017604,RC11236,sk-construction-work
js-017605,RC11236,sk-driving-category-b
js-017606,RC11236,sk-slovenian-language
js-017607,RB98315,sk-truck-driving
js-017608,RB98315,sk-driving-category-b
js-017609,RB98164,sk-microsoft-office
js-017610,RB98164,sk-customer-service
js-017611,RB98164,sk-communication
js-017612,RB98164,sk-driving-category-b
js-017613,RB98164,sk-driving-category-e
js-017614,RB98164,sk-slovenian-language
js-017615,RB98164,sk-english-language
js-017616,RB98116,sk-cooking
js-017617,RB98116,sk-microsoft-office
js-017618,RB98116,sk-customer-service
js-017619,RB98116,sk-communication
js-017620,RB98116,sk-driving-category-b
js-017621,RB98116,sk-slovenian-language
js-017622,RA27824,sk-production-work
js-017623,RA27824,sk-slovenian-language
js-017624,RB57956,sk-gardening
js-017625,RB57956,sk-driving-category-b
js-017626,RB57956,sk-slovenian-language
js-017627,RB55907,sk-administration
js-017628,RB55907,sk-driving-category-b
js-017629,RC08286,sk-administration
js-017630,RC08286,sk-driving-category-b
js-017631,RB81390,sk-warehouse-operations
js-017632,RB81390,sk-forklift-operation
js-017633,RB81390,sk-microsoft-office
js-017634,RB81390,sk-driving-category-b
js-017635,RB81390,sk-production-work
js-017636,PX56479,sk-cleaning
js-017637,PX56479,sk-driving-category-b
js-017638,RB97081,sk-packaging
js-017639,RB97081,sk-driving-category-b
js-017640,RB97138,sk-customer-service
js-017641,RB97138,sk-communication
js-017642,RB97138,sk-cash-handling
js-017643,RB97138,sk-driving-category-b
js-017644,RB97215,sk-production-work
js-017645,RB97215,sk-warehouse-operations
js-017646,RB97215,sk-driving-category-b
js-017647,RB97215,sk-driving-category-e
js-017648,RB97002,sk-administration
js-017649,RB97002,sk-driving-category-b
js-017650,RB97536,sk-teaching
js-017651,RB97536,sk-communication
js-017652,RB97536,sk-microsoft-office
js-017653,RB92772,sk-teaching
js-017654,RB92772,sk-communication
js-017655,RB92772,sk-mathematics
js-017656,RB92772,sk-microsoft-office
js-017657,PZ04467,sk-hairdressing
js-017658,PZ04467,sk-customer-service
js-017659,PZ04467,sk-slovenian-language
js-017660,RB63231,sk-assembly
js-017661,RB63231,sk-driving-category-b
js-017662,RC03503,sk-production-work
js-017663,RC03503,sk-warehouse-operations
js-017664,RC03503,sk-driving-category-b
js-017665,ID08384,sk-cleaning
js-017666,ID08384,sk-driving-category-b
js-017667,RB18817,sk-cleaning
js-017668,RB18817,sk-driving-category-b
js-017669,RB18817,sk-slovenian-language
js-017670,RB19138,sk-cleaning
js-017671,RB19138,sk-driving-category-b
js-017672,RB19138,sk-driving-category-e
js-017673,RB19138,sk-slovenian-language
js-017674,PZ20698,sk-cleaning
js-017675,PZ20698,sk-driving-category-b
js-017676,PZ20698,sk-slovenian-language
js-017677,PZ20698,sk-english-language
js-017678,RA51086,sk-cleaning
js-017679,RA51086,sk-driving-category-b
js-017680,RA51086,sk-slovenian-language
js-017681,RA86554,sk-cleaning
js-017682,RA86554,sk-driving-category-b
js-017683,RA86554,sk-driving-category-e
js-017684,RA86554,sk-slovenian-language
js-017685,RA86446,sk-warehouse-operations
js-017686,RA86446,sk-microsoft-office
js-017687,RA86446,sk-customer-service
js-017688,RA86446,sk-communication
js-017689,RA86446,sk-driving-category-b
js-017690,RA86446,sk-slovenian-language
js-017691,RA86446,sk-english-language
js-017692,RA86446,sk-croatian-language
js-017693,RA86446,sk-serbian-language
js-017694,RB56370,sk-driving
js-017695,RB56370,sk-customer-service
js-017696,RB56370,sk-communication
js-017697,RB56370,sk-cash-handling
js-017698,RB56370,sk-driving-category-b
js-017699,RB56370,sk-driving-category-e
js-017700,RB56370,sk-driving-category-d
js-017701,RB56370,sk-slovenian-language
js-017702,RB56340,sk-microsoft-office
js-017703,RB56340,sk-customer-service
js-017704,RB56340,sk-communication
js-017705,RB56340,sk-cash-handling
js-017706,RB56340,sk-driving-category-b
js-017707,RB56340,sk-driving-category-e
js-017708,RB56340,sk-driving-category-d
js-017709,RB56340,sk-slovenian-language
js-017710,RB56340,sk-english-language
js-017711,RB56340,sk-german-language
js-017712,RB56340,sk-italian-language
js-017713,PC11379,sk-warehouse-operations
js-017714,PC11379,sk-inventory-management
js-017715,PC11379,sk-driving-category-b
js-017716,PC11379,sk-slovenian-language
js-017717,OU50951,sk-baking
js-017718,OU50951,sk-food-preparation
js-017719,OU50951,sk-microsoft-office
js-017720,OU50951,sk-customer-service
js-017721,OU50951,sk-communication
js-017722,OU50951,sk-driving-category-b
js-017723,OU50951,sk-slovenian-language
js-017724,OU50951,sk-english-language
js-017725,PU16377,sk-driving
js-017726,PU16377,sk-warehouse-operations
js-017727,PU16377,sk-customer-service
js-017728,PU16377,sk-communication
js-017729,PU16377,sk-driving-category-b
js-017730,PU16377,sk-slovenian-language
js-017731,RB97948,sk-construction-work
js-017732,RB97948,sk-driving-category-b
js-017733,RB28600,sk-woodworking
js-017734,RB28600,sk-driving-category-b
js-017735,RB28631,sk-administration
js-017736,RB28631,sk-driving-category-b
js-017737,RA30668,sk-production-work
js-017738,RA30699,sk-production-work
js-017739,PY95613,sk-driving
js-017740,PY95613,sk-warehouse-operations
js-017741,PC76602,sk-nursing
js-017742,PC76602,sk-patient-care
js-017743,PC76602,sk-slovenian-language
js-017744,PG37174,sk-production-work
js-017745,PV32162,sk-technical-maintenance
js-017746,RB99034,sk-administration
js-017747,RC01104,sk-administration
js-017748,RA19710,sk-cleaning
js-017749,RA19741,sk-nursing
js-017750,RA19741,sk-patient-care
js-017751,RA19786,sk-technical-maintenance
js-017752,RB03719,sk-cleaning
js-017753,RC00342,sk-microsoft-office
js-017754,RC00342,sk-slovenian-language
js-017755,PY15964,sk-security-work
js-017756,PY15964,sk-customer-service
js-017757,PY15964,sk-slovenian-language
js-017758,RA83010,sk-security-work
js-017759,RA83010,sk-customer-service
js-017760,RA83010,sk-slovenian-language
js-017761,RB83481,sk-administration
js-017762,RB83481,sk-slovenian-language
js-017763,PZ22030,sk-technical-maintenance
js-017764,PZ22030,sk-mechanical-repair
js-017765,PZ22030,sk-electrical-work
js-017766,PZ22030,sk-microsoft-office
js-017767,PZ22030,sk-driving-category-b
js-017768,PZ22030,sk-slovenian-language
js-017769,PZ22030,sk-german-language
js-017770,RC00296,sk-sales
js-017771,RC00296,sk-customer-service
js-017772,RC00296,sk-driving-category-b
js-017773,RC07917,sk-customer-service
js-017774,RC07917,sk-communication
js-017775,RC07917,sk-cash-handling
js-017776,RC07891,sk-quality-control
js-017777,RC07891,sk-customer-service
js-017778,RC07891,sk-communication
js-017779,RC07891,sk-cash-handling
js-017780,PZ30893,sk-truck-driving
js-017781,PZ30893,sk-warehouse-operations
js-017782,PZ30893,sk-driving-category-c
js-017783,PZ30893,sk-driving-category-e
js-017784,RA47966,sk-production-work
js-017785,RB35827,sk-welding
js-017786,RB35827,sk-metalworking
js-017787,RB63137,sk-production-work
js-017788,PZ47225,sk-plumbing
js-017789,PZ47225,sk-slovenian-language
js-017790,PX59245,sk-microsoft-office
js-017791,PX59245,sk-slovenian-language
js-017792,PX59245,sk-english-language
js-017793,PY81035,sk-construction-work
js-017794,PY81035,sk-microsoft-office
js-017795,PY81035,sk-slovenian-language
js-017796,PY81035,sk-english-language
js-017797,RB93795,sk-nursing
js-017798,RB93795,sk-patient-care
js-017799,RB93795,sk-microsoft-office
js-017800,RB93795,sk-slovenian-language
js-017801,RB93778,sk-teaching
js-017802,RB93778,sk-communication
js-017803,RB93778,sk-biology
js-017804,RB93778,sk-microsoft-office
js-017805,RB93778,sk-slovenian-language
js-017806,RB93690,sk-teaching
js-017807,RB93690,sk-communication
js-017808,RB93690,sk-microsoft-office
js-017809,RB93690,sk-customer-service
js-017810,RB93690,sk-slovenian-language
js-017811,RB86383,sk-baking
js-017812,RB86383,sk-food-preparation
js-017813,PX39550,sk-teaching
js-017814,PX39550,sk-communication
js-017815,PZ08822,sk-driving
js-017816,PZ08822,sk-customer-service
js-017817,PZ08822,sk-communication
js-017818,PZ08822,sk-cash-handling
js-017819,PZ08822,sk-driving-category-b
js-017820,PZ08822,sk-english-language
js-017821,DN63646,sk-warehouse-operations
js-017822,DN63646,sk-customer-service
js-017823,DN63646,sk-communication
js-017824,RA62148,sk-teaching
js-017825,RA62148,sk-communication
js-017826,RA62148,sk-driving-category-b
js-017827,RA62148,sk-slovenian-language
js-017828,RA62148,sk-english-language
js-017829,RA62148,sk-italian-language
js-017830,RC02985,sk-baking
js-017831,RC02985,sk-food-preparation
js-017832,RC03579,sk-hospitality
js-017833,RC03579,sk-restaurant-service
js-017834,RC03579,sk-customer-service
js-017835,RC03579,sk-slovenian-language
js-017836,ID35919,sk-cleaning
js-017837,ID35919,sk-slovenian-language
js-017838,RB99429,sk-sales
js-017839,RB99429,sk-customer-service
js-017840,RB99429,sk-microsoft-office
js-017841,RB99429,sk-communication
js-017842,RB99429,sk-driving-category-b
js-017843,RB99429,sk-english-language
js-017844,RB99429,sk-german-language
js-017845,RB88630,sk-nursing
js-017846,RB88630,sk-patient-care
js-017847,RB88630,sk-microsoft-office
js-017848,RB88630,sk-driving-category-b
js-017849,RB88630,sk-slovenian-language
js-017850,RB88630,sk-english-language
js-017851,RB03233,sk-medicine
js-017852,RB03233,sk-microsoft-office
js-017853,RB03233,sk-customer-service
js-017854,RB03233,sk-communication
js-017855,RB03233,sk-driving-category-b
js-017856,RB03233,sk-slovenian-language
js-017857,RB03233,sk-english-language
js-017858,RC09142,sk-warehouse-operations
js-017859,RC09142,sk-production-work
js-017860,RC07903,sk-cleaning
js-017861,RC10349,sk-assembly
js-017862,RB81480,sk-masonry
js-017863,RB81480,sk-construction-work
js-017864,RB81480,sk-driving-category-b
js-017865,RB75563,sk-warehouse-operations
js-017866,RB75563,sk-slovenian-language
js-017867,RB75532,sk-technical-maintenance
js-017868,RB75532,sk-mechanical-repair
js-017869,RB75532,sk-forklift-operation
js-017870,RB75532,sk-slovenian-language
js-017871,RB75532,sk-production-work
js-017872,RB75441,sk-packaging
js-017873,RB75441,sk-slovenian-language
js-017874,RB75441,sk-production-work
js-017875,RC09247,sk-production-work
js-017876,ID30589,sk-construction-work
js-017877,ID30589,sk-driving-category-b
js-017878,PL51596,sk-woodworking
js-017879,PL51596,sk-driving-category-b
js-017880,PL51596,sk-slovenian-language
js-017881,RC11131,sk-construction-work
js-017882,RC11131,sk-production-work
js-017883,ID35296,sk-hospitality
js-017884,ID35296,sk-restaurant-service
js-017885,ID35296,sk-customer-service
js-017886,RA03040,sk-administration
js-017887,RA03040,sk-driving-category-b
js-017888,RA03040,sk-slovenian-language
js-017889,RC04240,sk-teaching
js-017890,RC04240,sk-communication
js-017891,RC04240,sk-mathematics
js-017892,RC04240,sk-physics
js-017893,RC04240,sk-chemistry
js-017894,RC04240,sk-biology
js-017895,RC04470,sk-teaching
js-017896,RC04470,sk-communication
js-017897,RC04470,sk-physical-education
js-017898,RC04470,sk-microsoft-office
js-017899,RB58826,sk-hairdressing
js-017900,RB58826,sk-customer-service
js-017901,RB58826,sk-communication
js-017902,RB58826,sk-driving-category-b
js-017903,RB58826,sk-slovenian-language
js-017904,RA20519,sk-microsoft-office
js-017905,RA20519,sk-customer-service
js-017906,RA20519,sk-communication
js-017907,RA20519,sk-slovenian-language
js-017908,RC06939,sk-baking
js-017909,RC06939,sk-food-preparation
js-017910,RC07431,sk-medicine
js-017911,RC07431,sk-laboratory-diagnostics
js-017912,RC07431,sk-radiology
js-017913,RC07431,sk-dental-care
js-017914,RC07431,sk-microsoft-office
js-017915,RC07431,sk-cash-handling
js-017916,RC07431,sk-driving-category-b
js-017917,RC07431,sk-slovenian-language
js-017918,RC07431,sk-english-language
js-017919,RC07630,sk-medicine
js-017920,RC07630,sk-dental-care
js-017921,RC07630,sk-microsoft-office
js-017922,RC07630,sk-driving-category-b
js-017923,RC07630,sk-slovenian-language
js-017924,RC07630,sk-english-language
js-017925,RB81631,sk-welding
js-017926,RB81631,sk-metalworking
js-017927,RB81631,sk-driving-category-b
js-017928,RB81631,sk-slovenian-language
js-017929,RB81631,sk-production-work
js-017930,RA49922,sk-production-work
js-017931,RA49922,sk-driving-category-b
js-017932,RA49922,sk-slovenian-language
js-017933,RB93886,sk-roofing
js-017934,RB93886,sk-construction-work
js-017935,RB91209,sk-production-work
js-017936,RB91209,sk-driving-category-b
js-017937,RB89544,sk-laboratory-diagnostics
js-017938,RB89544,sk-haccp
js-017939,RB89544,sk-cash-handling
js-017940,RB89544,sk-driving-category-b
js-017941,RB89544,sk-english-language
js-017942,RB89544,sk-italian-language
js-017943,RB76112,sk-welding
js-017944,RB76112,sk-metalworking
js-017945,RA00089,sk-assembly
js-017946,RA00089,sk-driving-category-b
js-017947,RB54946,sk-administration
js-017948,RB54946,sk-driving-category-b
js-017949,RB54946,sk-slovenian-language
js-017950,RB55040,sk-haccp
js-017951,RB55040,sk-driving-category-b
js-017952,RB55040,sk-slovenian-language
js-017953,RB54932,sk-administration
js-017954,RB54932,sk-driving-category-b
js-017955,RB54932,sk-slovenian-language
js-017956,RB54950,sk-cooking
js-017957,RB54950,sk-driving-category-b
js-017958,RB54950,sk-slovenian-language
js-017959,RB54886,sk-administration
js-017960,RB54886,sk-driving-category-b
js-017961,RB54886,sk-slovenian-language
js-017962,PZ58258,sk-assembly
js-017963,PZ58258,sk-driving-category-b
js-017964,PZ58258,sk-driving-category-e
js-017965,PZ58258,sk-slovenian-language
js-017966,PZ58292,sk-forklift-operation
js-017967,PZ58292,sk-driving-category-b
js-017968,PZ58292,sk-slovenian-language
js-017969,RA59596,sk-customer-service
js-017970,RA59596,sk-communication
js-017971,RA59596,sk-driving-category-b
js-017972,RA59596,sk-slovenian-language
js-017973,RA59596,sk-production-work
js-017974,PZ33702,sk-warehouse-operations
js-017975,PZ33702,sk-driving-category-b
js-017976,PL01961,sk-administration
js-017977,PL01961,sk-driving-category-b
js-017978,PL01961,sk-driving-category-e
js-017979,PL02097,sk-machine-operation
js-017980,PL02097,sk-driving-category-b
js-017981,PL02097,sk-driving-category-e
js-017982,PL02390,sk-machine-operation
js-017983,PL02390,sk-driving-category-b
js-017984,PL02390,sk-driving-category-e
js-017985,PZ82362,sk-packaging
js-017986,PZ82362,sk-driving-category-b
js-017987,RA87378,sk-carpentry
js-017988,RA87378,sk-construction-work
js-017989,RA87378,sk-driving-category-b
js-017990,RA87378,sk-production-work
js-017991,RB94739,sk-woodworking
js-017992,PZ95976,sk-machine-operation
js-017993,PZ95976,sk-driving-category-b
js-017994,PZ95976,sk-driving-category-e
js-017995,RB95461,sk-driving
js-017996,RB95461,sk-driving-category-c
js-017997,RB95461,sk-driving-category-e
js-017998,RB51217,sk-cooking
js-017999,RB51217,sk-dietary-cooking
js-018000,RB51217,sk-customer-service
js-018001,RB51217,sk-communication
js-018002,RB51217,sk-slovenian-language
js-018003,RB55180,sk-automotive-repair
js-018004,RB55180,sk-driving-category-b
js-018005,RA91627,sk-truck-driving
js-018006,RA91627,sk-driving-category-ce
js-018007,RB72874,sk-painting
js-018008,RB72874,sk-driving-category-b
js-018009,RB72874,sk-slovenian-language
js-018010,RB66909,sk-cooking
js-018011,RB66909,sk-driving-category-b
js-018012,RB66852,sk-cooking
js-018013,RB66852,sk-customer-service
js-018014,RB66852,sk-communication
js-018015,RB66852,sk-driving-category-b
js-018016,RC07658,sk-microsoft-office
js-018017,RC07658,sk-driving-category-b
js-018018,RC03946,sk-microsoft-office
js-018019,RC03946,sk-driving-category-b
js-018020,RC03946,sk-english-language
js-018021,RC03886,sk-customer-service
js-018022,RC03886,sk-communication
js-018023,RC03886,sk-english-language
js-018024,RC11300,sk-teaching
js-018025,RC11300,sk-communication
js-018026,RB76390,sk-construction-work
js-018027,RC04648,sk-production-work
js-018028,RC04648,sk-driving-category-b
js-018029,DN63680,sk-warehouse-operations
js-018030,DN63680,sk-inventory-management
js-018031,DN63680,sk-driving-category-b
js-018032,RC01945,sk-security-work
js-018033,RC01945,sk-customer-service
js-018034,IC86936,sk-cooking
js-018035,ID37113,sk-truck-driving
js-018036,ID37113,sk-driving-category-b
js-018037,ID37113,sk-driving-category-c
js-018038,ID37113,sk-driving-category-e
js-018039,PZ62049,sk-technical-maintenance
js-018040,PZ62049,sk-mechanical-repair
js-018041,PZ62049,sk-driving-category-b
js-018042,PZ62049,sk-slovenian-language
js-018043,PZ62049,sk-english-language
js-018044,PZ61992,sk-cnc-machining
js-018045,PZ61992,sk-machine-operation
js-018046,PZ61992,sk-driving-category-b
js-018047,PZ61992,sk-slovenian-language
js-018048,PZ61992,sk-english-language
js-018049,RA75566,sk-accounting
js-018050,RA75566,sk-driving-category-b
js-018051,RA75566,sk-slovenian-language
js-018052,RA75566,sk-english-language
js-018053,RA57379,sk-haccp
js-018054,RA57379,sk-customer-service
js-018055,RA57379,sk-communication
js-018056,RA57379,sk-cash-handling
js-018057,RA57379,sk-slovenian-language
js-018058,RA57379,sk-english-language
js-018059,RB06408,sk-hospitality
js-018060,RB06408,sk-restaurant-service
js-018061,RB06408,sk-customer-service
js-018062,RB06408,sk-communication
js-018063,RB06408,sk-cash-handling
js-018064,RB06408,sk-slovenian-language
js-018065,RB06408,sk-english-language
js-018066,RB06260,sk-hospitality
js-018067,RB06260,sk-restaurant-service
js-018068,RB06260,sk-customer-service
js-018069,RB06260,sk-communication
js-018070,RB06260,sk-cash-handling
js-018071,RB06260,sk-slovenian-language
js-018072,RB06260,sk-english-language
js-018073,RB06547,sk-haccp
js-018074,RB06547,sk-customer-service
js-018075,RB06547,sk-communication
js-018076,RB06547,sk-slovenian-language
js-018077,RB06581,sk-haccp
js-018078,RB06581,sk-customer-service
js-018079,RB06581,sk-communication
js-018080,RB06581,sk-slovenian-language
js-018081,RB06581,sk-english-language
js-018082,RB07158,sk-hospitality
js-018083,RB07158,sk-restaurant-service
js-018084,RB07158,sk-customer-service
js-018085,RB07158,sk-communication
js-018086,RB07158,sk-cash-handling
js-018087,RB07158,sk-slovenian-language
js-018088,RB07158,sk-english-language
js-018089,RB06317,sk-hospitality
js-018090,RB06317,sk-restaurant-service
js-018091,RB06317,sk-customer-service
js-018092,RB06317,sk-communication
js-018093,RB06317,sk-cash-handling
js-018094,RB06317,sk-slovenian-language
js-018095,RB06317,sk-english-language
js-018096,RA57334,sk-hospitality
js-018097,RA57334,sk-restaurant-service
js-018098,RA57334,sk-customer-service
js-018099,RA57334,sk-communication
js-018100,RA57334,sk-cash-handling
js-018101,RA57334,sk-slovenian-language
js-018102,RA57334,sk-english-language
js-018103,RB59039,sk-driving
js-018104,RB59039,sk-microsoft-office
js-018105,RB59039,sk-customer-service
js-018106,RB59039,sk-communication
js-018107,RB59039,sk-slovenian-language
js-018108,RB59039,sk-english-language
js-018109,RB59039,sk-german-language
js-018110,RA97573,sk-masonry
js-018111,RA97573,sk-construction-work
js-018112,RA97620,sk-carpentry
js-018113,RA97620,sk-construction-work
js-018114,RA97620,sk-driving-category-b
js-018115,RC10702,sk-driving
js-018116,RC10702,sk-microsoft-office
js-018117,RC10702,sk-driving-category-b
js-018118,RC10702,sk-english-language
js-018119,RC10702,sk-german-language
js-018120,RC10702,sk-serbian-language
js-018121,RB97857,sk-cash-handling
js-018122,RB97857,sk-slovenian-language
js-018123,RB93014,sk-accounting
js-018124,RB93014,sk-microsoft-office
js-018125,RB93014,sk-cash-handling
js-018126,RB93014,sk-driving-category-b
js-018127,RB93014,sk-english-language
js-018128,RC05168,sk-accounting
js-018129,RC05168,sk-microsoft-office
js-018130,RC05168,sk-cash-handling
js-018131,RC05168,sk-driving-category-b
js-018132,RC09554,sk-packaging
js-018133,RC09554,sk-production-work
js-018134,RC00650,sk-teaching
js-018135,RC00650,sk-communication
js-018136,RC00650,sk-microsoft-office
js-018137,RC00650,sk-slovenian-language
js-018138,RC00586,sk-teaching
js-018139,RC00586,sk-communication
js-018140,RC00586,sk-microsoft-office
js-018141,RC00586,sk-slovenian-language
js-018142,RC07016,sk-cleaning
js-018143,RC07016,sk-driving-category-b
js-018144,RB80437,sk-microsoft-office
js-018145,RB80437,sk-driving-category-b
js-018146,RB80437,sk-slovenian-language
js-018147,RA69879,sk-painting
js-018148,RA69879,sk-driving-category-b
js-018149,RA69879,sk-slovenian-language
js-018150,RC03170,sk-driving
js-018151,RC03170,sk-driving-category-b
js-018152,RC03170,sk-driving-category-c
js-018153,RC03170,sk-driving-category-e
js-018154,RB96237,sk-microsoft-office
js-018155,RB96237,sk-driving-category-b
js-018156,RB96237,sk-driving-category-d
js-018157,RB96237,sk-slovenian-language
js-018158,RB96285,sk-construction-work
js-018159,RB96285,sk-microsoft-office
js-018160,RB96285,sk-driving-category-b
js-018161,RB96285,sk-driving-category-e
js-018162,RB96285,sk-driving-category-d
js-018163,RB96285,sk-slovenian-language
js-018164,ID32329,sk-assembly
js-018165,RB84564,sk-nursing
js-018166,RB84564,sk-patient-care
js-018167,RB84564,sk-microsoft-office
js-018168,RB84564,sk-driving-category-b
js-018169,RB84564,sk-slovenian-language
js-018170,RB84564,sk-english-language
js-018171,RB75870,sk-truck-driving
js-018172,RB75870,sk-cash-handling
js-018173,RB75870,sk-driving-category-b
js-018174,RB75870,sk-driving-category-c
js-018175,RB75870,sk-driving-category-e
js-018176,RB75870,sk-driving-category-ce
js-018177,RB75927,sk-pharmacy
js-018178,RB75927,sk-customer-service
js-018179,RB75927,sk-communication
js-018180,RB75927,sk-driving-category-b
js-018181,RB75927,sk-driving-category-c
js-018182,RB75927,sk-driving-category-e
js-018183,RB75927,sk-driving-category-ce
js-018184,RB75927,sk-english-language
js-018185,RB75927,sk-german-language
js-018186,RC04617,sk-customer-service
js-018187,RC04617,sk-communication
js-018188,RC04617,sk-cash-handling
js-018189,RA14406,sk-sales
js-018190,RA14406,sk-customer-service
js-018191,RA14406,sk-cash-handling
js-018192,RA14406,sk-driving-category-b
js-018193,RA14406,sk-slovenian-language
js-018194,RC07888,sk-van-driving
js-018195,RC07888,sk-driving-category-b
js-018196,RC07888,sk-slovenian-language
js-018197,RC07888,sk-english-language
js-018198,RC04205,sk-microsoft-office
js-018199,RC04205,sk-customer-service
js-018200,RC04205,sk-communication
js-018201,RC04205,sk-driving-category-b
js-018202,RC04205,sk-english-language
js-018203,ID10677,sk-hospitality
js-018204,ID10677,sk-restaurant-service
js-018205,ID10677,sk-customer-service
js-018206,ID10677,sk-communication
js-018207,RC03517,sk-hospitality
js-018208,RC03517,sk-restaurant-service
js-018209,RC03517,sk-customer-service
js-018210,RC03517,sk-slovenian-language
js-018211,RB72704,sk-warehouse-operations
js-018212,RB72704,sk-forklift-operation
js-018213,RB72704,sk-inventory-management
js-018214,RB72704,sk-microsoft-office
js-018215,RB72704,sk-customer-service
js-018216,RB72704,sk-communication
js-018217,RB72704,sk-driving-category-b
js-018218,RB72704,sk-slovenian-language
js-018219,RB72704,sk-english-language
js-018220,ID37100,sk-construction-work
js-018221,RB93200,sk-construction-work
js-018222,RB93200,sk-driving-category-b
js-018223,RB84230,sk-cleaning
js-018224,RB84230,sk-customer-service
js-018225,RB84230,sk-communication
js-018226,RB84230,sk-english-language
js-018227,RB84230,sk-italian-language
js-018228,RB84610,sk-microsoft-office
js-018229,RB84610,sk-customer-service
js-018230,RB84610,sk-communication
js-018231,RB84610,sk-slovenian-language
js-018232,RB84610,sk-english-language
js-018233,RB57268,sk-cleaning
js-018234,RB57314,sk-hospitality
js-018235,RB57314,sk-restaurant-service
js-018236,RB57314,sk-customer-service
js-018237,RB57314,sk-communication
js-018238,RB57314,sk-slovenian-language
js-018239,PZ91870,sk-cleaning
js-018240,PZ05917,sk-reception-work
js-018241,PZ05917,sk-customer-service
js-018242,PZ05917,sk-communication
js-018243,PZ05917,sk-microsoft-office
js-018244,PZ05917,sk-slovenian-language
js-018245,PZ05917,sk-english-language
js-018246,PZ05917,sk-german-language
js-018247,PZ05917,sk-italian-language
js-018248,RB04731,sk-microsoft-office
js-018249,RB04731,sk-customer-service
js-018250,RB04731,sk-communication
js-018251,RB04731,sk-driving-category-b
js-018252,RB04731,sk-slovenian-language
js-018253,PY17749,sk-microsoft-office
js-018254,PY17749,sk-customer-service
js-018255,PY17749,sk-communication
js-018256,PY17749,sk-slovenian-language
js-018257,PY17749,sk-english-language
js-018258,PY17749,sk-italian-language
js-018259,RB91170,sk-assembly
js-018260,RB91170,sk-driving-category-b
js-018261,RB53496,sk-driving
js-018262,RB53496,sk-customer-service
js-018263,RB53496,sk-communication
js-018264,RB53496,sk-cash-handling
js-018265,RB53496,sk-driving-category-b
js-018266,RB53496,sk-slovenian-language
js-018267,RB53496,sk-english-language
js-018268,RB94802,sk-hairdressing
js-018269,RB94802,sk-customer-service
js-018270,RB94802,sk-communication
js-018271,RB94802,sk-slovenian-language
js-018272,RB84291,sk-sales
js-018273,RB84291,sk-customer-service
js-018274,RB84291,sk-cash-handling
js-018275,RB84291,sk-driving-category-b
js-018276,RB84291,sk-driving-category-e
js-018277,RB84291,sk-slovenian-language
js-018278,RB84291,sk-communication
js-018279,RB62711,sk-sales
js-018280,RB62711,sk-customer-service
js-018281,RB62711,sk-communication
js-018282,RB62711,sk-slovenian-language
js-018283,RB62711,sk-serbian-language
js-018284,RA28483,sk-assembly
js-018285,RA28483,sk-driving-category-b
js-018286,RA28483,sk-driving-category-e
js-018287,RA28483,sk-english-language
js-018288,RB96973,sk-truck-driving
js-018289,RB96973,sk-driving-category-c
js-018290,RB96973,sk-driving-category-e
js-018291,RB96973,sk-driving-category-ce
js-018292,RB96973,sk-slovenian-language
js-018293,RB96973,sk-english-language
js-018294,RB96973,sk-german-language
js-018295,RB96973,sk-croatian-language
js-018296,RA59932,sk-technical-maintenance
js-018297,RA59932,sk-mechanical-repair
js-018298,RA59932,sk-electrical-work
js-018299,RA59932,sk-customer-service
js-018300,RA59932,sk-communication
js-018301,RA59932,sk-cash-handling
js-018302,RA59932,sk-driving-category-b
js-018303,RA59932,sk-slovenian-language
js-018304,RA59932,sk-production-work
js-018305,RA60116,sk-welding
js-018306,RA60116,sk-metalworking
js-018307,RA60116,sk-cash-handling
js-018308,RA60116,sk-driving-category-b
js-018309,RA60116,sk-slovenian-language
js-018310,RA65309,sk-truck-driving
js-018311,RA65309,sk-driving-category-c
js-018312,RA65309,sk-driving-category-e
js-018313,RA65309,sk-slovenian-language
js-018314,RA65309,sk-english-language
js-018315,RA75123,sk-hospitality
js-018316,RA75123,sk-restaurant-service
js-018317,RA75123,sk-customer-service
js-018318,RA75123,sk-driving-category-b
js-018319,RA75123,sk-driving-category-e
js-018320,RA75140,sk-baking
js-018321,RA75140,sk-food-preparation
js-018322,RA75140,sk-driving-category-b
js-018323,IC70511,sk-administration
js-018324,IC70525,sk-administration
js-018325,IC70539,sk-customer-service
js-018326,IC70539,sk-communication
js-018327,IC70539,sk-slovenian-language
js-018328,RB45976,sk-warehouse-operations
js-018329,RB45976,sk-microsoft-office
js-018330,RB45976,sk-driving-category-b
js-018331,RB45976,sk-english-language
js-018332,RB45976,sk-italian-language
js-018333,RC02343,sk-construction-work
js-018334,RC02343,sk-driving-category-b
js-018335,DN62486,sk-agriculture
js-018336,DN62486,sk-driving-category-b
js-018337,RC07797,sk-cleaning
js-018338,RB14357,sk-administration
js-018339,PZ54182,sk-administration
js-018340,PY78313,sk-administration
js-018341,PM81558,sk-truck-driving
js-018342,PM81558,sk-driving-category-c
js-018343,PM81558,sk-driving-category-e
js-018344,PM81558,sk-driving-category-ce
js-018345,RC09051,sk-van-driving
js-018346,RC09051,sk-driving-category-b
js-018347,RC09096,sk-truck-driving
js-018348,RC09096,sk-driving-category-c
js-018349,RC09096,sk-driving-category-ce
js-018350,RC08991,sk-truck-driving
js-018351,RC08991,sk-driving-category-c
js-018352,RC08991,sk-driving-category-e
js-018353,RC08991,sk-driving-category-ce
js-018354,RB59471,sk-cooking
js-018355,RB59471,sk-cash-handling
js-018356,RB59471,sk-slovenian-language
js-018357,RB59485,sk-cooking
js-018358,RB59485,sk-cash-handling
js-018359,RB59485,sk-slovenian-language
js-018360,RA75262,sk-nursing
js-018361,RA75262,sk-patient-care
js-018362,RA75262,sk-driving-category-b
js-018363,RA75262,sk-slovenian-language
js-018364,RC07536,sk-truck-driving
js-018365,RC07536,sk-driving-category-c
js-018366,RC05046,sk-hospitality
js-018367,RC05046,sk-restaurant-service
js-018368,RC05046,sk-customer-service
js-018369,RB15886,sk-administration
js-018370,RB67108,sk-administration
js-018371,RB67108,sk-english-language
js-018372,RB67108,sk-german-language
js-018373,PP26301,sk-assembly
js-018374,RA12223,sk-administration
js-018375,RA12223,sk-german-language
js-018376,RA12254,sk-construction-work
js-018377,PZ73330,sk-microsoft-office
js-018378,PZ73330,sk-driving-category-b
js-018379,RB48470,sk-legal-work
js-018380,RB48470,sk-microsoft-office
js-018381,RB48470,sk-customer-service
js-018382,RB48470,sk-communication
js-018383,RB48470,sk-driving-category-b
js-018384,RB30099,sk-cooking
js-018385,RB30099,sk-driving-category-b
js-018386,RB30099,sk-english-language
js-018387,RC10443,sk-hospitality
js-018388,RC10443,sk-restaurant-service
js-018389,RC10443,sk-customer-service
js-018390,RC13635,sk-cnc-machining
js-018391,RC13635,sk-machine-operation
js-018392,RC13635,sk-cash-handling
js-018393,RC13635,sk-driving-category-b
js-018394,RC13635,sk-driving-category-e
js-018395,RC13652,sk-warehouse-operations
js-018396,RC13652,sk-cash-handling
js-018397,RC13652,sk-driving-category-b
js-018398,RC13652,sk-driving-category-e
js-018399,RC13649,sk-information-technology
js-018400,RC13649,sk-software-development
js-018401,RC13649,sk-cash-handling
js-018402,RC13649,sk-driving-category-b
js-018403,RC13649,sk-driving-category-e
js-018404,RC13649,sk-production-work
js-018405,RC13618,sk-cooking
js-018406,RC13618,sk-slovenian-language
js-018407,PZ80742,sk-automotive-repair
js-018408,PZ80742,sk-vehicle-diagnostics
js-018409,RB62756,sk-hospitality
js-018410,RB62756,sk-restaurant-service
js-018411,RB62756,sk-customer-service
js-018412,RB62756,sk-communication
js-018413,RB62756,sk-cash-handling
js-018414,RB72064,sk-administration
js-018415,RC10184,sk-sales
js-018416,RC10184,sk-customer-service
js-018417,RC10184,sk-communication
js-018418,RC10184,sk-cash-handling
js-018419,RC10184,sk-driving-category-b
js-018420,RC10184,sk-slovenian-language
js-018421,RC10184,sk-english-language
js-018422,RC10119,sk-sales
js-018423,RC10119,sk-customer-service
js-018424,RC10119,sk-communication
js-018425,RC10119,sk-cash-handling
js-018426,RC10119,sk-driving-category-b
js-018427,RC10119,sk-driving-category-e
js-018428,RC10119,sk-slovenian-language
js-018429,RC10119,sk-english-language
js-018430,ID36729,sk-administration
js-018431,ID36729,sk-driving-category-b
js-018432,RB56839,sk-administration
js-018433,RB56860,sk-carpentry
js-018434,RB56860,sk-construction-work
js-018435,RB95535,sk-cash-handling
js-018436,RB95535,sk-slovenian-language
js-018437,RB95535,sk-english-language
js-018438,RB56916,sk-construction-work
js-018439,RB56916,sk-metalworking
js-018440,RB77425,sk-microsoft-office
js-018441,RB77425,sk-customer-service
js-018442,RB77425,sk-communication
js-018443,RB77425,sk-driving-category-b
js-018444,RB77425,sk-slovenian-language
js-018445,RB88717,sk-truck-driving
js-018446,RB88717,sk-warehouse-operations
js-018447,RB88717,sk-driving-category-b
js-018448,RB88717,sk-driving-category-c
js-018449,RB88717,sk-driving-category-e
js-018450,RC13024,sk-warehouse-operations
js-018451,RC13024,sk-inventory-management
js-018452,RC13024,sk-microsoft-office
js-018453,RC13024,sk-driving-category-b
js-018454,RC13024,sk-slovenian-language
js-018455,RC12950,sk-administration
js-018456,RC12950,sk-driving-category-b
js-018457,RC12950,sk-slovenian-language
js-018458,RA94580,sk-technical-maintenance
js-018459,RA94580,sk-electrical-work
js-018460,RA94580,sk-driving-category-b
js-018461,RA94580,sk-slovenian-language
js-018462,RB93872,sk-forklift-operation
js-018463,RB93872,sk-microsoft-office
js-018464,RB93872,sk-customer-service
js-018465,RB93872,sk-communication
js-018466,RB93872,sk-driving-category-b
js-018467,RB93872,sk-slovenian-language
js-018468,RB93872,sk-english-language
js-018469,PZ41557,sk-machine-operation
js-018470,PZ41557,sk-cash-handling
js-018471,PZ41557,sk-slovenian-language
js-018472,RA68430,sk-truck-driving
js-018473,RA68430,sk-cash-handling
js-018474,RA68430,sk-driving-category-c
js-018475,RA68430,sk-slovenian-language
js-018476,RC05489,sk-microsoft-office
js-018477,RC05489,sk-slovenian-language
js-018478,RB78266,sk-driving
js-018479,RB78266,sk-driving-category-c
js-018480,RB78266,sk-driving-category-ce
js-018481,RB74386,sk-packaging
js-018482,RB74386,sk-driving-category-b
js-018483,RB74386,sk-driving-category-e
js-018484,RB74386,sk-slovenian-language
js-018485,RB74386,sk-production-work
js-018486,RB65399,sk-technical-maintenance
js-018487,RB65399,sk-mechanical-repair
js-018488,RB65399,sk-customer-service
js-018489,RB65399,sk-communication
js-018490,RB65399,sk-driving-category-b
js-018491,ID35845,sk-administration
js-018492,ID35845,sk-slovenian-language
js-018493,ID35845,sk-english-language
js-018494,RB86869,sk-assembly
js-018495,RB86869,sk-english-language
js-018496,RB57743,sk-cnc-machining
js-018497,RB57743,sk-machine-operation
js-018498,RB57760,sk-cnc-machining
js-018499,RB57760,sk-machine-operation
js-018500,ID07790,sk-hospitality
js-018501,ID07790,sk-restaurant-service
js-018502,ID07790,sk-customer-service
js-018503,RB95597,sk-production-work
js-018504,RB95597,sk-driving-category-b
js-018505,RB95597,sk-slovenian-language
js-018506,RB94418,sk-warehouse-operations
js-018507,RB94418,sk-microsoft-office
js-018508,RB94418,sk-english-language
js-018509,RB94418,sk-production-work
js-018510,RC07323,sk-production-work
js-018511,PX71980,sk-assembly
js-018512,PX71980,sk-microsoft-office
js-018513,PX71980,sk-driving-category-b
js-018514,PX71980,sk-driving-category-e
js-018515,PX71980,sk-slovenian-language
js-018516,RB58553,sk-packaging
js-018517,RB58553,sk-driving-category-b
js-018518,RB58553,sk-production-work
js-018519,RC01152,sk-administration
js-018520,RB99051,sk-administration
js-018521,PZ68604,sk-masonry
js-018522,PZ68604,sk-construction-work
js-018523,IC77048,sk-truck-driving
js-018524,IC77048,sk-driving-category-c
js-018525,IC77048,sk-slovenian-language
js-018526,PY69218,sk-machine-operation
js-018527,PW09874,sk-production-work
js-018528,RB39252,sk-cleaning
js-018529,RB99753,sk-sales
js-018530,RB99753,sk-customer-service
js-018531,RB99753,sk-communication
js-018532,RB99753,sk-slovenian-language
js-018533,RB99753,sk-english-language
js-018534,RB66073,sk-construction-work
js-018535,RB66073,sk-driving-category-b
js-018536,RB66090,sk-construction-work
js-018537,RB66090,sk-driving-category-b
js-018538,RB67952,sk-driving
js-018539,RB67952,sk-driving-category-b
js-018540,RB54491,sk-driving
js-018541,RB54491,sk-driving-category-b
js-018542,RB89530,sk-cleaning
js-018543,RB89530,sk-driving-category-b
js-018544,RC01317,sk-assembly
js-018545,RC01317,sk-microsoft-office
js-018546,RC01317,sk-cash-handling
js-018547,RC01317,sk-driving-category-b
js-018548,RC01317,sk-driving-category-e
js-018549,RC01317,sk-english-language
js-018550,RC01170,sk-assembly
js-018551,RC01170,sk-microsoft-office
js-018552,RC01170,sk-cash-handling
js-018553,RC01170,sk-english-language
js-018554,RC01257,sk-information-technology
js-018555,RC01257,sk-software-development
js-018556,RC01257,sk-project-management
js-018557,RC01257,sk-microsoft-office
js-018558,RC01257,sk-cash-handling
js-018559,RC01257,sk-english-language
js-018560,RC01257,sk-production-work
js-018561,RB97522,sk-production-work
js-018562,RB97522,sk-driving-category-b
js-018563,RB99139,sk-warehouse-operations
js-018564,RB99139,sk-driving-category-b
js-018565,RB99139,sk-slovenian-language
js-018566,RB96376,sk-construction-work
js-018567,RB96376,sk-slovenian-language
js-018568,RA90440,sk-construction-work
js-018569,RA90440,sk-driving-category-b
js-018570,RA90440,sk-slovenian-language
js-018571,RA90345,sk-construction-work
js-018572,RA90345,sk-driving-category-b
js-018573,RA90345,sk-slovenian-language
js-018574,RC12262,sk-technical-maintenance
js-018575,RC12262,sk-mechanical-repair
js-018576,RC12262,sk-electrical-work
js-018577,RC12262,sk-microsoft-office
js-018578,RC12262,sk-customer-service
js-018579,RC12262,sk-communication
js-018580,RC12262,sk-driving-category-b
js-018581,RC12262,sk-english-language
js-018582,RC12262,sk-italian-language
js-018583,PZ00113,sk-administration
js-018584,PZ00113,sk-driving-category-b
js-018585,RB63367,sk-driving
js-018586,RB63367,sk-warehouse-operations
js-018587,RB63367,sk-driving-category-b
js-018588,RB63336,sk-driving
js-018589,RB63336,sk-warehouse-operations
js-018590,RB63336,sk-driving-category-b
js-018591,PW59373,sk-driving
js-018592,PW59373,sk-driving-category-b
js-018593,RA74159,sk-administration
js-018594,RA74159,sk-driving-category-b
js-018595,RC13484,sk-medicine
js-018596,RC13484,sk-dental-care
js-018597,RC13484,sk-microsoft-office
js-018598,RC13484,sk-slovenian-language
js-018599,PX72358,sk-production-work
js-018600,PX72358,sk-slovenian-language
js-018601,RB53144,sk-medicine
js-018602,RB53144,sk-driving-category-b
js-018603,RB53144,sk-slovenian-language
js-018604,RC12032,sk-assembly
js-018605,RC12032,sk-driving-category-b
js-018606,RC12032,sk-driving-category-e
js-018607,RC12032,sk-slovenian-language
js-018608,RB81477,sk-warehouse-operations
js-018609,RB81477,sk-haccp
js-018610,RB81477,sk-driving-category-b
js-018611,RB81477,sk-slovenian-language
js-018612,RB94878,sk-technical-maintenance
js-018613,RB94878,sk-mechanical-repair
js-018614,RB94878,sk-driving-category-b
js-018615,RB94878,sk-driving-category-e
js-018616,RC13726,sk-construction-work
js-018617,RC11708,sk-hospitality
js-018618,RC11708,sk-restaurant-service
js-018619,RC11708,sk-customer-service
js-018620,RC11708,sk-microsoft-office
js-018621,RC11708,sk-communication
js-018622,RB15122,sk-woodworking
js-018623,RB15122,sk-driving-category-b
js-018624,PP30046,sk-assembly
js-018625,PP30046,sk-driving-category-b
js-018626,PZ52332,sk-woodworking
js-018627,PZ52332,sk-driving-category-b
js-018628,RB86596,sk-administration
js-018629,RB86596,sk-driving-category-b
js-018630,RB86596,sk-slovenian-language
js-018631,RB86656,sk-welding
js-018632,RB86656,sk-metalworking
js-018633,RB86656,sk-driving-category-b
js-018634,RB86750,sk-construction-work
js-018635,RB86750,sk-metalworking
js-018636,RB86750,sk-driving-category-b
js-018637,RB86750,sk-driving-category-e
js-018638,RB86690,sk-administration
js-018639,RB86690,sk-driving-category-b
js-018640,RB78479,sk-packaging
js-018641,RB78479,sk-production-work
js-018642,RC01382,sk-bus-driving
js-018643,RC01382,sk-driving-category-b
js-018644,RC01382,sk-driving-category-d
js-018645,RC01382,sk-slovenian-language
js-018646,RC01382,sk-english-language
js-018647,RC07598,sk-construction-work
js-018648,RC07598,sk-driving-category-b
js-018649,RB90538,sk-truck-driving
js-018650,RB90538,sk-driving-category-b
js-018651,RB90538,sk-driving-category-c
js-018652,RB90538,sk-driving-category-e
js-018653,RB98761,sk-microsoft-office
js-018654,RB98761,sk-driving-category-b
js-018655,RB98761,sk-german-language
js-018656,RB77092,sk-truck-driving
js-018657,RB77092,sk-driving-category-c
js-018658,RB77092,sk-driving-category-e
js-018659,RC09770,sk-assembly
js-018660,RC09770,sk-driving-category-b
js-018661,RC09770,sk-german-language
js-018662,IC81558,sk-cleaning
js-018663,IC81558,sk-driving-category-b
js-018664,RB86119,sk-assembly
js-018665,RB86119,sk-driving-category-b
js-018666,RB86119,sk-german-language
js-018667,PZ93148,sk-technical-maintenance
js-018668,PZ93148,sk-driving-category-b
js-018669,PZ93148,sk-slovenian-language
js-018670,PZ93148,sk-production-work
js-018671,RB77442,sk-administration
js-018672,RB77442,sk-customer-service
js-018673,RB77442,sk-communication
js-018674,RB77442,sk-microsoft-office
js-018675,RB77442,sk-driving-category-b
js-018676,RB77442,sk-slovenian-language
js-018677,RB48375,sk-microsoft-office
js-018678,RB48375,sk-english-language
js-018679,RB48375,sk-german-language
js-018680,RB34545,sk-hospitality
js-018681,RB34545,sk-restaurant-service
js-018682,RB34545,sk-customer-service
js-018683,RB34545,sk-communication
js-018684,RB34545,sk-cash-handling
js-018685,RB34559,sk-hospitality
js-018686,RB34559,sk-restaurant-service
js-018687,RB34559,sk-customer-service
js-018688,RB34559,sk-communication
js-018689,RB34559,sk-cash-handling
js-018690,RB34576,sk-hospitality
js-018691,RB34576,sk-restaurant-service
js-018692,RB34576,sk-customer-service
js-018693,RB34576,sk-communication
js-018694,RB34576,sk-cash-handling
js-018695,RB34593,sk-cooking
js-018696,RB34593,sk-customer-service
js-018697,RB34593,sk-communication
js-018698,RB34593,sk-cash-handling
js-018699,RB34619,sk-cooking
js-018700,RB34619,sk-customer-service
js-018701,RB34619,sk-communication
js-018702,RB34619,sk-cash-handling
js-018703,RB34622,sk-cooking
js-018704,RB34622,sk-customer-service
js-018705,RB34622,sk-communication
js-018706,RB34622,sk-cash-handling
js-018707,RB34636,sk-cash-handling
js-018708,RB34640,sk-customer-service
js-018709,RB34640,sk-communication
js-018710,RB34640,sk-production-work
js-018711,RB34653,sk-cooking
js-018712,RB34653,sk-customer-service
js-018713,RB34653,sk-communication
js-018714,RB34653,sk-cash-handling
js-018715,PZ77224,sk-customer-service
js-018716,PZ77224,sk-communication
js-018717,PZ77224,sk-english-language
js-018718,PZ77224,sk-german-language
js-018719,RA26297,sk-microsoft-office
js-018720,RA26297,sk-english-language
js-018721,RA29796,sk-administration
js-018722,RA29796,sk-english-language
js-018723,RA68077,sk-hospitality
js-018724,RA68077,sk-restaurant-service
js-018725,RA68077,sk-customer-service
js-018726,RA68077,sk-communication
js-018727,RA68077,sk-english-language
js-018728,RA68077,sk-german-language
js-018729,PU64381,sk-medicine
js-018730,PU64381,sk-microsoft-office
js-018731,PU64381,sk-english-language
js-018732,PU64381,sk-german-language
js-018733,PU64381,sk-italian-language
js-018734,PY35157,sk-administration
js-018735,PW28197,sk-reception-work
js-018736,PW28197,sk-customer-service
js-018737,PW28197,sk-communication
js-018738,PW28197,sk-cash-handling
js-018739,RC07155,sk-cooking
js-018740,RC07155,sk-customer-service
js-018741,RC07155,sk-communication
js-018742,RC07138,sk-cooking
js-018743,RC07138,sk-customer-service
js-018744,RC07138,sk-communication
js-018745,ID35876,sk-electrical-work
js-018746,RB95200,sk-hospitality
js-018747,RB95200,sk-restaurant-service
js-018748,RB95200,sk-customer-service
js-018749,RB95200,sk-communication
js-018750,RB61869,sk-warehouse-operations
js-018751,RB61869,sk-driving-category-b
js-018752,RB61869,sk-production-work
js-018753,RB61764,sk-administration
js-018754,RB61764,sk-driving-category-b
js-018755,RB61764,sk-slovenian-language
js-018756,RB61841,sk-warehouse-operations
js-018757,RB61841,sk-driving-category-b
js-018758,RB61841,sk-production-work
js-018759,RA90865,sk-carpentry
js-018760,RA90865,sk-construction-work
js-018761,RA90865,sk-driving-category-b
js-018762,RA90865,sk-driving-category-e
js-018763,RC10426,sk-hospitality
js-018764,RC10426,sk-restaurant-service
js-018765,RC10426,sk-customer-service
js-018766,RB94972,sk-painting
js-018767,RC03534,sk-microsoft-office
js-018768,RC03534,sk-driving-category-b
js-018769,RB60451,sk-administration
js-018770,RB60451,sk-german-language
js-018771,RB60479,sk-assembly
js-018772,RB60388,sk-construction-work
js-018773,RA00823,sk-nursing
js-018774,RB95856,sk-warehouse-operations
js-018775,RB95856,sk-driving-category-b
js-018776,RB95887,sk-packaging
js-018777,RB54720,sk-production-work
js-018778,RB88626,sk-production-work
js-018779,RB92098,sk-sales
js-018780,RB92098,sk-customer-service
js-018781,RB92098,sk-microsoft-office
js-018782,RB92098,sk-driving-category-b
js-018783,RB92098,sk-english-language
js-018784,RC12370,sk-sales
js-018785,RC12370,sk-customer-service
js-018786,RB54474,sk-cash-handling
js-018787,RB54474,sk-driving-category-b
js-018788,RB59394,sk-administration
js-018789,RB59394,sk-customer-service
js-018790,RB59394,sk-communication
js-018791,RB59394,sk-driving-category-b
js-018792,PU27871,sk-microsoft-office
js-018793,PU27871,sk-customer-service
js-018794,PU27871,sk-communication
js-018795,PU27871,sk-driving-category-b
js-018796,PU27871,sk-slovenian-language
js-018797,PV14538,sk-microsoft-office
js-018798,PV14538,sk-customer-service
js-018799,PV14538,sk-communication
js-018800,PV14538,sk-driving-category-b
js-018801,PV14538,sk-slovenian-language
js-018802,PV58626,sk-microsoft-office
js-018803,PV58626,sk-customer-service
js-018804,PV58626,sk-communication
js-018805,PV58626,sk-driving-category-b
js-018806,PV58626,sk-slovenian-language
js-018807,RB80593,sk-administration
js-018808,RB80593,sk-customer-service
js-018809,RB80593,sk-communication
js-018810,RB80593,sk-microsoft-office
js-018811,RB80593,sk-driving-category-b
js-018812,RB80593,sk-slovenian-language
js-018813,RB89896,sk-production-work
js-018814,RC10062,sk-production-work
js-018815,RC10062,sk-cash-handling
js-018816,PX05238,sk-microsoft-office
js-018817,PX05238,sk-customer-service
js-018818,PX05238,sk-communication
js-018819,PX05238,sk-driving-category-b
js-018820,PX05238,sk-slovenian-language
js-018821,RB97613,sk-microsoft-office
js-018822,RB97613,sk-customer-service
js-018823,RB97613,sk-communication
js-018824,RB97613,sk-driving-category-b
js-018825,RB97613,sk-slovenian-language
js-018826,RB79994,sk-administration
js-018827,RB79994,sk-customer-service
js-018828,RB79994,sk-communication
js-018829,RB79994,sk-microsoft-office
js-018830,RB79994,sk-driving-category-b
js-018831,RB79994,sk-slovenian-language
js-018832,RB93474,sk-cleaning
js-018833,RB77166,sk-cnc-machining
js-018834,RB77166,sk-machine-operation
js-018835,RB18635,sk-warehouse-operations
js-018836,RA98443,sk-production-work
js-018837,RA25607,sk-warehouse-operations
js-018838,RA36370,sk-automotive-repair
js-018839,RA37879,sk-automotive-repair
js-018840,RA37879,sk-electrical-work
js-018841,RC04990,sk-automotive-repair
js-018842,RC04990,sk-vehicle-diagnostics
js-018843,RC04990,sk-driving-category-b
js-018844,RC04990,sk-english-language
js-018845,RB80775,sk-microsoft-office
js-018846,RB80775,sk-cash-handling
js-018847,RB80775,sk-driving-category-b
js-018848,RB80775,sk-english-language
js-018849,RA59412,sk-hospitality
js-018850,RA59412,sk-restaurant-service
js-018851,RA59412,sk-customer-service
js-018852,RA59412,sk-communication
js-018853,RA15693,sk-cooking
js-018854,RA15693,sk-customer-service
js-018855,RA15693,sk-communication
js-018856,RC05259,sk-microsoft-office
js-018857,RC05259,sk-customer-service
js-018858,RC05259,sk-communication
js-018859,RC05259,sk-driving-category-b
js-018860,RC05259,sk-slovenian-language
js-018861,RC05200,sk-microsoft-office
js-018862,RC05200,sk-customer-service
js-018863,RC05200,sk-communication
js-018864,RC05200,sk-driving-category-b
js-018865,RC05200,sk-slovenian-language
js-018866,RC05140,sk-microsoft-office
js-018867,RC05140,sk-customer-service
js-018868,RC05140,sk-communication
js-018869,RC05140,sk-driving-category-b
js-018870,RC05140,sk-slovenian-language
js-018871,RC06973,sk-legal-work
js-018872,RC06973,sk-driving-category-b
js-018873,RC06973,sk-slovenian-language
js-018874,RC06146,sk-administration
js-018875,RC06146,sk-microsoft-office
js-018876,RC06146,sk-driving-category-b
js-018877,RC06146,sk-slovenian-language
js-018878,RC01868,sk-microsoft-office
js-018879,RC01868,sk-driving-category-b
js-018880,RC01868,sk-slovenian-language
js-018881,RB98622,sk-microsoft-office
js-018882,RB98622,sk-driving-category-b
js-018883,RB98622,sk-slovenian-language
js-018884,RC09432,sk-production-work
js-018885,RC09432,sk-driving-category-b
js-018886,RC09432,sk-slovenian-language
js-018887,RB00271,sk-microsoft-office
js-018888,RB00271,sk-customer-service
js-018889,RB00271,sk-communication
js-018890,RB00271,sk-driving-category-b
js-018891,RB00271,sk-slovenian-language
js-018892,RC08102,sk-microsoft-office
js-018893,RC08102,sk-customer-service
js-018894,RC08102,sk-communication
js-018895,RC08102,sk-driving-category-b
js-018896,RC08102,sk-slovenian-language
js-018897,RB96132,sk-microsoft-office
js-018898,RB96132,sk-customer-service
js-018899,RB96132,sk-communication
js-018900,RB96132,sk-driving-category-b
js-018901,RB96132,sk-slovenian-language
js-018902,RB94392,sk-microsoft-office
js-018903,RB94392,sk-customer-service
js-018904,RB94392,sk-communication
js-018905,RB94392,sk-driving-category-b
js-018906,RB94392,sk-slovenian-language
js-018907,RC00066,sk-microsoft-office
js-018908,RC00066,sk-driving-category-b
js-018909,RC00066,sk-slovenian-language
js-018910,RC00157,sk-legal-work
js-018911,RC00157,sk-microsoft-office
js-018912,RC00157,sk-driving-category-b
js-018913,RC00157,sk-slovenian-language
js-018914,RC03977,sk-microsoft-office
js-018915,RC03977,sk-customer-service
js-018916,RC03977,sk-communication
js-018917,RC03977,sk-driving-category-b
js-018918,RC03977,sk-slovenian-language
js-018919,RC06115,sk-microsoft-office
js-018920,RC06115,sk-driving-category-b
js-018921,RC06115,sk-slovenian-language
js-018922,RA35850,sk-microsoft-office
js-018923,RA35850,sk-customer-service
js-018924,RA35850,sk-communication
js-018925,RA35850,sk-driving-category-b
js-018926,PZ87004,sk-microsoft-office
js-018927,PZ87004,sk-customer-service
js-018928,PZ87004,sk-communication
js-018929,PZ87004,sk-driving-category-b
js-018930,PZ87004,sk-slovenian-language
js-018931,PZ64067,sk-legal-work
js-018932,PZ64067,sk-microsoft-office
js-018933,PZ64067,sk-customer-service
js-018934,PZ64067,sk-communication
js-018935,PZ64067,sk-driving-category-b
js-018936,PZ64067,sk-slovenian-language
js-018937,RB22349,sk-microsoft-office
js-018938,RB22349,sk-customer-service
js-018939,RB22349,sk-communication
js-018940,RB22349,sk-cash-handling
js-018941,RB22349,sk-driving-category-b
js-018942,RB22349,sk-slovenian-language
js-018943,RB11745,sk-microsoft-office
js-018944,RB11745,sk-customer-service
js-018945,RB11745,sk-communication
js-018946,RB11745,sk-driving-category-b
js-018947,RB11745,sk-slovenian-language
js-018948,RC08821,sk-microsoft-office
js-018949,RC08821,sk-customer-service
js-018950,RC08821,sk-communication
js-018951,RC08821,sk-driving-category-b
js-018952,RC08821,sk-slovenian-language
js-018953,RB86778,sk-legal-work
js-018954,RB86778,sk-microsoft-office
js-018955,RB86778,sk-customer-service
js-018956,RB86778,sk-communication
js-018957,RB86778,sk-driving-category-b
js-018958,RB86778,sk-slovenian-language
js-018959,PZ51107,sk-microsoft-office
js-018960,PZ51107,sk-customer-service
js-018961,PZ51107,sk-communication
js-018962,PZ51107,sk-driving-category-b
js-018963,PZ51107,sk-slovenian-language
js-018964,PZ71297,sk-legal-work
js-018965,PZ71297,sk-microsoft-office
js-018966,PZ71297,sk-customer-service
js-018967,PZ71297,sk-communication
js-018968,PZ71297,sk-driving-category-b
js-018969,PZ71297,sk-slovenian-language
js-018970,PZ71204,sk-legal-work
js-018971,PZ71204,sk-microsoft-office
js-018972,PZ71204,sk-customer-service
js-018973,PZ71204,sk-communication
js-018974,PZ71204,sk-driving-category-b
js-018975,PZ71204,sk-slovenian-language
js-018976,RB87300,sk-microsoft-office
js-018977,RB87300,sk-driving-category-b
js-018978,RB87300,sk-slovenian-language
js-018979,RB84351,sk-microsoft-office
js-018980,RB84351,sk-driving-category-b
js-018981,RB84351,sk-slovenian-language
js-018982,RC06206,sk-microsoft-office
js-018983,RC06206,sk-driving-category-b
js-018984,RC06206,sk-slovenian-language
js-018985,RC00373,sk-legal-work
js-018986,RC00373,sk-microsoft-office
js-018987,RC00373,sk-customer-service
js-018988,RC00373,sk-communication
js-018989,RC00373,sk-driving-category-b
js-018990,RC00373,sk-slovenian-language
js-018991,RA80517,sk-microsoft-office
js-018992,RA80517,sk-customer-service
js-018993,RA80517,sk-communication
js-018994,RA80517,sk-driving-category-b
js-018995,RA80517,sk-slovenian-language
js-018996,RA21042,sk-microsoft-office
js-018997,RA21042,sk-customer-service
js-018998,RA21042,sk-communication
js-018999,RA21042,sk-driving-category-b
js-019000,RA21042,sk-slovenian-language
js-019001,RB28892,sk-microsoft-office
js-019002,RB28892,sk-cash-handling
js-019003,RB28892,sk-driving-category-b
js-019004,RB28892,sk-slovenian-language
js-019005,RB61198,sk-microsoft-office
js-019006,RB61198,sk-customer-service
js-019007,RB61198,sk-communication
js-019008,RB61198,sk-driving-category-b
js-019009,RB61198,sk-slovenian-language
js-019010,RB77365,sk-accounting
js-019011,RB77365,sk-microsoft-office
js-019012,RB77365,sk-driving-category-b
js-019013,RB77365,sk-slovenian-language
js-019014,RB77317,sk-accounting
js-019015,RB77317,sk-microsoft-office
js-019016,RB77317,sk-driving-category-b
js-019017,RB77317,sk-slovenian-language
js-019018,RB94128,sk-legal-work
js-019019,RB94128,sk-microsoft-office
js-019020,RB94128,sk-customer-service
js-019021,RB94128,sk-communication
js-019022,RB94128,sk-driving-category-b
js-019023,RB94128,sk-slovenian-language
js-019024,RB94131,sk-legal-work
js-019025,RB94131,sk-microsoft-office
js-019026,RB94131,sk-customer-service
js-019027,RB94131,sk-communication
js-019028,RB94131,sk-driving-category-b
js-019029,RB94131,sk-slovenian-language
js-019030,RB94114,sk-microsoft-office
js-019031,RB94114,sk-customer-service
js-019032,RB94114,sk-communication
js-019033,RB94114,sk-driving-category-b
js-019034,RB94114,sk-slovenian-language
js-019035,RB93841,sk-microsoft-office
js-019036,RB93841,sk-customer-service
js-019037,RB93841,sk-communication
js-019038,RB93841,sk-driving-category-b
js-019039,RB93841,sk-slovenian-language
js-019040,RB94574,sk-legal-work
js-019041,RB94574,sk-microsoft-office
js-019042,RB94574,sk-driving-category-b
js-019043,RB94574,sk-slovenian-language
js-019044,RB94696,sk-legal-work
js-019045,RB94696,sk-microsoft-office
js-019046,RB94696,sk-customer-service
js-019047,RB94696,sk-communication
js-019048,RB94696,sk-cash-handling
js-019049,RB94696,sk-driving-category-b
js-019050,RB94696,sk-slovenian-language
js-019051,RB94591,sk-microsoft-office
js-019052,RB94591,sk-customer-service
js-019053,RB94591,sk-communication
js-019054,RB94591,sk-driving-category-b
js-019055,RB94591,sk-slovenian-language
js-019056,RC06817,sk-microsoft-office
js-019057,RC06817,sk-driving-category-b
js-019058,RC06817,sk-slovenian-language
js-019059,RC12643,sk-customer-service
js-019060,RC12643,sk-communication
js-019061,RC12643,sk-driving-category-b
js-019062,RC12643,sk-slovenian-language
js-019063,RC12657,sk-legal-work
js-019064,RC12657,sk-driving-category-b
js-019065,RC12657,sk-slovenian-language
js-019066,RC06561,sk-microsoft-office
js-019067,RC06561,sk-customer-service
js-019068,RC06561,sk-communication
js-019069,RC06561,sk-driving-category-b
js-019070,RC06561,sk-slovenian-language
js-019071,RC06436,sk-legal-work
js-019072,RC06436,sk-microsoft-office
js-019073,RC06436,sk-customer-service
js-019074,RC06436,sk-communication
js-019075,RC06436,sk-driving-category-b
js-019076,RC06436,sk-slovenian-language
js-019077,RC06467,sk-microsoft-office
js-019078,RC06467,sk-customer-service
js-019079,RC06467,sk-communication
js-019080,RC06467,sk-driving-category-b
js-019081,RC06467,sk-slovenian-language
js-019082,RC05340,sk-customer-service
js-019083,RC05340,sk-communication
js-019084,RC05340,sk-driving-category-b
js-019085,RC01442,sk-microsoft-office
js-019086,RC01442,sk-customer-service
js-019087,RC01442,sk-communication
js-019088,RC01442,sk-driving-category-b
js-019089,RC01442,sk-slovenian-language
js-019090,RB96558,sk-legal-work
js-019091,RB96558,sk-microsoft-office
js-019092,RB96558,sk-customer-service
js-019093,RB96558,sk-communication
js-019094,RB96558,sk-driving-category-b
js-019095,RB96558,sk-slovenian-language
js-019096,RB93140,sk-microsoft-office
js-019097,RB93140,sk-customer-service
js-019098,RB93140,sk-communication
js-019099,RB93140,sk-slovenian-language
js-019100,RB93213,sk-legal-work
js-019101,RB93213,sk-microsoft-office
js-019102,RB93213,sk-customer-service
js-019103,RB93213,sk-communication
js-019104,RB93213,sk-slovenian-language
js-019105,RC07934,sk-microsoft-office
js-019106,RC07934,sk-customer-service
js-019107,RC07934,sk-communication
js-019108,RC07934,sk-driving-category-b
js-019109,RC07934,sk-slovenian-language
js-019110,RC09220,sk-microsoft-office
js-019111,RC09220,sk-customer-service
js-019112,RC09220,sk-communication
js-019113,RC09220,sk-driving-category-b
js-019114,RC09220,sk-slovenian-language
js-019115,RC09719,sk-microsoft-office
js-019116,RC09719,sk-customer-service
js-019117,RC09719,sk-communication
js-019118,RC09719,sk-driving-category-b
js-019119,RC09719,sk-slovenian-language
js-019120,RC00922,sk-automotive-repair
js-019121,RC00922,sk-driving-category-b
js-019122,RB69876,sk-administration
js-019123,RB69876,sk-driving-category-b
js-019124,RB24609,sk-administration
js-019125,RB24609,sk-driving-category-b
js-019126,RB92738,sk-administration
js-019127,RB92738,sk-driving-category-b
js-019128,RB99390,sk-microsoft-office
js-019129,RB99390,sk-driving-category-b
js-019130,RB99390,sk-driving-category-e
js-019131,RB99390,sk-english-language
js-019132,RB99390,sk-german-language
js-019133,RB95123,sk-warehouse-operations
js-019134,RB95123,sk-haccp
js-019135,RB95123,sk-customer-service
js-019136,RB95123,sk-communication
js-019137,RB95123,sk-driving-category-b
js-019138,RB95110,sk-hospitality
js-019139,RB95110,sk-restaurant-service
js-019140,RB95110,sk-customer-service
js-019141,RB95110,sk-haccp
js-019142,RB95110,sk-communication
js-019143,RB95110,sk-driving-category-b
js-019144,RB95110,sk-driving-category-e
js-019145,RB95110,sk-english-language
js-019146,RB95110,sk-croatian-language
js-019147,RB80042,sk-customer-service
js-019148,RB80042,sk-communication
js-019149,RB80042,sk-english-language
js-019150,RB80042,sk-german-language
js-019151,RA57243,sk-plumbing
js-019152,RA57243,sk-driving-category-b
js-019153,RA57243,sk-slovenian-language
js-019154,RB98056,sk-technical-maintenance
js-019155,RB98056,sk-driving-category-b
js-019156,RB98056,sk-slovenian-language
js-019157,RC11313,sk-driving
js-019158,RC11313,sk-driving-category-b
js-019159,RC11313,sk-slovenian-language
js-019160,RB81386,sk-pharmacy
js-019161,RB81386,sk-laboratory-diagnostics
js-019162,RB81386,sk-microsoft-office
js-019163,RB81386,sk-customer-service
js-019164,RB81386,sk-communication
js-019165,RB81386,sk-driving-category-b
js-019166,RB81386,sk-english-language
js-019167,RB81722,sk-microsoft-office
js-019168,RB81722,sk-english-language
js-019169,RC02590,sk-production-work
js-019170,PZ03751,sk-driving
js-019171,PZ03751,sk-microsoft-office
js-019172,PZ03751,sk-customer-service
js-019173,PZ03751,sk-communication
js-019174,PZ03751,sk-driving-category-b
js-019175,PZ03751,sk-slovenian-language
js-019176,RC12535,sk-microsoft-office
js-019177,RC12535,sk-customer-service
js-019178,RC12535,sk-communication
js-019179,RC12535,sk-cash-handling
js-019180,RC12535,sk-driving-category-b
js-019181,RC12535,sk-slovenian-language
js-019182,RC12535,sk-english-language
js-019183,RC12430,sk-microsoft-office
js-019184,RC12430,sk-driving-category-b
js-019185,RC12430,sk-english-language
js-019186,RA65542,sk-construction-work
js-019187,RA65542,sk-driving-category-b
js-019188,RA65542,sk-driving-category-c
js-019189,RA65542,sk-driving-category-e
js-019190,RA65542,sk-driving-category-ce
js-019191,RB96987,sk-truck-driving
js-019192,RB96987,sk-microsoft-office
js-019193,RB96987,sk-driving-category-b
js-019194,RB96987,sk-driving-category-c
js-019195,RB96987,sk-driving-category-e
js-019196,RB96987,sk-slovenian-language
js-019197,PZ39429,sk-driving
js-019198,PZ39429,sk-microsoft-office
js-019199,PZ39429,sk-driving-category-b
js-019200,PZ39429,sk-slovenian-language
js-019201,PZ39429,sk-english-language
js-019202,PP15864,sk-truck-driving
js-019203,PP15864,sk-warehouse-operations
js-019204,PP15864,sk-driving-category-b
js-019205,PP15864,sk-driving-category-c
js-019206,PP15864,sk-driving-category-e
js-019207,PP15864,sk-driving-category-ce
js-019208,PP15864,sk-slovenian-language
js-019209,RA86125,sk-warehouse-operations
js-019210,RA86125,sk-driving-category-b
js-019211,RA86125,sk-english-language
js-019212,RA86125,sk-german-language
js-019213,RB90296,sk-electrical-work
js-019214,RB90296,sk-driving-category-b
js-019215,RB90296,sk-english-language
js-019216,RB90296,sk-german-language
js-019217,RB80531,sk-cnc-machining
js-019218,RB80531,sk-machine-operation
js-019219,RB80531,sk-cash-handling
js-019220,RB80531,sk-driving-category-b
js-019221,RB73290,sk-microsoft-office
js-019222,RB73290,sk-driving-category-b
js-019223,RB73290,sk-driving-category-e
js-019224,RB73290,sk-slovenian-language
js-019225,RB05615,sk-truck-driving
js-019226,RB05615,sk-driving-category-b
js-019227,RB05615,sk-driving-category-c
js-019228,RB05615,sk-driving-category-e
js-019229,RB05615,sk-driving-category-ce
js-019230,PZ46034,sk-construction-work
js-019231,PZ46034,sk-microsoft-office
js-019232,PZ46034,sk-cash-handling
js-019233,PZ46034,sk-driving-category-b
js-019234,PZ46034,sk-german-language
js-019235,RB90282,sk-construction-work
js-019236,RB90282,sk-microsoft-office
js-019237,RB90282,sk-driving-category-b
js-019238,RB73559,sk-driving
js-019239,RB73559,sk-driving-category-b
js-019240,RB73559,sk-slovenian-language
js-019241,RC00049,sk-truck-driving
js-019242,RC00049,sk-driving-category-c
js-019243,RC00049,sk-driving-category-e
js-019244,RC12916,sk-assembly
js-019245,RC09480,sk-accounting
js-019246,RC09480,sk-microsoft-office
js-019247,RC09480,sk-customer-service
js-019248,RC09480,sk-communication
js-019249,RC09480,sk-english-language
js-019250,RC13101,sk-plumbing
js-019251,RC13101,sk-microsoft-office
js-019252,RC13101,sk-driving-category-b
js-019253,RC13101,sk-slovenian-language
js-019254,RC04006,sk-microsoft-office
js-019255,RC04006,sk-cash-handling
js-019256,RC04006,sk-driving-category-b
js-019257,RC04006,sk-driving-category-e
js-019258,RC04006,sk-slovenian-language
js-019259,RB59423,sk-production-work
js-019260,RB59423,sk-driving-category-b
js-019261,RB55924,sk-quality-control
js-019262,RB55924,sk-customer-service
js-019263,RB55924,sk-communication
js-019264,RB55924,sk-english-language
js-019265,RB55924,sk-production-work
js-019266,PZ23859,sk-production-work
js-019267,PZ23859,sk-slovenian-language
js-019268,RA74023,sk-administration
js-019269,RC11833,sk-sales
js-019270,RC11833,sk-customer-service
js-019271,RC11833,sk-microsoft-office
js-019272,RC11833,sk-communication
js-019273,RC11833,sk-cash-handling
js-019274,RC11833,sk-driving-category-b
js-019275,RC11833,sk-english-language
js-019276,RC11833,sk-german-language
js-019277,RC09187,sk-warehouse-operations
js-019278,RC09187,sk-production-work
js-019279,RB96101,sk-production-work
js-019280,RB96101,sk-warehouse-operations
js-019281,RC05933,sk-administration
js-019282,RB10719,sk-microsoft-office
js-019283,RB10719,sk-customer-service
js-019284,RB10719,sk-communication
js-019285,RB10719,sk-driving-category-b
js-019286,RB10719,sk-english-language
js-019287,RB10719,sk-german-language
js-019288,RC03582,sk-cleaning
js-019289,RB88842,sk-microsoft-office
js-019290,RB88842,sk-driving-category-b
js-019291,RB88842,sk-driving-category-e
js-019292,RB88842,sk-english-language
js-019293,RB23634,sk-medicine
js-019294,RB23634,sk-pharmacy
js-019295,RB23634,sk-driving-category-b
js-019296,RB23634,sk-slovenian-language
js-019297,RC06621,sk-driving
js-019298,RC06621,sk-driving-category-b
js-019299,RC06621,sk-slovenian-language
js-019300,RC06544,sk-driving
js-019301,RC06544,sk-driving-category-b
js-019302,RC06544,sk-slovenian-language
js-019303,RC01931,sk-microsoft-office
js-019304,RC01931,sk-driving-category-b
js-019305,RC01931,sk-slovenian-language
js-019306,RC01624,sk-administration
js-019307,RC01624,sk-slovenian-language
js-019308,RC01686,sk-administration
js-019309,RC01686,sk-driving-category-b
js-019310,RC01686,sk-slovenian-language
js-019311,RC01729,sk-administration
js-019312,RC01729,sk-slovenian-language
js-019313,RC01806,sk-administration
js-019314,RB89177,sk-hospitality
js-019315,RB89177,sk-restaurant-service
js-019316,RB89177,sk-customer-service
js-019317,RB89177,sk-slovenian-language
js-019318,RB99921,sk-baking
js-019319,RB99921,sk-food-preparation
js-019320,RB99921,sk-driving-category-b
js-019321,RB99921,sk-slovenian-language
js-019322,RB97735,sk-microsoft-office
js-019323,RB97735,sk-driving-category-b
js-019324,RB97735,sk-slovenian-language
js-019325,RC02235,sk-microsoft-office
js-019326,RC02235,sk-driving-category-b
js-019327,RC02235,sk-slovenian-language
js-019328,RB63080,sk-microsoft-office
js-019329,RB63080,sk-driving-category-b
js-019330,RB63080,sk-slovenian-language
js-019331,RC07340,sk-microsoft-office
js-019332,RC07340,sk-driving-category-b
js-019333,RC07340,sk-slovenian-language
js-019334,RC05808,sk-microsoft-office
js-019335,RC05808,sk-driving-category-b
js-019336,RC05808,sk-slovenian-language
js-019337,PZ26915,sk-carpentry
js-019338,PZ26915,sk-construction-work
js-019339,PZ26915,sk-driving-category-b
js-019340,RC09173,sk-construction-work
js-019341,RC02910,sk-assembly
js-019342,RA96396,sk-information-technology
js-019343,RA96396,sk-network-administration
js-019344,RA96396,sk-java
js-019345,RA96396,sk-software-development
js-019346,RA96396,sk-driving-category-b
js-019347,RA96396,sk-driving-category-e
js-019348,RA96396,sk-driving-category-d
js-019349,RA96396,sk-slovenian-language
js-019350,RA96396,sk-english-language
js-019351,RC07661,sk-truck-driving
js-019352,RC07661,sk-driving-category-c
js-019353,RB87037,sk-plumbing
js-019354,RB87037,sk-driving-category-b
js-019355,RC10841,sk-microsoft-office
js-019356,RC10841,sk-customer-service
js-019357,RC10841,sk-communication
js-019358,RC10841,sk-cash-handling
js-019359,RC10841,sk-driving-category-b
js-019360,RC10841,sk-driving-category-e
js-019361,RC10841,sk-driving-category-d
js-019362,RC10841,sk-slovenian-language
js-019363,RC09875,sk-accounting
js-019364,RB28494,sk-administration
js-019365,RB28494,sk-customer-service
js-019366,RB28494,sk-communication
js-019367,RB28494,sk-microsoft-office
js-019368,RB28494,sk-driving-category-b
js-019369,RB39479,sk-administration
js-019370,RB39479,sk-customer-service
js-019371,RB39479,sk-communication
js-019372,RB39479,sk-driving-category-b
js-019373,RB23176,sk-security-work
js-019374,RB23176,sk-customer-service
js-019375,RB23176,sk-microsoft-office
js-019376,RB23176,sk-driving-category-b
js-019377,RB23176,sk-slovenian-language
js-019378,RB84135,sk-security-work
js-019379,RB84135,sk-customer-service
js-019380,RB84135,sk-microsoft-office
js-019381,RB84135,sk-driving-category-b
js-019382,RB84135,sk-driving-category-e
js-019383,RB84135,sk-slovenian-language
js-019384,RB84135,sk-communication
js-019385,RB84170,sk-security-work
js-019386,RB84170,sk-customer-service
js-019387,RB84170,sk-microsoft-office
js-019388,RB84170,sk-driving-category-b
js-019389,RB84170,sk-driving-category-e
js-019390,RB84170,sk-slovenian-language
js-019391,RB76416,sk-security-work
js-019392,RB76416,sk-customer-service
js-019393,RB76416,sk-microsoft-office
js-019394,RB76416,sk-driving-category-b
js-019395,RB76416,sk-driving-category-e
js-019396,RB76416,sk-slovenian-language
js-019397,RB76650,sk-microsoft-office
js-019398,RB76650,sk-driving-category-b
js-019399,RB76650,sk-slovenian-language
js-019400,RB02207,sk-security-work
js-019401,RB02207,sk-customer-service
js-019402,RB02207,sk-microsoft-office
js-019403,RB02207,sk-driving-category-b
js-019404,RB02207,sk-driving-category-e
js-019405,RB02207,sk-slovenian-language
js-019406,RB80380,sk-truck-driving
js-019407,RB80380,sk-driving-category-b
js-019408,RB80380,sk-driving-category-c
js-019409,RB80380,sk-driving-category-e
js-019410,RB80380,sk-driving-category-ce
js-019411,RC00723,sk-truck-driving
js-019412,RC00723,sk-driving-category-c
js-019413,RC00723,sk-driving-category-e
js-019414,RC00723,sk-slovenian-language
js-019415,RB92906,sk-sales
js-019416,RB92906,sk-customer-service
js-019417,RB92906,sk-microsoft-office
js-019418,RB92906,sk-driving-category-b
js-019419,RB92906,sk-slovenian-language
js-019420,RB27269,sk-microsoft-office
js-019421,RB27269,sk-slovenian-language
js-019422,RB27178,sk-security-work
js-019423,RB27178,sk-customer-service
js-019424,RB27178,sk-microsoft-office
js-019425,RB27178,sk-slovenian-language
js-019426,RC03642,sk-driving
js-019427,RC03642,sk-warehouse-operations
js-019428,RC03642,sk-driving-category-c
js-019429,RC03642,sk-driving-category-e
js-019430,RC10321,sk-microsoft-office
js-019431,RC06090,sk-administration
js-019432,RC06090,sk-slovenian-language
js-019433,RB90160,sk-administration
js-019434,RB83373,sk-administration
js-019435,RB83373,sk-driving-category-b
js-019436,RB83373,sk-slovenian-language
js-019437,RB91089,sk-administration
js-019438,RB91089,sk-driving-category-b
js-019439,RB91089,sk-slovenian-language
js-019440,RB91104,sk-administration
js-019441,RB91104,sk-driving-category-b
js-019442,RB91104,sk-slovenian-language
js-019443,RB92218,sk-reception-work
js-019444,RB92218,sk-customer-service
js-019445,RB92218,sk-communication
js-019446,RB92218,sk-microsoft-office
js-019447,RB92218,sk-driving-category-b
js-019448,RB92218,sk-english-language
js-019449,RB92309,sk-hospitality
js-019450,RB92309,sk-restaurant-service
js-019451,RB92309,sk-customer-service
js-019452,RB92309,sk-microsoft-office
js-019453,RB92309,sk-communication
js-019454,RB92309,sk-cash-handling
js-019455,RB92309,sk-driving-category-b
js-019456,RB87847,sk-accounting
js-019457,RB87847,sk-microsoft-office
js-019458,RB87847,sk-customer-service
js-019459,RB87847,sk-communication
js-019460,RB87847,sk-driving-category-b
js-019461,RB75196,sk-driving
js-019462,RB75196,sk-driving-category-b
js-019463,RB75196,sk-slovenian-language
js-019464,RC10795,sk-microsoft-office
js-019465,RC10795,sk-driving-category-b
js-019466,RC10795,sk-slovenian-language
js-019467,RB86660,sk-microsoft-office
js-019468,RB86660,sk-driving-category-b
js-019469,RB86660,sk-slovenian-language
js-019470,RC03929,sk-administration
js-019471,RC03929,sk-driving-category-b
js-019472,RC03929,sk-slovenian-language
js-019473,RB53312,sk-microsoft-office
js-019474,RB53312,sk-driving-category-b
js-019475,RB53312,sk-driving-category-d
js-019476,RB53312,sk-slovenian-language
js-019477,RC01885,sk-administration
js-019478,RC01885,sk-driving-category-b
js-019479,RC01885,sk-slovenian-language
js-019480,RB24811,sk-administration
js-019481,RB24811,sk-driving-category-b
js-019482,RB24811,sk-slovenian-language
js-019483,RB77351,sk-midwifery
js-019484,RB77351,sk-microsoft-office
js-019485,RB77351,sk-cash-handling
js-019486,RB77351,sk-driving-category-b
js-019487,RB77351,sk-english-language
js-019488,RB80471,sk-hospitality
js-019489,RB80471,sk-restaurant-service
js-019490,RB80471,sk-customer-service
js-019491,RB80471,sk-slovenian-language
js-019492,RB80394,sk-cooking
js-019493,RB81020,sk-agriculture
js-019494,RB81020,sk-driving-category-b
js-019495,RB81020,sk-english-language
js-019496,RB81020,sk-german-language
js-019497,RB94986,sk-assembly
js-019498,RB94986,sk-driving-category-b
js-019499,RB94986,sk-slovenian-language
js-019500,RB96090,sk-administration
js-019501,RB96090,sk-slovenian-language
js-019502,RB96090,sk-english-language
js-019503,RB91533,sk-hospitality
js-019504,RB91533,sk-restaurant-service
js-019505,RB91533,sk-customer-service
js-019506,RB91533,sk-microsoft-office
js-019507,RB91533,sk-slovenian-language
js-019508,RB91533,sk-english-language
js-019509,RA38783,sk-cooking
js-019510,RA38783,sk-microsoft-office
js-019511,RA38783,sk-slovenian-language
js-019512,RA38783,sk-english-language
js-019513,RB19934,sk-assembly
js-019514,RB19934,sk-driving-category-b
js-019515,RB19934,sk-slovenian-language
js-019516,RB19979,sk-truck-driving
js-019517,RB19979,sk-driving-category-c
js-019518,RB19979,sk-slovenian-language
js-019519,RB20027,sk-construction-work
js-019520,RB20027,sk-slovenian-language
js-019521,RB79720,sk-construction-work
js-019522,RB79720,sk-slovenian-language
js-019523,RB79720,sk-production-work
js-019524,RB91595,sk-technical-maintenance
js-019525,RB91595,sk-driving-category-b
js-019526,DN63650,sk-cooking
js-019527,DN63650,sk-haccp
js-019528,DN63650,sk-customer-service
js-019529,DN63650,sk-communication
js-019530,RB98485,sk-customer-service
js-019531,RB98485,sk-communication
js-019532,RB98485,sk-driving-category-b
js-019533,RB98485,sk-slovenian-language
js-019534,RA85821,sk-cooking
js-019535,RA85821,sk-customer-service
js-019536,RA85821,sk-communication
js-019537,RB57834,sk-microsoft-office
js-019538,RB57834,sk-customer-service
js-019539,RB57834,sk-communication
js-019540,RB57834,sk-cash-handling
js-019541,RC12518,sk-hospitality
js-019542,RC12518,sk-restaurant-service
js-019543,RC12518,sk-customer-service
js-019544,RC12518,sk-communication
js-019545,RC12518,sk-slovenian-language
js-019546,RC12518,sk-english-language
js-019547,RC07766,sk-administration
js-019548,RC07766,sk-driving-category-b
js-019549,ID37175,sk-administration
js-019550,ID37175,sk-driving-category-b
js-019551,RA75259,sk-electrical-work
js-019552,RA75259,sk-driving-category-b
js-019553,PY98501,sk-assembly
js-019554,PY98501,sk-driving-category-b
js-019555,RB74125,sk-early-childhood-education
js-019556,RB74125,sk-teaching
js-019557,RB74125,sk-communication
js-019558,RB74125,sk-microsoft-office
js-019559,RB74125,sk-english-language
js-019560,RA53835,sk-machine-operation
js-019561,RA53835,sk-driving-category-b
js-019562,IC97787,sk-cooking
js-019563,IC97787,sk-haccp
js-019564,IC97787,sk-slovenian-language
js-019565,IC97787,sk-english-language
js-019566,RB82822,sk-administration
js-019567,ID32315,sk-cooking
js-019568,ID32301,sk-cooking
js-019569,RB65172,sk-driving
js-019570,RB65172,sk-driving-category-b
js-019571,RB65172,sk-slovenian-language
js-019572,RB03540,sk-administration
js-019573,PZ72565,sk-administration
js-019574,PZ72565,sk-driving-category-b
js-019575,PZ72565,sk-driving-category-e
js-019576,PZ72565,sk-slovenian-language
js-019577,RB51831,sk-administration
js-019578,RB51831,sk-driving-category-b
js-019579,RB51831,sk-driving-category-e
js-019580,RB51831,sk-slovenian-language
js-019581,RB76629,sk-accounting
js-019582,RB76629,sk-driving-category-b
js-019583,RB88340,sk-hospitality
js-019584,RB88340,sk-restaurant-service
js-019585,RB88340,sk-customer-service
js-019586,RB88340,sk-communication
js-019587,RB88340,sk-driving-category-b
js-019588,RB88340,sk-slovenian-language
js-019589,RB88340,sk-english-language
js-019590,RB88340,sk-german-language
js-019591,PT51840,sk-driving
js-019592,PT51840,sk-microsoft-office
js-019593,PT51840,sk-driving-category-b
js-019594,PT51840,sk-slovenian-language
js-019595,RC08471,sk-microsoft-office
js-019596,RC08471,sk-driving-category-b
js-019597,RC08471,sk-slovenian-language
js-019598,ID35070,sk-cnc-machining
js-019599,ID35070,sk-machine-operation
js-019600,ID35070,sk-driving-category-b
js-019601,ID35083,sk-administration
js-019602,RB94543,sk-administration
js-019603,RB94543,sk-customer-service
js-019604,RB94543,sk-communication
js-019605,RB94543,sk-microsoft-office
js-019606,RB94543,sk-driving-category-b
js-019607,RB94543,sk-english-language
js-019608,RB94543,sk-german-language
js-019609,RB94543,sk-croatian-language
js-019610,RB94543,sk-serbian-language
js-019611,RB97371,sk-baking
js-019612,RB97371,sk-food-preparation
js-019613,RB70717,sk-administration
js-019614,RB70717,sk-customer-service
js-019615,RB70717,sk-communication
js-019616,RB70717,sk-driving-category-b
js-019617,RB70660,sk-driving
js-019618,RB70660,sk-customer-service
js-019619,RB70660,sk-communication
js-019620,RB70660,sk-driving-category-b
js-019621,RB70660,sk-english-language
js-019622,RB70660,sk-german-language
js-019623,RC02815,sk-administration
js-019624,RC02815,sk-driving-category-b
js-019625,RC02755,sk-driving
js-019626,RC02755,sk-customer-service
js-019627,RC02755,sk-communication
js-019628,RC02755,sk-driving-category-b
js-019629,RC04253,sk-administration
js-019630,RC04253,sk-customer-service
js-019631,RC04253,sk-communication
js-019632,RC04253,sk-driving-category-b
js-019633,RB70691,sk-driving
js-019634,RB70691,sk-driving-category-b
js-019635,RB70691,sk-driving-category-c
js-019636,RC12063,sk-administration
js-019637,ID35862,sk-cleaning
js-019638,RB96834,sk-truck-driving
js-019639,RB96834,sk-driving-category-c
js-019640,RB96834,sk-driving-category-e
js-019641,RB96834,sk-driving-category-ce
js-019642,RB95839,sk-sales
js-019643,RB95839,sk-customer-service
js-019644,RB95839,sk-communication
js-019645,RB95839,sk-slovenian-language
js-019646,RC02297,sk-construction-work
js-019647,RC03059,sk-construction-work
js-019648,RC03059,sk-production-work
js-019649,RC00768,sk-administration
js-019650,RC00768,sk-driving-category-b
js-019651,RC00768,sk-slovenian-language
js-019652,RB34943,sk-customer-service
js-019653,RB34943,sk-communication
js-019654,RC07002,sk-microsoft-office
js-019655,RC07002,sk-customer-service
js-019656,RC07002,sk-communication
js-019657,RC07002,sk-driving-category-b
js-019658,RC02309,sk-hospitality
js-019659,RC02309,sk-restaurant-service
js-019660,RC02309,sk-customer-service
js-019661,RC02309,sk-communication
js-019662,RC02266,sk-cooking
js-019663,RC02266,sk-customer-service
js-019664,RC02266,sk-communication
js-019665,ID35126,sk-microsoft-office
js-019666,ID35126,sk-driving-category-b
js-019667,ID35126,sk-slovenian-language
js-019668,ID35126,sk-english-language
js-019669,RB97658,sk-roofing
js-019670,RB97658,sk-construction-work
js-019671,RB97658,sk-driving-category-b
js-019672,RB97658,sk-slovenian-language
js-019673,RB97567,sk-welding
js-019674,RB97567,sk-metalworking
js-019675,RB97567,sk-driving-category-b
js-019676,RB97567,sk-driving-category-e
js-019677,RB97567,sk-slovenian-language
js-019678,RB97431,sk-cnc-machining
js-019679,RB97431,sk-machine-operation
js-019680,RB97431,sk-microsoft-office
js-019681,RB97431,sk-driving-category-b
js-019682,RB97431,sk-driving-category-d
js-019683,RB97431,sk-slovenian-language
js-019684,RB97431,sk-english-language
js-019685,RB97431,sk-german-language
js-019686,RB65138,sk-automotive-repair
js-019687,RB10970,sk-administration
js-019688,RB10970,sk-driving-category-b
js-019689,RB65951,sk-production-work
js-019690,RC00402,sk-reception-work
js-019691,RC00402,sk-customer-service
js-019692,RC00402,sk-communication
js-019693,RC00402,sk-microsoft-office
js-019694,RC00402,sk-driving-category-b
js-019695,RC00402,sk-slovenian-language
js-019696,RC00402,sk-english-language
js-019697,RC00402,sk-german-language
js-019698,RC00402,sk-italian-language
js-019699,RB74719,sk-administration
js-019700,RB74719,sk-driving-category-b
js-019701,ID37053,sk-hospitality
js-019702,ID37053,sk-restaurant-service
js-019703,ID37053,sk-customer-service
js-019704,ID37053,sk-microsoft-office
js-019705,ID37053,sk-communication
js-019706,ID37053,sk-driving-category-b
js-019707,ID37053,sk-slovenian-language
js-019708,RB77348,sk-microsoft-office
js-019709,RB77348,sk-driving-category-b
js-019710,RB88703,sk-customer-service
js-019711,RB88703,sk-communication
js-019712,RB88703,sk-slovenian-language
js-019713,RB72809,sk-administration
js-019714,RB72809,sk-driving-category-b
js-019715,RB72809,sk-english-language
js-019716,PZ26289,sk-administration
js-019717,PZ26289,sk-driving-category-b
js-019718,RC02067,sk-technical-maintenance
js-019719,RC02067,sk-mechanical-repair
js-019720,RC02067,sk-driving-category-b
js-019721,RB95280,sk-truck-driving
js-019722,RB95280,sk-driving-category-b
js-019723,RB95280,sk-driving-category-c
js-019724,RB95280,sk-driving-category-e
js-019725,RB95280,sk-slovenian-language
js-019726,RB95280,sk-english-language
js-019727,RB62895,sk-hospitality
js-019728,RB62895,sk-restaurant-service
js-019729,RB62895,sk-customer-service
js-019730,RB62895,sk-communication
js-019731,RB62895,sk-slovenian-language
js-019732,RA82626,sk-production-work
js-019733,RA82626,sk-driving-category-b
js-019734,RB72965,sk-production-work
js-019735,RB72965,sk-driving-category-b
js-019736,RB69615,sk-construction-work
js-019737,ID08825,sk-cleaning
js-019738,ID08825,sk-driving-category-b
js-019739,ID08825,sk-slovenian-language
js-019740,IC95496,sk-machine-operation
js-019741,IC95496,sk-forklift-operation
js-019742,IC95508,sk-welding
js-019743,IC95508,sk-metalworking
js-019744,IC95508,sk-forklift-operation
js-019745,RC04435,sk-warehouse-operations
js-019746,RC04435,sk-forklift-operation
js-019747,RB79184,sk-administration
js-019748,RB79184,sk-driving-category-b
js-019749,RC01460,sk-administration
js-019750,RC01460,sk-slovenian-language
js-019751,RB67830,sk-plumbing
js-019752,RB67830,sk-microsoft-office
js-019753,RB67830,sk-driving-category-b
js-019754,RB67830,sk-english-language
js-019755,RB67830,sk-german-language
js-019756,RB92556,sk-administration
js-019757,RB92556,sk-customer-service
js-019758,RB92556,sk-communication
js-019759,RB92556,sk-cash-handling
js-019760,RC03062,sk-welding
js-019761,RC03062,sk-metalworking
js-019762,RC03062,sk-driving-category-b
js-019763,RC13177,sk-accounting
js-019764,RC13177,sk-microsoft-office
js-019765,RC13177,sk-customer-service
js-019766,RC13177,sk-communication
js-019767,RC13177,sk-driving-category-b
js-019768,RC13177,sk-slovenian-language
js-019769,RC13177,sk-english-language
js-019770,RC08988,sk-cleaning
js-019771,RC08988,sk-driving-category-b
js-019772,RC08988,sk-slovenian-language
js-019773,RB77780,sk-nursing
js-019774,RB77780,sk-patient-care
js-019775,RB77780,sk-first-aid
js-019776,RB77780,sk-microsoft-office
js-019777,RB77780,sk-driving-category-b
js-019778,RB77780,sk-slovenian-language
js-019779,RB34380,sk-cleaning
js-019780,RB34380,sk-driving-category-b
js-019781,RB34380,sk-slovenian-language
js-019782,RB52993,sk-microsoft-office
js-019783,RB52993,sk-driving-category-b
js-019784,RB52993,sk-slovenian-language
js-019785,RB76845,sk-microsoft-office
js-019786,RB76845,sk-slovenian-language
js-019787,RC00450,sk-customer-service
js-019788,RC00450,sk-communication
js-019789,RC00450,sk-slovenian-language
js-019790,RC00416,sk-cleaning
js-019791,RC00416,sk-slovenian-language
js-019792,RC00447,sk-customer-service
js-019793,RC00447,sk-communication
js-019794,RC00447,sk-slovenian-language
js-019795,RC11725,sk-construction-work
js-019796,RB56063,sk-driving
js-019797,RB56063,sk-customer-service
js-019798,RB56063,sk-communication
js-019799,RB56063,sk-cash-handling
js-019800,RB56063,sk-driving-category-b
js-019801,RB56063,sk-driving-category-e
js-019802,RB56063,sk-driving-category-d
js-019803,RB56063,sk-slovenian-language
js-019804,RB56001,sk-microsoft-office
js-019805,RB56001,sk-customer-service
js-019806,RB56001,sk-communication
js-019807,RB56001,sk-cash-handling
js-019808,RB56001,sk-driving-category-b
js-019809,RB56001,sk-driving-category-e
js-019810,RB56001,sk-driving-category-d
js-019811,RB56001,sk-slovenian-language
js-019812,RB56001,sk-english-language
js-019813,RB56001,sk-german-language
js-019814,RB56001,sk-italian-language
js-019815,RB82091,sk-hospitality
js-019816,RB82091,sk-restaurant-service
js-019817,RB82091,sk-customer-service
js-019818,RC04313,sk-cnc-machining
js-019819,RC04313,sk-driving-category-b
js-019820,RC10824,sk-administration
js-019821,RC10824,sk-english-language
js-019822,RC05873,sk-cnc-machining
js-019823,RC05873,sk-machine-operation
js-019824,PX11169,sk-production-work
js-019825,PX11169,sk-warehouse-operations
js-019826,PX11169,sk-driving-category-b
js-019827,PX11169,sk-slovenian-language
js-019828,PU35695,sk-production-work
js-019829,PU35695,sk-driving-category-b
js-019830,PU35695,sk-slovenian-language
js-019831,PU35664,sk-production-work
js-019832,PU35664,sk-driving-category-b
js-019833,PU35664,sk-slovenian-language
js-019834,RB88811,sk-automotive-repair
js-019835,RB88811,sk-vehicle-diagnostics
js-019836,RB88811,sk-driving-category-b
js-019837,RB58874,sk-assembly
js-019838,RB58874,sk-driving-category-b
js-019839,RB58874,sk-driving-category-e
js-019840,RB58874,sk-german-language
js-019841,RB58917,sk-welding
js-019842,RB58917,sk-metalworking
js-019843,RB58917,sk-driving-category-b
js-019844,RB58917,sk-driving-category-e
js-019845,RB58917,sk-german-language
js-019846,RB58903,sk-construction-work
js-019847,RB58903,sk-driving-category-b
js-019848,RB58903,sk-german-language
js-019849,RB58891,sk-welding
js-019850,RB58891,sk-metalworking
js-019851,RB58891,sk-driving-category-b
js-019852,RB58891,sk-german-language
js-019853,RB58888,sk-assembly
js-019854,RB58888,sk-driving-category-b
js-019855,RB58888,sk-german-language
js-019856,RB58934,sk-construction-work
js-019857,RB58934,sk-metalworking
js-019858,RB58934,sk-driving-category-b
js-019859,RB58934,sk-german-language
js-019860,RB34818,sk-truck-driving
js-019861,RB34818,sk-warehouse-operations
js-019862,RB34818,sk-driving-category-b
js-019863,RB34818,sk-driving-category-c
js-019864,RB34818,sk-english-language
js-019865,RC07310,sk-teaching
js-019866,RC07310,sk-communication
js-019867,RC07310,sk-customer-service
js-019868,RC07310,sk-italian-language
js-019869,RB92790,sk-customer-service
js-019870,RB92790,sk-communication
js-019871,RB92790,sk-driving-category-b
js-019872,RB92790,sk-slovenian-language
js-019873,RB92790,sk-english-language
js-019874,RC09952,sk-roofing
js-019875,RC09952,sk-construction-work
js-019876,RC09952,sk-driving-category-b
js-019877,RA81679,sk-cleaning
js-019878,RB97797,sk-microsoft-office
js-019879,RB97797,sk-customer-service
js-019880,RB97797,sk-communication
js-019881,RB97797,sk-driving-category-b
js-019882,RB97797,sk-driving-category-e
js-019883,RB97797,sk-slovenian-language
js-019884,RB97797,sk-english-language
js-019885,RC05566,sk-security-work
js-019886,RC05566,sk-customer-service
js-019887,RC05566,sk-microsoft-office
js-019888,RC05566,sk-driving-category-b
js-019889,RC05566,sk-english-language
js-019890,RC11497,sk-security-work
js-019891,RC11497,sk-customer-service
js-019892,RC11497,sk-microsoft-office
js-019893,RC11497,sk-english-language
js-019894,RC13194,sk-administration
js-019895,RC13194,sk-driving-category-b
js-019896,RC13194,sk-slovenian-language
js-019897,RC13194,sk-english-language
js-019898,RC13604,sk-cooking
js-019899,RC13604,sk-driving-category-b
js-019900,RB04490,sk-nursing
js-019901,RB04490,sk-patient-care
js-019902,RB04490,sk-laboratory-diagnostics
js-019903,RB04490,sk-radiology
js-019904,RB04490,sk-dental-care
js-019905,RB04490,sk-microsoft-office
js-019906,RB04490,sk-driving-category-b
js-019907,RB95566,sk-administration
js-019908,RB92189,sk-agriculture
js-019909,RB92189,sk-driving-category-b
js-019910,RB92189,sk-driving-category-e
js-019911,RB92189,sk-english-language
js-019912,RB67966,sk-plumbing
js-019913,RB67966,sk-driving-category-b
js-019914,PV09343,sk-hospitality
js-019915,PV09343,sk-restaurant-service
js-019916,PV09343,sk-customer-service
js-019917,PV09343,sk-driving-category-b
js-019918,PV09343,sk-driving-category-e
js-019919,PV09343,sk-slovenian-language
js-019920,RB90905,sk-cooking
js-019921,RB90905,sk-driving-category-b
js-019922,RB90905,sk-slovenian-language
js-019923,IC89000,sk-construction-work
js-019924,IC89000,sk-metalworking
js-019925,IC89000,sk-driving-category-b
js-019926,PX92424,sk-automotive-repair
js-019927,PX92424,sk-electrical-work
js-019928,PX92424,sk-vehicle-diagnostics
js-019929,PX92424,sk-microsoft-office
js-019930,PX92424,sk-customer-service
js-019931,PX92424,sk-communication
js-019932,PX92424,sk-driving-category-b
js-019933,PX92424,sk-driving-category-d
js-019934,PX92424,sk-slovenian-language
js-019935,PX92424,sk-english-language
js-019936,RC05063,sk-production-work
js-019937,DN56478,sk-electrical-work
js-019938,DN56478,sk-cash-handling
js-019939,RB77686,sk-cooking
js-019940,RB77686,sk-driving-category-b
js-019941,RB77686,sk-slovenian-language
js-019942,RB77690,sk-hospitality
js-019943,RB77690,sk-restaurant-service
js-019944,RB77690,sk-customer-service
js-019945,RB77690,sk-driving-category-b
js-019946,RB77690,sk-slovenian-language
js-019947,ID30055,sk-plumbing
js-019948,RB74568,sk-cleaning
js-019949,RB74568,sk-driving-category-b
js-019950,RB74568,sk-slovenian-language
js-019951,RB24703,sk-cleaning
js-019952,RB24703,sk-driving-category-b
js-019953,RB24703,sk-slovenian-language
js-019954,RB53022,sk-microsoft-office
js-019955,RB53022,sk-driving-category-b
js-019956,RB53022,sk-slovenian-language
js-019957,RB81494,sk-medicine
js-019958,RB81494,sk-microsoft-office
js-019959,RB81494,sk-cash-handling
js-019960,RB81494,sk-slovenian-language
js-019961,RB90447,sk-production-work
js-019962,RB90478,sk-information-technology
js-019963,RB90478,sk-it-infrastructure
js-019964,RB90478,sk-linux
js-019965,RB90478,sk-python
js-019966,RB90478,sk-software-development
js-019967,RB90478,sk-project-management
js-019968,RB90495,sk-information-technology
js-019969,RB90495,sk-it-infrastructure
js-019970,RB90495,sk-linux
js-019971,RB90495,sk-python
js-019972,RB90495,sk-software-development
js-019973,RB90495,sk-project-management
js-019974,RC07692,sk-cash-handling
js-019975,RC07064,sk-technical-maintenance
js-019976,RC03660,sk-production-work
js-019977,RC03656,sk-production-work
js-019978,RC03687,sk-production-work
js-019979,RA31416,sk-administration
js-019980,RB95370,sk-administration
js-019981,RB88123,sk-construction-work
js-019982,RB88123,sk-driving-category-b
js-019983,RC11648,sk-cleaning
js-019984,RC00311,sk-accounting
js-019985,RC00311,sk-cash-handling
js-019986,RC00311,sk-customer-service
js-019987,RC00311,sk-communication
js-019988,RB92815,sk-driving
js-019989,RB92815,sk-driving-category-b
js-019990,RC02877,sk-baking
js-019991,RC02877,sk-food-preparation
js-019992,RC10304,sk-cooking
js-019993,RA02702,sk-construction-work
js-019994,RA02702,sk-microsoft-office
js-019995,RA02702,sk-english-language
js-019996,RA43691,sk-hospitality
js-019997,RA43691,sk-restaurant-service
js-019998,RA43691,sk-customer-service
js-019999,RA43691,sk-driving-category-b
js-020000,RA43691,sk-slovenian-language
js-020001,ID06076,sk-cash-handling
js-020002,RC03122,sk-electrical-work
js-020003,RC06760,sk-microsoft-office
js-020004,RC06760,sk-cash-handling
js-020005,RC06760,sk-driving-category-b
js-020006,RC06760,sk-slovenian-language
js-020007,RC06760,sk-english-language
js-020008,ID08398,sk-administration
js-020009,ID08398,sk-slovenian-language
js-020010,RB54430,sk-cooking
js-020011,RB54430,sk-driving-category-b
js-020012,RB61184,sk-microsoft-office
js-020013,RB61184,sk-driving-category-b
js-020014,RB61184,sk-slovenian-language
js-020015,RB71086,sk-microsoft-office
js-020016,RB71086,sk-driving-category-b
js-020017,RB71086,sk-slovenian-language
js-020018,RB71086,sk-german-language
js-020019,PZ69996,sk-reception-work
js-020020,PZ69996,sk-customer-service
js-020021,PZ69996,sk-communication
js-020022,PZ69996,sk-driving-category-b
js-020023,PZ69996,sk-english-language
js-020024,PZ70000,sk-cooking
js-020025,PZ70000,sk-driving-category-b
js-020026,RB60070,sk-microsoft-office
js-020027,RB60070,sk-customer-service
js-020028,RB60070,sk-communication
js-020029,RB60070,sk-cash-handling
js-020030,RB60070,sk-driving-category-b
js-020031,RB60070,sk-slovenian-language
js-020032,RB60070,sk-english-language
js-020033,RB60070,sk-italian-language
js-020034,RB38914,sk-masonry
js-020035,RB38914,sk-construction-work
js-020036,RB38914,sk-serbian-language
js-020037,RC06530,sk-construction-work
js-020038,PY75351,sk-driving
js-020039,PY75351,sk-warehouse-operations
js-020040,PY75351,sk-haccp
js-020041,PY75351,sk-customer-service
js-020042,PY75351,sk-communication
js-020043,IC77830,sk-construction-work
js-020044,IC77830,sk-driving-category-b
js-020045,RB93517,sk-security-work
js-020046,RB93517,sk-customer-service
js-020047,RB93517,sk-cash-handling
js-020048,RB93517,sk-driving-category-b
js-020049,RB93517,sk-communication
js-020050,RC12322,sk-security-work
js-020051,RC12322,sk-customer-service
js-020052,RC12322,sk-cash-handling
js-020053,RC12322,sk-driving-category-b
js-020054,RC12322,sk-communication
js-020055,RC12231,sk-security-work
js-020056,RC12231,sk-customer-service
js-020057,RC12231,sk-cash-handling
js-020058,RC12231,sk-driving-category-b
js-020059,RC12231,sk-communication
js-020060,RC12259,sk-security-work
js-020061,RC12259,sk-customer-service
js-020062,RC12259,sk-cash-handling
js-020063,RC12259,sk-driving-category-b
js-020064,RC12259,sk-communication
js-020065,RC12276,sk-security-work
js-020066,RC12276,sk-customer-service
js-020067,RC12276,sk-driving-category-b
js-020068,RC12276,sk-communication
js-020069,RC12293,sk-security-work
js-020070,RC12293,sk-customer-service
js-020071,RC12293,sk-cash-handling
js-020072,RC12293,sk-driving-category-b
js-020073,RC12293,sk-communication
js-020074,RC12319,sk-security-work
js-020075,RC12319,sk-customer-service
js-020076,RC12319,sk-cash-handling
js-020077,RC12319,sk-driving-category-b
js-020078,RC12319,sk-communication
js-020079,RC03460,sk-sales
js-020080,RC03460,sk-customer-service
js-020081,RC03460,sk-microsoft-office
js-020082,RC03460,sk-driving-category-b
js-020083,RC03460,sk-slovenian-language
js-020084,RC03460,sk-english-language
js-020085,RC03460,sk-german-language
js-020086,RC11739,sk-construction-work
js-020087,RC11739,sk-metalworking
js-020088,RB91027,sk-driving
js-020089,RB91027,sk-driving-category-b
js-020090,RB91027,sk-driving-category-e
js-020091,RB91027,sk-german-language
js-020092,RB75486,sk-assembly
js-020093,RB75486,sk-customer-service
js-020094,RB75486,sk-communication
js-020095,RB75486,sk-driving-category-b
js-020096,RB85270,sk-cleaning
js-020097,RB85270,sk-english-language
js-020098,RC09983,sk-customer-service
js-020099,RC09983,sk-communication
js-020100,RC09983,sk-cash-handling
js-020101,RB55037,sk-hospitality
js-020102,RB55037,sk-restaurant-service
js-020103,RB55037,sk-customer-service
js-020104,RB55037,sk-driving-category-b
js-020105,RB54994,sk-hospitality
js-020106,RB54994,sk-restaurant-service
js-020107,RB54994,sk-customer-service
js-020108,RB54994,sk-driving-category-b
js-020109,RC01914,sk-driving
js-020110,RC01914,sk-microsoft-office
js-020111,RC01914,sk-customer-service
js-020112,RC01914,sk-communication
js-020113,RC01914,sk-driving-category-b
js-020114,RC01914,sk-english-language
js-020115,RC01914,sk-italian-language
js-020116,RC01914,sk-serbian-language
js-020117,RC01746,sk-driving
js-020118,RC01746,sk-microsoft-office
js-020119,RC01746,sk-customer-service
js-020120,RC01746,sk-communication
js-020121,RC01746,sk-cash-handling
js-020122,RC01746,sk-driving-category-b
js-020123,RC01746,sk-english-language
js-020124,RC01746,sk-italian-language
js-020125,RC01746,sk-serbian-language
js-020126,RB64345,sk-cnc-machining
js-020127,RB64345,sk-machine-operation
js-020128,RB64345,sk-cash-handling
js-020129,RB64345,sk-driving-category-b
js-020130,RB64345,sk-slovenian-language
js-020131,RB86838,sk-painting
js-020132,RB86838,sk-driving-category-b
js-020133,RB86838,sk-slovenian-language
js-020134,RC08559,sk-sales
js-020135,RC08559,sk-customer-service
js-020136,RC08559,sk-microsoft-office
js-020137,RC08559,sk-slovenian-language
js-020138,RB94512,sk-assembly
js-020139,RB94512,sk-german-language
js-020140,RB94483,sk-assembly
js-020141,RB94483,sk-german-language
js-020142,RC05050,sk-administration
js-020143,RB95077,sk-customer-service
js-020144,RB95077,sk-communication
js-020145,RB95077,sk-slovenian-language
js-020146,IC66032,sk-construction-work
js-020147,IC66032,sk-driving-category-b
js-020148,RC05981,sk-driving
js-020149,RC05981,sk-forklift-operation
js-020150,RB92587,sk-administration
js-020151,RB67202,sk-van-driving
js-020152,RB67202,sk-driving-category-b
js-020153,RB67202,sk-slovenian-language
js-020154,RC03810,sk-cash-handling
js-020155,RC03810,sk-english-language
js-020156,RB03740,sk-production-work
js-020157,PS29313,sk-nursing
js-020158,PS29313,sk-patient-care
js-020159,RB99096,sk-administration
js-020160,RC00248,sk-microsoft-office
js-020161,RC00248,sk-customer-service
js-020162,RC00248,sk-communication
js-020163,RC00248,sk-cash-handling
js-020164,RC00248,sk-driving-category-b
js-020165,RC00248,sk-driving-category-e
js-020166,RB62131,sk-welding
js-020167,RB62131,sk-metalworking
js-020168,RB62176,sk-welding
js-020169,RB62176,sk-metalworking
js-020170,RB67540,sk-nursing
js-020171,RB67540,sk-patient-care
js-020172,RB67540,sk-microsoft-office
js-020173,RB67540,sk-customer-service
js-020174,RB67540,sk-communication
js-020175,RB67540,sk-driving-category-b
js-020176,RB67540,sk-driving-category-e
js-020177,RB67540,sk-slovenian-language
js-020178,PN19295,sk-nursing
js-020179,PN19295,sk-patient-care
js-020180,PN19295,sk-microsoft-office
js-020181,PN19295,sk-slovenian-language
js-020182,RB95137,sk-masonry
js-020183,RB95137,sk-construction-work
js-020184,RB95137,sk-driving-category-b
js-020185,RB95140,sk-painting
js-020186,RB95140,sk-driving-category-b
js-020187,RB95154,sk-construction-work
js-020188,RB95154,sk-driving-category-b
js-020189,RB77624,sk-sales
js-020190,RB77624,sk-customer-service
js-020191,RB77624,sk-microsoft-office
js-020192,RB77624,sk-communication
js-020193,RB77624,sk-driving-category-b
js-020194,RB77624,sk-slovenian-language
js-020195,RC13453,sk-truck-driving
js-020196,RC13453,sk-warehouse-operations
js-020197,RC13453,sk-driving-category-b
js-020198,RC13470,sk-driving
js-020199,RC13470,sk-customer-service
js-020200,RC13470,sk-communication
js-020201,RC13470,sk-cash-handling
js-020202,RC13470,sk-driving-category-b
js-020203,RC13513,sk-driving
js-020204,RC13513,sk-customer-service
js-020205,RC13513,sk-communication
js-020206,RC13513,sk-cash-handling
js-020207,RC13513,sk-driving-category-b
js-020208,RC13513,sk-english-language
js-020209,RB91732,sk-hospitality
js-020210,RB91732,sk-restaurant-service
js-020211,RB91732,sk-customer-service
js-020212,RB91732,sk-driving-category-b
js-020213,RB91732,sk-driving-category-d
js-020214,RB91732,sk-slovenian-language
js-020215,RB91732,sk-english-language
js-020216,RC02786,sk-administration
js-020217,RC02786,sk-driving-category-b
js-020218,RC02786,sk-slovenian-language
js-020219,RC00800,sk-cleaning
js-020220,RC07553,sk-medicine
js-020221,RC07553,sk-dental-care
js-020222,RC07553,sk-microsoft-office
js-020223,RC07553,sk-slovenian-language
js-020224,RB95214,sk-bus-driving
js-020225,RB95214,sk-driving-category-b
js-020226,RB95214,sk-driving-category-c
js-020227,RB95214,sk-driving-category-e
js-020228,RB95214,sk-driving-category-d
js-020229,RB95214,sk-slovenian-language
js-020230,RB95214,sk-english-language
js-020231,RB58078,sk-hospitality
js-020232,RB58078,sk-restaurant-service
js-020233,RB58078,sk-customer-service
js-020234,RB58078,sk-slovenian-language
js-020235,RB59087,sk-welding
js-020236,RB59087,sk-metalworking
js-020237,RB63887,sk-machine-operation
js-020238,RB97920,sk-sales
js-020239,RB97920,sk-customer-service
js-020240,RB97920,sk-haccp
js-020241,RB97920,sk-slovenian-language
js-020242,RB97920,sk-english-language
js-020243,RC03551,sk-cooking
js-020244,RC03551,sk-customer-service
js-020245,RC03551,sk-communication
js-020246,ID14298,sk-administration
js-020247,ID14298,sk-driving-category-b
js-020248,ID14298,sk-driving-category-e
js-020249,ID35880,sk-baking
js-020250,ID35880,sk-food-preparation
js-020251,RB97661,sk-warehouse-operations
js-020252,RB97661,sk-microsoft-office
js-020253,RB97661,sk-driving-category-b
js-020254,RB97661,sk-slovenian-language
js-020255,RB97661,sk-english-language
js-020256,RB79318,sk-production-work
js-020257,RC07735,sk-van-driving
js-020258,RC07735,sk-driving-category-b
js-020259,IC85685,sk-construction-work
js-020260,IC85685,sk-driving-category-b
js-020261,IC85685,sk-slovenian-language
js-020262,IC85685,sk-croatian-language
js-020263,ID13582,sk-security-work
js-020264,ID13582,sk-customer-service
js-020265,ID13582,sk-driving-category-b
js-020266,ID13579,sk-security-work
js-020267,ID13579,sk-customer-service
js-020268,ID13579,sk-driving-category-b
js-020269,ID13565,sk-security-work
js-020270,ID13565,sk-customer-service
js-020271,ID13565,sk-driving-category-b
js-020272,ID13548,sk-security-work
js-020273,ID13548,sk-customer-service
js-020274,ID13548,sk-driving-category-b
js-020275,DN61904,sk-cooking
js-020276,DN61904,sk-haccp
js-020277,RB88873,sk-production-work
js-020278,RB88873,sk-driving-category-b
js-020279,RB88873,sk-slovenian-language
js-020280,RB88873,sk-english-language
js-020281,RC08957,sk-accounting
js-020282,RC08957,sk-customer-service
js-020283,RC08957,sk-communication
js-020284,RC11452,sk-cooking
js-020285,RB98471,sk-cleaning
js-020286,RB98471,sk-driving-category-b
js-020287,RB98471,sk-slovenian-language
js-020288,RB98350,sk-cleaning
js-020289,RB98350,sk-driving-category-b
js-020290,RB98350,sk-slovenian-language
js-020291,RB85312,sk-driving
js-020292,RB85312,sk-microsoft-office
js-020293,RB85312,sk-customer-service
js-020294,RB85312,sk-communication
js-020295,RB85312,sk-driving-category-b
js-020296,RB85312,sk-english-language
js-020297,RB85312,sk-croatian-language
js-020298,RC01425,sk-construction-work
js-020299,RC01425,sk-customer-service
js-020300,RC01425,sk-communication
js-020301,RC01425,sk-cash-handling
js-020302,RC01425,sk-driving-category-b
js-020303,RC01439,sk-warehouse-operations
js-020304,RC01439,sk-forklift-operation
js-020305,RC01439,sk-cash-handling
js-020306,RC01439,sk-driving-category-b
js-020307,ID07023,sk-construction-work
js-020308,ID07023,sk-metalworking
js-020309,ID07023,sk-driving-category-b
js-020310,ID07023,sk-slovenian-language
js-020311,RA30975,sk-driving
js-020312,RA30975,sk-cash-handling
js-020313,RA30975,sk-driving-category-c
js-020314,RA30975,sk-driving-category-ce
js-020315,RB91669,sk-hospitality
js-020316,RB91669,sk-restaurant-service
js-020317,RB91669,sk-customer-service
js-020318,RB91669,sk-slovenian-language
js-020319,RB91669,sk-communication
js-020320,RC12400,sk-hospitality
js-020321,RC12400,sk-restaurant-service
js-020322,RC12400,sk-customer-service
js-020323,RC12400,sk-microsoft-office
js-020324,RC12400,sk-communication
js-020325,RC12400,sk-driving-category-b
js-020326,RC12400,sk-driving-category-d
js-020327,RC12400,sk-slovenian-language
js-020328,RC12400,sk-english-language
js-020329,IC98916,sk-cleaning
js-020330,IC98916,sk-slovenian-language
js-020331,RB84837,sk-truck-driving
js-020332,RB84837,sk-driving-category-c
js-020333,RB84837,sk-driving-category-e
js-020334,RB84837,sk-driving-category-ce
js-020335,RB85999,sk-technical-maintenance
js-020336,RB85999,sk-mechanical-repair
js-020337,RB85999,sk-driving-category-b
js-020338,RB85330,sk-legal-work
js-020339,RB85330,sk-customer-service
js-020340,RB85330,sk-communication
js-020341,RB85330,sk-driving-category-b
js-020342,RB85330,sk-driving-category-e
js-020343,RB85330,sk-slovenian-language
js-020344,RB85330,sk-english-language
js-020345,RC10778,sk-microsoft-office
js-020346,RC10778,sk-driving-category-b
js-020347,RC10778,sk-slovenian-language
js-020348,RC10778,sk-english-language
js-020349,RB99187,sk-radiology
js-020350,RB99187,sk-driving-category-b
js-020351,RB99187,sk-slovenian-language
js-020352,RB99187,sk-english-language
js-020353,RC03702,sk-information-technology
js-020354,RC03702,sk-python
js-020355,RC03702,sk-network-administration
js-020356,RC03702,sk-sql
js-020357,RC03702,sk-software-development
js-020358,RC03702,sk-project-management
js-020359,RC03702,sk-microsoft-office
js-020360,RC03702,sk-driving-category-b
js-020361,RC03702,sk-slovenian-language
js-020362,RC03702,sk-english-language
