id,JobId,WorkTypeId
wtj-000001,job-00001,work-on-site
wtj-000002,job-00002,work-on-site
wtj-000003,job-00003,work-on-site
wtj-000004,job-00004,work-on-site
wtj-000005,job-00005,work-on-site
wtj-000006,job-00006,work-on-site
wtj-000007,job-00007,work-on-site
wtj-000008,job-00008,work-on-site
wtj-000009,job-00009,work-on-site
wtj-000010,job-00010,work-on-site
wtj-000011,job-00011,work-on-site
wtj-000012,job-00012,work-on-site
wtj-000013,job-00013,work-on-site
wtj-000014,job-00014,work-on-site
wtj-000015,job-00015,work-on-site
wtj-000016,job-00016,work-on-site
wtj-000017,job-00017,work-on-site
wtj-000018,job-00018,work-on-site
wtj-000019,job-00019,work-on-site
wtj-000020,job-00020,work-on-site
wtj-000021,job-00021,work-on-site
wtj-000022,job-00022,work-on-site
wtj-000023,job-00023,work-on-site
wtj-000024,job-00024,work-on-site
wtj-000025,job-00025,work-on-site
wtj-000026,job-00026,work-on-site
wtj-000027,job-00027,work-on-site
wtj-000028,job-00028,work-on-site
wtj-000029,job-00029,work-on-site
wtj-000030,job-00030,work-on-site
wtj-000031,job-00031,work-on-site
wtj-000032,job-00032,work-on-site
wtj-000033,job-00033,work-on-site
wtj-000034,job-00034,work-on-site
wtj-000035,job-00035,work-on-site
wtj-000036,job-00036,work-on-site
wtj-000037,job-00037,work-on-site
wtj-000038,job-00038,work-on-site
wtj-000039,job-00039,work-on-site
wtj-000040,job-00040,work-on-site
wtj-000041,job-00041,work-on-site
wtj-000042,job-00042,work-on-site
wtj-000043,job-00043,work-on-site
wtj-000044,job-00044,work-on-site
wtj-000045,job-00045,work-on-site
wtj-000046,job-00046,work-on-site
wtj-000047,job-00047,work-on-site
wtj-000048,job-00048,work-on-site
wtj-000049,job-00049,work-on-site
wtj-000050,job-00050,work-on-site
wtj-000051,job-00051,work-on-site
wtj-000052,job-00052,work-on-site
wtj-000053,job-00053,work-on-site
wtj-000054,job-00054,work-on-site
wtj-000055,job-00055,work-on-site
wtj-000056,job-00056,work-on-site
wtj-000057,job-00057,work-on-site
wtj-000058,job-00058,work-on-site
wtj-000059,job-00059,work-on-site
wtj-000060,job-00060,work-on-site
wtj-000061,job-00061,work-on-site
wtj-000062,job-00062,work-on-site
wtj-000063,job-00063,work-on-site
wtj-000064,job-00064,work-on-site
wtj-000065,job-00065,work-on-site
wtj-000066,job-00066,work-on-site
wtj-000067,job-00067,work-on-site
wtj-000068,job-00068,work-on-site
wtj-000069,job-00069,work-on-site
wtj-000070,job-00070,work-on-site
wtj-000071,job-00071,work-on-site
wtj-000072,job-00072,work-on-site
wtj-000073,job-00073,work-on-site
wtj-000074,job-00074,work-on-site
wtj-000075,job-00075,work-on-site
wtj-000076,job-00076,work-on-site
wtj-000077,job-00077,work-on-site
wtj-000078,job-00078,work-on-site
wtj-000079,job-00079,work-on-site
wtj-000080,job-00080,work-on-site
wtj-000081,job-00081,work-on-site
wtj-000082,job-00082,work-on-site
wtj-000083,job-00083,work-on-site
wtj-000084,job-00084,work-on-site
wtj-000085,job-00085,work-on-site
wtj-000086,job-00086,work-on-site
wtj-000087,job-00087,work-on-site
wtj-000088,job-00088,work-on-site
wtj-000089,job-00089,work-on-site
wtj-000090,job-00090,work-on-site
wtj-000091,job-00091,work-on-site
wtj-000092,job-00092,work-on-site
wtj-000093,job-00093,work-on-site
wtj-000094,job-00094,work-on-site
wtj-000095,job-00095,work-on-site
wtj-000096,job-00096,work-on-site
wtj-000097,job-00097,work-on-site
wtj-000098,job-00098,work-on-site
wtj-000099,job-00099,work-on-site
wtj-000100,job-00100,work-on-site
wtj-000101,job-00101,work-on-site
wtj-000102,job-00102,work-on-site
wtj-000103,job-00103,work-on-site
wtj-000104,job-00104,work-on-site
wtj-000105,job-00105,work-on-site
wtj-000106,job-00106,work-on-site
wtj-000107,job-00107,work-on-site
wtj-000108,job-00108,work-on-site
wtj-000109,job-00109,work-on-site
wtj-000110,job-00110,work-on-site
wtj-000111,job-00111,work-on-site
wtj-000112,job-00112,work-on-site
wtj-000113,job-00113,work-on-site
wtj-000114,job-00114,work-on-site
wtj-000115,job-00115,work-on-site
wtj-000116,job-00116,work-on-site
wtj-000117,job-00117,work-on-site
wtj-000118,job-00118,work-on-site
wtj-000119,job-00119,work-on-site
wtj-000120,job-00120,work-on-site
wtj-000121,job-00121,work-on-site
wtj-000122,job-00122,work-on-site
wtj-000123,job-00123,work-on-site
wtj-000124,job-00124,work-on-site
wtj-000125,job-00125,work-on-site
wtj-000126,job-00126,work-on-site
wtj-000127,job-00127,work-on-site
wtj-000128,job-00128,work-on-site
wtj-000129,job-00129,work-on-site
wtj-000130,job-00130,work-on-site
wtj-000131,job-00131,work-on-site
wtj-000132,job-00132,work-on-site
wtj-000133,job-00133,work-on-site
wtj-000134,job-00134,work-on-site
wtj-000135,job-00135,work-on-site
wtj-000136,job-00136,work-on-site
wtj-000137,job-00137,work-on-site
wtj-000138,job-00138,work-on-site
wtj-000139,job-00139,work-on-site
wtj-000140,job-00140,work-on-site
wtj-000141,job-00141,work-on-site
wtj-000142,job-00142,work-on-site
wtj-000143,job-00143,work-on-site
wtj-000144,job-00144,work-on-site
wtj-000145,job-00145,work-on-site
wtj-000146,job-00146,work-on-site
wtj-000147,job-00147,work-on-site
wtj-000148,job-00148,work-on-site
wtj-000149,job-00149,work-on-site
wtj-000150,job-00150,work-on-site
wtj-000151,job-00151,work-on-site
wtj-000152,job-00152,work-on-site
wtj-000153,job-00153,work-on-site
wtj-000154,job-00154,work-on-site
wtj-000155,job-00155,work-on-site
wtj-000156,job-00156,work-on-site
wtj-000157,job-00157,work-on-site
wtj-000158,job-00158,work-on-site
wtj-000159,job-00159,work-on-site
wtj-000160,job-00160,work-on-site
wtj-000161,job-00161,work-on-site
wtj-000162,job-00162,work-on-site
wtj-000163,job-00163,work-on-site
wtj-000164,job-00164,work-on-site
wtj-000165,job-00165,work-on-site
wtj-000166,job-00166,work-on-site
wtj-000167,job-00167,work-on-site
wtj-000168,job-00168,work-on-site
wtj-000169,job-00169,work-on-site
wtj-000170,job-00170,work-on-site
wtj-000171,job-00171,work-on-site
wtj-000172,job-00172,work-on-site
wtj-000173,job-00173,work-on-site
wtj-000174,job-00174,work-on-site
wtj-000175,job-00175,work-on-site
wtj-000176,job-00176,work-on-site
wtj-000177,job-00177,work-on-site
wtj-000178,job-00178,work-field
wtj-000179,job-00179,work-on-site
wtj-000180,job-00180,work-on-site
wtj-000181,job-00181,work-on-site
wtj-000182,job-00182,work-on-site
wtj-000183,job-00183,work-on-site
wtj-000184,job-00184,work-on-site
wtj-000185,job-00185,work-on-site
wtj-000186,job-00186,work-on-site
wtj-000187,job-00187,work-on-site
wtj-000188,job-00188,work-on-site
wtj-000189,job-00189,work-field
wtj-000190,job-00190,work-on-site
wtj-000191,job-00191,work-on-site
wtj-000192,job-00192,work-on-site
wtj-000193,job-00193,work-on-site
wtj-000194,job-00194,work-on-site
wtj-000195,job-00195,work-on-site
wtj-000196,job-00196,work-on-site
wtj-000197,job-00197,work-on-site
wtj-000198,job-00198,work-on-site
wtj-000199,job-00199,work-on-site
wtj-000200,job-00200,work-on-site
wtj-000201,job-00201,work-on-site
wtj-000202,job-00202,work-on-site
wtj-000203,job-00203,work-on-site
wtj-000204,job-00204,work-on-site
wtj-000205,job-00205,work-on-site
wtj-000206,job-00206,work-on-site
wtj-000207,job-00207,work-on-site
wtj-000208,job-00208,work-on-site
wtj-000209,job-00209,work-on-site
wtj-000210,job-00210,work-on-site
wtj-000211,job-00211,work-on-site
wtj-000212,job-00212,work-on-site
wtj-000213,job-00213,work-on-site
wtj-000214,job-00214,work-on-site
wtj-000215,job-00215,work-on-site
wtj-000216,job-00216,work-on-site
wtj-000217,job-00217,work-on-site
wtj-000218,job-00218,work-on-site
wtj-000219,job-00219,work-on-site
wtj-000220,job-00220,work-on-site
wtj-000221,job-00221,work-on-site
wtj-000222,job-00222,work-on-site
wtj-000223,job-00223,work-on-site
wtj-000224,job-00224,work-on-site
wtj-000225,job-00225,work-on-site
wtj-000226,job-00226,work-on-site
wtj-000227,job-00227,work-on-site
wtj-000228,job-00228,work-on-site
wtj-000229,job-00229,work-on-site
wtj-000230,job-00230,work-on-site
wtj-000231,job-00231,work-on-site
wtj-000232,job-00232,work-on-site
wtj-000233,job-00233,work-on-site
wtj-000234,job-00234,work-on-site
wtj-000235,job-00235,work-on-site
wtj-000236,job-00236,work-on-site
wtj-000237,job-00237,work-field
wtj-000238,job-00238,work-on-site
wtj-000239,job-00239,work-on-site
wtj-000240,job-00240,work-on-site
wtj-000241,job-00241,work-on-site
wtj-000242,job-00242,work-on-site
wtj-000243,job-00243,work-on-site
wtj-000244,job-00244,work-on-site
wtj-000245,job-00245,work-on-site
wtj-000246,job-00246,work-on-site
wtj-000247,job-00247,work-on-site
wtj-000248,job-00248,work-on-site
wtj-000249,job-00249,work-on-site
wtj-000250,job-00250,work-on-site
wtj-000251,job-00251,work-on-site
wtj-000252,job-00252,work-on-site
wtj-000253,job-00253,work-on-site
wtj-000254,job-00254,work-on-site
wtj-000255,job-00255,work-on-site
wtj-000256,job-00256,work-on-site
wtj-000257,job-00257,work-on-site
wtj-000258,job-00258,work-on-site
wtj-000259,job-00259,work-on-site
wtj-000260,job-00260,work-on-site
wtj-000261,job-00261,work-on-site
wtj-000262,job-00262,work-on-site
wtj-000263,job-00263,work-on-site
wtj-000264,job-00264,work-on-site
wtj-000265,job-00265,work-on-site
wtj-000266,job-00266,work-on-site
wtj-000267,job-00267,work-on-site
wtj-000268,job-00268,work-on-site
wtj-000269,job-00269,work-on-site
wtj-000270,job-00270,work-on-site
wtj-000271,job-00271,work-on-site
wtj-000272,job-00272,work-on-site
wtj-000273,job-00273,work-on-site
wtj-000274,job-00274,work-on-site
wtj-000275,job-00275,work-on-site
wtj-000276,job-00276,work-on-site
wtj-000277,job-00277,work-on-site
wtj-000278,job-00278,work-on-site
wtj-000279,job-00279,work-on-site
wtj-000280,job-00280,work-on-site
wtj-000281,job-00281,work-on-site
wtj-000282,job-00282,work-on-site
wtj-000283,job-00283,work-on-site
wtj-000284,job-00284,work-on-site
wtj-000285,job-00285,work-on-site
wtj-000286,job-00286,work-on-site
wtj-000287,job-00287,work-on-site
wtj-000288,job-00288,work-on-site
wtj-000289,job-00289,work-on-site
wtj-000290,job-00290,work-on-site
wtj-000291,job-00291,work-on-site
wtj-000292,job-00292,work-on-site
wtj-000293,job-00293,work-on-site
wtj-000294,job-00294,work-on-site
wtj-000295,job-00295,work-on-site
wtj-000296,job-00296,work-on-site
wtj-000297,job-00297,work-on-site
wtj-000298,job-00298,work-on-site
wtj-000299,job-00299,work-on-site
wtj-000300,job-00300,work-on-site
wtj-000301,job-00301,work-on-site
wtj-000302,job-00302,work-on-site
wtj-000303,job-00303,work-on-site
wtj-000304,job-00304,work-on-site
wtj-000305,job-00305,work-on-site
wtj-000306,job-00306,work-on-site
wtj-000307,job-00307,work-on-site
wtj-000308,job-00308,work-on-site
wtj-000309,job-00309,work-on-site
wtj-000310,job-00310,work-on-site
wtj-000311,job-00311,work-on-site
wtj-000312,job-00312,work-on-site
wtj-000313,job-00313,work-on-site
wtj-000314,job-00314,work-on-site
wtj-000315,job-00315,work-on-site
wtj-000316,job-00316,work-on-site
wtj-000317,job-00317,work-on-site
wtj-000318,job-00318,work-on-site
wtj-000319,job-00319,work-on-site
wtj-000320,job-00320,work-on-site
wtj-000321,job-00321,work-on-site
wtj-000322,job-00322,work-on-site
wtj-000323,job-00323,work-on-site
wtj-000324,job-00324,work-on-site
wtj-000325,job-00325,work-on-site
wtj-000326,job-00326,work-on-site
wtj-000327,job-00327,work-on-site
wtj-000328,job-00328,work-on-site
wtj-000329,job-00329,work-on-site
wtj-000330,job-00330,work-on-site
wtj-000331,job-00331,work-on-site
wtj-000332,job-00332,work-on-site
wtj-000333,job-00333,work-on-site
wtj-000334,job-00334,work-on-site
wtj-000335,job-00335,work-on-site
wtj-000336,job-00336,work-on-site
wtj-000337,job-00337,work-on-site
wtj-000338,job-00338,work-on-site
wtj-000339,job-00339,work-on-site
wtj-000340,job-00340,work-on-site
wtj-000341,job-00341,work-on-site
wtj-000342,job-00342,work-on-site
wtj-000343,job-00343,work-on-site
wtj-000344,job-00344,work-on-site
wtj-000345,job-00345,work-on-site
wtj-000346,job-00346,work-on-site
wtj-000347,job-00347,work-on-site
wtj-000348,job-00348,work-on-site
wtj-000349,job-00349,work-on-site
wtj-000350,job-00350,work-on-site
wtj-000351,job-00351,work-on-site
wtj-000352,job-00352,work-on-site
wtj-000353,job-00353,work-on-site
wtj-000354,job-00354,work-on-site
wtj-000355,job-00355,work-on-site
wtj-000356,job-00356,work-on-site
wtj-000357,job-00357,work-on-site
wtj-000358,job-00358,work-on-site
wtj-000359,job-00359,work-on-site
wtj-000360,job-00360,work-on-site
wtj-000361,job-00361,work-on-site
wtj-000362,job-00362,work-on-site
wtj-000363,job-00363,work-on-site
wtj-000364,job-00364,work-on-site
wtj-000365,job-00365,work-on-site
wtj-000366,job-00366,work-on-site
wtj-000367,job-00367,work-on-site
wtj-000368,job-00368,work-on-site
wtj-000369,job-00369,work-on-site
wtj-000370,job-00370,work-on-site
wtj-000371,job-00371,work-on-site
wtj-000372,job-00372,work-on-site
wtj-000373,job-00373,work-on-site
wtj-000374,job-00374,work-on-site
wtj-000375,job-00375,work-on-site
wtj-000376,job-00376,work-on-site
wtj-000377,job-00377,work-on-site
wtj-000378,job-00378,work-on-site
wtj-000379,job-00379,work-on-site
wtj-000380,job-00380,work-on-site
wtj-000381,job-00381,work-on-site
wtj-000382,job-00382,work-field
wtj-000383,job-00383,work-on-site
wtj-000384,job-00384,work-on-site
wtj-000385,job-00385,work-on-site
wtj-000386,job-00386,work-on-site
wtj-000387,job-00387,work-on-site
wtj-000388,job-00388,work-on-site
wtj-000389,job-00389,work-on-site
wtj-000390,job-00390,work-on-site
wtj-000391,job-00391,work-on-site
wtj-000392,job-00392,work-on-site
wtj-000393,job-00393,work-on-site
wtj-000394,job-00394,work-on-site
wtj-000395,job-00395,work-on-site
wtj-000396,job-00396,work-on-site
wtj-000397,job-00397,work-on-site
wtj-000398,job-00398,work-on-site
wtj-000399,job-00399,work-on-site
wtj-000400,job-00400,work-on-site
wtj-000401,job-00401,work-on-site
wtj-000402,job-00402,work-on-site
wtj-000403,job-00403,work-on-site
wtj-000404,job-00404,work-on-site
wtj-000405,job-00405,work-on-site
wtj-000406,job-00406,work-on-site
wtj-000407,job-00407,work-on-site
wtj-000408,job-00408,work-on-site
wtj-000409,job-00409,work-on-site
wtj-000410,job-00410,work-on-site
wtj-000411,job-00411,work-on-site
wtj-000412,job-00412,work-on-site
wtj-000413,job-00413,work-on-site
wtj-000414,job-00414,work-on-site
wtj-000415,job-00415,work-on-site
wtj-000416,job-00416,work-on-site
wtj-000417,job-00417,work-on-site
wtj-000418,job-00418,work-on-site
wtj-000419,job-00419,work-on-site
wtj-000420,job-00420,work-on-site
wtj-000421,job-00421,work-on-site
wtj-000422,job-00422,work-on-site
wtj-000423,job-00423,work-on-site
wtj-000424,job-00424,work-on-site
wtj-000425,job-00425,work-on-site
wtj-000426,job-00426,work-on-site
wtj-000427,job-00427,work-on-site
wtj-000428,job-00428,work-on-site
wtj-000429,job-00429,work-on-site
wtj-000430,job-00430,work-on-site
wtj-000431,job-00431,work-on-site
wtj-000432,job-00432,work-on-site
wtj-000433,job-00433,work-on-site
wtj-000434,job-00434,work-on-site
wtj-000435,job-00435,work-on-site
wtj-000436,job-00436,work-on-site
wtj-000437,job-00437,work-on-site
wtj-000438,job-00438,work-on-site
wtj-000439,job-00439,work-on-site
wtj-000440,job-00440,work-on-site
wtj-000441,job-00441,work-on-site
wtj-000442,job-00442,work-on-site
wtj-000443,job-00443,work-on-site
wtj-000444,job-00444,work-on-site
wtj-000445,job-00445,work-on-site
wtj-000446,job-00446,work-on-site
wtj-000447,job-00447,work-on-site
wtj-000448,job-00448,work-on-site
wtj-000449,job-00449,work-on-site
wtj-000450,job-00450,work-on-site
wtj-000451,job-00451,work-on-site
wtj-000452,job-00452,work-on-site
wtj-000453,job-00453,work-on-site
wtj-000454,job-00454,work-on-site
wtj-000455,job-00455,work-on-site
wtj-000456,job-00456,work-on-site
wtj-000457,job-00457,work-on-site
wtj-000458,job-00458,work-on-site
wtj-000459,job-00459,work-on-site
wtj-000460,job-00460,work-on-site
wtj-000461,job-00461,work-on-site
wtj-000462,job-00462,work-on-site
wtj-000463,job-00463,work-on-site
wtj-000464,job-00464,work-on-site
wtj-000465,job-00465,work-on-site
wtj-000466,job-00466,work-on-site
wtj-000467,job-00467,work-on-site
wtj-000468,job-00468,work-on-site
wtj-000469,job-00469,work-on-site
wtj-000470,job-00470,work-on-site
wtj-000471,job-00471,work-on-site
wtj-000472,job-00472,work-on-site
wtj-000473,job-00473,work-on-site
wtj-000474,job-00474,work-on-site
wtj-000475,job-00475,work-on-site
wtj-000476,job-00476,work-on-site
wtj-000477,job-00477,work-on-site
wtj-000478,job-00478,work-on-site
wtj-000479,job-00479,work-on-site
wtj-000480,job-00480,work-on-site
wtj-000481,job-00481,work-on-site
wtj-000482,job-00482,work-on-site
wtj-000483,job-00483,work-on-site
wtj-000484,job-00484,work-on-site
wtj-000485,job-00485,work-on-site
wtj-000486,job-00486,work-on-site
wtj-000487,job-00487,work-on-site
wtj-000488,job-00488,work-on-site
wtj-000489,job-00489,work-on-site
wtj-000490,job-00490,work-on-site
wtj-000491,job-00491,work-on-site
wtj-000492,job-00492,work-on-site
wtj-000493,job-00493,work-on-site
wtj-000494,job-00494,work-on-site
wtj-000495,job-00495,work-on-site
wtj-000496,job-00496,work-on-site
wtj-000497,job-00497,work-on-site
wtj-000498,job-00498,work-on-site
wtj-000499,job-00499,work-on-site
wtj-000500,job-00500,work-on-site
wtj-000501,job-00501,work-on-site
wtj-000502,job-00502,work-on-site
wtj-000503,job-00503,work-on-site
wtj-000504,job-00504,work-on-site
wtj-000505,job-00505,work-on-site
wtj-000506,job-00506,work-on-site
wtj-000507,job-00507,work-on-site
wtj-000508,job-00508,work-on-site
wtj-000509,job-00509,work-on-site
wtj-000510,job-00510,work-on-site
wtj-000511,job-00511,work-on-site
wtj-000512,job-00512,work-on-site
wtj-000513,job-00513,work-on-site
wtj-000514,job-00514,work-on-site
wtj-000515,job-00515,work-on-site
wtj-000516,job-00516,work-on-site
wtj-000517,job-00517,work-on-site
wtj-000518,job-00518,work-on-site
wtj-000519,job-00519,work-on-site
wtj-000520,job-00520,work-on-site
wtj-000521,job-00521,work-on-site
wtj-000522,job-00522,work-on-site
wtj-000523,job-00523,work-on-site
wtj-000524,job-00524,work-on-site
wtj-000525,job-00525,work-on-site
wtj-000526,job-00526,work-on-site
wtj-000527,job-00527,work-on-site
wtj-000528,job-00528,work-on-site
wtj-000529,job-00529,work-on-site
wtj-000530,job-00530,work-on-site
wtj-000531,job-00531,work-on-site
wtj-000532,job-00532,work-on-site
wtj-000533,job-00533,work-on-site
wtj-000534,job-00534,work-on-site
wtj-000535,job-00535,work-on-site
wtj-000536,job-00536,work-on-site
wtj-000537,job-00537,work-on-site
wtj-000538,job-00538,work-on-site
wtj-000539,job-00539,work-on-site
wtj-000540,job-00540,work-on-site
wtj-000541,job-00541,work-on-site
wtj-000542,job-00542,work-on-site
wtj-000543,job-00543,work-on-site
wtj-000544,job-00544,work-on-site
wtj-000545,job-00545,work-on-site
wtj-000546,job-00546,work-on-site
wtj-000547,job-00547,work-on-site
wtj-000548,job-00548,work-on-site
wtj-000549,job-00549,work-on-site
wtj-000550,job-00550,work-on-site
wtj-000551,job-00551,work-on-site
wtj-000552,job-00552,work-on-site
wtj-000553,job-00553,work-on-site
wtj-000554,job-00554,work-on-site
wtj-000555,job-00555,work-on-site
wtj-000556,job-00556,work-on-site
wtj-000557,job-00557,work-on-site
wtj-000558,job-00558,work-on-site
wtj-000559,job-00559,work-on-site
wtj-000560,job-00560,work-on-site
wtj-000561,job-00561,work-on-site
wtj-000562,job-00562,work-on-site
wtj-000563,job-00563,work-on-site
wtj-000564,job-00564,work-on-site
wtj-000565,job-00565,work-on-site
wtj-000566,job-00566,work-on-site
wtj-000567,job-00567,work-on-site
wtj-000568,job-00568,work-on-site
wtj-000569,job-00569,work-on-site
wtj-000570,job-00570,work-on-site
wtj-000571,job-00571,work-on-site
wtj-000572,job-00572,work-on-site
wtj-000573,job-00573,work-on-site
wtj-000574,job-00574,work-on-site
wtj-000575,job-00575,work-on-site
wtj-000576,job-00576,work-on-site
wtj-000577,job-00577,work-on-site
wtj-000578,job-00578,work-on-site
wtj-000579,job-00579,work-on-site
wtj-000580,job-00580,work-on-site
wtj-000581,job-00581,work-on-site
wtj-000582,job-00582,work-on-site
wtj-000583,job-00583,work-on-site
wtj-000584,job-00584,work-on-site
wtj-000585,job-00585,work-on-site
wtj-000586,job-00586,work-on-site
wtj-000587,job-00587,work-on-site
wtj-000588,job-00588,work-on-site
wtj-000589,job-00589,work-on-site
wtj-000590,job-00590,work-on-site
wtj-000591,job-00591,work-on-site
wtj-000592,job-00592,work-on-site
wtj-000593,job-00593,work-on-site
wtj-000594,job-00594,work-on-site
wtj-000595,job-00595,work-on-site
wtj-000596,job-00596,work-on-site
wtj-000597,job-00597,work-on-site
wtj-000598,job-00598,work-on-site
wtj-000599,job-00599,work-on-site
wtj-000600,job-00600,work-on-site
wtj-000601,job-00601,work-on-site
wtj-000602,job-00602,work-on-site
wtj-000603,job-00603,work-on-site
wtj-000604,job-00604,work-on-site
wtj-000605,job-00605,work-on-site
wtj-000606,job-00606,work-on-site
wtj-000607,job-00607,work-on-site
wtj-000608,job-00608,work-on-site
wtj-000609,job-00609,work-on-site
wtj-000610,job-00610,work-on-site
wtj-000611,job-00611,work-on-site
wtj-000612,job-00612,work-on-site
wtj-000613,job-00613,work-on-site
wtj-000614,job-00614,work-on-site
wtj-000615,job-00615,work-on-site
wtj-000616,job-00616,work-on-site
wtj-000617,job-00617,work-on-site
wtj-000618,job-00618,work-on-site
wtj-000619,job-00619,work-on-site
wtj-000620,job-00620,work-on-site
wtj-000621,job-00621,work-on-site
wtj-000622,job-00622,work-on-site
wtj-000623,job-00623,work-on-site
wtj-000624,job-00624,work-on-site
wtj-000625,job-00625,work-on-site
wtj-000626,job-00626,work-on-site
wtj-000627,job-00627,work-on-site
wtj-000628,job-00628,work-on-site
wtj-000629,job-00629,work-on-site
wtj-000630,job-00630,work-on-site
wtj-000631,job-00631,work-on-site
wtj-000632,job-00632,work-on-site
wtj-000633,job-00633,work-on-site
wtj-000634,job-00634,work-on-site
wtj-000635,job-00635,work-on-site
wtj-000636,job-00636,work-on-site
wtj-000637,job-00637,work-on-site
wtj-000638,job-00638,work-on-site
wtj-000639,job-00639,work-on-site
wtj-000640,job-00640,work-on-site
wtj-000641,job-00641,work-on-site
wtj-000642,job-00642,work-on-site
wtj-000643,job-00643,work-on-site
wtj-000644,job-00644,work-on-site
wtj-000645,job-00645,work-on-site
wtj-000646,job-00646,work-on-site
wtj-000647,job-00647,work-on-site
wtj-000648,job-00648,work-on-site
wtj-000649,job-00649,work-on-site
wtj-000650,job-00650,work-on-site
wtj-000651,job-00651,work-on-site
wtj-000652,job-00652,work-on-site
wtj-000653,job-00653,work-on-site
wtj-000654,job-00654,work-on-site
wtj-000655,job-00655,work-on-site
wtj-000656,job-00656,work-on-site
wtj-000657,job-00657,work-on-site
wtj-000658,job-00658,work-on-site
wtj-000659,job-00659,work-on-site
wtj-000660,job-00660,work-on-site
wtj-000661,job-00661,work-on-site
wtj-000662,job-00662,work-on-site
wtj-000663,job-00663,work-on-site
wtj-000664,job-00664,work-on-site
wtj-000665,job-00665,work-on-site
wtj-000666,job-00666,work-on-site
wtj-000667,job-00667,work-on-site
wtj-000668,job-00668,work-on-site
wtj-000669,job-00669,work-on-site
wtj-000670,job-00670,work-on-site
wtj-000671,job-00671,work-on-site
wtj-000672,job-00672,work-on-site
wtj-000673,job-00673,work-on-site
wtj-000674,job-00674,work-on-site
wtj-000675,job-00675,work-on-site
wtj-000676,job-00676,work-on-site
wtj-000677,job-00677,work-on-site
wtj-000678,job-00678,work-on-site
wtj-000679,job-00679,work-on-site
wtj-000680,job-00680,work-on-site
wtj-000681,job-00681,work-on-site
wtj-000682,job-00682,work-on-site
wtj-000683,job-00683,work-on-site
wtj-000684,job-00684,work-on-site
wtj-000685,job-00685,work-on-site
wtj-000686,job-00686,work-on-site
wtj-000687,job-00687,work-on-site
wtj-000688,job-00688,work-on-site
wtj-000689,job-00689,work-on-site
wtj-000690,job-00690,work-on-site
wtj-000691,job-00691,work-on-site
wtj-000692,job-00692,work-on-site
wtj-000693,job-00693,work-on-site
wtj-000694,job-00694,work-on-site
wtj-000695,job-00695,work-on-site
wtj-000696,job-00696,work-on-site
wtj-000697,job-00697,work-on-site
wtj-000698,job-00698,work-on-site
wtj-000699,job-00699,work-on-site
wtj-000700,job-00700,work-on-site
wtj-000701,job-00701,work-on-site
wtj-000702,job-00702,work-on-site
wtj-000703,job-00703,work-on-site
wtj-000704,job-00704,work-on-site
wtj-000705,job-00705,work-on-site
wtj-000706,job-00706,work-on-site
wtj-000707,job-00707,work-on-site
wtj-000708,job-00708,work-on-site
wtj-000709,job-00709,work-on-site
wtj-000710,job-00710,work-on-site
wtj-000711,job-00711,work-on-site
wtj-000712,job-00712,work-on-site
wtj-000713,job-00713,work-on-site
wtj-000714,job-00714,work-on-site
wtj-000715,job-00715,work-on-site
wtj-000716,job-00716,work-on-site
wtj-000717,job-00717,work-on-site
wtj-000718,job-00718,work-on-site
wtj-000719,job-00719,work-on-site
wtj-000720,job-00720,work-on-site
wtj-000721,job-00721,work-on-site
wtj-000722,job-00722,work-on-site
wtj-000723,job-00723,work-on-site
wtj-000724,job-00724,work-on-site
wtj-000725,job-00725,work-on-site
wtj-000726,job-00726,work-on-site
wtj-000727,job-00727,work-on-site
wtj-000728,job-00728,work-on-site
wtj-000729,job-00729,work-on-site
wtj-000730,job-00730,work-on-site
wtj-000731,job-00731,work-on-site
wtj-000732,job-00732,work-on-site
wtj-000733,job-00733,work-on-site
wtj-000734,job-00734,work-on-site
wtj-000735,job-00735,work-on-site
wtj-000736,job-00736,work-on-site
wtj-000737,job-00737,work-on-site
wtj-000738,job-00738,work-on-site
wtj-000739,job-00739,work-on-site
wtj-000740,job-00740,work-on-site
wtj-000741,job-00741,work-on-site
wtj-000742,job-00742,work-on-site
wtj-000743,job-00743,work-on-site
wtj-000744,job-00744,work-on-site
wtj-000745,job-00745,work-on-site
wtj-000746,job-00746,work-on-site
wtj-000747,job-00747,work-on-site
wtj-000748,job-00748,work-on-site
wtj-000749,job-00749,work-on-site
wtj-000750,job-00750,work-on-site
wtj-000751,job-00751,work-on-site
wtj-000752,job-00752,work-on-site
wtj-000753,job-00753,work-on-site
wtj-000754,job-00754,work-on-site
wtj-000755,job-00755,work-on-site
wtj-000756,job-00756,work-on-site
wtj-000757,job-00757,work-on-site
wtj-000758,job-00758,work-on-site
wtj-000759,job-00759,work-on-site
wtj-000760,job-00760,work-on-site
wtj-000761,job-00761,work-on-site
wtj-000762,job-00762,work-on-site
wtj-000763,job-00763,work-on-site
wtj-000764,job-00764,work-on-site
wtj-000765,job-00765,work-on-site
wtj-000766,job-00766,work-on-site
wtj-000767,job-00767,work-on-site
wtj-000768,job-00768,work-on-site
wtj-000769,job-00769,work-on-site
wtj-000770,job-00770,work-on-site
wtj-000771,job-00771,work-on-site
wtj-000772,job-00772,work-on-site
wtj-000773,job-00773,work-on-site
wtj-000774,job-00774,work-on-site
wtj-000775,job-00775,work-on-site
wtj-000776,job-00776,work-on-site
wtj-000777,job-00777,work-on-site
wtj-000778,job-00778,work-on-site
wtj-000779,job-00779,work-on-site
wtj-000780,job-00780,work-on-site
wtj-000781,job-00781,work-on-site
wtj-000782,job-00782,work-on-site
wtj-000783,job-00783,work-on-site
wtj-000784,job-00784,work-on-site
wtj-000785,job-00785,work-on-site
wtj-000786,job-00786,work-on-site
wtj-000787,job-00787,work-on-site
wtj-000788,job-00788,work-on-site
wtj-000789,job-00789,work-on-site
wtj-000790,job-00790,work-on-site
wtj-000791,job-00791,work-on-site
wtj-000792,job-00792,work-on-site
wtj-000793,job-00793,work-on-site
wtj-000794,job-00794,work-on-site
wtj-000795,job-00795,work-on-site
wtj-000796,job-00796,work-on-site
wtj-000797,job-00797,work-on-site
wtj-000798,job-00798,work-on-site
wtj-000799,job-00799,work-on-site
wtj-000800,job-00800,work-on-site
wtj-000801,job-00801,work-on-site
wtj-000802,job-00802,work-on-site
wtj-000803,job-00803,work-on-site
wtj-000804,job-00804,work-on-site
wtj-000805,job-00805,work-on-site
wtj-000806,job-00806,work-on-site
wtj-000807,job-00807,work-on-site
wtj-000808,job-00808,work-on-site
wtj-000809,job-00809,work-on-site
wtj-000810,job-00810,work-on-site
wtj-000811,job-00811,work-on-site
wtj-000812,job-00812,work-on-site
wtj-000813,job-00813,work-on-site
wtj-000814,job-00814,work-on-site
wtj-000815,job-00815,work-on-site
wtj-000816,job-00816,work-on-site
wtj-000817,job-00817,work-on-site
wtj-000818,job-00818,work-on-site
wtj-000819,job-00819,work-on-site
wtj-000820,job-00820,work-on-site
wtj-000821,job-00821,work-on-site
wtj-000822,job-00822,work-on-site
wtj-000823,job-00823,work-on-site
wtj-000824,job-00824,work-on-site
wtj-000825,job-00825,work-on-site
wtj-000826,job-00826,work-on-site
wtj-000827,job-00827,work-on-site
wtj-000828,job-00828,work-on-site
wtj-000829,job-00829,work-on-site
wtj-000830,job-00830,work-on-site
wtj-000831,job-00831,work-on-site
wtj-000832,job-00832,work-on-site
wtj-000833,job-00833,work-on-site
wtj-000834,job-00834,work-on-site
wtj-000835,job-00835,work-on-site
wtj-000836,job-00836,work-on-site
wtj-000837,job-00837,work-on-site
wtj-000838,job-00838,work-on-site
wtj-000839,job-00839,work-on-site
wtj-000840,job-00840,work-on-site
wtj-000841,job-00841,work-on-site
wtj-000842,job-00842,work-on-site
wtj-000843,job-00843,work-on-site
wtj-000844,job-00844,work-on-site
wtj-000845,job-00845,work-on-site
wtj-000846,job-00846,work-on-site
wtj-000847,job-00847,work-on-site
wtj-000848,job-00848,work-on-site
wtj-000849,job-00849,work-on-site
wtj-000850,job-00850,work-on-site
wtj-000851,job-00851,work-on-site
wtj-000852,job-00852,work-on-site
wtj-000853,job-00853,work-on-site
wtj-000854,job-00854,work-on-site
wtj-000855,job-00855,work-on-site
wtj-000856,job-00856,work-on-site
wtj-000857,job-00857,work-on-site
wtj-000858,job-00858,work-on-site
wtj-000859,job-00859,work-on-site
wtj-000860,job-00860,work-on-site
wtj-000861,job-00861,work-on-site
wtj-000862,job-00862,work-on-site
wtj-000863,job-00863,work-on-site
wtj-000864,job-00864,work-on-site
wtj-000865,job-00865,work-on-site
wtj-000866,job-00866,work-on-site
wtj-000867,job-00867,work-on-site
wtj-000868,job-00868,work-on-site
wtj-000869,job-00869,work-on-site
wtj-000870,job-00870,work-on-site
wtj-000871,job-00871,work-on-site
wtj-000872,job-00872,work-on-site
wtj-000873,job-00873,work-on-site
wtj-000874,job-00874,work-on-site
wtj-000875,job-00875,work-on-site
wtj-000876,job-00876,work-on-site
wtj-000877,job-00877,work-on-site
wtj-000878,job-00878,work-on-site
wtj-000879,job-00879,work-on-site
wtj-000880,job-00880,work-on-site
wtj-000881,job-00881,work-on-site
wtj-000882,job-00882,work-on-site
wtj-000883,job-00883,work-on-site
wtj-000884,job-00884,work-on-site
wtj-000885,job-00885,work-on-site
wtj-000886,job-00886,work-on-site
wtj-000887,job-00887,work-on-site
wtj-000888,job-00888,work-on-site
wtj-000889,job-00889,work-on-site
wtj-000890,job-00890,work-on-site
wtj-000891,job-00891,work-on-site
wtj-000892,job-00892,work-on-site
wtj-000893,job-00893,work-on-site
wtj-000894,job-00894,work-on-site
wtj-000895,job-00895,work-on-site
wtj-000896,job-00896,work-on-site
wtj-000897,job-00897,work-on-site
wtj-000898,job-00898,work-on-site
wtj-000899,job-00899,work-on-site
wtj-000900,job-00900,work-on-site
wtj-000901,job-00901,work-on-site
wtj-000902,job-00902,work-on-site
wtj-000903,job-00903,work-on-site
wtj-000904,job-00904,work-on-site
wtj-000905,job-00905,work-on-site
wtj-000906,job-00906,work-on-site
wtj-000907,job-00907,work-on-site
wtj-000908,job-00908,work-on-site
wtj-000909,job-00909,work-on-site
wtj-000910,job-00910,work-on-site
wtj-000911,job-00911,work-on-site
wtj-000912,job-00912,work-on-site
wtj-000913,job-00913,work-on-site
wtj-000914,job-00914,work-on-site
wtj-000915,job-00915,work-on-site
wtj-000916,job-00916,work-on-site
wtj-000917,job-00917,work-on-site
wtj-000918,job-00918,work-on-site
wtj-000919,job-00919,work-on-site
wtj-000920,job-00920,work-on-site
wtj-000921,job-00921,work-on-site
wtj-000922,job-00922,work-on-site
wtj-000923,job-00923,work-on-site
wtj-000924,job-00924,work-on-site
wtj-000925,job-00925,work-on-site
wtj-000926,job-00926,work-on-site
wtj-000927,job-00927,work-on-site
wtj-000928,job-00928,work-on-site
wtj-000929,job-00929,work-on-site
wtj-000930,job-00930,work-on-site
wtj-000931,job-00931,work-on-site
wtj-000932,job-00932,work-on-site
wtj-000933,job-00933,work-on-site
wtj-000934,job-00934,work-on-site
wtj-000935,job-00935,work-on-site
wtj-000936,job-00936,work-on-site
wtj-000937,job-00937,work-on-site
wtj-000938,job-00938,work-on-site
wtj-000939,job-00939,work-on-site
wtj-000940,job-00940,work-on-site
wtj-000941,job-00941,work-on-site
wtj-000942,job-00942,work-on-site
wtj-000943,job-00943,work-on-site
wtj-000944,job-00944,work-on-site
wtj-000945,job-00945,work-on-site
wtj-000946,job-00946,work-on-site
wtj-000947,job-00947,work-on-site
wtj-000948,job-00948,work-on-site
wtj-000949,job-00949,work-on-site
wtj-000950,job-00950,work-on-site
wtj-000951,job-00951,work-on-site
wtj-000952,job-00952,work-on-site
wtj-000953,job-00953,work-on-site
wtj-000954,job-00954,work-on-site
wtj-000955,job-00955,work-on-site
wtj-000956,job-00956,work-on-site
wtj-000957,job-00957,work-on-site
wtj-000958,job-00958,work-on-site
wtj-000959,job-00959,work-on-site
wtj-000960,job-00960,work-on-site
wtj-000961,job-00961,work-on-site
wtj-000962,job-00962,work-on-site
wtj-000963,job-00963,work-on-site
wtj-000964,job-00964,work-on-site
wtj-000965,job-00965,work-on-site
wtj-000966,job-00966,work-on-site
wtj-000967,job-00967,work-on-site
wtj-000968,job-00968,work-on-site
wtj-000969,job-00969,work-on-site
wtj-000970,job-00970,work-on-site
wtj-000971,job-00971,work-on-site
wtj-000972,job-00972,work-on-site
wtj-000973,job-00973,work-on-site
wtj-000974,job-00974,work-on-site
wtj-000975,job-00975,work-on-site
wtj-000976,job-00976,work-on-site
wtj-000977,job-00977,work-on-site
wtj-000978,job-00978,work-on-site
wtj-000979,job-00979,work-on-site
wtj-000980,job-00980,work-on-site
wtj-000981,job-00981,work-on-site
wtj-000982,job-00982,work-on-site
wtj-000983,job-00983,work-on-site
wtj-000984,job-00984,work-on-site
wtj-000985,job-00985,work-on-site
wtj-000986,job-00986,work-on-site
wtj-000987,job-00987,work-on-site
wtj-000988,job-00988,work-on-site
wtj-000989,job-00989,work-on-site
wtj-000990,job-00990,work-on-site
wtj-000991,job-00991,work-on-site
wtj-000992,job-00992,work-on-site
wtj-000993,job-00993,work-on-site
wtj-000994,job-00994,work-on-site
wtj-000995,job-00995,work-on-site
wtj-000996,job-00996,work-on-site
wtj-000997,job-00997,work-on-site
wtj-000998,job-00998,work-on-site
wtj-000999,job-00999,work-on-site
wtj-001000,job-01000,work-on-site
wtj-001001,job-01001,work-on-site
wtj-001002,job-01002,work-on-site
wtj-001003,job-01003,work-on-site
wtj-001004,job-01004,work-on-site
wtj-001005,job-01005,work-on-site
wtj-001006,job-01006,work-on-site
wtj-001007,job-01007,work-on-site
wtj-001008,job-01008,work-on-site
wtj-001009,job-01009,work-on-site
wtj-001010,job-01010,work-on-site
wtj-001011,job-01011,work-on-site
wtj-001012,job-01012,work-on-site
wtj-001013,job-01013,work-on-site
wtj-001014,job-01014,work-on-site
wtj-001015,job-01015,work-on-site
wtj-001016,job-01016,work-on-site
wtj-001017,job-01017,work-on-site
wtj-001018,job-01018,work-on-site
wtj-001019,job-01019,work-on-site
wtj-001020,job-01020,work-on-site
wtj-001021,job-01021,work-on-site
wtj-001022,job-01022,work-on-site
wtj-001023,job-01023,work-on-site
wtj-001024,job-01024,work-on-site
wtj-001025,job-01025,work-on-site
wtj-001026,job-01026,work-on-site
wtj-001027,job-01027,work-on-site
wtj-001028,job-01028,work-on-site
wtj-001029,job-01029,work-on-site
wtj-001030,job-01030,work-on-site
wtj-001031,job-01031,work-on-site
wtj-001032,job-01032,work-on-site
wtj-001033,job-01033,work-on-site
wtj-001034,job-01034,work-on-site
wtj-001035,job-01035,work-on-site
wtj-001036,job-01036,work-on-site
wtj-001037,job-01037,work-on-site
wtj-001038,job-01038,work-on-site
wtj-001039,job-01039,work-on-site
wtj-001040,job-01040,work-on-site
wtj-001041,job-01041,work-on-site
wtj-001042,job-01042,work-on-site
wtj-001043,job-01043,work-on-site
wtj-001044,job-01044,work-on-site
wtj-001045,job-01045,work-on-site
wtj-001046,job-01046,work-on-site
wtj-001047,job-01047,work-on-site
wtj-001048,job-01048,work-on-site
wtj-001049,job-01049,work-on-site
wtj-001050,job-01050,work-on-site
wtj-001051,job-01051,work-on-site
wtj-001052,job-01052,work-on-site
wtj-001053,job-01053,work-on-site
wtj-001054,job-01054,work-on-site
wtj-001055,job-01055,work-on-site
wtj-001056,job-01056,work-on-site
wtj-001057,job-01057,work-on-site
wtj-001058,job-01058,work-on-site
wtj-001059,job-01059,work-on-site
wtj-001060,job-01060,work-on-site
wtj-001061,job-01061,work-on-site
wtj-001062,job-01062,work-on-site
wtj-001063,job-01063,work-on-site
wtj-001064,job-01064,work-on-site
wtj-001065,job-01065,work-on-site
wtj-001066,job-01066,work-on-site
wtj-001067,job-01067,work-on-site
wtj-001068,job-01068,work-on-site
wtj-001069,job-01069,work-on-site
wtj-001070,job-01070,work-on-site
wtj-001071,job-01071,work-on-site
wtj-001072,job-01072,work-on-site
wtj-001073,job-01073,work-on-site
wtj-001074,job-01074,work-on-site
wtj-001075,job-01075,work-on-site
wtj-001076,job-01076,work-on-site
wtj-001077,job-01077,work-on-site
wtj-001078,job-01078,work-on-site
wtj-001079,job-01079,work-on-site
wtj-001080,job-01080,work-on-site
wtj-001081,job-01081,work-on-site
wtj-001082,job-01082,work-on-site
wtj-001083,job-01083,work-on-site
wtj-001084,job-01084,work-on-site
wtj-001085,job-01085,work-on-site
wtj-001086,job-01086,work-on-site
wtj-001087,job-01087,work-on-site
wtj-001088,job-01088,work-on-site
wtj-001089,job-01089,work-on-site
wtj-001090,job-01090,work-on-site
wtj-001091,job-01091,work-on-site
wtj-001092,job-01092,work-on-site
wtj-001093,job-01093,work-on-site
wtj-001094,job-01094,work-on-site
wtj-001095,job-01095,work-on-site
wtj-001096,job-01096,work-on-site
wtj-001097,job-01097,work-on-site
wtj-001098,job-01098,work-on-site
wtj-001099,job-01099,work-on-site
wtj-001100,job-01100,work-on-site
wtj-001101,job-01101,work-on-site
wtj-001102,job-01102,work-on-site
wtj-001103,job-01103,work-on-site
wtj-001104,job-01104,work-on-site
wtj-001105,job-01105,work-on-site
wtj-001106,job-01106,work-on-site
wtj-001107,job-01107,work-on-site
wtj-001108,job-01108,work-on-site
wtj-001109,job-01109,work-on-site
wtj-001110,job-01110,work-on-site
wtj-001111,job-01111,work-on-site
wtj-001112,job-01112,work-on-site
wtj-001113,job-01113,work-on-site
wtj-001114,job-01114,work-on-site
wtj-001115,job-01115,work-on-site
wtj-001116,job-01116,work-on-site
wtj-001117,job-01117,work-on-site
wtj-001118,job-01118,work-on-site
wtj-001119,job-01119,work-on-site
wtj-001120,job-01120,work-on-site
wtj-001121,job-01121,work-on-site
wtj-001122,job-01122,work-on-site
wtj-001123,job-01123,work-on-site
wtj-001124,job-01124,work-on-site
wtj-001125,job-01125,work-on-site
wtj-001126,job-01126,work-on-site
wtj-001127,job-01127,work-on-site
wtj-001128,job-01128,work-on-site
wtj-001129,job-01129,work-on-site
wtj-001130,job-01130,work-on-site
wtj-001131,job-01131,work-on-site
wtj-001132,job-01132,work-on-site
wtj-001133,job-01133,work-on-site
wtj-001134,job-01134,work-on-site
wtj-001135,job-01135,work-on-site
wtj-001136,job-01136,work-on-site
wtj-001137,job-01137,work-on-site
wtj-001138,job-01138,work-on-site
wtj-001139,job-01139,work-on-site
wtj-001140,job-01140,work-on-site
wtj-001141,job-01141,work-on-site
wtj-001142,job-01142,work-on-site
wtj-001143,job-01143,work-on-site
wtj-001144,job-01144,work-on-site
wtj-001145,job-01145,work-on-site
wtj-001146,job-01146,work-on-site
wtj-001147,job-01147,work-on-site
wtj-001148,job-01148,work-on-site
wtj-001149,job-01149,work-on-site
wtj-001150,job-01150,work-on-site
wtj-001151,job-01151,work-on-site
wtj-001152,job-01152,work-on-site
wtj-001153,job-01153,work-on-site
wtj-001154,job-01154,work-on-site
wtj-001155,job-01155,work-on-site
wtj-001156,job-01156,work-on-site
wtj-001157,job-01157,work-on-site
wtj-001158,job-01158,work-on-site
wtj-001159,job-01159,work-on-site
wtj-001160,job-01160,work-on-site
wtj-001161,job-01161,work-on-site
wtj-001162,job-01162,work-on-site
wtj-001163,job-01163,work-on-site
wtj-001164,job-01164,work-on-site
wtj-001165,job-01165,work-on-site
wtj-001166,job-01166,work-on-site
wtj-001167,job-01167,work-on-site
wtj-001168,job-01168,work-on-site
wtj-001169,job-01169,work-on-site
wtj-001170,job-01170,work-on-site
wtj-001171,job-01171,work-on-site
wtj-001172,job-01172,work-on-site
wtj-001173,job-01173,work-on-site
wtj-001174,job-01174,work-on-site
wtj-001175,job-01175,work-on-site
wtj-001176,job-01176,work-on-site
wtj-001177,job-01177,work-on-site
wtj-001178,job-01178,work-on-site
wtj-001179,job-01179,work-on-site
wtj-001180,job-01180,work-on-site
wtj-001181,job-01181,work-on-site
wtj-001182,job-01182,work-on-site
wtj-001183,job-01183,work-on-site
wtj-001184,job-01184,work-on-site
wtj-001185,job-01185,work-on-site
wtj-001186,job-01186,work-on-site
wtj-001187,job-01187,work-on-site
wtj-001188,job-01188,work-on-site
wtj-001189,job-01189,work-on-site
wtj-001190,job-01190,work-on-site
wtj-001191,job-01191,work-on-site
wtj-001192,job-01192,work-on-site
wtj-001193,job-01193,work-on-site
wtj-001194,job-01194,work-on-site
wtj-001195,job-01195,work-on-site
wtj-001196,job-01196,work-on-site
wtj-001197,job-01197,work-on-site
wtj-001198,job-01198,work-on-site
wtj-001199,job-01199,work-on-site
wtj-001200,job-01200,work-on-site
wtj-001201,job-01201,work-on-site
wtj-001202,job-01202,work-remote
wtj-001203,job-01203,work-on-site
wtj-001204,job-01204,work-on-site
wtj-001205,job-01205,work-on-site
wtj-001206,job-01206,work-on-site
wtj-001207,job-01207,work-on-site
wtj-001208,job-01208,work-on-site
wtj-001209,job-01209,work-on-site
wtj-001210,job-01210,work-on-site
wtj-001211,job-01211,work-on-site
wtj-001212,job-01212,work-on-site
wtj-001213,job-01213,work-on-site
wtj-001214,job-01214,work-on-site
wtj-001215,job-01215,work-on-site
wtj-001216,job-01216,work-on-site
wtj-001217,job-01217,work-on-site
wtj-001218,job-01218,work-on-site
wtj-001219,job-01219,work-on-site
wtj-001220,job-01220,work-on-site
wtj-001221,job-01221,work-on-site
wtj-001222,job-01222,work-on-site
wtj-001223,job-01223,work-on-site
wtj-001224,job-01224,work-on-site
wtj-001225,job-01225,work-on-site
wtj-001226,job-01226,work-on-site
wtj-001227,job-01227,work-on-site
wtj-001228,job-01228,work-on-site
wtj-001229,job-01229,work-on-site
wtj-001230,job-01230,work-on-site
wtj-001231,job-01231,work-on-site
wtj-001232,job-01232,work-on-site
wtj-001233,job-01233,work-on-site
wtj-001234,job-01234,work-on-site
wtj-001235,job-01235,work-on-site
wtj-001236,job-01236,work-field
wtj-001237,job-01237,work-on-site
wtj-001238,job-01238,work-on-site
wtj-001239,job-01239,work-on-site
wtj-001240,job-01240,work-on-site
wtj-001241,job-01241,work-on-site
wtj-001242,job-01242,work-on-site
wtj-001243,job-01243,work-on-site
wtj-001244,job-01244,work-on-site
wtj-001245,job-01245,work-on-site
wtj-001246,job-01246,work-on-site
wtj-001247,job-01247,work-on-site
wtj-001248,job-01248,work-on-site
wtj-001249,job-01249,work-on-site
wtj-001250,job-01250,work-on-site
wtj-001251,job-01251,work-on-site
wtj-001252,job-01252,work-on-site
wtj-001253,job-01253,work-on-site
wtj-001254,job-01254,work-on-site
wtj-001255,job-01255,work-on-site
wtj-001256,job-01256,work-on-site
wtj-001257,job-01257,work-on-site
wtj-001258,job-01258,work-on-site
wtj-001259,job-01259,work-on-site
wtj-001260,job-01260,work-on-site
wtj-001261,job-01261,work-on-site
wtj-001262,job-01262,work-on-site
wtj-001263,job-01263,work-on-site
wtj-001264,job-01264,work-on-site
wtj-001265,job-01265,work-on-site
wtj-001266,job-01266,work-on-site
wtj-001267,job-01267,work-on-site
wtj-001268,job-01268,work-on-site
wtj-001269,job-01269,work-on-site
wtj-001270,job-01270,work-on-site
wtj-001271,job-01271,work-on-site
wtj-001272,job-01272,work-on-site
wtj-001273,job-01273,work-on-site
wtj-001274,job-01274,work-on-site
wtj-001275,job-01275,work-on-site
wtj-001276,job-01276,work-on-site
wtj-001277,job-01277,work-on-site
wtj-001278,job-01278,work-on-site
wtj-001279,job-01279,work-on-site
wtj-001280,job-01280,work-on-site
wtj-001281,job-01281,work-on-site
wtj-001282,job-01282,work-on-site
wtj-001283,job-01283,work-on-site
wtj-001284,job-01284,work-on-site
wtj-001285,job-01285,work-on-site
wtj-001286,job-01286,work-on-site
wtj-001287,job-01287,work-on-site
wtj-001288,job-01288,work-on-site
wtj-001289,job-01289,work-on-site
wtj-001290,job-01290,work-on-site
wtj-001291,job-01291,work-on-site
wtj-001292,job-01292,work-on-site
wtj-001293,job-01293,work-on-site
wtj-001294,job-01294,work-on-site
wtj-001295,job-01295,work-on-site
wtj-001296,job-01296,work-on-site
wtj-001297,job-01297,work-on-site
wtj-001298,job-01298,work-on-site
wtj-001299,job-01299,work-on-site
wtj-001300,job-01300,work-on-site
wtj-001301,job-01301,work-on-site
wtj-001302,job-01302,work-on-site
wtj-001303,job-01303,work-on-site
wtj-001304,job-01304,work-on-site
wtj-001305,job-01305,work-on-site
wtj-001306,job-01306,work-on-site
wtj-001307,job-01307,work-on-site
wtj-001308,job-01308,work-on-site
wtj-001309,job-01309,work-on-site
wtj-001310,job-01310,work-on-site
wtj-001311,job-01311,work-on-site
wtj-001312,job-01312,work-on-site
wtj-001313,job-01313,work-on-site
wtj-001314,job-01314,work-on-site
wtj-001315,job-01315,work-on-site
wtj-001316,job-01316,work-on-site
wtj-001317,job-01317,work-on-site
wtj-001318,job-01318,work-on-site
wtj-001319,job-01319,work-on-site
wtj-001320,job-01320,work-on-site
wtj-001321,job-01321,work-on-site
wtj-001322,job-01322,work-on-site
wtj-001323,job-01323,work-on-site
wtj-001324,job-01324,work-on-site
wtj-001325,job-01325,work-on-site
wtj-001326,job-01326,work-on-site
wtj-001327,job-01327,work-on-site
wtj-001328,job-01328,work-on-site
wtj-001329,job-01329,work-on-site
wtj-001330,job-01330,work-on-site
wtj-001331,job-01331,work-on-site
wtj-001332,job-01332,work-on-site
wtj-001333,job-01333,work-field
wtj-001334,job-01334,work-on-site
wtj-001335,job-01335,work-on-site
wtj-001336,job-01336,work-on-site
wtj-001337,job-01337,work-on-site
wtj-001338,job-01338,work-on-site
wtj-001339,job-01339,work-on-site
wtj-001340,job-01340,work-on-site
wtj-001341,job-01341,work-on-site
wtj-001342,job-01342,work-on-site
wtj-001343,job-01343,work-on-site
wtj-001344,job-01344,work-on-site
wtj-001345,job-01345,work-on-site
wtj-001346,job-01346,work-on-site
wtj-001347,job-01347,work-on-site
wtj-001348,job-01348,work-on-site
wtj-001349,job-01349,work-on-site
wtj-001350,job-01350,work-on-site
wtj-001351,job-01351,work-on-site
wtj-001352,job-01352,work-remote
wtj-001353,job-01353,work-on-site
wtj-001354,job-01354,work-on-site
wtj-001355,job-01355,work-on-site
wtj-001356,job-01356,work-on-site
wtj-001357,job-01357,work-on-site
wtj-001358,job-01358,work-on-site
wtj-001359,job-01359,work-on-site
wtj-001360,job-01360,work-on-site
wtj-001361,job-01361,work-field
wtj-001362,job-01362,work-on-site
wtj-001363,job-01363,work-on-site
wtj-001364,job-01364,work-on-site
wtj-001365,job-01365,work-on-site
wtj-001366,job-01366,work-on-site
wtj-001367,job-01367,work-on-site
wtj-001368,job-01368,work-on-site
wtj-001369,job-01369,work-on-site
wtj-001370,job-01370,work-on-site
wtj-001371,job-01371,work-on-site
wtj-001372,job-01372,work-on-site
wtj-001373,job-01373,work-on-site
wtj-001374,job-01374,work-on-site
wtj-001375,job-01375,work-on-site
wtj-001376,job-01376,work-on-site
wtj-001377,job-01377,work-on-site
wtj-001378,job-01378,work-on-site
wtj-001379,job-01379,work-on-site
wtj-001380,job-01380,work-field
wtj-001381,job-01381,work-on-site
wtj-001382,job-01382,work-on-site
wtj-001383,job-01383,work-on-site
wtj-001384,job-01384,work-on-site
wtj-001385,job-01385,work-on-site
wtj-001386,job-01386,work-on-site
wtj-001387,job-01387,work-on-site
wtj-001388,job-01388,work-on-site
wtj-001389,job-01389,work-on-site
wtj-001390,job-01390,work-on-site
wtj-001391,job-01391,work-on-site
wtj-001392,job-01392,work-on-site
wtj-001393,job-01393,work-on-site
wtj-001394,job-01394,work-on-site
wtj-001395,job-01395,work-on-site
wtj-001396,job-01396,work-on-site
wtj-001397,job-01397,work-on-site
wtj-001398,job-01398,work-on-site
wtj-001399,job-01399,work-on-site
wtj-001400,job-01400,work-on-site
wtj-001401,job-01401,work-on-site
wtj-001402,job-01402,work-on-site
wtj-001403,job-01403,work-on-site
wtj-001404,job-01404,work-on-site
wtj-001405,job-01405,work-on-site
wtj-001406,job-01406,work-on-site
wtj-001407,job-01407,work-on-site
wtj-001408,job-01408,work-on-site
wtj-001409,job-01409,work-on-site
wtj-001410,job-01410,work-on-site
wtj-001411,job-01411,work-on-site
wtj-001412,job-01412,work-on-site
wtj-001413,job-01413,work-on-site
wtj-001414,job-01414,work-on-site
wtj-001415,job-01415,work-on-site
wtj-001416,job-01416,work-on-site
wtj-001417,job-01417,work-on-site
wtj-001418,job-01418,work-on-site
wtj-001419,job-01419,work-field
wtj-001420,job-01420,work-on-site
wtj-001421,job-01421,work-on-site
wtj-001422,job-01422,work-on-site
wtj-001423,job-01423,work-on-site
wtj-001424,job-01424,work-on-site
wtj-001425,job-01425,work-on-site
wtj-001426,job-01426,work-on-site
wtj-001427,job-01427,work-on-site
wtj-001428,job-01428,work-on-site
wtj-001429,job-01429,work-on-site
wtj-001430,job-01430,work-on-site
wtj-001431,job-01431,work-on-site
wtj-001432,job-01432,work-on-site
wtj-001433,job-01433,work-on-site
wtj-001434,job-01434,work-on-site
wtj-001435,job-01435,work-on-site
wtj-001436,job-01436,work-on-site
wtj-001437,job-01437,work-on-site
wtj-001438,job-01438,work-field
wtj-001439,job-01439,work-on-site
wtj-001440,job-01440,work-on-site
wtj-001441,job-01441,work-on-site
wtj-001442,job-01442,work-on-site
wtj-001443,job-01443,work-field
wtj-001444,job-01444,work-on-site
wtj-001445,job-01445,work-on-site
wtj-001446,job-01446,work-on-site
wtj-001447,job-01447,work-on-site
wtj-001448,job-01448,work-on-site
wtj-001449,job-01449,work-on-site
wtj-001450,job-01450,work-on-site
wtj-001451,job-01451,work-on-site
wtj-001452,job-01452,work-on-site
wtj-001453,job-01453,work-on-site
wtj-001454,job-01454,work-on-site
wtj-001455,job-01455,work-on-site
wtj-001456,job-01456,work-on-site
wtj-001457,job-01457,work-on-site
wtj-001458,job-01458,work-on-site
wtj-001459,job-01459,work-on-site
wtj-001460,job-01460,work-on-site
wtj-001461,job-01461,work-on-site
wtj-001462,job-01462,work-on-site
wtj-001463,job-01463,work-on-site
wtj-001464,job-01464,work-on-site
wtj-001465,job-01465,work-on-site
wtj-001466,job-01466,work-on-site
wtj-001467,job-01467,work-on-site
wtj-001468,job-01468,work-on-site
wtj-001469,job-01469,work-on-site
wtj-001470,job-01470,work-on-site
wtj-001471,job-01471,work-on-site
wtj-001472,job-01472,work-on-site
wtj-001473,job-01473,work-on-site
wtj-001474,job-01474,work-on-site
wtj-001475,job-01475,work-on-site
wtj-001476,job-01476,work-on-site
wtj-001477,job-01477,work-on-site
wtj-001478,job-01478,work-field
wtj-001479,job-01479,work-on-site
wtj-001480,job-01480,work-on-site
wtj-001481,job-01481,work-on-site
wtj-001482,job-01482,work-on-site
wtj-001483,job-01483,work-field
wtj-001484,job-01484,work-on-site
wtj-001485,job-01485,work-on-site
wtj-001486,job-01486,work-on-site
wtj-001487,job-01487,work-on-site
wtj-001488,job-01488,work-on-site
wtj-001489,job-01489,work-on-site
wtj-001490,job-01490,work-on-site
wtj-001491,job-01491,work-on-site
wtj-001492,job-01492,work-on-site
wtj-001493,job-01493,work-on-site
wtj-001494,job-01494,work-on-site
wtj-001495,job-01495,work-on-site
wtj-001496,job-01496,work-on-site
wtj-001497,job-01497,work-on-site
wtj-001498,job-01498,work-on-site
wtj-001499,job-01499,work-on-site
wtj-001500,job-01500,work-on-site
wtj-001501,job-01501,work-on-site
wtj-001502,job-01502,work-on-site
wtj-001503,job-01503,work-on-site
wtj-001504,job-01504,work-on-site
wtj-001505,job-01505,work-on-site
wtj-001506,job-01506,work-on-site
wtj-001507,job-01507,work-on-site
wtj-001508,job-01508,work-on-site
wtj-001509,job-01509,work-on-site
wtj-001510,job-01510,work-on-site
wtj-001511,job-01511,work-on-site
wtj-001512,job-01512,work-on-site
wtj-001513,job-01513,work-on-site
wtj-001514,job-01514,work-on-site
wtj-001515,job-01515,work-field
wtj-001516,job-01516,work-on-site
wtj-001517,job-01517,work-on-site
wtj-001518,job-01518,work-on-site
wtj-001519,job-01519,work-on-site
wtj-001520,job-01520,work-on-site
wtj-001521,job-01521,work-on-site
wtj-001522,job-01522,work-on-site
wtj-001523,job-01523,work-field
wtj-001524,job-01524,work-on-site
wtj-001525,job-01525,work-field
wtj-001526,job-01526,work-on-site
wtj-001527,job-01527,work-on-site
wtj-001528,job-01528,work-on-site
wtj-001529,job-01529,work-on-site
wtj-001530,job-01530,work-on-site
wtj-001531,job-01531,work-on-site
wtj-001532,job-01532,work-on-site
wtj-001533,job-01533,work-on-site
wtj-001534,job-01534,work-on-site
wtj-001535,job-01535,work-on-site
wtj-001536,job-01536,work-on-site
wtj-001537,job-01537,work-on-site
wtj-001538,job-01538,work-on-site
wtj-001539,job-01539,work-on-site
wtj-001540,job-01540,work-on-site
wtj-001541,job-01541,work-on-site
wtj-001542,job-01542,work-on-site
wtj-001543,job-01543,work-on-site
wtj-001544,job-01544,work-on-site
wtj-001545,job-01545,work-on-site
wtj-001546,job-01546,work-on-site
wtj-001547,job-01547,work-on-site
wtj-001548,job-01548,work-on-site
wtj-001549,job-01549,work-on-site
wtj-001550,job-01550,work-on-site
wtj-001551,job-01551,work-on-site
wtj-001552,job-01552,work-on-site
wtj-001553,job-01553,work-on-site
wtj-001554,job-01554,work-on-site
wtj-001555,job-01555,work-on-site
wtj-001556,job-01556,work-on-site
wtj-001557,job-01557,work-on-site
wtj-001558,job-01558,work-on-site
wtj-001559,job-01559,work-on-site
wtj-001560,job-01560,work-on-site
wtj-001561,job-01561,work-on-site
wtj-001562,job-01562,work-on-site
wtj-001563,job-01563,work-on-site
wtj-001564,job-01564,work-on-site
wtj-001565,job-01565,work-on-site
wtj-001566,job-01566,work-on-site
wtj-001567,job-01567,work-on-site
wtj-001568,job-01568,work-on-site
wtj-001569,job-01569,work-on-site
wtj-001570,job-01570,work-field
wtj-001571,job-01571,work-on-site
wtj-001572,job-01572,work-on-site
wtj-001573,job-01573,work-on-site
wtj-001574,job-01574,work-on-site
wtj-001575,job-01575,work-on-site
wtj-001576,job-01576,work-on-site
wtj-001577,job-01577,work-hybrid
wtj-001578,job-01578,work-on-site
wtj-001579,job-01579,work-on-site
wtj-001580,job-01580,work-on-site
wtj-001581,job-01581,work-on-site
wtj-001582,job-01582,work-on-site
wtj-001583,job-01583,work-on-site
wtj-001584,job-01584,work-on-site
wtj-001585,job-01585,work-on-site
wtj-001586,job-01586,work-on-site
wtj-001587,job-01587,work-on-site
wtj-001588,job-01588,work-on-site
wtj-001589,job-01589,work-on-site
wtj-001590,job-01590,work-on-site
wtj-001591,job-01591,work-on-site
wtj-001592,job-01592,work-field
wtj-001593,job-01593,work-on-site
wtj-001594,job-01594,work-on-site
wtj-001595,job-01595,work-on-site
wtj-001596,job-01596,work-on-site
wtj-001597,job-01597,work-field
wtj-001598,job-01598,work-on-site
wtj-001599,job-01599,work-on-site
wtj-001600,job-01600,work-on-site
wtj-001601,job-01601,work-on-site
wtj-001602,job-01602,work-on-site
wtj-001603,job-01603,work-on-site
wtj-001604,job-01604,work-on-site
wtj-001605,job-01605,work-on-site
wtj-001606,job-01606,work-on-site
wtj-001607,job-01607,work-on-site
wtj-001608,job-01608,work-on-site
wtj-001609,job-01609,work-on-site
wtj-001610,job-01610,work-on-site
wtj-001611,job-01611,work-on-site
wtj-001612,job-01612,work-on-site
wtj-001613,job-01613,work-on-site
wtj-001614,job-01614,work-on-site
wtj-001615,job-01615,work-on-site
wtj-001616,job-01616,work-on-site
wtj-001617,job-01617,work-on-site
wtj-001618,job-01618,work-on-site
wtj-001619,job-01619,work-on-site
wtj-001620,job-01620,work-on-site
wtj-001621,job-01621,work-on-site
wtj-001622,job-01622,work-on-site
wtj-001623,job-01623,work-field
wtj-001624,job-01624,work-on-site
wtj-001625,job-01625,work-on-site
wtj-001626,job-01626,work-on-site
wtj-001627,job-01627,work-on-site
wtj-001628,job-01628,work-on-site
wtj-001629,job-01629,work-on-site
wtj-001630,job-01630,work-on-site
wtj-001631,job-01631,work-on-site
wtj-001632,job-01632,work-on-site
wtj-001633,job-01633,work-on-site
wtj-001634,job-01634,work-on-site
wtj-001635,job-01635,work-field
wtj-001636,job-01636,work-on-site
wtj-001637,job-01637,work-on-site
wtj-001638,job-01638,work-on-site
wtj-001639,job-01639,work-on-site
wtj-001640,job-01640,work-on-site
wtj-001641,job-01641,work-on-site
wtj-001642,job-01642,work-on-site
wtj-001643,job-01643,work-on-site
wtj-001644,job-01644,work-on-site
wtj-001645,job-01645,work-on-site
wtj-001646,job-01646,work-on-site
wtj-001647,job-01647,work-on-site
wtj-001648,job-01648,work-on-site
wtj-001649,job-01649,work-on-site
wtj-001650,job-01650,work-on-site
wtj-001651,job-01651,work-on-site
wtj-001652,job-01652,work-on-site
wtj-001653,job-01653,work-field
wtj-001654,job-01654,work-on-site
wtj-001655,job-01655,work-on-site
wtj-001656,job-01656,work-on-site
wtj-001657,job-01657,work-on-site
wtj-001658,job-01658,work-on-site
wtj-001659,job-01659,work-field
wtj-001660,job-01660,work-on-site
wtj-001661,job-01661,work-on-site
wtj-001662,job-01662,work-on-site
wtj-001663,job-01663,work-on-site
wtj-001664,job-01664,work-on-site
wtj-001665,job-01665,work-on-site
wtj-001666,job-01666,work-on-site
wtj-001667,job-01667,work-on-site
wtj-001668,job-01668,work-on-site
wtj-001669,job-01669,work-on-site
wtj-001670,job-01670,work-on-site
wtj-001671,job-01671,work-on-site
wtj-001672,job-01672,work-on-site
wtj-001673,job-01673,work-on-site
wtj-001674,job-01674,work-field
wtj-001675,job-01675,work-on-site
wtj-001676,job-01676,work-on-site
wtj-001677,job-01677,work-field
wtj-001678,job-01678,work-on-site
wtj-001679,job-01679,work-on-site
wtj-001680,job-01680,work-field
wtj-001681,job-01681,work-on-site
wtj-001682,job-01682,work-on-site
wtj-001683,job-01683,work-on-site
wtj-001684,job-01684,work-on-site
wtj-001685,job-01685,work-on-site
wtj-001686,job-01686,work-on-site
wtj-001687,job-01687,work-on-site
wtj-001688,job-01688,work-on-site
wtj-001689,job-01689,work-on-site
wtj-001690,job-01690,work-on-site
wtj-001691,job-01691,work-on-site
wtj-001692,job-01692,work-on-site
wtj-001693,job-01693,work-on-site
wtj-001694,job-01694,work-on-site
wtj-001695,job-01695,work-field
wtj-001696,job-01696,work-on-site
wtj-001697,job-01697,work-on-site
wtj-001698,job-01698,work-on-site
wtj-001699,job-01699,work-on-site
wtj-001700,job-01700,work-on-site
wtj-001701,job-01701,work-on-site
wtj-001702,job-01702,work-on-site
wtj-001703,job-01703,work-on-site
wtj-001704,job-01704,work-on-site
wtj-001705,job-01705,work-on-site
wtj-001706,job-01706,work-on-site
wtj-001707,job-01707,work-on-site
wtj-001708,job-01708,work-on-site
wtj-001709,job-01709,work-on-site
wtj-001710,job-01710,work-on-site
wtj-001711,job-01711,work-on-site
wtj-001712,job-01712,work-on-site
wtj-001713,job-01713,work-on-site
wtj-001714,job-01714,work-on-site
wtj-001715,job-01715,work-on-site
wtj-001716,job-01716,work-on-site
wtj-001717,job-01717,work-on-site
wtj-001718,job-01718,work-on-site
wtj-001719,job-01719,work-on-site
wtj-001720,job-01720,work-on-site
wtj-001721,job-01721,work-on-site
wtj-001722,job-01722,work-on-site
wtj-001723,job-01723,work-on-site
wtj-001724,job-01724,work-on-site
wtj-001725,job-01725,work-on-site
wtj-001726,job-01726,work-on-site
wtj-001727,job-01727,work-on-site
wtj-001728,job-01728,work-on-site
wtj-001729,job-01729,work-on-site
wtj-001730,job-01730,work-on-site
wtj-001731,job-01731,work-on-site
wtj-001732,job-01732,work-on-site
wtj-001733,job-01733,work-on-site
wtj-001734,job-01734,work-on-site
wtj-001735,job-01735,work-on-site
wtj-001736,job-01736,work-on-site
wtj-001737,job-01737,work-on-site
wtj-001738,job-01738,work-on-site
wtj-001739,job-01739,work-on-site
wtj-001740,job-01740,work-on-site
wtj-001741,job-01741,work-on-site
wtj-001742,job-01742,work-on-site
wtj-001743,job-01743,work-on-site
wtj-001744,job-01744,work-on-site
wtj-001745,job-01745,work-on-site
wtj-001746,job-01746,work-on-site
wtj-001747,job-01747,work-on-site
wtj-001748,job-01748,work-on-site
wtj-001749,job-01749,work-on-site
wtj-001750,job-01750,work-on-site
wtj-001751,job-01751,work-on-site
wtj-001752,job-01752,work-on-site
wtj-001753,job-01753,work-on-site
wtj-001754,job-01754,work-on-site
wtj-001755,job-01755,work-on-site
wtj-001756,job-01756,work-on-site
wtj-001757,job-01757,work-on-site
wtj-001758,job-01758,work-on-site
wtj-001759,job-01759,work-on-site
wtj-001760,job-01760,work-on-site
wtj-001761,job-01761,work-on-site
wtj-001762,job-01762,work-on-site
wtj-001763,job-01763,work-on-site
wtj-001764,job-01764,work-on-site
wtj-001765,job-01765,work-on-site
wtj-001766,job-01766,work-on-site
wtj-001767,job-01767,work-on-site
wtj-001768,job-01768,work-on-site
wtj-001769,job-01769,work-on-site
wtj-001770,job-01770,work-on-site
wtj-001771,job-01771,work-on-site
wtj-001772,job-01772,work-on-site
wtj-001773,job-01773,work-on-site
wtj-001774,job-01774,work-hybrid
wtj-001775,job-01775,work-on-site
wtj-001776,job-01776,work-on-site
wtj-001777,job-01777,work-on-site
wtj-001778,job-01778,work-on-site
wtj-001779,job-01779,work-on-site
wtj-001780,job-01780,work-on-site
wtj-001781,job-01781,work-on-site
wtj-001782,job-01782,work-on-site
wtj-001783,job-01783,work-on-site
wtj-001784,job-01784,work-on-site
wtj-001785,job-01785,work-on-site
wtj-001786,job-01786,work-on-site
wtj-001787,job-01787,work-on-site
wtj-001788,job-01788,work-on-site
wtj-001789,job-01789,work-on-site
wtj-001790,job-01790,work-on-site
wtj-001791,job-01791,work-on-site
wtj-001792,job-01792,work-on-site
wtj-001793,job-01793,work-on-site
wtj-001794,job-01794,work-on-site
wtj-001795,job-01795,work-on-site
wtj-001796,job-01796,work-on-site
wtj-001797,job-01797,work-on-site
wtj-001798,job-01798,work-on-site
wtj-001799,job-01799,work-on-site
wtj-001800,job-01800,work-on-site
wtj-001801,job-01801,work-on-site
wtj-001802,job-01802,work-on-site
wtj-001803,job-01803,work-on-site
wtj-001804,job-01804,work-on-site
wtj-001805,job-01805,work-on-site
wtj-001806,job-01806,work-on-site
wtj-001807,job-01807,work-on-site
wtj-001808,job-01808,work-on-site
wtj-001809,job-01809,work-on-site
wtj-001810,job-01810,work-on-site
wtj-001811,job-01811,work-on-site
wtj-001812,job-01812,work-on-site
wtj-001813,job-01813,work-on-site
wtj-001814,job-01814,work-on-site
wtj-001815,job-01815,work-on-site
wtj-001816,job-01816,work-on-site
wtj-001817,job-01817,work-on-site
wtj-001818,job-01818,work-field
wtj-001819,job-01819,work-on-site
wtj-001820,job-01820,work-on-site
wtj-001821,job-01821,work-on-site
wtj-001822,job-01822,work-on-site
wtj-001823,job-01823,work-on-site
wtj-001824,job-01824,work-on-site
wtj-001825,job-01825,work-on-site
wtj-001826,job-01826,work-on-site
wtj-001827,job-01827,work-on-site
wtj-001828,job-01828,work-on-site
wtj-001829,job-01829,work-on-site
wtj-001830,job-01830,work-on-site
wtj-001831,job-01831,work-on-site
wtj-001832,job-01832,work-on-site
wtj-001833,job-01833,work-on-site
wtj-001834,job-01834,work-on-site
wtj-001835,job-01835,work-on-site
wtj-001836,job-01836,work-on-site
wtj-001837,job-01837,work-on-site
wtj-001838,job-01838,work-on-site
wtj-001839,job-01839,work-on-site
wtj-001840,job-01840,work-on-site
wtj-001841,job-01841,work-on-site
wtj-001842,job-01842,work-on-site
wtj-001843,job-01843,work-on-site
wtj-001844,job-01844,work-on-site
wtj-001845,job-01845,work-on-site
wtj-001846,job-01846,work-on-site
wtj-001847,job-01847,work-on-site
wtj-001848,job-01848,work-on-site
wtj-001849,job-01849,work-on-site
wtj-001850,job-01850,work-on-site
wtj-001851,job-01851,work-on-site
wtj-001852,job-01852,work-on-site
wtj-001853,job-01853,work-on-site
wtj-001854,job-01854,work-on-site
wtj-001855,job-01855,work-on-site
wtj-001856,job-01856,work-on-site
wtj-001857,job-01857,work-on-site
wtj-001858,job-01858,work-on-site
wtj-001859,job-01859,work-on-site
wtj-001860,job-01860,work-on-site
wtj-001861,job-01861,work-on-site
wtj-001862,job-01862,work-field
wtj-001863,job-01863,work-on-site
wtj-001864,job-01864,work-on-site
wtj-001865,job-01865,work-on-site
wtj-001866,job-01866,work-on-site
wtj-001867,job-01867,work-on-site
wtj-001868,job-01868,work-on-site
wtj-001869,job-01869,work-on-site
wtj-001870,job-01870,work-on-site
wtj-001871,job-01871,work-on-site
wtj-001872,job-01872,work-on-site
wtj-001873,job-01873,work-on-site
wtj-001874,job-01874,work-on-site
wtj-001875,job-01875,work-on-site
wtj-001876,job-01876,work-on-site
wtj-001877,job-01877,work-on-site
wtj-001878,job-01878,work-on-site
wtj-001879,job-01879,work-on-site
wtj-001880,job-01880,work-on-site
wtj-001881,job-01881,work-on-site
wtj-001882,job-01882,work-on-site
wtj-001883,job-01883,work-on-site
wtj-001884,job-01884,work-on-site
wtj-001885,job-01885,work-on-site
wtj-001886,job-01886,work-on-site
wtj-001887,job-01887,work-on-site
wtj-001888,job-01888,work-on-site
wtj-001889,job-01889,work-field
wtj-001890,job-01890,work-on-site
wtj-001891,job-01891,work-on-site
wtj-001892,job-01892,work-on-site
wtj-001893,job-01893,work-on-site
wtj-001894,job-01894,work-on-site
wtj-001895,job-01895,work-on-site
wtj-001896,job-01896,work-on-site
wtj-001897,job-01897,work-on-site
wtj-001898,job-01898,work-remote
wtj-001899,job-01899,work-on-site
wtj-001900,job-01900,work-on-site
wtj-001901,job-01901,work-field
wtj-001902,job-01902,work-on-site
wtj-001903,job-01903,work-on-site
wtj-001904,job-01904,work-on-site
wtj-001905,job-01905,work-on-site
wtj-001906,job-01906,work-on-site
wtj-001907,job-01907,work-on-site
wtj-001908,job-01908,work-on-site
wtj-001909,job-01909,work-on-site
wtj-001910,job-01910,work-field
wtj-001911,job-01911,work-on-site
wtj-001912,job-01912,work-on-site
wtj-001913,job-01913,work-on-site
wtj-001914,job-01914,work-on-site
wtj-001915,job-01915,work-on-site
wtj-001916,job-01916,work-on-site
wtj-001917,job-01917,work-on-site
wtj-001918,job-01918,work-on-site
wtj-001919,job-01919,work-on-site
wtj-001920,job-01920,work-on-site
wtj-001921,job-01921,work-on-site
wtj-001922,job-01922,work-on-site
wtj-001923,job-01923,work-on-site
wtj-001924,job-01924,work-on-site
wtj-001925,job-01925,work-on-site
wtj-001926,job-01926,work-on-site
wtj-001927,job-01927,work-on-site
wtj-001928,job-01928,work-on-site
wtj-001929,job-01929,work-on-site
wtj-001930,job-01930,work-on-site
wtj-001931,job-01931,work-on-site
wtj-001932,job-01932,work-on-site
wtj-001933,job-01933,work-on-site
wtj-001934,job-01934,work-on-site
wtj-001935,job-01935,work-on-site
wtj-001936,job-01936,work-on-site
wtj-001937,job-01937,work-field
wtj-001938,job-01938,work-on-site
wtj-001939,job-01939,work-on-site
wtj-001940,job-01940,work-on-site
wtj-001941,job-01941,work-on-site
wtj-001942,job-01942,work-on-site
wtj-001943,job-01943,work-on-site
wtj-001944,job-01944,work-remote
wtj-001945,job-01945,work-on-site
wtj-001946,job-01946,work-on-site
wtj-001947,job-01947,work-on-site
wtj-001948,job-01948,work-on-site
wtj-001949,job-01949,work-on-site
wtj-001950,job-01950,work-on-site
wtj-001951,job-01951,work-on-site
wtj-001952,job-01952,work-on-site
wtj-001953,job-01953,work-on-site
wtj-001954,job-01954,work-on-site
wtj-001955,job-01955,work-on-site
wtj-001956,job-01956,work-on-site
wtj-001957,job-01957,work-on-site
wtj-001958,job-01958,work-on-site
wtj-001959,job-01959,work-field
wtj-001960,job-01960,work-on-site
wtj-001961,job-01961,work-on-site
wtj-001962,job-01962,work-on-site
wtj-001963,job-01963,work-on-site
wtj-001964,job-01964,work-on-site
wtj-001965,job-01965,work-on-site
wtj-001966,job-01966,work-on-site
wtj-001967,job-01967,work-on-site
wtj-001968,job-01968,work-remote
wtj-001969,job-01969,work-on-site
wtj-001970,job-01970,work-on-site
wtj-001971,job-01971,work-on-site
wtj-001972,job-01972,work-remote
wtj-001973,job-01973,work-on-site
wtj-001974,job-01974,work-on-site
wtj-001975,job-01975,work-field
wtj-001976,job-01976,work-on-site
wtj-001977,job-01977,work-on-site
wtj-001978,job-01978,work-on-site
wtj-001979,job-01979,work-on-site
wtj-001980,job-01980,work-on-site
wtj-001981,job-01981,work-on-site
wtj-001982,job-01982,work-on-site
wtj-001983,job-01983,work-on-site
wtj-001984,job-01984,work-on-site
wtj-001985,job-01985,work-on-site
wtj-001986,job-01986,work-field
wtj-001987,job-01987,work-on-site
wtj-001988,job-01988,work-on-site
wtj-001989,job-01989,work-on-site
wtj-001990,job-01990,work-on-site
wtj-001991,job-01991,work-field
wtj-001992,job-01992,work-on-site
wtj-001993,job-01993,work-remote
wtj-001994,job-01994,work-on-site
wtj-001995,job-01995,work-on-site
wtj-001996,job-01996,work-on-site
wtj-001997,job-01997,work-on-site
wtj-001998,job-01998,work-on-site
wtj-001999,job-01999,work-field
wtj-002000,job-02000,work-field
wtj-002001,job-02001,work-on-site
wtj-002002,job-02002,work-on-site
wtj-002003,job-02003,work-on-site
wtj-002004,job-02004,work-on-site
wtj-002005,job-02005,work-on-site
wtj-002006,job-02006,work-on-site
wtj-002007,job-02007,work-on-site
wtj-002008,job-02008,work-on-site
wtj-002009,job-02009,work-on-site
wtj-002010,job-02010,work-on-site
wtj-002011,job-02011,work-on-site
wtj-002012,job-02012,work-on-site
wtj-002013,job-02013,work-on-site
wtj-002014,job-02014,work-on-site
wtj-002015,job-02015,work-on-site
wtj-002016,job-02016,work-hybrid
wtj-002017,job-02017,work-on-site
wtj-002018,job-02018,work-on-site
wtj-002019,job-02019,work-on-site
wtj-002020,job-02020,work-on-site
wtj-002021,job-02021,work-on-site
wtj-002022,job-02022,work-on-site
wtj-002023,job-02023,work-on-site
wtj-002024,job-02024,work-on-site
wtj-002025,job-02025,work-on-site
wtj-002026,job-02026,work-on-site
wtj-002027,job-02027,work-on-site
wtj-002028,job-02028,work-on-site
wtj-002029,job-02029,work-on-site
wtj-002030,job-02030,work-on-site
wtj-002031,job-02031,work-on-site
wtj-002032,job-02032,work-on-site
wtj-002033,job-02033,work-on-site
wtj-002034,job-02034,work-on-site
wtj-002035,job-02035,work-on-site
wtj-002036,job-02036,work-on-site
wtj-002037,job-02037,work-on-site
wtj-002038,job-02038,work-on-site
wtj-002039,job-02039,work-on-site
wtj-002040,job-02040,work-on-site
wtj-002041,job-02041,work-on-site
wtj-002042,job-02042,work-on-site
wtj-002043,job-02043,work-on-site
wtj-002044,job-02044,work-on-site
wtj-002045,job-02045,work-on-site
wtj-002046,job-02046,work-on-site
wtj-002047,job-02047,work-on-site
wtj-002048,job-02048,work-on-site
wtj-002049,job-02049,work-field
wtj-002050,job-02050,work-on-site
wtj-002051,job-02051,work-on-site
wtj-002052,job-02052,work-on-site
wtj-002053,job-02053,work-on-site
wtj-002054,job-02054,work-on-site
wtj-002055,job-02055,work-field
wtj-002056,job-02056,work-field
wtj-002057,job-02057,work-on-site
wtj-002058,job-02058,work-on-site
wtj-002059,job-02059,work-on-site
wtj-002060,job-02060,work-on-site
wtj-002061,job-02061,work-on-site
wtj-002062,job-02062,work-on-site
wtj-002063,job-02063,work-on-site
wtj-002064,job-02064,work-on-site
wtj-002065,job-02065,work-on-site
wtj-002066,job-02066,work-on-site
wtj-002067,job-02067,work-on-site
wtj-002068,job-02068,work-on-site
wtj-002069,job-02069,work-on-site
wtj-002070,job-02070,work-on-site
wtj-002071,job-02071,work-on-site
wtj-002072,job-02072,work-on-site
wtj-002073,job-02073,work-on-site
wtj-002074,job-02074,work-on-site
wtj-002075,job-02075,work-on-site
wtj-002076,job-02076,work-on-site
wtj-002077,job-02077,work-on-site
wtj-002078,job-02078,work-on-site
wtj-002079,job-02079,work-on-site
wtj-002080,job-02080,work-on-site
wtj-002081,job-02081,work-on-site
wtj-002082,job-02082,work-on-site
wtj-002083,job-02083,work-on-site
wtj-002084,job-02084,work-on-site
wtj-002085,job-02085,work-on-site
wtj-002086,job-02086,work-on-site
wtj-002087,job-02087,work-on-site
wtj-002088,job-02088,work-field
wtj-002089,job-02089,work-on-site
wtj-002090,job-02090,work-field
wtj-002091,job-02091,work-on-site
wtj-002092,job-02092,work-on-site
wtj-002093,job-02093,work-on-site
wtj-002094,job-02094,work-field
wtj-002095,job-02095,work-field
wtj-002096,job-02096,work-on-site
wtj-002097,job-02097,work-field
wtj-002098,job-02098,work-field
wtj-002099,job-02099,work-on-site
wtj-002100,job-02100,work-field
wtj-002101,job-02101,work-on-site
wtj-002102,job-02102,work-on-site
wtj-002103,job-02103,work-on-site
wtj-002104,job-02104,work-on-site
wtj-002105,job-02105,work-on-site
wtj-002106,job-02106,work-on-site
wtj-002107,job-02107,work-on-site
wtj-002108,job-02108,work-on-site
wtj-002109,job-02109,work-on-site
wtj-002110,job-02110,work-on-site
wtj-002111,job-02111,work-on-site
wtj-002112,job-02112,work-on-site
wtj-002113,job-02113,work-on-site
wtj-002114,job-02114,work-on-site
wtj-002115,job-02115,work-on-site
wtj-002116,job-02116,work-on-site
wtj-002117,job-02117,work-on-site
wtj-002118,job-02118,work-on-site
wtj-002119,job-02119,work-on-site
wtj-002120,job-02120,work-on-site
wtj-002121,job-02121,work-on-site
wtj-002122,job-02122,work-on-site
wtj-002123,job-02123,work-on-site
wtj-002124,job-02124,work-on-site
wtj-002125,job-02125,work-field
wtj-002126,job-02126,work-on-site
wtj-002127,job-02127,work-on-site
wtj-002128,job-02128,work-on-site
wtj-002129,job-02129,work-on-site
wtj-002130,job-02130,work-on-site
wtj-002131,job-02131,work-on-site
wtj-002132,job-02132,work-on-site
wtj-002133,job-02133,work-on-site
wtj-002134,job-02134,work-on-site
wtj-002135,job-02135,work-on-site
wtj-002136,job-02136,work-on-site
wtj-002137,job-02137,work-on-site
wtj-002138,job-02138,work-on-site
wtj-002139,job-02139,work-on-site
wtj-002140,job-02140,work-on-site
wtj-002141,job-02141,work-on-site
wtj-002142,job-02142,work-on-site
wtj-002143,job-02143,work-on-site
wtj-002144,job-02144,work-on-site
wtj-002145,job-02145,work-on-site
wtj-002146,job-02146,work-on-site
wtj-002147,job-02147,work-field
wtj-002148,job-02148,work-on-site
wtj-002149,job-02149,work-on-site
wtj-002150,job-02150,work-on-site
wtj-002151,job-02151,work-on-site
wtj-002152,job-02152,work-on-site
wtj-002153,job-02153,work-on-site
wtj-002154,job-02154,work-on-site
wtj-002155,job-02155,work-on-site
wtj-002156,job-02156,work-on-site
wtj-002157,job-02157,work-on-site
wtj-002158,job-02158,work-on-site
wtj-002159,job-02159,work-on-site
wtj-002160,job-02160,work-on-site
wtj-002161,job-02161,work-on-site
wtj-002162,job-02162,work-on-site
wtj-002163,job-02163,work-on-site
wtj-002164,job-02164,work-on-site
wtj-002165,job-02165,work-on-site
wtj-002166,job-02166,work-on-site
wtj-002167,job-02167,work-on-site
wtj-002168,job-02168,work-on-site
wtj-002169,job-02169,work-on-site
wtj-002170,job-02170,work-on-site
wtj-002171,job-02171,work-on-site
wtj-002172,job-02172,work-on-site
wtj-002173,job-02173,work-on-site
wtj-002174,job-02174,work-on-site
wtj-002175,job-02175,work-on-site
wtj-002176,job-02176,work-on-site
wtj-002177,job-02177,work-on-site
wtj-002178,job-02178,work-on-site
wtj-002179,job-02179,work-on-site
wtj-002180,job-02180,work-on-site
wtj-002181,job-02181,work-on-site
wtj-002182,job-02182,work-on-site
wtj-002183,job-02183,work-on-site
wtj-002184,job-02184,work-on-site
wtj-002185,job-02185,work-field
wtj-002186,job-02186,work-on-site
wtj-002187,job-02187,work-on-site
wtj-002188,job-02188,work-on-site
wtj-002189,job-02189,work-on-site
wtj-002190,job-02190,work-on-site
wtj-002191,job-02191,work-on-site
wtj-002192,job-02192,work-on-site
wtj-002193,job-02193,work-on-site
wtj-002194,job-02194,work-on-site
wtj-002195,job-02195,work-on-site
wtj-002196,job-02196,work-on-site
wtj-002197,job-02197,work-on-site
wtj-002198,job-02198,work-on-site
wtj-002199,job-02199,work-on-site
wtj-002200,job-02200,work-on-site
wtj-002201,job-02201,work-on-site
wtj-002202,job-02202,work-remote
wtj-002203,job-02203,work-on-site
wtj-002204,job-02204,work-on-site
wtj-002205,job-02205,work-on-site
wtj-002206,job-02206,work-on-site
wtj-002207,job-02207,work-on-site
wtj-002208,job-02208,work-on-site
wtj-002209,job-02209,work-on-site
wtj-002210,job-02210,work-on-site
wtj-002211,job-02211,work-on-site
wtj-002212,job-02212,work-on-site
wtj-002213,job-02213,work-on-site
wtj-002214,job-02214,work-on-site
wtj-002215,job-02215,work-on-site
wtj-002216,job-02216,work-on-site
wtj-002217,job-02217,work-on-site
wtj-002218,job-02218,work-on-site
wtj-002219,job-02219,work-on-site
wtj-002220,job-02220,work-on-site
wtj-002221,job-02221,work-on-site
wtj-002222,job-02222,work-on-site
wtj-002223,job-02223,work-field
wtj-002224,job-02224,work-on-site
wtj-002225,job-02225,work-on-site
wtj-002226,job-02226,work-on-site
wtj-002227,job-02227,work-on-site
wtj-002228,job-02228,work-on-site
wtj-002229,job-02229,work-on-site
wtj-002230,job-02230,work-on-site
wtj-002231,job-02231,work-on-site
wtj-002232,job-02232,work-field
wtj-002233,job-02233,work-on-site
wtj-002234,job-02234,work-on-site
wtj-002235,job-02235,work-on-site
wtj-002236,job-02236,work-on-site
wtj-002237,job-02237,work-on-site
wtj-002238,job-02238,work-on-site
wtj-002239,job-02239,work-on-site
wtj-002240,job-02240,work-on-site
wtj-002241,job-02241,work-on-site
wtj-002242,job-02242,work-on-site
wtj-002243,job-02243,work-on-site
wtj-002244,job-02244,work-on-site
wtj-002245,job-02245,work-on-site
wtj-002246,job-02246,work-on-site
wtj-002247,job-02247,work-on-site
wtj-002248,job-02248,work-on-site
wtj-002249,job-02249,work-on-site
wtj-002250,job-02250,work-field
wtj-002251,job-02251,work-on-site
wtj-002252,job-02252,work-on-site
wtj-002253,job-02253,work-on-site
wtj-002254,job-02254,work-on-site
wtj-002255,job-02255,work-on-site
wtj-002256,job-02256,work-on-site
wtj-002257,job-02257,work-on-site
wtj-002258,job-02258,work-on-site
wtj-002259,job-02259,work-field
wtj-002260,job-02260,work-on-site
wtj-002261,job-02261,work-on-site
wtj-002262,job-02262,work-on-site
wtj-002263,job-02263,work-on-site
wtj-002264,job-02264,work-on-site
wtj-002265,job-02265,work-on-site
wtj-002266,job-02266,work-on-site
wtj-002267,job-02267,work-on-site
wtj-002268,job-02268,work-on-site
wtj-002269,job-02269,work-on-site
wtj-002270,job-02270,work-on-site
wtj-002271,job-02271,work-on-site
wtj-002272,job-02272,work-on-site
wtj-002273,job-02273,work-on-site
wtj-002274,job-02274,work-on-site
wtj-002275,job-02275,work-on-site
wtj-002276,job-02276,work-on-site
wtj-002277,job-02277,work-on-site
wtj-002278,job-02278,work-on-site
wtj-002279,job-02279,work-on-site
wtj-002280,job-02280,work-on-site
wtj-002281,job-02281,work-on-site
wtj-002282,job-02282,work-on-site
wtj-002283,job-02283,work-on-site
wtj-002284,job-02284,work-on-site
wtj-002285,job-02285,work-on-site
wtj-002286,job-02286,work-on-site
wtj-002287,job-02287,work-on-site
wtj-002288,job-02288,work-on-site
wtj-002289,job-02289,work-on-site
wtj-002290,job-02290,work-on-site
wtj-002291,job-02291,work-on-site
wtj-002292,job-02292,work-on-site
wtj-002293,job-02293,work-on-site
wtj-002294,job-02294,work-on-site
wtj-002295,job-02295,work-on-site
wtj-002296,job-02296,work-on-site
wtj-002297,job-02297,work-on-site
wtj-002298,job-02298,work-on-site
wtj-002299,job-02299,work-on-site
wtj-002300,job-02300,work-on-site
wtj-002301,job-02301,work-on-site
wtj-002302,job-02302,work-on-site
wtj-002303,job-02303,work-on-site
wtj-002304,job-02304,work-on-site
wtj-002305,job-02305,work-on-site
wtj-002306,job-02306,work-on-site
wtj-002307,job-02307,work-on-site
wtj-002308,job-02308,work-on-site
wtj-002309,job-02309,work-on-site
wtj-002310,job-02310,work-on-site
wtj-002311,job-02311,work-on-site
wtj-002312,job-02312,work-on-site
wtj-002313,job-02313,work-on-site
wtj-002314,job-02314,work-on-site
wtj-002315,job-02315,work-on-site
wtj-002316,job-02316,work-on-site
wtj-002317,job-02317,work-on-site
wtj-002318,job-02318,work-on-site
wtj-002319,job-02319,work-on-site
wtj-002320,job-02320,work-on-site
wtj-002321,job-02321,work-on-site
wtj-002322,job-02322,work-on-site
wtj-002323,job-02323,work-on-site
wtj-002324,job-02324,work-on-site
wtj-002325,job-02325,work-on-site
wtj-002326,job-02326,work-on-site
wtj-002327,job-02327,work-on-site
wtj-002328,job-02328,work-on-site
wtj-002329,job-02329,work-on-site
wtj-002330,job-02330,work-on-site
wtj-002331,job-02331,work-on-site
wtj-002332,job-02332,work-on-site
wtj-002333,job-02333,work-on-site
wtj-002334,job-02334,work-on-site
wtj-002335,job-02335,work-on-site
wtj-002336,job-02336,work-on-site
wtj-002337,job-02337,work-on-site
wtj-002338,job-02338,work-on-site
wtj-002339,job-02339,work-on-site
wtj-002340,job-02340,work-on-site
wtj-002341,job-02341,work-on-site
wtj-002342,job-02342,work-on-site
wtj-002343,job-02343,work-on-site
wtj-002344,job-02344,work-on-site
wtj-002345,job-02345,work-on-site
wtj-002346,job-02346,work-on-site
wtj-002347,job-02347,work-on-site
wtj-002348,job-02348,work-on-site
wtj-002349,job-02349,work-on-site
wtj-002350,job-02350,work-on-site
wtj-002351,job-02351,work-on-site
wtj-002352,job-02352,work-on-site
wtj-002353,job-02353,work-on-site
wtj-002354,job-02354,work-on-site
wtj-002355,job-02355,work-on-site
wtj-002356,job-02356,work-on-site
wtj-002357,job-02357,work-on-site
wtj-002358,job-02358,work-on-site
wtj-002359,job-02359,work-on-site
wtj-002360,job-02360,work-on-site
wtj-002361,job-02361,work-on-site
wtj-002362,job-02362,work-on-site
wtj-002363,job-02363,work-on-site
wtj-002364,job-02364,work-on-site
wtj-002365,job-02365,work-on-site
wtj-002366,job-02366,work-on-site
wtj-002367,job-02367,work-on-site
wtj-002368,job-02368,work-on-site
wtj-002369,job-02369,work-on-site
wtj-002370,job-02370,work-on-site
wtj-002371,job-02371,work-on-site
wtj-002372,job-02372,work-on-site
wtj-002373,job-02373,work-on-site
wtj-002374,job-02374,work-on-site
wtj-002375,job-02375,work-on-site
wtj-002376,job-02376,work-on-site
wtj-002377,job-02377,work-on-site
wtj-002378,job-02378,work-on-site
wtj-002379,job-02379,work-on-site
wtj-002380,job-02380,work-on-site
wtj-002381,job-02381,work-on-site
wtj-002382,job-02382,work-on-site
wtj-002383,job-02383,work-on-site
wtj-002384,job-02384,work-on-site
wtj-002385,job-02385,work-on-site
wtj-002386,job-02386,work-on-site
wtj-002387,job-02387,work-on-site
wtj-002388,job-02388,work-on-site
wtj-002389,job-02389,work-on-site
wtj-002390,job-02390,work-on-site
wtj-002391,job-02391,work-on-site
wtj-002392,job-02392,work-on-site
wtj-002393,job-02393,work-on-site
wtj-002394,job-02394,work-on-site
wtj-002395,job-02395,work-on-site
wtj-002396,job-02396,work-on-site
wtj-002397,job-02397,work-on-site
wtj-002398,job-02398,work-on-site
wtj-002399,job-02399,work-on-site
wtj-002400,job-02400,work-on-site
wtj-002401,job-02401,work-on-site
wtj-002402,job-02402,work-on-site
wtj-002403,job-02403,work-on-site
wtj-002404,job-02404,work-on-site
wtj-002405,job-02405,work-on-site
wtj-002406,job-02406,work-on-site
wtj-002407,job-02407,work-on-site
wtj-002408,job-02408,work-on-site
wtj-002409,job-02409,work-on-site
wtj-002410,job-02410,work-on-site
wtj-002411,job-02411,work-on-site
wtj-002412,job-02412,work-on-site
wtj-002413,job-02413,work-on-site
wtj-002414,job-02414,work-on-site
wtj-002415,job-02415,work-on-site
wtj-002416,job-02416,work-on-site
wtj-002417,job-02417,work-on-site
wtj-002418,job-02418,work-on-site
wtj-002419,job-02419,work-on-site
wtj-002420,job-02420,work-on-site
wtj-002421,job-02421,work-on-site
wtj-002422,job-02422,work-field
wtj-002423,job-02423,work-on-site
wtj-002424,job-02424,work-on-site
wtj-002425,job-02425,work-on-site
wtj-002426,job-02426,work-on-site
wtj-002427,job-02427,work-on-site
wtj-002428,job-02428,work-on-site
wtj-002429,job-02429,work-on-site
wtj-002430,job-02430,work-field
wtj-002431,job-02431,work-on-site
wtj-002432,job-02432,work-on-site
wtj-002433,job-02433,work-on-site
wtj-002434,job-02434,work-on-site
wtj-002435,job-02435,work-on-site
wtj-002436,job-02436,work-on-site
wtj-002437,job-02437,work-on-site
wtj-002438,job-02438,work-on-site
wtj-002439,job-02439,work-on-site
wtj-002440,job-02440,work-on-site
wtj-002441,job-02441,work-on-site
wtj-002442,job-02442,work-on-site
wtj-002443,job-02443,work-on-site
wtj-002444,job-02444,work-on-site
wtj-002445,job-02445,work-on-site
wtj-002446,job-02446,work-on-site
wtj-002447,job-02447,work-on-site
wtj-002448,job-02448,work-on-site
wtj-002449,job-02449,work-on-site
wtj-002450,job-02450,work-on-site
wtj-002451,job-02451,work-on-site
wtj-002452,job-02452,work-on-site
wtj-002453,job-02453,work-on-site
wtj-002454,job-02454,work-on-site
wtj-002455,job-02455,work-on-site
wtj-002456,job-02456,work-on-site
wtj-002457,job-02457,work-on-site
wtj-002458,job-02458,work-on-site
wtj-002459,job-02459,work-on-site
wtj-002460,job-02460,work-on-site
wtj-002461,job-02461,work-on-site
wtj-002462,job-02462,work-on-site
wtj-002463,job-02463,work-on-site
wtj-002464,job-02464,work-on-site
wtj-002465,job-02465,work-on-site
wtj-002466,job-02466,work-on-site
wtj-002467,job-02467,work-on-site
wtj-002468,job-02468,work-on-site
wtj-002469,job-02469,work-on-site
wtj-002470,job-02470,work-on-site
wtj-002471,job-02471,work-on-site
wtj-002472,job-02472,work-on-site
wtj-002473,job-02473,work-on-site
wtj-002474,job-02474,work-on-site
wtj-002475,job-02475,work-on-site
wtj-002476,job-02476,work-on-site
wtj-002477,job-02477,work-remote
wtj-002478,job-02478,work-on-site
wtj-002479,job-02479,work-on-site
wtj-002480,job-02480,work-on-site
wtj-002481,job-02481,work-on-site
wtj-002482,job-02482,work-on-site
wtj-002483,job-02483,work-on-site
wtj-002484,job-02484,work-on-site
wtj-002485,job-02485,work-on-site
wtj-002486,job-02486,work-field
wtj-002487,job-02487,work-on-site
wtj-002488,job-02488,work-on-site
wtj-002489,job-02489,work-field
wtj-002490,job-02490,work-remote
wtj-002491,job-02491,work-on-site
wtj-002492,job-02492,work-on-site
wtj-002493,job-02493,work-on-site
wtj-002494,job-02494,work-on-site
wtj-002495,job-02495,work-field
wtj-002496,job-02496,work-on-site
wtj-002497,job-02497,work-on-site
wtj-002498,job-02498,work-on-site
wtj-002499,job-02499,work-on-site
wtj-002500,job-02500,work-on-site
wtj-002501,job-02501,work-on-site
wtj-002502,job-02502,work-on-site
wtj-002503,job-02503,work-on-site
wtj-002504,job-02504,work-on-site
wtj-002505,job-02505,work-on-site
wtj-002506,job-02506,work-on-site
wtj-002507,job-02507,work-on-site
wtj-002508,job-02508,work-on-site
wtj-002509,job-02509,work-on-site
wtj-002510,job-02510,work-on-site
wtj-002511,job-02511,work-on-site
wtj-002512,job-02512,work-on-site
wtj-002513,job-02513,work-on-site
wtj-002514,job-02514,work-on-site
wtj-002515,job-02515,work-field
wtj-002516,job-02516,work-on-site
wtj-002517,job-02517,work-on-site
wtj-002518,job-02518,work-on-site
wtj-002519,job-02519,work-on-site
wtj-002520,job-02520,work-on-site
wtj-002521,job-02521,work-on-site
wtj-002522,job-02522,work-on-site
wtj-002523,job-02523,work-on-site
wtj-002524,job-02524,work-on-site
wtj-002525,job-02525,work-on-site
wtj-002526,job-02526,work-on-site
wtj-002527,job-02527,work-field
wtj-002528,job-02528,work-on-site
wtj-002529,job-02529,work-on-site
wtj-002530,job-02530,work-on-site
wtj-002531,job-02531,work-field
wtj-002532,job-02532,work-on-site
wtj-002533,job-02533,work-on-site
wtj-002534,job-02534,work-on-site
wtj-002535,job-02535,work-on-site
wtj-002536,job-02536,work-on-site
wtj-002537,job-02537,work-on-site
wtj-002538,job-02538,work-field
wtj-002539,job-02539,work-field
wtj-002540,job-02540,work-field
wtj-002541,job-02541,work-on-site
wtj-002542,job-02542,work-on-site
wtj-002543,job-02543,work-on-site
wtj-002544,job-02544,work-on-site
wtj-002545,job-02545,work-on-site
wtj-002546,job-02546,work-on-site
wtj-002547,job-02547,work-on-site
wtj-002548,job-02548,work-on-site
wtj-002549,job-02549,work-on-site
wtj-002550,job-02550,work-on-site
wtj-002551,job-02551,work-on-site
wtj-002552,job-02552,work-on-site
wtj-002553,job-02553,work-on-site
wtj-002554,job-02554,work-on-site
wtj-002555,job-02555,work-on-site
wtj-002556,job-02556,work-on-site
wtj-002557,job-02557,work-on-site
wtj-002558,job-02558,work-on-site
wtj-002559,job-02559,work-field
wtj-002560,job-02560,work-on-site
wtj-002561,job-02561,work-on-site
wtj-002562,job-02562,work-on-site
wtj-002563,job-02563,work-on-site
wtj-002564,job-02564,work-on-site
wtj-002565,job-02565,work-on-site
wtj-002566,job-02566,work-on-site
wtj-002567,job-02567,work-on-site
wtj-002568,job-02568,work-on-site
wtj-002569,job-02569,work-on-site
wtj-002570,job-02570,work-on-site
wtj-002571,job-02571,work-on-site
wtj-002572,job-02572,work-on-site
wtj-002573,job-02573,work-on-site
wtj-002574,job-02574,work-on-site
wtj-002575,job-02575,work-on-site
wtj-002576,job-02576,work-on-site
wtj-002577,job-02577,work-on-site
wtj-002578,job-02578,work-on-site
wtj-002579,job-02579,work-on-site
wtj-002580,job-02580,work-on-site
wtj-002581,job-02581,work-on-site
wtj-002582,job-02582,work-on-site
wtj-002583,job-02583,work-on-site
wtj-002584,job-02584,work-on-site
wtj-002585,job-02585,work-on-site
wtj-002586,job-02586,work-on-site
wtj-002587,job-02587,work-on-site
wtj-002588,job-02588,work-field
wtj-002589,job-02589,work-on-site
wtj-002590,job-02590,work-on-site
wtj-002591,job-02591,work-on-site
wtj-002592,job-02592,work-on-site
wtj-002593,job-02593,work-on-site
wtj-002594,job-02594,work-on-site
wtj-002595,job-02595,work-on-site
wtj-002596,job-02596,work-on-site
wtj-002597,job-02597,work-on-site
wtj-002598,job-02598,work-on-site
wtj-002599,job-02599,work-on-site
wtj-002600,job-02600,work-on-site
wtj-002601,job-02601,work-on-site
wtj-002602,job-02602,work-on-site
wtj-002603,job-02603,work-on-site
wtj-002604,job-02604,work-on-site
wtj-002605,job-02605,work-on-site
wtj-002606,job-02606,work-on-site
wtj-002607,job-02607,work-on-site
wtj-002608,job-02608,work-on-site
wtj-002609,job-02609,work-on-site
wtj-002610,job-02610,work-on-site
wtj-002611,job-02611,work-on-site
wtj-002612,job-02612,work-on-site
wtj-002613,job-02613,work-on-site
wtj-002614,job-02614,work-on-site
wtj-002615,job-02615,work-on-site
wtj-002616,job-02616,work-on-site
wtj-002617,job-02617,work-on-site
wtj-002618,job-02618,work-field
wtj-002619,job-02619,work-on-site
wtj-002620,job-02620,work-on-site
wtj-002621,job-02621,work-on-site
wtj-002622,job-02622,work-on-site
wtj-002623,job-02623,work-on-site
wtj-002624,job-02624,work-on-site
wtj-002625,job-02625,work-on-site
wtj-002626,job-02626,work-on-site
wtj-002627,job-02627,work-on-site
wtj-002628,job-02628,work-on-site
wtj-002629,job-02629,work-on-site
wtj-002630,job-02630,work-on-site
wtj-002631,job-02631,work-on-site
wtj-002632,job-02632,work-on-site
wtj-002633,job-02633,work-field
wtj-002634,job-02634,work-on-site
wtj-002635,job-02635,work-on-site
wtj-002636,job-02636,work-on-site
wtj-002637,job-02637,work-on-site
wtj-002638,job-02638,work-on-site
wtj-002639,job-02639,work-on-site
wtj-002640,job-02640,work-field
wtj-002641,job-02641,work-on-site
wtj-002642,job-02642,work-on-site
wtj-002643,job-02643,work-on-site
wtj-002644,job-02644,work-on-site
wtj-002645,job-02645,work-on-site
wtj-002646,job-02646,work-on-site
wtj-002647,job-02647,work-on-site
wtj-002648,job-02648,work-on-site
wtj-002649,job-02649,work-on-site
wtj-002650,job-02650,work-on-site
wtj-002651,job-02651,work-on-site
wtj-002652,job-02652,work-on-site
wtj-002653,job-02653,work-on-site
wtj-002654,job-02654,work-on-site
wtj-002655,job-02655,work-on-site
wtj-002656,job-02656,work-on-site
wtj-002657,job-02657,work-on-site
wtj-002658,job-02658,work-on-site
wtj-002659,job-02659,work-on-site
wtj-002660,job-02660,work-on-site
wtj-002661,job-02661,work-on-site
wtj-002662,job-02662,work-on-site
wtj-002663,job-02663,work-on-site
wtj-002664,job-02664,work-on-site
wtj-002665,job-02665,work-on-site
wtj-002666,job-02666,work-on-site
wtj-002667,job-02667,work-on-site
wtj-002668,job-02668,work-on-site
wtj-002669,job-02669,work-on-site
wtj-002670,job-02670,work-on-site
wtj-002671,job-02671,work-on-site
wtj-002672,job-02672,work-on-site
wtj-002673,job-02673,work-on-site
wtj-002674,job-02674,work-on-site
wtj-002675,job-02675,work-on-site
wtj-002676,job-02676,work-on-site
wtj-002677,job-02677,work-on-site
wtj-002678,job-02678,work-on-site
wtj-002679,job-02679,work-field
wtj-002680,job-02680,work-on-site
wtj-002681,job-02681,work-on-site
wtj-002682,job-02682,work-on-site
wtj-002683,job-02683,work-on-site
wtj-002684,job-02684,work-on-site
wtj-002685,job-02685,work-on-site
wtj-002686,job-02686,work-on-site
wtj-002687,job-02687,work-on-site
wtj-002688,job-02688,work-on-site
wtj-002689,job-02689,work-on-site
wtj-002690,job-02690,work-on-site
wtj-002691,job-02691,work-on-site
wtj-002692,job-02692,work-field
wtj-002693,job-02693,work-on-site
wtj-002694,job-02694,work-on-site
wtj-002695,job-02695,work-on-site
wtj-002696,job-02696,work-on-site
wtj-002697,job-02697,work-on-site
wtj-002698,job-02698,work-on-site
wtj-002699,job-02699,work-on-site
wtj-002700,job-02700,work-field
wtj-002701,job-02701,work-on-site
wtj-002702,job-02702,work-on-site
wtj-002703,job-02703,work-on-site
wtj-002704,job-02704,work-on-site
wtj-002705,job-02705,work-on-site
wtj-002706,job-02706,work-on-site
wtj-002707,job-02707,work-on-site
wtj-002708,job-02708,work-on-site
wtj-002709,job-02709,work-on-site
wtj-002710,job-02710,work-on-site
wtj-002711,job-02711,work-on-site
wtj-002712,job-02712,work-on-site
wtj-002713,job-02713,work-on-site
wtj-002714,job-02714,work-on-site
wtj-002715,job-02715,work-on-site
wtj-002716,job-02716,work-on-site
wtj-002717,job-02717,work-on-site
wtj-002718,job-02718,work-on-site
wtj-002719,job-02719,work-field
wtj-002720,job-02720,work-on-site
wtj-002721,job-02721,work-on-site
wtj-002722,job-02722,work-on-site
wtj-002723,job-02723,work-on-site
wtj-002724,job-02724,work-on-site
wtj-002725,job-02725,work-on-site
wtj-002726,job-02726,work-on-site
wtj-002727,job-02727,work-on-site
wtj-002728,job-02728,work-on-site
wtj-002729,job-02729,work-on-site
wtj-002730,job-02730,work-on-site
wtj-002731,job-02731,work-on-site
wtj-002732,job-02732,work-on-site
wtj-002733,job-02733,work-on-site
wtj-002734,job-02734,work-on-site
wtj-002735,job-02735,work-on-site
wtj-002736,job-02736,work-on-site
wtj-002737,job-02737,work-on-site
wtj-002738,job-02738,work-on-site
wtj-002739,job-02739,work-on-site
wtj-002740,job-02740,work-on-site
wtj-002741,job-02741,work-on-site
wtj-002742,job-02742,work-on-site
wtj-002743,job-02743,work-on-site
wtj-002744,job-02744,work-on-site
wtj-002745,job-02745,work-on-site
wtj-002746,job-02746,work-on-site
wtj-002747,job-02747,work-on-site
wtj-002748,job-02748,work-on-site
wtj-002749,job-02749,work-on-site
wtj-002750,job-02750,work-on-site
wtj-002751,job-02751,work-on-site
wtj-002752,job-02752,work-on-site
wtj-002753,job-02753,work-on-site
wtj-002754,job-02754,work-on-site
wtj-002755,job-02755,work-on-site
wtj-002756,job-02756,work-on-site
wtj-002757,job-02757,work-on-site
wtj-002758,job-02758,work-on-site
wtj-002759,job-02759,work-on-site
wtj-002760,job-02760,work-on-site
wtj-002761,job-02761,work-on-site
wtj-002762,job-02762,work-on-site
wtj-002763,job-02763,work-on-site
wtj-002764,job-02764,work-on-site
wtj-002765,job-02765,work-on-site
wtj-002766,job-02766,work-on-site
wtj-002767,job-02767,work-on-site
wtj-002768,job-02768,work-on-site
wtj-002769,job-02769,work-on-site
wtj-002770,job-02770,work-hybrid
wtj-002771,job-02771,work-on-site
wtj-002772,job-02772,work-on-site
wtj-002773,job-02773,work-on-site
wtj-002774,job-02774,work-on-site
wtj-002775,job-02775,work-on-site
wtj-002776,job-02776,work-on-site
wtj-002777,job-02777,work-on-site
wtj-002778,job-02778,work-on-site
wtj-002779,job-02779,work-on-site
wtj-002780,job-02780,work-on-site
wtj-002781,job-02781,work-on-site
wtj-002782,job-02782,work-on-site
wtj-002783,job-02783,work-on-site
wtj-002784,job-02784,work-on-site
wtj-002785,job-02785,work-on-site
wtj-002786,job-02786,work-on-site
wtj-002787,job-02787,work-on-site
wtj-002788,job-02788,work-on-site
wtj-002789,job-02789,work-on-site
wtj-002790,job-02790,work-on-site
wtj-002791,job-02791,work-on-site
wtj-002792,job-02792,work-on-site
wtj-002793,job-02793,work-on-site
wtj-002794,job-02794,work-on-site
wtj-002795,job-02795,work-on-site
wtj-002796,job-02796,work-on-site
wtj-002797,job-02797,work-on-site
wtj-002798,job-02798,work-on-site
wtj-002799,job-02799,work-on-site
wtj-002800,job-02800,work-on-site
wtj-002801,job-02801,work-on-site
wtj-002802,job-02802,work-on-site
wtj-002803,job-02803,work-on-site
wtj-002804,job-02804,work-on-site
wtj-002805,job-02805,work-on-site
wtj-002806,job-02806,work-on-site
wtj-002807,job-02807,work-on-site
wtj-002808,job-02808,work-on-site
wtj-002809,job-02809,work-on-site
wtj-002810,job-02810,work-on-site
wtj-002811,job-02811,work-on-site
wtj-002812,job-02812,work-on-site
wtj-002813,job-02813,work-on-site
wtj-002814,job-02814,work-on-site
wtj-002815,job-02815,work-on-site
wtj-002816,job-02816,work-on-site
wtj-002817,job-02817,work-on-site
wtj-002818,job-02818,work-on-site
wtj-002819,job-02819,work-on-site
wtj-002820,job-02820,work-on-site
wtj-002821,job-02821,work-on-site
wtj-002822,job-02822,work-on-site
wtj-002823,job-02823,work-on-site
wtj-002824,job-02824,work-on-site
wtj-002825,job-02825,work-on-site
wtj-002826,job-02826,work-on-site
wtj-002827,job-02827,work-on-site
wtj-002828,job-02828,work-on-site
wtj-002829,job-02829,work-on-site
wtj-002830,job-02830,work-on-site
wtj-002831,job-02831,work-on-site
wtj-002832,job-02832,work-on-site
wtj-002833,job-02833,work-on-site
wtj-002834,job-02834,work-on-site
wtj-002835,job-02835,work-on-site
wtj-002836,job-02836,work-on-site
wtj-002837,job-02837,work-on-site
wtj-002838,job-02838,work-on-site
wtj-002839,job-02839,work-on-site
wtj-002840,job-02840,work-on-site
wtj-002841,job-02841,work-on-site
wtj-002842,job-02842,work-on-site
wtj-002843,job-02843,work-on-site
wtj-002844,job-02844,work-on-site
wtj-002845,job-02845,work-on-site
wtj-002846,job-02846,work-on-site
wtj-002847,job-02847,work-on-site
wtj-002848,job-02848,work-on-site
wtj-002849,job-02849,work-on-site
wtj-002850,job-02850,work-on-site
wtj-002851,job-02851,work-on-site
wtj-002852,job-02852,work-on-site
wtj-002853,job-02853,work-on-site
wtj-002854,job-02854,work-on-site
wtj-002855,job-02855,work-on-site
wtj-002856,job-02856,work-on-site
wtj-002857,job-02857,work-on-site
wtj-002858,job-02858,work-on-site
wtj-002859,job-02859,work-on-site
wtj-002860,job-02860,work-on-site
wtj-002861,job-02861,work-on-site
wtj-002862,job-02862,work-on-site
wtj-002863,job-02863,work-on-site
wtj-002864,job-02864,work-on-site
wtj-002865,job-02865,work-on-site
wtj-002866,job-02866,work-on-site
wtj-002867,job-02867,work-on-site
wtj-002868,job-02868,work-on-site
wtj-002869,job-02869,work-on-site
wtj-002870,job-02870,work-on-site
wtj-002871,job-02871,work-on-site
wtj-002872,job-02872,work-on-site
wtj-002873,job-02873,work-on-site
wtj-002874,job-02874,work-on-site
wtj-002875,job-02875,work-on-site
wtj-002876,job-02876,work-on-site
wtj-002877,job-02877,work-on-site
wtj-002878,job-02878,work-on-site
wtj-002879,job-02879,work-on-site
wtj-002880,job-02880,work-on-site
wtj-002881,job-02881,work-on-site
wtj-002882,job-02882,work-on-site
wtj-002883,job-02883,work-on-site
wtj-002884,job-02884,work-on-site
wtj-002885,job-02885,work-field
wtj-002886,job-02886,work-on-site
wtj-002887,job-02887,work-on-site
wtj-002888,job-02888,work-on-site
wtj-002889,job-02889,work-on-site
wtj-002890,job-02890,work-on-site
wtj-002891,job-02891,work-on-site
wtj-002892,job-02892,work-on-site
wtj-002893,job-02893,work-on-site
wtj-002894,job-02894,work-on-site
wtj-002895,job-02895,work-on-site
wtj-002896,job-02896,work-on-site
wtj-002897,job-02897,work-on-site
wtj-002898,job-02898,work-on-site
wtj-002899,job-02899,work-on-site
wtj-002900,job-02900,work-on-site
wtj-002901,job-02901,work-on-site
wtj-002902,job-02902,work-on-site
wtj-002903,job-02903,work-on-site
wtj-002904,job-02904,work-field
wtj-002905,job-02905,work-on-site
wtj-002906,job-02906,work-on-site
wtj-002907,job-02907,work-on-site
wtj-002908,job-02908,work-on-site
wtj-002909,job-02909,work-on-site
wtj-002910,job-02910,work-on-site
wtj-002911,job-02911,work-on-site
wtj-002912,job-02912,work-on-site
wtj-002913,job-02913,work-on-site
wtj-002914,job-02914,work-field
wtj-002915,job-02915,work-on-site
wtj-002916,job-02916,work-on-site
wtj-002917,job-02917,work-on-site
wtj-002918,job-02918,work-on-site
wtj-002919,job-02919,work-on-site
wtj-002920,job-02920,work-on-site
wtj-002921,job-02921,work-field
wtj-002922,job-02922,work-field
wtj-002923,job-02923,work-on-site
wtj-002924,job-02924,work-on-site
wtj-002925,job-02925,work-on-site
wtj-002926,job-02926,work-on-site
wtj-002927,job-02927,work-on-site
wtj-002928,job-02928,work-on-site
wtj-002929,job-02929,work-on-site
wtj-002930,job-02930,work-on-site
wtj-002931,job-02931,work-on-site
wtj-002932,job-02932,work-on-site
wtj-002933,job-02933,work-on-site
wtj-002934,job-02934,work-on-site
wtj-002935,job-02935,work-on-site
wtj-002936,job-02936,work-on-site
wtj-002937,job-02937,work-on-site
wtj-002938,job-02938,work-on-site
wtj-002939,job-02939,work-on-site
wtj-002940,job-02940,work-on-site
wtj-002941,job-02941,work-on-site
wtj-002942,job-02942,work-on-site
wtj-002943,job-02943,work-on-site
wtj-002944,job-02944,work-on-site
wtj-002945,job-02945,work-on-site
wtj-002946,job-02946,work-on-site
wtj-002947,job-02947,work-on-site
wtj-002948,job-02948,work-on-site
wtj-002949,job-02949,work-on-site
wtj-002950,job-02950,work-on-site
wtj-002951,job-02951,work-on-site
wtj-002952,job-02952,work-on-site
wtj-002953,job-02953,work-on-site
wtj-002954,job-02954,work-on-site
wtj-002955,job-02955,work-on-site
wtj-002956,job-02956,work-on-site
wtj-002957,job-02957,work-on-site
wtj-002958,job-02958,work-on-site
wtj-002959,job-02959,work-on-site
wtj-002960,job-02960,work-on-site
wtj-002961,job-02961,work-on-site
wtj-002962,job-02962,work-on-site
wtj-002963,job-02963,work-on-site
wtj-002964,job-02964,work-on-site
wtj-002965,job-02965,work-on-site
wtj-002966,job-02966,work-on-site
wtj-002967,job-02967,work-on-site
wtj-002968,job-02968,work-on-site
wtj-002969,job-02969,work-on-site
wtj-002970,job-02970,work-on-site
wtj-002971,job-02971,work-on-site
wtj-002972,job-02972,work-on-site
wtj-002973,job-02973,work-on-site
wtj-002974,job-02974,work-on-site
wtj-002975,job-02975,work-field
wtj-002976,job-02976,work-on-site
wtj-002977,job-02977,work-on-site
wtj-002978,job-02978,work-on-site
wtj-002979,job-02979,work-on-site
wtj-002980,job-02980,work-on-site
wtj-002981,job-02981,work-on-site
wtj-002982,job-02982,work-on-site
wtj-002983,job-02983,work-on-site
wtj-002984,job-02984,work-on-site
wtj-002985,job-02985,work-on-site
wtj-002986,job-02986,work-on-site
wtj-002987,job-02987,work-on-site
wtj-002988,job-02988,work-on-site
wtj-002989,job-02989,work-on-site
wtj-002990,job-02990,work-on-site
wtj-002991,job-02991,work-on-site
wtj-002992,job-02992,work-on-site
wtj-002993,job-02993,work-on-site
wtj-002994,job-02994,work-on-site
wtj-002995,job-02995,work-on-site
wtj-002996,job-02996,work-on-site
wtj-002997,job-02997,work-on-site
wtj-002998,job-02998,work-on-site
wtj-002999,job-02999,work-on-site
wtj-003000,job-03000,work-on-site
wtj-003001,job-03001,work-on-site
wtj-003002,job-03002,work-on-site
wtj-003003,job-03003,work-on-site
wtj-003004,job-03004,work-on-site
wtj-003005,job-03005,work-on-site
wtj-003006,job-03006,work-on-site
wtj-003007,job-03007,work-on-site
wtj-003008,job-03008,work-on-site
wtj-003009,job-03009,work-on-site
wtj-003010,job-03010,work-on-site
wtj-003011,job-03011,work-on-site
wtj-003012,job-03012,work-on-site
wtj-003013,job-03013,work-on-site
wtj-003014,job-03014,work-on-site
wtj-003015,job-03015,work-on-site
wtj-003016,job-03016,work-on-site
wtj-003017,job-03017,work-on-site
wtj-003018,job-03018,work-on-site
wtj-003019,job-03019,work-on-site
wtj-003020,job-03020,work-on-site
wtj-003021,job-03021,work-on-site
wtj-003022,job-03022,work-on-site
wtj-003023,job-03023,work-on-site
wtj-003024,job-03024,work-on-site
wtj-003025,job-03025,work-on-site
wtj-003026,job-03026,work-on-site
wtj-003027,job-03027,work-on-site
wtj-003028,job-03028,work-on-site
wtj-003029,job-03029,work-on-site
wtj-003030,job-03030,work-on-site
wtj-003031,job-03031,work-on-site
wtj-003032,job-03032,work-on-site
wtj-003033,job-03033,work-on-site
wtj-003034,job-03034,work-on-site
wtj-003035,job-03035,work-on-site
wtj-003036,job-03036,work-on-site
wtj-003037,job-03037,work-on-site
wtj-003038,job-03038,work-on-site
wtj-003039,job-03039,work-on-site
wtj-003040,job-03040,work-on-site
wtj-003041,job-03041,work-on-site
wtj-003042,job-03042,work-on-site
wtj-003043,job-03043,work-on-site
wtj-003044,job-03044,work-on-site
wtj-003045,job-03045,work-on-site
wtj-003046,job-03046,work-on-site
wtj-003047,job-03047,work-on-site
wtj-003048,job-03048,work-on-site
wtj-003049,job-03049,work-on-site
wtj-003050,job-03050,work-on-site
wtj-003051,job-03051,work-on-site
wtj-003052,job-03052,work-on-site
wtj-003053,job-03053,work-on-site
wtj-003054,job-03054,work-on-site
wtj-003055,job-03055,work-on-site
wtj-003056,job-03056,work-on-site
wtj-003057,job-03057,work-on-site
wtj-003058,job-03058,work-on-site
wtj-003059,job-03059,work-on-site
wtj-003060,job-03060,work-on-site
wtj-003061,job-03061,work-on-site
wtj-003062,job-03062,work-on-site
wtj-003063,job-03063,work-on-site
wtj-003064,job-03064,work-on-site
wtj-003065,job-03065,work-on-site
wtj-003066,job-03066,work-on-site
wtj-003067,job-03067,work-on-site
wtj-003068,job-03068,work-on-site
wtj-003069,job-03069,work-on-site
wtj-003070,job-03070,work-on-site
wtj-003071,job-03071,work-on-site
wtj-003072,job-03072,work-on-site
wtj-003073,job-03073,work-on-site
wtj-003074,job-03074,work-on-site
wtj-003075,job-03075,work-on-site
wtj-003076,job-03076,work-on-site
wtj-003077,job-03077,work-on-site
wtj-003078,job-03078,work-on-site
wtj-003079,job-03079,work-on-site
wtj-003080,job-03080,work-on-site
wtj-003081,job-03081,work-on-site
wtj-003082,job-03082,work-on-site
wtj-003083,job-03083,work-on-site
wtj-003084,job-03084,work-on-site
wtj-003085,job-03085,work-on-site
wtj-003086,job-03086,work-on-site
wtj-003087,job-03087,work-on-site
wtj-003088,job-03088,work-on-site
wtj-003089,job-03089,work-on-site
wtj-003090,job-03090,work-on-site
wtj-003091,job-03091,work-on-site
wtj-003092,job-03092,work-on-site
wtj-003093,job-03093,work-on-site
wtj-003094,job-03094,work-on-site
wtj-003095,job-03095,work-on-site
wtj-003096,job-03096,work-on-site
wtj-003097,job-03097,work-on-site
wtj-003098,job-03098,work-on-site
wtj-003099,job-03099,work-on-site
wtj-003100,job-03100,work-on-site
wtj-003101,job-03101,work-on-site
wtj-003102,job-03102,work-on-site
wtj-003103,job-03103,work-on-site
wtj-003104,job-03104,work-on-site
wtj-003105,job-03105,work-on-site
wtj-003106,job-03106,work-on-site
wtj-003107,job-03107,work-on-site
wtj-003108,job-03108,work-on-site
wtj-003109,job-03109,work-on-site
wtj-003110,job-03110,work-on-site
wtj-003111,job-03111,work-on-site
wtj-003112,job-03112,work-on-site
wtj-003113,job-03113,work-on-site
wtj-003114,job-03114,work-on-site
wtj-003115,job-03115,work-on-site
wtj-003116,job-03116,work-on-site
wtj-003117,job-03117,work-on-site
wtj-003118,job-03118,work-on-site
wtj-003119,job-03119,work-on-site
wtj-003120,job-03120,work-on-site
wtj-003121,job-03121,work-on-site
wtj-003122,job-03122,work-on-site
wtj-003123,job-03123,work-on-site
wtj-003124,job-03124,work-on-site
wtj-003125,job-03125,work-on-site
wtj-003126,job-03126,work-on-site
wtj-003127,job-03127,work-on-site
wtj-003128,job-03128,work-on-site
wtj-003129,job-03129,work-field
wtj-003130,job-03130,work-on-site
wtj-003131,job-03131,work-on-site
wtj-003132,job-03132,work-on-site
wtj-003133,job-03133,work-on-site
wtj-003134,job-03134,work-on-site
wtj-003135,job-03135,work-on-site
wtj-003136,job-03136,work-on-site
wtj-003137,job-03137,work-on-site
wtj-003138,job-03138,work-on-site
wtj-003139,job-03139,work-on-site
wtj-003140,job-03140,work-on-site
wtj-003141,job-03141,work-on-site
wtj-003142,job-03142,work-on-site
wtj-003143,job-03143,work-on-site
wtj-003144,job-03144,work-on-site
wtj-003145,job-03145,work-on-site
wtj-003146,job-03146,work-on-site
wtj-003147,job-03147,work-on-site
wtj-003148,job-03148,work-on-site
wtj-003149,job-03149,work-on-site
wtj-003150,job-03150,work-on-site
wtj-003151,job-03151,work-on-site
wtj-003152,job-03152,work-on-site
wtj-003153,job-03153,work-on-site
wtj-003154,job-03154,work-on-site
wtj-003155,job-03155,work-on-site
wtj-003156,job-03156,work-on-site
wtj-003157,job-03157,work-on-site
wtj-003158,job-03158,work-on-site
wtj-003159,job-03159,work-on-site
wtj-003160,job-03160,work-field
wtj-003161,job-03161,work-on-site
wtj-003162,job-03162,work-field
wtj-003163,job-03163,work-field
wtj-003164,job-03164,work-on-site
wtj-003165,job-03165,work-on-site
wtj-003166,job-03166,work-on-site
wtj-003167,job-03167,work-on-site
wtj-003168,job-03168,work-on-site
wtj-003169,job-03169,work-on-site
wtj-003170,job-03170,work-on-site
wtj-003171,job-03171,work-on-site
wtj-003172,job-03172,work-on-site
wtj-003173,job-03173,work-on-site
wtj-003174,job-03174,work-on-site
wtj-003175,job-03175,work-on-site
wtj-003176,job-03176,work-on-site
wtj-003177,job-03177,work-on-site
wtj-003178,job-03178,work-on-site
wtj-003179,job-03179,work-on-site
wtj-003180,job-03180,work-on-site
wtj-003181,job-03181,work-on-site
wtj-003182,job-03182,work-on-site
wtj-003183,job-03183,work-on-site
wtj-003184,job-03184,work-on-site
wtj-003185,job-03185,work-on-site
wtj-003186,job-03186,work-on-site
wtj-003187,job-03187,work-on-site
wtj-003188,job-03188,work-on-site
wtj-003189,job-03189,work-on-site
wtj-003190,job-03190,work-on-site
wtj-003191,job-03191,work-on-site
wtj-003192,job-03192,work-on-site
wtj-003193,job-03193,work-on-site
wtj-003194,job-03194,work-on-site
wtj-003195,job-03195,work-on-site
wtj-003196,job-03196,work-on-site
wtj-003197,job-03197,work-on-site
wtj-003198,job-03198,work-on-site
wtj-003199,job-03199,work-on-site
wtj-003200,job-03200,work-on-site
wtj-003201,job-03201,work-on-site
wtj-003202,job-03202,work-on-site
wtj-003203,job-03203,work-on-site
wtj-003204,job-03204,work-on-site
wtj-003205,job-03205,work-on-site
wtj-003206,job-03206,work-on-site
wtj-003207,job-03207,work-on-site
wtj-003208,job-03208,work-on-site
wtj-003209,job-03209,work-on-site
wtj-003210,job-03210,work-on-site
wtj-003211,job-03211,work-on-site
wtj-003212,job-03212,work-on-site
wtj-003213,job-03213,work-on-site
wtj-003214,job-03214,work-on-site
wtj-003215,job-03215,work-on-site
wtj-003216,job-03216,work-on-site
wtj-003217,job-03217,work-on-site
wtj-003218,job-03218,work-on-site
wtj-003219,job-03219,work-on-site
wtj-003220,job-03220,work-on-site
wtj-003221,job-03221,work-field
wtj-003222,job-03222,work-on-site
wtj-003223,job-03223,work-on-site
wtj-003224,job-03224,work-on-site
wtj-003225,job-03225,work-on-site
wtj-003226,job-03226,work-on-site
wtj-003227,job-03227,work-on-site
wtj-003228,job-03228,work-on-site
wtj-003229,job-03229,work-on-site
wtj-003230,job-03230,work-on-site
wtj-003231,job-03231,work-on-site
wtj-003232,job-03232,work-field
wtj-003233,job-03233,work-on-site
wtj-003234,job-03234,work-on-site
wtj-003235,job-03235,work-on-site
wtj-003236,job-03236,work-on-site
wtj-003237,job-03237,work-on-site
wtj-003238,job-03238,work-on-site
wtj-003239,job-03239,work-on-site
wtj-003240,job-03240,work-on-site
wtj-003241,job-03241,work-on-site
wtj-003242,job-03242,work-on-site
wtj-003243,job-03243,work-on-site
wtj-003244,job-03244,work-on-site
wtj-003245,job-03245,work-on-site
wtj-003246,job-03246,work-on-site
wtj-003247,job-03247,work-on-site
wtj-003248,job-03248,work-on-site
wtj-003249,job-03249,work-on-site
wtj-003250,job-03250,work-on-site
wtj-003251,job-03251,work-on-site
wtj-003252,job-03252,work-on-site
wtj-003253,job-03253,work-on-site
wtj-003254,job-03254,work-on-site
wtj-003255,job-03255,work-on-site
wtj-003256,job-03256,work-on-site
wtj-003257,job-03257,work-on-site
wtj-003258,job-03258,work-on-site
wtj-003259,job-03259,work-on-site
wtj-003260,job-03260,work-on-site
wtj-003261,job-03261,work-on-site
wtj-003262,job-03262,work-on-site
wtj-003263,job-03263,work-on-site
wtj-003264,job-03264,work-on-site
wtj-003265,job-03265,work-on-site
wtj-003266,job-03266,work-on-site
wtj-003267,job-03267,work-on-site
wtj-003268,job-03268,work-on-site
wtj-003269,job-03269,work-on-site
wtj-003270,job-03270,work-on-site
wtj-003271,job-03271,work-on-site
wtj-003272,job-03272,work-on-site
wtj-003273,job-03273,work-on-site
wtj-003274,job-03274,work-on-site
wtj-003275,job-03275,work-on-site
wtj-003276,job-03276,work-on-site
wtj-003277,job-03277,work-on-site
wtj-003278,job-03278,work-on-site
wtj-003279,job-03279,work-on-site
wtj-003280,job-03280,work-on-site
wtj-003281,job-03281,work-on-site
wtj-003282,job-03282,work-on-site
wtj-003283,job-03283,work-on-site
wtj-003284,job-03284,work-on-site
wtj-003285,job-03285,work-on-site
wtj-003286,job-03286,work-on-site
wtj-003287,job-03287,work-on-site
wtj-003288,job-03288,work-on-site
wtj-003289,job-03289,work-on-site
wtj-003290,job-03290,work-on-site
wtj-003291,job-03291,work-on-site
wtj-003292,job-03292,work-on-site
wtj-003293,job-03293,work-on-site
wtj-003294,job-03294,work-on-site
wtj-003295,job-03295,work-on-site
wtj-003296,job-03296,work-on-site
wtj-003297,job-03297,work-on-site
wtj-003298,job-03298,work-on-site
wtj-003299,job-03299,work-on-site
wtj-003300,job-03300,work-on-site
wtj-003301,job-03301,work-on-site
wtj-003302,job-03302,work-on-site
wtj-003303,job-03303,work-on-site
wtj-003304,job-03304,work-on-site
wtj-003305,job-03305,work-on-site
wtj-003306,job-03306,work-on-site
wtj-003307,job-03307,work-on-site
wtj-003308,job-03308,work-on-site
wtj-003309,job-03309,work-on-site
wtj-003310,job-03310,work-on-site
wtj-003311,job-03311,work-on-site
wtj-003312,job-03312,work-on-site
wtj-003313,job-03313,work-on-site
wtj-003314,job-03314,work-on-site
wtj-003315,job-03315,work-on-site
wtj-003316,job-03316,work-on-site
wtj-003317,job-03317,work-on-site
wtj-003318,job-03318,work-on-site
wtj-003319,job-03319,work-on-site
wtj-003320,job-03320,work-on-site
wtj-003321,job-03321,work-on-site
wtj-003322,job-03322,work-on-site
wtj-003323,job-03323,work-on-site
wtj-003324,job-03324,work-on-site
wtj-003325,job-03325,work-on-site
wtj-003326,job-03326,work-on-site
wtj-003327,job-03327,work-on-site
wtj-003328,job-03328,work-on-site
wtj-003329,job-03329,work-on-site
wtj-003330,job-03330,work-on-site
wtj-003331,job-03331,work-on-site
wtj-003332,job-03332,work-on-site
wtj-003333,job-03333,work-on-site
wtj-003334,job-03334,work-on-site
wtj-003335,job-03335,work-on-site
wtj-003336,job-03336,work-on-site
wtj-003337,job-03337,work-on-site
wtj-003338,job-03338,work-on-site
wtj-003339,job-03339,work-on-site
wtj-003340,job-03340,work-on-site
wtj-003341,job-03341,work-on-site
wtj-003342,job-03342,work-on-site
wtj-003343,job-03343,work-on-site
wtj-003344,job-03344,work-hybrid
wtj-003345,job-03345,work-on-site
wtj-003346,job-03346,work-on-site
wtj-003347,job-03347,work-on-site
wtj-003348,job-03348,work-on-site
wtj-003349,job-03349,work-on-site
wtj-003350,job-03350,work-on-site
wtj-003351,job-03351,work-on-site
wtj-003352,job-03352,work-on-site
wtj-003353,job-03353,work-on-site
wtj-003354,job-03354,work-on-site
wtj-003355,job-03355,work-on-site
wtj-003356,job-03356,work-on-site
wtj-003357,job-03357,work-on-site
wtj-003358,job-03358,work-on-site
wtj-003359,job-03359,work-on-site
wtj-003360,job-03360,work-on-site
wtj-003361,job-03361,work-on-site
wtj-003362,job-03362,work-on-site
wtj-003363,job-03363,work-on-site
wtj-003364,job-03364,work-on-site
wtj-003365,job-03365,work-on-site
wtj-003366,job-03366,work-on-site
wtj-003367,job-03367,work-on-site
wtj-003368,job-03368,work-on-site
wtj-003369,job-03369,work-on-site
wtj-003370,job-03370,work-on-site
wtj-003371,job-03371,work-on-site
wtj-003372,job-03372,work-on-site
wtj-003373,job-03373,work-on-site
wtj-003374,job-03374,work-on-site
wtj-003375,job-03375,work-on-site
wtj-003376,job-03376,work-on-site
wtj-003377,job-03377,work-on-site
wtj-003378,job-03378,work-on-site
wtj-003379,job-03379,work-on-site
wtj-003380,job-03380,work-on-site
wtj-003381,job-03381,work-on-site
wtj-003382,job-03382,work-on-site
wtj-003383,job-03383,work-on-site
wtj-003384,job-03384,work-on-site
wtj-003385,job-03385,work-on-site
wtj-003386,job-03386,work-on-site
wtj-003387,job-03387,work-on-site
wtj-003388,job-03388,work-on-site
wtj-003389,job-03389,work-on-site
wtj-003390,job-03390,work-on-site
wtj-003391,job-03391,work-on-site
wtj-003392,job-03392,work-on-site
wtj-003393,job-03393,work-on-site
wtj-003394,job-03394,work-on-site
wtj-003395,job-03395,work-on-site
wtj-003396,job-03396,work-on-site
wtj-003397,job-03397,work-on-site
wtj-003398,job-03398,work-on-site
wtj-003399,job-03399,work-on-site
wtj-003400,job-03400,work-on-site
wtj-003401,job-03401,work-on-site
wtj-003402,job-03402,work-on-site
wtj-003403,job-03403,work-on-site
wtj-003404,job-03404,work-on-site
wtj-003405,job-03405,work-on-site
wtj-003406,job-03406,work-on-site
wtj-003407,job-03407,work-on-site
wtj-003408,job-03408,work-on-site
wtj-003409,job-03409,work-on-site
wtj-003410,job-03410,work-on-site
wtj-003411,job-03411,work-on-site
wtj-003412,job-03412,work-on-site
wtj-003413,job-03413,work-on-site
wtj-003414,job-03414,work-on-site
wtj-003415,job-03415,work-on-site
wtj-003416,job-03416,work-on-site
wtj-003417,job-03417,work-on-site
wtj-003418,job-03418,work-on-site
wtj-003419,job-03419,work-on-site
wtj-003420,job-03420,work-on-site
wtj-003421,job-03421,work-on-site
wtj-003422,job-03422,work-field
wtj-003423,job-03423,work-on-site
wtj-003424,job-03424,work-on-site
wtj-003425,job-03425,work-on-site
wtj-003426,job-03426,work-on-site
wtj-003427,job-03427,work-on-site
wtj-003428,job-03428,work-on-site
wtj-003429,job-03429,work-on-site
wtj-003430,job-03430,work-on-site
wtj-003431,job-03431,work-on-site
wtj-003432,job-03432,work-on-site
wtj-003433,job-03433,work-on-site
wtj-003434,job-03434,work-on-site
wtj-003435,job-03435,work-on-site
wtj-003436,job-03436,work-on-site
wtj-003437,job-03437,work-on-site
wtj-003438,job-03438,work-on-site
wtj-003439,job-03439,work-on-site
wtj-003440,job-03440,work-on-site
wtj-003441,job-03441,work-on-site
wtj-003442,job-03442,work-on-site
wtj-003443,job-03443,work-on-site
wtj-003444,job-03444,work-on-site
wtj-003445,job-03445,work-on-site
wtj-003446,job-03446,work-on-site
wtj-003447,job-03447,work-field
wtj-003448,job-03448,work-on-site
wtj-003449,job-03449,work-on-site
wtj-003450,job-03450,work-on-site
wtj-003451,job-03451,work-on-site
wtj-003452,job-03452,work-on-site
wtj-003453,job-03453,work-on-site
wtj-003454,job-03454,work-on-site
wtj-003455,job-03455,work-field
wtj-003456,job-03456,work-on-site
wtj-003457,job-03457,work-on-site
wtj-003458,job-03458,work-on-site
wtj-003459,job-03459,work-on-site
wtj-003460,job-03460,work-on-site
wtj-003461,job-03461,work-on-site
wtj-003462,job-03462,work-on-site
wtj-003463,job-03463,work-on-site
wtj-003464,job-03464,work-on-site
wtj-003465,job-03465,work-on-site
wtj-003466,job-03466,work-on-site
wtj-003467,job-03467,work-on-site
wtj-003468,job-03468,work-on-site
wtj-003469,job-03469,work-on-site
wtj-003470,job-03470,work-on-site
wtj-003471,job-03471,work-on-site
wtj-003472,job-03472,work-on-site
wtj-003473,job-03473,work-on-site
wtj-003474,job-03474,work-on-site
wtj-003475,job-03475,work-on-site
wtj-003476,job-03476,work-on-site
wtj-003477,job-03477,work-on-site
wtj-003478,job-03478,work-on-site
wtj-003479,job-03479,work-on-site
wtj-003480,job-03480,work-on-site
wtj-003481,job-03481,work-on-site
wtj-003482,job-03482,work-on-site
wtj-003483,job-03483,work-on-site
wtj-003484,job-03484,work-on-site
wtj-003485,job-03485,work-on-site
wtj-003486,job-03486,work-on-site
wtj-003487,job-03487,work-on-site
wtj-003488,job-03488,work-on-site
wtj-003489,job-03489,work-on-site
wtj-003490,job-03490,work-on-site
wtj-003491,job-03491,work-on-site
wtj-003492,job-03492,work-on-site
wtj-003493,job-03493,work-on-site
wtj-003494,job-03494,work-on-site
wtj-003495,job-03495,work-on-site
wtj-003496,job-03496,work-on-site
wtj-003497,job-03497,work-on-site
wtj-003498,job-03498,work-on-site
wtj-003499,job-03499,work-on-site
wtj-003500,job-03500,work-on-site
wtj-003501,job-03501,work-on-site
wtj-003502,job-03502,work-on-site
wtj-003503,job-03503,work-on-site
wtj-003504,job-03504,work-on-site
wtj-003505,job-03505,work-on-site
wtj-003506,job-03506,work-on-site
wtj-003507,job-03507,work-on-site
wtj-003508,job-03508,work-on-site
wtj-003509,job-03509,work-on-site
wtj-003510,job-03510,work-on-site
wtj-003511,job-03511,work-on-site
wtj-003512,job-03512,work-on-site
wtj-003513,job-03513,work-on-site
wtj-003514,job-03514,work-on-site
wtj-003515,job-03515,work-on-site
wtj-003516,job-03516,work-on-site
wtj-003517,job-03517,work-on-site
wtj-003518,job-03518,work-on-site
wtj-003519,job-03519,work-on-site
wtj-003520,job-03520,work-on-site
wtj-003521,job-03521,work-on-site
wtj-003522,job-03522,work-on-site
wtj-003523,job-03523,work-on-site
wtj-003524,job-03524,work-on-site
wtj-003525,job-03525,work-on-site
wtj-003526,job-03526,work-on-site
wtj-003527,job-03527,work-on-site
wtj-003528,job-03528,work-on-site
wtj-003529,job-03529,work-on-site
wtj-003530,job-03530,work-on-site
wtj-003531,job-03531,work-on-site
wtj-003532,job-03532,work-on-site
wtj-003533,job-03533,work-on-site
wtj-003534,job-03534,work-on-site
wtj-003535,job-03535,work-on-site
wtj-003536,job-03536,work-on-site
wtj-003537,job-03537,work-on-site
wtj-003538,job-03538,work-on-site
wtj-003539,job-03539,work-on-site
wtj-003540,job-03540,work-on-site
wtj-003541,job-03541,work-on-site
wtj-003542,job-03542,work-on-site
wtj-003543,job-03543,work-on-site
wtj-003544,job-03544,work-on-site
wtj-003545,job-03545,work-on-site
wtj-003546,job-03546,work-on-site
wtj-003547,job-03547,work-on-site
wtj-003548,job-03548,work-on-site
wtj-003549,job-03549,work-on-site
wtj-003550,job-03550,work-on-site
wtj-003551,job-03551,work-on-site
wtj-003552,job-03552,work-on-site
wtj-003553,job-03553,work-on-site
wtj-003554,job-03554,work-on-site
wtj-003555,job-03555,work-on-site
wtj-003556,job-03556,work-on-site
wtj-003557,job-03557,work-on-site
wtj-003558,job-03558,work-on-site
wtj-003559,job-03559,work-on-site
wtj-003560,job-03560,work-on-site
wtj-003561,job-03561,work-on-site
wtj-003562,job-03562,work-on-site
wtj-003563,job-03563,work-on-site
wtj-003564,job-03564,work-on-site
wtj-003565,job-03565,work-on-site
wtj-003566,job-03566,work-field
wtj-003567,job-03567,work-on-site
wtj-003568,job-03568,work-on-site
wtj-003569,job-03569,work-on-site
wtj-003570,job-03570,work-on-site
wtj-003571,job-03571,work-on-site
wtj-003572,job-03572,work-on-site
wtj-003573,job-03573,work-on-site
wtj-003574,job-03574,work-on-site
wtj-003575,job-03575,work-on-site
wtj-003576,job-03576,work-on-site
wtj-003577,job-03577,work-on-site
wtj-003578,job-03578,work-on-site
wtj-003579,job-03579,work-on-site
wtj-003580,job-03580,work-field
wtj-003581,job-03581,work-remote
wtj-003582,job-03582,work-on-site
wtj-003583,job-03583,work-on-site
wtj-003584,job-03584,work-on-site
wtj-003585,job-03585,work-on-site
wtj-003586,job-03586,work-on-site
wtj-003587,job-03587,work-on-site
wtj-003588,job-03588,work-on-site
wtj-003589,job-03589,work-field
wtj-003590,job-03590,work-on-site
wtj-003591,job-03591,work-on-site
wtj-003592,job-03592,work-on-site
wtj-003593,job-03593,work-on-site
wtj-003594,job-03594,work-on-site
wtj-003595,job-03595,work-on-site
wtj-003596,job-03596,work-on-site
wtj-003597,job-03597,work-on-site
wtj-003598,job-03598,work-on-site
wtj-003599,job-03599,work-on-site
wtj-003600,job-03600,work-on-site
wtj-003601,job-03601,work-on-site
wtj-003602,job-03602,work-on-site
wtj-003603,job-03603,work-on-site
wtj-003604,job-03604,work-on-site
wtj-003605,job-03605,work-on-site
wtj-003606,job-03606,work-on-site
wtj-003607,job-03607,work-on-site
wtj-003608,job-03608,work-on-site
wtj-003609,job-03609,work-on-site
wtj-003610,job-03610,work-on-site
wtj-003611,job-03611,work-on-site
wtj-003612,job-03612,work-on-site
wtj-003613,job-03613,work-on-site
wtj-003614,job-03614,work-on-site
wtj-003615,job-03615,work-on-site
wtj-003616,job-03616,work-on-site
wtj-003617,job-03617,work-on-site
wtj-003618,job-03618,work-on-site
wtj-003619,job-03619,work-on-site
wtj-003620,job-03620,work-on-site
wtj-003621,job-03621,work-on-site
wtj-003622,job-03622,work-on-site
wtj-003623,job-03623,work-on-site
wtj-003624,job-03624,work-on-site
wtj-003625,job-03625,work-on-site
wtj-003626,job-03626,work-on-site
wtj-003627,job-03627,work-on-site
wtj-003628,job-03628,work-on-site
wtj-003629,job-03629,work-on-site
wtj-003630,job-03630,work-on-site
wtj-003631,job-03631,work-on-site
wtj-003632,job-03632,work-on-site
wtj-003633,job-03633,work-on-site
wtj-003634,job-03634,work-on-site
wtj-003635,job-03635,work-on-site
wtj-003636,job-03636,work-on-site
wtj-003637,job-03637,work-on-site
wtj-003638,job-03638,work-on-site
wtj-003639,job-03639,work-on-site
wtj-003640,job-03640,work-on-site
wtj-003641,job-03641,work-on-site
wtj-003642,job-03642,work-on-site
wtj-003643,job-03643,work-on-site
wtj-003644,job-03644,work-on-site
wtj-003645,job-03645,work-on-site
wtj-003646,job-03646,work-on-site
wtj-003647,job-03647,work-on-site
wtj-003648,job-03648,work-on-site
wtj-003649,job-03649,work-on-site
wtj-003650,job-03650,work-on-site
wtj-003651,job-03651,work-on-site
wtj-003652,job-03652,work-on-site
wtj-003653,job-03653,work-on-site
wtj-003654,job-03654,work-on-site
wtj-003655,job-03655,work-on-site
wtj-003656,job-03656,work-on-site
wtj-003657,job-03657,work-on-site
wtj-003658,job-03658,work-on-site
wtj-003659,job-03659,work-on-site
wtj-003660,job-03660,work-on-site
wtj-003661,job-03661,work-on-site
wtj-003662,job-03662,work-on-site
wtj-003663,job-03663,work-on-site
wtj-003664,job-03664,work-on-site
wtj-003665,job-03665,work-on-site
wtj-003666,job-03666,work-on-site
wtj-003667,job-03667,work-on-site
wtj-003668,job-03668,work-on-site
wtj-003669,job-03669,work-on-site
wtj-003670,job-03670,work-on-site
wtj-003671,job-03671,work-on-site
wtj-003672,job-03672,work-on-site
wtj-003673,job-03673,work-on-site
wtj-003674,job-03674,work-on-site
wtj-003675,job-03675,work-on-site
wtj-003676,job-03676,work-on-site
wtj-003677,job-03677,work-on-site
wtj-003678,job-03678,work-on-site
wtj-003679,job-03679,work-on-site
wtj-003680,job-03680,work-on-site
wtj-003681,job-03681,work-on-site
wtj-003682,job-03682,work-on-site
wtj-003683,job-03683,work-on-site
wtj-003684,job-03684,work-on-site
wtj-003685,job-03685,work-on-site
wtj-003686,job-03686,work-on-site
wtj-003687,job-03687,work-on-site
wtj-003688,job-03688,work-on-site
wtj-003689,job-03689,work-on-site
wtj-003690,job-03690,work-on-site
wtj-003691,job-03691,work-on-site
wtj-003692,job-03692,work-on-site
wtj-003693,job-03693,work-on-site
wtj-003694,job-03694,work-on-site
wtj-003695,job-03695,work-on-site
wtj-003696,job-03696,work-on-site
wtj-003697,job-03697,work-on-site
wtj-003698,job-03698,work-on-site
wtj-003699,job-03699,work-on-site
wtj-003700,job-03700,work-on-site
wtj-003701,job-03701,work-on-site
wtj-003702,job-03702,work-on-site
wtj-003703,job-03703,work-on-site
wtj-003704,job-03704,work-on-site
wtj-003705,job-03705,work-on-site
wtj-003706,job-03706,work-on-site
wtj-003707,job-03707,work-on-site
wtj-003708,job-03708,work-on-site
wtj-003709,job-03709,work-on-site
wtj-003710,job-03710,work-on-site
wtj-003711,job-03711,work-on-site
wtj-003712,job-03712,work-on-site
wtj-003713,job-03713,work-on-site
wtj-003714,job-03714,work-on-site
wtj-003715,job-03715,work-on-site
wtj-003716,job-03716,work-on-site
wtj-003717,job-03717,work-on-site
wtj-003718,job-03718,work-on-site
wtj-003719,job-03719,work-on-site
wtj-003720,job-03720,work-on-site
wtj-003721,job-03721,work-on-site
wtj-003722,job-03722,work-on-site
wtj-003723,job-03723,work-on-site
wtj-003724,job-03724,work-on-site
wtj-003725,job-03725,work-on-site
wtj-003726,job-03726,work-on-site
wtj-003727,job-03727,work-on-site
wtj-003728,job-03728,work-on-site
wtj-003729,job-03729,work-on-site
wtj-003730,job-03730,work-on-site
wtj-003731,job-03731,work-on-site
wtj-003732,job-03732,work-on-site
wtj-003733,job-03733,work-on-site
wtj-003734,job-03734,work-on-site
wtj-003735,job-03735,work-on-site
wtj-003736,job-03736,work-on-site
wtj-003737,job-03737,work-on-site
wtj-003738,job-03738,work-on-site
wtj-003739,job-03739,work-on-site
wtj-003740,job-03740,work-on-site
wtj-003741,job-03741,work-on-site
wtj-003742,job-03742,work-on-site
wtj-003743,job-03743,work-on-site
wtj-003744,job-03744,work-on-site
wtj-003745,job-03745,work-on-site
wtj-003746,job-03746,work-on-site
wtj-003747,job-03747,work-on-site
wtj-003748,job-03748,work-on-site
wtj-003749,job-03749,work-on-site
wtj-003750,job-03750,work-on-site
wtj-003751,job-03751,work-on-site
wtj-003752,job-03752,work-on-site
wtj-003753,job-03753,work-on-site
wtj-003754,job-03754,work-on-site
wtj-003755,job-03755,work-on-site
wtj-003756,job-03756,work-on-site
wtj-003757,job-03757,work-on-site
wtj-003758,job-03758,work-on-site
wtj-003759,job-03759,work-on-site
wtj-003760,job-03760,work-on-site
wtj-003761,job-03761,work-on-site
wtj-003762,job-03762,work-on-site
wtj-003763,job-03763,work-on-site
wtj-003764,job-03764,work-on-site
wtj-003765,job-03765,work-on-site
wtj-003766,job-03766,work-on-site
wtj-003767,job-03767,work-on-site
wtj-003768,job-03768,work-on-site
wtj-003769,job-03769,work-on-site
wtj-003770,job-03770,work-on-site
wtj-003771,job-03771,work-on-site
wtj-003772,job-03772,work-on-site
wtj-003773,job-03773,work-on-site
wtj-003774,job-03774,work-on-site
wtj-003775,job-03775,work-on-site
wtj-003776,job-03776,work-on-site
wtj-003777,job-03777,work-on-site
wtj-003778,job-03778,work-on-site
wtj-003779,job-03779,work-on-site
wtj-003780,job-03780,work-on-site
wtj-003781,job-03781,work-on-site
wtj-003782,job-03782,work-on-site
wtj-003783,job-03783,work-field
wtj-003784,job-03784,work-on-site
wtj-003785,job-03785,work-on-site
wtj-003786,job-03786,work-on-site
wtj-003787,job-03787,work-on-site
wtj-003788,job-03788,work-on-site
wtj-003789,job-03789,work-on-site
wtj-003790,job-03790,work-on-site
wtj-003791,job-03791,work-on-site
wtj-003792,job-03792,work-on-site
wtj-003793,job-03793,work-on-site
wtj-003794,job-03794,work-on-site
wtj-003795,job-03795,work-on-site
wtj-003796,job-03796,work-on-site
wtj-003797,job-03797,work-on-site
wtj-003798,job-03798,work-on-site
wtj-003799,job-03799,work-on-site
wtj-003800,job-03800,work-on-site
wtj-003801,job-03801,work-on-site
wtj-003802,job-03802,work-on-site
wtj-003803,job-03803,work-on-site
wtj-003804,job-03804,work-on-site
wtj-003805,job-03805,work-on-site
wtj-003806,job-03806,work-on-site
wtj-003807,job-03807,work-on-site
wtj-003808,job-03808,work-on-site
wtj-003809,job-03809,work-on-site
wtj-003810,job-03810,work-on-site
wtj-003811,job-03811,work-field
wtj-003812,job-03812,work-on-site
wtj-003813,job-03813,work-on-site
wtj-003814,job-03814,work-on-site
wtj-003815,job-03815,work-on-site
wtj-003816,job-03816,work-on-site
wtj-003817,job-03817,work-on-site
wtj-003818,job-03818,work-on-site
wtj-003819,job-03819,work-on-site
wtj-003820,job-03820,work-on-site
wtj-003821,job-03821,work-on-site
wtj-003822,job-03822,work-on-site
wtj-003823,job-03823,work-on-site
wtj-003824,job-03824,work-on-site
wtj-003825,job-03825,work-on-site
wtj-003826,job-03826,work-on-site
wtj-003827,job-03827,work-on-site
wtj-003828,job-03828,work-on-site
wtj-003829,job-03829,work-on-site
wtj-003830,job-03830,work-on-site
wtj-003831,job-03831,work-on-site
wtj-003832,job-03832,work-on-site
wtj-003833,job-03833,work-on-site
wtj-003834,job-03834,work-on-site
wtj-003835,job-03835,work-on-site
wtj-003836,job-03836,work-on-site
wtj-003837,job-03837,work-field
wtj-003838,job-03838,work-on-site
wtj-003839,job-03839,work-hybrid
wtj-003840,job-03840,work-on-site
wtj-003841,job-03841,work-hybrid
wtj-003842,job-03842,work-on-site
wtj-003843,job-03843,work-on-site
wtj-003844,job-03844,work-on-site
wtj-003845,job-03845,work-on-site
wtj-003846,job-03846,work-on-site
wtj-003847,job-03847,work-on-site
wtj-003848,job-03848,work-on-site
wtj-003849,job-03849,work-on-site
wtj-003850,job-03850,work-on-site
wtj-003851,job-03851,work-on-site
wtj-003852,job-03852,work-on-site
wtj-003853,job-03853,work-on-site
wtj-003854,job-03854,work-on-site
wtj-003855,job-03855,work-on-site
wtj-003856,job-03856,work-on-site
wtj-003857,job-03857,work-on-site
wtj-003858,job-03858,work-on-site
wtj-003859,job-03859,work-on-site
wtj-003860,job-03860,work-field
wtj-003861,job-03861,work-on-site
wtj-003862,job-03862,work-on-site
wtj-003863,job-03863,work-on-site
wtj-003864,job-03864,work-on-site
wtj-003865,job-03865,work-on-site
wtj-003866,job-03866,work-on-site
wtj-003867,job-03867,work-on-site
wtj-003868,job-03868,work-on-site
wtj-003869,job-03869,work-on-site
wtj-003870,job-03870,work-on-site
wtj-003871,job-03871,work-on-site
wtj-003872,job-03872,work-on-site
wtj-003873,job-03873,work-on-site
wtj-003874,job-03874,work-field
wtj-003875,job-03875,work-on-site
wtj-003876,job-03876,work-on-site
wtj-003877,job-03877,work-on-site
wtj-003878,job-03878,work-on-site
wtj-003879,job-03879,work-on-site
wtj-003880,job-03880,work-on-site
wtj-003881,job-03881,work-on-site
wtj-003882,job-03882,work-on-site
wtj-003883,job-03883,work-on-site
wtj-003884,job-03884,work-on-site
wtj-003885,job-03885,work-on-site
wtj-003886,job-03886,work-on-site
wtj-003887,job-03887,work-on-site
wtj-003888,job-03888,work-on-site
wtj-003889,job-03889,work-on-site
wtj-003890,job-03890,work-on-site
wtj-003891,job-03891,work-on-site
wtj-003892,job-03892,work-on-site
wtj-003893,job-03893,work-on-site
wtj-003894,job-03894,work-on-site
wtj-003895,job-03895,work-on-site
wtj-003896,job-03896,work-field
wtj-003897,job-03897,work-on-site
wtj-003898,job-03898,work-on-site
wtj-003899,job-03899,work-on-site
wtj-003900,job-03900,work-field
wtj-003901,job-03901,work-on-site
wtj-003902,job-03902,work-on-site
wtj-003903,job-03903,work-on-site
wtj-003904,job-03904,work-field
wtj-003905,job-03905,work-on-site
wtj-003906,job-03906,work-on-site
wtj-003907,job-03907,work-on-site
wtj-003908,job-03908,work-on-site
wtj-003909,job-03909,work-on-site
wtj-003910,job-03910,work-on-site
wtj-003911,job-03911,work-field
wtj-003912,job-03912,work-on-site
wtj-003913,job-03913,work-on-site
wtj-003914,job-03914,work-on-site
wtj-003915,job-03915,work-on-site
wtj-003916,job-03916,work-on-site
wtj-003917,job-03917,work-on-site
wtj-003918,job-03918,work-on-site
wtj-003919,job-03919,work-on-site
wtj-003920,job-03920,work-on-site
wtj-003921,job-03921,work-on-site
wtj-003922,job-03922,work-on-site
wtj-003923,job-03923,work-on-site
wtj-003924,job-03924,work-on-site
wtj-003925,job-03925,work-field
wtj-003926,job-03926,work-on-site
wtj-003927,job-03927,work-on-site
wtj-003928,job-03928,work-on-site
wtj-003929,job-03929,work-on-site
wtj-003930,job-03930,work-on-site
wtj-003931,job-03931,work-on-site
wtj-003932,job-03932,work-on-site
wtj-003933,job-03933,work-on-site
wtj-003934,job-03934,work-on-site
wtj-003935,job-03935,work-on-site
wtj-003936,job-03936,work-on-site
wtj-003937,job-03937,work-on-site
wtj-003938,job-03938,work-on-site
wtj-003939,job-03939,work-on-site
wtj-003940,job-03940,work-on-site
wtj-003941,job-03941,work-on-site
wtj-003942,job-03942,work-on-site
wtj-003943,job-03943,work-on-site
wtj-003944,job-03944,work-on-site
wtj-003945,job-03945,work-on-site
wtj-003946,job-03946,work-on-site
wtj-003947,job-03947,work-on-site
wtj-003948,job-03948,work-on-site
wtj-003949,job-03949,work-on-site
wtj-003950,job-03950,work-on-site
wtj-003951,job-03951,work-on-site
wtj-003952,job-03952,work-on-site
wtj-003953,job-03953,work-field
wtj-003954,job-03954,work-on-site
wtj-003955,job-03955,work-on-site
wtj-003956,job-03956,work-on-site
wtj-003957,job-03957,work-on-site
wtj-003958,job-03958,work-on-site
wtj-003959,job-03959,work-on-site
wtj-003960,job-03960,work-on-site
wtj-003961,job-03961,work-on-site
wtj-003962,job-03962,work-on-site
wtj-003963,job-03963,work-on-site
wtj-003964,job-03964,work-on-site
wtj-003965,job-03965,work-on-site
wtj-003966,job-03966,work-on-site
wtj-003967,job-03967,work-on-site
wtj-003968,job-03968,work-on-site
wtj-003969,job-03969,work-on-site
wtj-003970,job-03970,work-on-site
wtj-003971,job-03971,work-on-site
wtj-003972,job-03972,work-on-site
wtj-003973,job-03973,work-on-site
wtj-003974,job-03974,work-on-site
wtj-003975,job-03975,work-on-site
wtj-003976,job-03976,work-on-site
wtj-003977,job-03977,work-on-site
wtj-003978,job-03978,work-on-site
wtj-003979,job-03979,work-on-site
wtj-003980,job-03980,work-on-site
wtj-003981,job-03981,work-on-site
wtj-003982,job-03982,work-on-site
wtj-003983,job-03983,work-on-site
wtj-003984,job-03984,work-on-site
wtj-003985,job-03985,work-on-site
wtj-003986,job-03986,work-field
wtj-003987,job-03987,work-on-site
wtj-003988,job-03988,work-on-site
wtj-003989,job-03989,work-on-site
wtj-003990,job-03990,work-on-site
wtj-003991,job-03991,work-on-site
wtj-003992,job-03992,work-on-site
wtj-003993,job-03993,work-on-site
wtj-003994,job-03994,work-on-site
wtj-003995,job-03995,work-on-site
wtj-003996,job-03996,work-on-site
wtj-003997,job-03997,work-on-site
wtj-003998,job-03998,work-on-site
wtj-003999,job-03999,work-field
wtj-004000,job-04000,work-on-site
wtj-004001,job-04001,work-on-site
wtj-004002,job-04002,work-on-site
wtj-004003,job-04003,work-on-site
wtj-004004,job-04004,work-on-site
wtj-004005,job-04005,work-on-site
wtj-004006,job-04006,work-on-site
wtj-004007,job-04007,work-on-site
wtj-004008,job-04008,work-on-site
wtj-004009,job-04009,work-on-site
wtj-004010,job-04010,work-on-site
wtj-004011,job-04011,work-on-site
wtj-004012,job-04012,work-on-site
wtj-004013,job-04013,work-on-site
wtj-004014,job-04014,work-on-site
wtj-004015,job-04015,work-on-site
wtj-004016,job-04016,work-on-site
wtj-004017,job-04017,work-on-site
wtj-004018,job-04018,work-on-site
wtj-004019,job-04019,work-on-site
wtj-004020,job-04020,work-on-site
wtj-004021,job-04021,work-on-site
wtj-004022,job-04022,work-on-site
wtj-004023,job-04023,work-on-site
wtj-004024,job-04024,work-on-site
wtj-004025,job-04025,work-on-site
wtj-004026,job-04026,work-on-site
wtj-004027,job-04027,work-on-site
wtj-004028,job-04028,work-on-site
wtj-004029,job-04029,work-on-site
wtj-004030,job-04030,work-on-site
wtj-004031,job-04031,work-on-site
wtj-004032,job-04032,work-on-site
wtj-004033,job-04033,work-on-site
wtj-004034,job-04034,work-on-site
wtj-004035,job-04035,work-on-site
wtj-004036,job-04036,work-on-site
wtj-004037,job-04037,work-on-site
wtj-004038,job-04038,work-field
wtj-004039,job-04039,work-field
wtj-004040,job-04040,work-field
wtj-004041,job-04041,work-field
wtj-004042,job-04042,work-field
wtj-004043,job-04043,work-on-site
wtj-004044,job-04044,work-on-site
wtj-004045,job-04045,work-on-site
wtj-004046,job-04046,work-on-site
wtj-004047,job-04047,work-on-site
wtj-004048,job-04048,work-on-site
wtj-004049,job-04049,work-on-site
wtj-004050,job-04050,work-on-site
wtj-004051,job-04051,work-on-site
wtj-004052,job-04052,work-field
wtj-004053,job-04053,work-on-site
wtj-004054,job-04054,work-on-site
wtj-004055,job-04055,work-field
wtj-004056,job-04056,work-on-site
wtj-004057,job-04057,work-on-site
wtj-004058,job-04058,work-on-site
wtj-004059,job-04059,work-on-site
wtj-004060,job-04060,work-on-site
wtj-004061,job-04061,work-on-site
wtj-004062,job-04062,work-on-site
wtj-004063,job-04063,work-on-site
wtj-004064,job-04064,work-on-site
wtj-004065,job-04065,work-on-site
wtj-004066,job-04066,work-on-site
wtj-004067,job-04067,work-on-site
wtj-004068,job-04068,work-on-site
wtj-004069,job-04069,work-on-site
wtj-004070,job-04070,work-on-site
wtj-004071,job-04071,work-on-site
wtj-004072,job-04072,work-on-site
wtj-004073,job-04073,work-on-site
wtj-004074,job-04074,work-on-site
wtj-004075,job-04075,work-field
wtj-004076,job-04076,work-on-site
wtj-004077,job-04077,work-on-site
wtj-004078,job-04078,work-on-site
wtj-004079,job-04079,work-on-site
wtj-004080,job-04080,work-on-site
wtj-004081,job-04081,work-field
wtj-004082,job-04082,work-field
wtj-004083,job-04083,work-field
wtj-004084,job-04084,work-on-site
wtj-004085,job-04085,work-on-site
wtj-004086,job-04086,work-on-site
wtj-004087,job-04087,work-on-site
wtj-004088,job-04088,work-on-site
wtj-004089,job-04089,work-on-site
wtj-004090,job-04090,work-on-site
wtj-004091,job-04091,work-field
wtj-004092,job-04092,work-on-site
wtj-004093,job-04093,work-on-site
wtj-004094,job-04094,work-on-site
wtj-004095,job-04095,work-on-site
wtj-004096,job-04096,work-on-site
wtj-004097,job-04097,work-on-site
wtj-004098,job-04098,work-on-site
wtj-004099,job-04099,work-on-site
wtj-004100,job-04100,work-on-site
wtj-004101,job-04101,work-on-site
wtj-004102,job-04102,work-on-site
wtj-004103,job-04103,work-on-site
wtj-004104,job-04104,work-on-site
wtj-004105,job-04105,work-on-site
wtj-004106,job-04106,work-on-site
wtj-004107,job-04107,work-on-site
wtj-004108,job-04108,work-on-site
wtj-004109,job-04109,work-on-site
wtj-004110,job-04110,work-on-site
wtj-004111,job-04111,work-on-site
wtj-004112,job-04112,work-on-site
wtj-004113,job-04113,work-on-site
wtj-004114,job-04114,work-on-site
wtj-004115,job-04115,work-on-site
wtj-004116,job-04116,work-on-site
wtj-004117,job-04117,work-on-site
wtj-004118,job-04118,work-on-site
wtj-004119,job-04119,work-on-site
wtj-004120,job-04120,work-on-site
wtj-004121,job-04121,work-on-site
wtj-004122,job-04122,work-on-site
wtj-004123,job-04123,work-on-site
wtj-004124,job-04124,work-on-site
wtj-004125,job-04125,work-on-site
wtj-004126,job-04126,work-on-site
wtj-004127,job-04127,work-on-site
wtj-004128,job-04128,work-on-site
wtj-004129,job-04129,work-on-site
wtj-004130,job-04130,work-on-site
wtj-004131,job-04131,work-on-site
wtj-004132,job-04132,work-on-site
wtj-004133,job-04133,work-on-site
wtj-004134,job-04134,work-on-site
wtj-004135,job-04135,work-on-site
wtj-004136,job-04136,work-on-site
wtj-004137,job-04137,work-on-site
wtj-004138,job-04138,work-on-site
wtj-004139,job-04139,work-on-site
wtj-004140,job-04140,work-on-site
wtj-004141,job-04141,work-on-site
wtj-004142,job-04142,work-on-site
wtj-004143,job-04143,work-on-site
wtj-004144,job-04144,work-on-site
wtj-004145,job-04145,work-on-site
wtj-004146,job-04146,work-on-site
wtj-004147,job-04147,work-on-site
wtj-004148,job-04148,work-on-site
wtj-004149,job-04149,work-on-site
wtj-004150,job-04150,work-on-site
wtj-004151,job-04151,work-field
wtj-004152,job-04152,work-on-site
wtj-004153,job-04153,work-on-site
wtj-004154,job-04154,work-on-site
wtj-004155,job-04155,work-on-site
wtj-004156,job-04156,work-on-site
wtj-004157,job-04157,work-on-site
wtj-004158,job-04158,work-on-site
wtj-004159,job-04159,work-on-site
wtj-004160,job-04160,work-on-site
wtj-004161,job-04161,work-on-site
wtj-004162,job-04162,work-on-site
wtj-004163,job-04163,work-on-site
wtj-004164,job-04164,work-on-site
wtj-004165,job-04165,work-on-site
wtj-004166,job-04166,work-on-site
wtj-004167,job-04167,work-on-site
wtj-004168,job-04168,work-on-site
wtj-004169,job-04169,work-on-site
wtj-004170,job-04170,work-on-site
wtj-004171,job-04171,work-on-site
wtj-004172,job-04172,work-on-site
wtj-004173,job-04173,work-on-site
wtj-004174,job-04174,work-field
wtj-004175,job-04175,work-on-site
wtj-004176,job-04176,work-on-site
wtj-004177,job-04177,work-on-site
wtj-004178,job-04178,work-on-site
wtj-004179,job-04179,work-on-site
wtj-004180,job-04180,work-on-site
wtj-004181,job-04181,work-on-site
wtj-004182,job-04182,work-on-site
wtj-004183,job-04183,work-on-site
wtj-004184,job-04184,work-on-site
wtj-004185,job-04185,work-on-site
wtj-004186,job-04186,work-on-site
wtj-004187,job-04187,work-on-site
wtj-004188,job-04188,work-on-site
wtj-004189,job-04189,work-on-site
wtj-004190,job-04190,work-on-site
wtj-004191,job-04191,work-on-site
wtj-004192,job-04192,work-on-site
wtj-004193,job-04193,work-on-site
wtj-004194,job-04194,work-on-site
wtj-004195,job-04195,work-on-site
wtj-004196,job-04196,work-on-site
wtj-004197,job-04197,work-on-site
wtj-004198,job-04198,work-on-site
wtj-004199,job-04199,work-on-site
wtj-004200,job-04200,work-on-site
wtj-004201,job-04201,work-on-site
wtj-004202,job-04202,work-on-site
wtj-004203,job-04203,work-on-site
wtj-004204,job-04204,work-on-site
wtj-004205,job-04205,work-on-site
wtj-004206,job-04206,work-on-site
wtj-004207,job-04207,work-on-site
wtj-004208,job-04208,work-on-site
wtj-004209,job-04209,work-on-site
wtj-004210,job-04210,work-on-site
wtj-004211,job-04211,work-on-site
wtj-004212,job-04212,work-on-site
wtj-004213,job-04213,work-on-site
wtj-004214,job-04214,work-on-site
wtj-004215,job-04215,work-field
wtj-004216,job-04216,work-on-site
wtj-004217,job-04217,work-on-site
wtj-004218,job-04218,work-on-site
wtj-004219,job-04219,work-on-site
wtj-004220,job-04220,work-on-site
wtj-004221,job-04221,work-on-site
wtj-004222,job-04222,work-on-site
wtj-004223,job-04223,work-on-site
wtj-004224,job-04224,work-on-site
wtj-004225,job-04225,work-on-site
wtj-004226,job-04226,work-on-site
wtj-004227,job-04227,work-on-site
wtj-004228,job-04228,work-on-site
wtj-004229,job-04229,work-on-site
wtj-004230,job-04230,work-field
wtj-004231,job-04231,work-on-site
wtj-004232,job-04232,work-on-site
wtj-004233,job-04233,work-on-site
wtj-004234,job-04234,work-on-site
wtj-004235,job-04235,work-on-site
wtj-004236,job-04236,work-on-site
wtj-004237,job-04237,work-on-site
wtj-004238,job-04238,work-on-site
wtj-004239,job-04239,work-on-site
wtj-004240,job-04240,work-on-site
wtj-004241,job-04241,work-on-site
wtj-004242,job-04242,work-on-site
wtj-004243,job-04243,work-on-site
wtj-004244,job-04244,work-on-site
wtj-004245,job-04245,work-on-site
wtj-004246,job-04246,work-on-site
wtj-004247,job-04247,work-on-site
wtj-004248,job-04248,work-on-site
wtj-004249,job-04249,work-on-site
wtj-004250,job-04250,work-on-site
wtj-004251,job-04251,work-on-site
wtj-004252,job-04252,work-on-site
wtj-004253,job-04253,work-on-site
wtj-004254,job-04254,work-on-site
wtj-004255,job-04255,work-on-site
wtj-004256,job-04256,work-on-site
wtj-004257,job-04257,work-on-site
wtj-004258,job-04258,work-on-site
wtj-004259,job-04259,work-on-site
wtj-004260,job-04260,work-on-site
wtj-004261,job-04261,work-on-site
wtj-004262,job-04262,work-on-site
wtj-004263,job-04263,work-on-site
wtj-004264,job-04264,work-on-site
wtj-004265,job-04265,work-on-site
wtj-004266,job-04266,work-on-site
wtj-004267,job-04267,work-on-site
wtj-004268,job-04268,work-on-site
wtj-004269,job-04269,work-on-site
wtj-004270,job-04270,work-on-site
wtj-004271,job-04271,work-on-site
wtj-004272,job-04272,work-on-site
wtj-004273,job-04273,work-on-site
wtj-004274,job-04274,work-on-site
wtj-004275,job-04275,work-on-site
wtj-004276,job-04276,work-on-site
wtj-004277,job-04277,work-on-site
wtj-004278,job-04278,work-on-site
wtj-004279,job-04279,work-on-site
wtj-004280,job-04280,work-on-site
wtj-004281,job-04281,work-on-site
wtj-004282,job-04282,work-on-site
wtj-004283,job-04283,work-on-site
wtj-004284,job-04284,work-on-site
wtj-004285,job-04285,work-on-site
wtj-004286,job-04286,work-on-site
wtj-004287,job-04287,work-on-site
wtj-004288,job-04288,work-on-site
wtj-004289,job-04289,work-on-site
wtj-004290,job-04290,work-on-site
wtj-004291,job-04291,work-on-site
wtj-004292,job-04292,work-on-site
wtj-004293,job-04293,work-on-site
wtj-004294,job-04294,work-on-site
wtj-004295,job-04295,work-on-site
wtj-004296,job-04296,work-on-site
wtj-004297,job-04297,work-on-site
wtj-004298,job-04298,work-on-site
wtj-004299,job-04299,work-on-site
wtj-004300,job-04300,work-on-site
wtj-004301,job-04301,work-on-site
wtj-004302,job-04302,work-on-site
wtj-004303,job-04303,work-on-site
wtj-004304,job-04304,work-on-site
wtj-004305,job-04305,work-on-site
wtj-004306,job-04306,work-on-site
wtj-004307,job-04307,work-on-site
wtj-004308,job-04308,work-on-site
wtj-004309,job-04309,work-on-site
wtj-004310,job-04310,work-on-site
wtj-004311,job-04311,work-on-site
wtj-004312,job-04312,work-on-site
wtj-004313,job-04313,work-on-site
wtj-004314,job-04314,work-on-site
wtj-004315,job-04315,work-on-site
wtj-004316,job-04316,work-on-site
wtj-004317,job-04317,work-on-site
wtj-004318,job-04318,work-on-site
wtj-004319,job-04319,work-on-site
wtj-004320,job-04320,work-on-site
wtj-004321,job-04321,work-on-site
wtj-004322,job-04322,work-on-site
wtj-004323,job-04323,work-on-site
wtj-004324,job-04324,work-on-site
wtj-004325,job-04325,work-on-site
wtj-004326,job-04326,work-on-site
wtj-004327,job-04327,work-on-site
wtj-004328,job-04328,work-on-site
wtj-004329,job-04329,work-on-site
wtj-004330,job-04330,work-on-site
wtj-004331,job-04331,work-on-site
wtj-004332,job-04332,work-on-site
wtj-004333,job-04333,work-on-site
wtj-004334,job-04334,work-on-site
wtj-004335,job-04335,work-on-site
wtj-004336,job-04336,work-on-site
wtj-004337,job-04337,work-on-site
wtj-004338,job-04338,work-on-site
wtj-004339,job-04339,work-on-site
wtj-004340,job-04340,work-on-site
wtj-004341,job-04341,work-on-site
wtj-004342,job-04342,work-on-site
wtj-004343,job-04343,work-on-site
wtj-004344,job-04344,work-on-site
wtj-004345,job-04345,work-on-site
wtj-004346,job-04346,work-on-site
wtj-004347,job-04347,work-on-site
wtj-004348,job-04348,work-on-site
wtj-004349,job-04349,work-on-site
wtj-004350,job-04350,work-on-site
wtj-004351,job-04351,work-on-site
wtj-004352,job-04352,work-on-site
wtj-004353,job-04353,work-on-site
wtj-004354,job-04354,work-on-site
wtj-004355,job-04355,work-on-site
wtj-004356,job-04356,work-on-site
wtj-004357,job-04357,work-on-site
wtj-004358,job-04358,work-on-site
wtj-004359,job-04359,work-on-site
wtj-004360,job-04360,work-on-site
wtj-004361,job-04361,work-on-site
wtj-004362,job-04362,work-on-site
wtj-004363,job-04363,work-on-site
wtj-004364,job-04364,work-on-site
wtj-004365,job-04365,work-on-site
wtj-004366,job-04366,work-on-site
wtj-004367,job-04367,work-on-site
wtj-004368,job-04368,work-on-site
wtj-004369,job-04369,work-on-site
wtj-004370,job-04370,work-on-site
wtj-004371,job-04371,work-on-site
wtj-004372,job-04372,work-on-site
wtj-004373,job-04373,work-on-site
wtj-004374,job-04374,work-on-site
wtj-004375,job-04375,work-on-site
wtj-004376,job-04376,work-on-site
wtj-004377,job-04377,work-on-site
wtj-004378,job-04378,work-on-site
wtj-004379,job-04379,work-on-site
wtj-004380,job-04380,work-on-site
wtj-004381,job-04381,work-on-site
wtj-004382,job-04382,work-on-site
wtj-004383,job-04383,work-on-site
wtj-004384,job-04384,work-on-site
wtj-004385,job-04385,work-on-site
wtj-004386,job-04386,work-on-site
wtj-004387,job-04387,work-on-site
wtj-004388,job-04388,work-on-site
wtj-004389,job-04389,work-on-site
wtj-004390,job-04390,work-on-site
wtj-004391,job-04391,work-on-site
wtj-004392,job-04392,work-on-site
wtj-004393,job-04393,work-on-site
wtj-004394,job-04394,work-on-site
wtj-004395,job-04395,work-on-site
wtj-004396,job-04396,work-on-site
wtj-004397,job-04397,work-on-site
wtj-004398,job-04398,work-on-site
wtj-004399,job-04399,work-on-site
wtj-004400,job-04400,work-on-site
wtj-004401,job-04401,work-on-site
wtj-004402,job-04402,work-on-site
wtj-004403,job-04403,work-on-site
wtj-004404,job-04404,work-on-site
wtj-004405,job-04405,work-on-site
wtj-004406,job-04406,work-on-site
wtj-004407,job-04407,work-on-site
wtj-004408,job-04408,work-on-site
wtj-004409,job-04409,work-on-site
wtj-004410,job-04410,work-on-site
wtj-004411,job-04411,work-on-site
wtj-004412,job-04412,work-on-site
wtj-004413,job-04413,work-on-site
wtj-004414,job-04414,work-on-site
wtj-004415,job-04415,work-on-site
wtj-004416,job-04416,work-on-site
wtj-004417,job-04417,work-on-site
wtj-004418,job-04418,work-on-site
wtj-004419,job-04419,work-on-site
wtj-004420,job-04420,work-on-site
wtj-004421,job-04421,work-on-site
wtj-004422,job-04422,work-on-site
wtj-004423,job-04423,work-on-site
wtj-004424,job-04424,work-on-site
wtj-004425,job-04425,work-on-site
wtj-004426,job-04426,work-on-site
wtj-004427,job-04427,work-on-site
wtj-004428,job-04428,work-on-site
wtj-004429,job-04429,work-on-site
wtj-004430,job-04430,work-on-site
wtj-004431,job-04431,work-on-site
wtj-004432,job-04432,work-on-site
wtj-004433,job-04433,work-on-site
wtj-004434,job-04434,work-on-site
wtj-004435,job-04435,work-on-site
wtj-004436,job-04436,work-on-site
wtj-004437,job-04437,work-on-site
wtj-004438,job-04438,work-on-site
wtj-004439,job-04439,work-on-site
wtj-004440,job-04440,work-on-site
wtj-004441,job-04441,work-on-site
wtj-004442,job-04442,work-on-site
wtj-004443,job-04443,work-on-site
wtj-004444,job-04444,work-on-site
wtj-004445,job-04445,work-on-site
wtj-004446,job-04446,work-on-site
wtj-004447,job-04447,work-on-site
wtj-004448,job-04448,work-on-site
wtj-004449,job-04449,work-on-site
wtj-004450,job-04450,work-on-site
wtj-004451,job-04451,work-on-site
wtj-004452,job-04452,work-on-site
wtj-004453,job-04453,work-on-site
wtj-004454,job-04454,work-on-site
wtj-004455,job-04455,work-on-site
wtj-004456,job-04456,work-on-site
wtj-004457,job-04457,work-on-site
wtj-004458,job-04458,work-on-site
wtj-004459,job-04459,work-on-site
wtj-004460,job-04460,work-on-site
wtj-004461,job-04461,work-on-site
wtj-004462,job-04462,work-on-site
wtj-004463,job-04463,work-on-site
wtj-004464,job-04464,work-on-site
wtj-004465,job-04465,work-on-site
wtj-004466,job-04466,work-on-site
wtj-004467,job-04467,work-on-site
wtj-004468,job-04468,work-on-site
wtj-004469,job-04469,work-on-site
wtj-004470,job-04470,work-on-site
wtj-004471,job-04471,work-on-site
wtj-004472,job-04472,work-on-site
wtj-004473,job-04473,work-on-site
wtj-004474,job-04474,work-on-site
wtj-004475,job-04475,work-on-site
wtj-004476,job-04476,work-on-site
wtj-004477,job-04477,work-on-site
wtj-004478,job-04478,work-on-site
wtj-004479,job-04479,work-on-site
wtj-004480,job-04480,work-on-site
wtj-004481,job-04481,work-on-site
wtj-004482,job-04482,work-on-site
wtj-004483,job-04483,work-on-site
wtj-004484,job-04484,work-on-site
wtj-004485,job-04485,work-on-site
wtj-004486,job-04486,work-on-site
wtj-004487,job-04487,work-on-site
wtj-004488,job-04488,work-on-site
wtj-004489,job-04489,work-on-site
wtj-004490,job-04490,work-on-site
wtj-004491,job-04491,work-on-site
wtj-004492,job-04492,work-on-site
wtj-004493,job-04493,work-on-site
wtj-004494,job-04494,work-on-site
wtj-004495,job-04495,work-on-site
wtj-004496,job-04496,work-on-site
wtj-004497,job-04497,work-on-site
wtj-004498,job-04498,work-on-site
wtj-004499,job-04499,work-on-site
wtj-004500,job-04500,work-on-site
wtj-004501,job-04501,work-on-site
wtj-004502,job-04502,work-on-site
wtj-004503,job-04503,work-on-site
wtj-004504,job-04504,work-on-site
wtj-004505,job-04505,work-on-site
wtj-004506,job-04506,work-on-site
wtj-004507,job-04507,work-on-site
wtj-004508,job-04508,work-on-site
wtj-004509,job-04509,work-on-site
wtj-004510,job-04510,work-on-site
wtj-004511,job-04511,work-on-site
wtj-004512,job-04512,work-on-site
wtj-004513,job-04513,work-on-site
wtj-004514,job-04514,work-on-site
wtj-004515,job-04515,work-on-site
wtj-004516,job-04516,work-on-site
wtj-004517,job-04517,work-on-site
wtj-004518,job-04518,work-on-site
wtj-004519,job-04519,work-on-site
wtj-004520,job-04520,work-on-site
wtj-004521,job-04521,work-on-site
wtj-004522,job-04522,work-on-site
wtj-004523,job-04523,work-on-site
wtj-004524,job-04524,work-on-site
wtj-004525,job-04525,work-on-site
wtj-004526,job-04526,work-on-site
wtj-004527,job-04527,work-on-site
wtj-004528,job-04528,work-on-site
wtj-004529,job-04529,work-on-site
wtj-004530,job-04530,work-on-site
wtj-004531,job-04531,work-on-site
wtj-004532,job-04532,work-on-site
wtj-004533,job-04533,work-on-site
wtj-004534,job-04534,work-on-site
wtj-004535,job-04535,work-on-site
wtj-004536,job-04536,work-on-site
wtj-004537,job-04537,work-on-site
wtj-004538,job-04538,work-on-site
wtj-004539,job-04539,work-on-site
wtj-004540,job-04540,work-on-site
wtj-004541,job-04541,work-on-site
wtj-004542,job-04542,work-on-site
wtj-004543,job-04543,work-on-site
wtj-004544,job-04544,work-on-site
wtj-004545,job-04545,work-on-site
wtj-004546,job-04546,work-on-site
wtj-004547,job-04547,work-on-site
wtj-004548,job-04548,work-on-site
wtj-004549,job-04549,work-on-site
wtj-004550,job-04550,work-on-site
wtj-004551,job-04551,work-on-site
wtj-004552,job-04552,work-on-site
wtj-004553,job-04553,work-on-site
wtj-004554,job-04554,work-on-site
wtj-004555,job-04555,work-on-site
wtj-004556,job-04556,work-on-site
wtj-004557,job-04557,work-on-site
wtj-004558,job-04558,work-on-site
wtj-004559,job-04559,work-on-site
wtj-004560,job-04560,work-on-site
wtj-004561,job-04561,work-on-site
wtj-004562,job-04562,work-on-site
wtj-004563,job-04563,work-on-site
wtj-004564,job-04564,work-on-site
wtj-004565,job-04565,work-on-site
wtj-004566,job-04566,work-on-site
wtj-004567,job-04567,work-on-site
wtj-004568,job-04568,work-on-site
wtj-004569,job-04569,work-on-site
wtj-004570,job-04570,work-on-site
wtj-004571,job-04571,work-on-site
wtj-004572,job-04572,work-on-site
wtj-004573,job-04573,work-on-site
wtj-004574,job-04574,work-on-site
wtj-004575,job-04575,work-on-site
wtj-004576,job-04576,work-on-site
wtj-004577,job-04577,work-on-site
wtj-004578,job-04578,work-on-site
wtj-004579,job-04579,work-on-site
wtj-004580,job-04580,work-on-site
wtj-004581,job-04581,work-on-site
wtj-004582,job-04582,work-on-site
wtj-004583,job-04583,work-on-site
wtj-004584,job-04584,work-on-site
wtj-004585,job-04585,work-on-site
wtj-004586,job-04586,work-on-site
wtj-004587,job-04587,work-on-site
wtj-004588,job-04588,work-on-site
wtj-004589,job-04589,work-on-site
wtj-004590,job-04590,work-on-site
wtj-004591,job-04591,work-on-site
wtj-004592,job-04592,work-on-site
wtj-004593,job-04593,work-on-site
wtj-004594,job-04594,work-on-site
wtj-004595,job-04595,work-on-site
wtj-004596,job-04596,work-on-site
wtj-004597,job-04597,work-on-site
wtj-004598,job-04598,work-on-site
wtj-004599,job-04599,work-on-site
wtj-004600,job-04600,work-on-site
wtj-004601,job-04601,work-on-site
wtj-004602,job-04602,work-on-site
wtj-004603,job-04603,work-on-site
wtj-004604,job-04604,work-on-site
wtj-004605,job-04605,work-on-site
wtj-004606,job-04606,work-on-site
wtj-004607,job-04607,work-on-site
wtj-004608,job-04608,work-on-site
wtj-004609,job-04609,work-on-site
wtj-004610,job-04610,work-on-site
wtj-004611,job-04611,work-on-site
wtj-004612,job-04612,work-on-site
wtj-004613,job-04613,work-on-site
wtj-004614,job-04614,work-on-site
wtj-004615,job-04615,work-on-site
wtj-004616,job-04616,work-on-site
wtj-004617,job-04617,work-on-site
wtj-004618,job-04618,work-on-site
wtj-004619,job-04619,work-on-site
wtj-004620,job-04620,work-on-site
wtj-004621,job-04621,work-on-site
wtj-004622,job-04622,work-on-site
wtj-004623,job-04623,work-on-site
wtj-004624,job-04624,work-on-site
wtj-004625,job-04625,work-on-site
wtj-004626,job-04626,work-on-site
wtj-004627,job-04627,work-on-site
wtj-004628,job-04628,work-on-site
wtj-004629,job-04629,work-on-site
wtj-004630,job-04630,work-on-site
wtj-004631,job-04631,work-on-site
wtj-004632,job-04632,work-on-site
wtj-004633,job-04633,work-on-site
wtj-004634,job-04634,work-on-site
wtj-004635,job-04635,work-on-site
wtj-004636,job-04636,work-on-site
wtj-004637,job-04637,work-on-site
wtj-004638,job-04638,work-on-site
wtj-004639,job-04639,work-on-site
wtj-004640,job-04640,work-on-site
wtj-004641,job-04641,work-on-site
wtj-004642,job-04642,work-on-site
wtj-004643,job-04643,work-on-site
wtj-004644,job-04644,work-on-site
wtj-004645,job-04645,work-on-site
wtj-004646,RC04023,work-on-site
wtj-004647,RC03611,work-field
wtj-004648,RC03611,work-on-site
wtj-004649,RC11756,work-field
wtj-004650,RC11756,work-on-site
wtj-004651,RA22463,work-on-site
wtj-004652,PZ68791,work-on-site
wtj-004653,RC05384,work-on-site
wtj-004654,RB87497,work-on-site
wtj-004655,RC05280,work-on-site
wtj-004656,RC04128,work-on-site
wtj-004657,RC04128,work-on-site
wtj-004658,RC10352,work-on-site
wtj-004659,RB73437,work-on-site
wtj-004660,RC03778,work-on-site
wtj-004661,RB91959,work-on-site
wtj-004662,RB13750,work-on-site
wtj-004663,RC10227,work-field
wtj-004664,RB79608,work-on-site
wtj-004665,RB85451,work-on-site
wtj-004666,RC10457,work-on-site
wtj-004667,RC10258,work-field
wtj-004668,RB68381,work-remote
wtj-004669,RB68381,work-on-site
wtj-004670,RB68273,work-remote
wtj-004671,RB68273,work-on-site
wtj-004672,RB40016,work-on-site
wtj-004673,PV26280,work-on-site
wtj-004674,OW92540,work-on-site
wtj-004675,PK50394,work-on-site
wtj-004676,PY29746,work-on-site
wtj-004677,RB28096,work-on-site
wtj-004678,RA55550,work-on-site
wtj-004679,RB77334,work-on-site
wtj-004680,RC03625,work-on-site
wtj-004681,RC06024,work-on-site
wtj-004682,RB71760,work-on-site
wtj-004683,PX53455,work-on-site
wtj-004684,OV61293,work-on-site
wtj-004685,PZ56750,work-on-site
wtj-004686,PP79240,work-on-site
wtj-004687,PP79708,work-on-site
wtj-004688,PR86409,work-on-site
wtj-004689,OV61319,work-on-site
wtj-004690,PX53182,work-on-site
wtj-004691,OV87712,work-on-site
wtj-004692,OY13888,work-on-site
wtj-004693,RC05717,work-on-site
wtj-004694,RA69362,work-on-site
wtj-004695,RA69314,work-on-site
wtj-004696,RA69146,work-on-site
wtj-004697,RB98290,work-on-site
wtj-004698,PX00028,work-on-site
wtj-004699,PX00076,work-on-site
wtj-004700,RB94725,work-on-site
wtj-004701,RB16850,work-on-site
wtj-004702,RB15579,work-on-site
wtj-004703,RB54855,work-field
wtj-004704,RC05185,work-field
wtj-004705,RB58232,work-field
wtj-004706,RB58229,work-field
wtj-004707,RC11054,work-on-site
wtj-004708,RC11085,work-on-site
wtj-004709,RC00940,work-on-site
wtj-004710,RA04856,work-on-site
wtj-004711,RA04947,work-on-site
wtj-004712,RA16699,work-on-site
wtj-004713,RA16699,work-on-site
wtj-004714,RA53667,work-on-site
wtj-004715,RA53670,work-on-site
wtj-004716,RA53684,work-on-site
wtj-004717,IC26787,work-field
wtj-004718,IC26787,work-on-site
wtj-004719,RB89436,work-field
wtj-004720,RC09506,work-on-site
wtj-004721,RC09450,work-on-site
wtj-004722,RC08775,work-on-site
wtj-004723,RC13575,work-field
wtj-004724,PY98819,work-on-site
wtj-004725,PY14847,work-on-site
wtj-004726,PW86621,work-on-site
wtj-004727,RB21511,work-on-site
wtj-004728,RB88293,work-field
wtj-004729,RB77595,work-on-site
wtj-004730,RC07399,work-on-site
wtj-004731,RC11162,work-on-site
wtj-004732,RB65337,work-on-site
wtj-004733,RC05688,work-on-site
wtj-004734,RC06589,work-on-site
wtj-004735,RC06618,work-on-site
wtj-004736,RB90126,work-on-site
wtj-004737,PV25603,work-on-site
wtj-004738,RB61258,work-on-site
wtj-004739,RA76484,work-on-site
wtj-004740,RB99800,work-on-site
wtj-004741,RB99767,work-on-site
wtj-004742,RB99798,work-on-site
wtj-004743,RB99844,work-on-site
wtj-004744,RB99861,work-on-site
wtj-004745,RB99935,work-on-site
wtj-004746,RC00035,work-on-site
wtj-004747,RC00052,work-on-site
wtj-004748,RC00083,work-on-site
wtj-004749,RC00126,work-on-site
wtj-004750,RC00174,work-on-site
wtj-004751,RB99889,work-on-site
wtj-004752,RB99918,work-on-site
wtj-004753,RC00251,work-on-site
wtj-004754,RC00279,work-on-site
wtj-004755,RC00339,work-on-site
wtj-004756,RC00360,work-on-site
wtj-004757,RC08500,work-on-site
wtj-004758,RB18848,work-on-site
wtj-004759,RB18879,work-on-site
wtj-004760,RB95765,work-on-site
wtj-004761,RB30986,work-field
wtj-004762,RC11881,work-on-site
wtj-004763,RC12029,work-on-site
wtj-004764,RC01959,work-on-site
wtj-004765,RB53192,work-on-site
wtj-004766,RB21266,work-on-site
wtj-004767,RC10963,work-on-site
wtj-004768,RC10980,work-on-site
wtj-004769,RC11006,work-on-site
wtj-004770,RC12199,work-on-site
wtj-004771,RC12280,work-on-site
wtj-004772,RB53235,work-on-site
wtj-004773,PX86569,work-on-site
wtj-004774,PN93583,work-on-site
wtj-004775,RB48404,work-on-site
wtj-004776,RB98272,work-on-site
wtj-004777,RB90940,work-on-site
wtj-004778,RB92266,work-on-site
wtj-004779,RC00433,work-on-site
wtj-004780,RB95050,work-field
wtj-004781,RC10565,work-on-site
wtj-004782,RC11037,work-on-site
wtj-004783,RC11068,work-on-site
wtj-004784,RC11620,work-on-site
wtj-004785,RC11591,work-on-site
wtj-004786,RB92985,work-on-site
wtj-004787,RB20976,work-field
wtj-004788,RC07337,work-field
wtj-004789,RA25092,work-on-site
wtj-004790,RA25209,work-on-site
wtj-004791,RC08744,work-on-site
wtj-004792,RC11205,work-on-site
wtj-004793,RC08761,work-on-site
wtj-004794,RB76880,work-field
wtj-004795,RB76880,work-on-site
wtj-004796,RA89672,work-field
wtj-004797,RA89746,work-field
wtj-004798,RA90380,work-on-site
wtj-004799,RA90380,work-field
wtj-004800,RC12340,work-field
wtj-004801,IC06614,work-on-site
wtj-004802,RB89180,work-field
wtj-004803,RB85508,work-on-site
wtj-004804,RB85511,work-on-site
wtj-004805,RB85542,work-on-site
wtj-004806,RB85525,work-on-site
wtj-004807,RB85539,work-on-site
wtj-004808,RC02326,work-on-site
wtj-004809,RC02326,work-on-site
wtj-004810,RC02283,work-on-site
wtj-004811,RC02360,work-field
wtj-004812,RC02360,work-on-site
wtj-004813,RC02330,work-field
wtj-004814,RC02330,work-on-site
wtj-004815,RC02482,work-field
wtj-004816,RC02482,work-on-site
wtj-004817,RC02451,work-field
wtj-004818,RC02451,work-on-site
wtj-004819,RC02508,work-field
wtj-004820,RC02508,work-on-site
wtj-004821,RC02420,work-field
wtj-004822,RC02420,work-on-site
wtj-004823,RC02391,work-field
wtj-004824,RC02391,work-on-site
wtj-004825,RC02707,work-field
wtj-004826,RC02707,work-on-site
wtj-004827,RC02556,work-field
wtj-004828,RC02556,work-on-site
wtj-004829,RC02695,work-field
wtj-004830,RC02695,work-on-site
wtj-004831,RC02573,work-field
wtj-004832,RC02573,work-on-site
wtj-004833,RC02678,work-field
wtj-004834,RC02678,work-on-site
wtj-004835,RC02587,work-field
wtj-004836,RC02587,work-on-site
wtj-004837,RC02650,work-field
wtj-004838,RC02650,work-on-site
wtj-004839,RC02602,work-field
wtj-004840,RC02602,work-on-site
wtj-004841,RC02620,work-field
wtj-004842,RC02620,work-on-site
wtj-004843,RB70566,work-on-site
wtj-004844,RB61383,work-on-site
wtj-004845,RB61383,work-field
wtj-004846,RB61565,work-on-site
wtj-004847,RB93869,work-on-site
wtj-004848,RB93901,work-field
wtj-004849,RC09921,work-on-site
wtj-004850,RC09935,work-on-site
wtj-004851,RC09935,work-field
wtj-004852,RB61520,work-on-site
wtj-004853,RB62159,work-on-site
wtj-004854,RB61426,work-on-site
wtj-004855,RB61426,work-field
wtj-004856,RB79383,work-on-site
wtj-004857,RB86702,work-on-site
wtj-004858,RB64960,work-field
wtj-004859,RC10045,work-on-site
wtj-004860,RC08207,work-on-site
wtj-004861,PZ97520,work-on-site
wtj-004862,PZ78220,work-on-site
wtj-004863,RB83279,work-on-site
wtj-004864,RB20013,work-on-site
wtj-004865,RC01564,work-on-site
wtj-004866,OZ07343,work-on-site
wtj-004867,PR30833,work-on-site
wtj-004868,PR30833,work-field
wtj-004869,PR34440,work-on-site
wtj-004870,PR34440,work-field
wtj-004871,PY53620,work-on-site
wtj-004872,PZ91991,work-on-site
wtj-004873,OZ80912,work-on-site
wtj-004874,OZ80912,work-field
wtj-004875,RC03716,work-field
wtj-004876,RB97400,work-on-site
wtj-004877,PU45154,work-on-site
wtj-004878,PY26997,work-on-site
wtj-004879,PW76596,work-on-site
wtj-004880,RB50944,work-on-site
wtj-004881,RB12356,work-on-site
wtj-004882,PN79231,work-field
wtj-004883,RA27596,work-field
wtj-004884,RB86443,work-field
wtj-004885,RB52655,work-on-site
wtj-004886,RB52655,work-field
wtj-004887,PW45816,work-on-site
wtj-004888,PW45816,work-field
wtj-004889,PY12357,work-on-site
wtj-004890,PR79167,work-on-site
wtj-004891,PR79167,work-field
wtj-004892,RB93230,work-on-site
wtj-004893,RA23151,work-on-site
wtj-004894,PZ24092,work-on-site
wtj-004895,RB20655,work-on-site
wtj-004896,RB18299,work-on-site
wtj-004897,RB18712,work-field
wtj-004898,RB18908,work-on-site
wtj-004899,RB18942,work-on-site
wtj-004900,RB19002,work-on-site
wtj-004901,RB19047,work-on-site
wtj-004902,RB19064,work-on-site
wtj-004903,RB19891,work-on-site
wtj-004904,RB19752,work-on-site
wtj-004905,RB19826,work-on-site
wtj-004906,PX23209,work-field
wtj-004907,RA13476,work-field
wtj-004908,RB94404,work-on-site
wtj-004909,RB97982,work-on-site
wtj-004910,RB87421,work-on-site
wtj-004911,RB87358,work-on-site
wtj-004912,RB87651,work-on-site
wtj-004913,RB87509,work-on-site
wtj-004914,RB87682,work-on-site
wtj-004915,RB99142,work-on-site
wtj-004916,RA20661,work-on-site
wtj-004917,RA20735,work-on-site
wtj-004918,RC09784,work-on-site
wtj-004919,RC09800,work-on-site
wtj-004920,RC08440,work-on-site
wtj-004921,RB64163,work-on-site
wtj-004922,RB64194,work-on-site
wtj-004923,RA26616,work-on-site
wtj-004924,RB70106,work-on-site
wtj-004925,RB70200,work-on-site
wtj-004926,IC93650,work-field
wtj-004927,RB93105,work-on-site
wtj-004928,RB97812,work-on-site
wtj-004929,RC11665,work-field
wtj-004930,RB95430,work-on-site
wtj-004931,PY99524,work-on-site
wtj-004932,RA92485,work-on-site
wtj-004933,PR75273,work-on-site
wtj-004934,PW28746,work-on-site
wtj-004935,PW28777,work-on-site
wtj-004936,PW09323,work-on-site
wtj-004937,RB08426,work-on-site
wtj-004938,RB08460,work-on-site
wtj-004939,RB15230,work-on-site
wtj-004940,RB15244,work-on-site
wtj-004941,PW64645,work-on-site
wtj-004942,PW64705,work-on-site
wtj-004943,PW64736,work-on-site
wtj-004944,PW64800,work-on-site
wtj-004945,PW64858,work-on-site
wtj-004946,RB51970,work-on-site
wtj-004947,RC11389,work-field
wtj-004948,PZ61208,work-on-site
wtj-004949,RB94881,work-on-site
wtj-004950,RB52226,work-on-site
wtj-004951,RB78100,work-field
wtj-004952,RC03045,work-on-site
wtj-004953,RB57726,work-field
wtj-004954,RA20368,work-on-site
wtj-004955,PY85392,work-field
wtj-004956,PJ08250,work-on-site
wtj-004957,RB83601,work-on-site
wtj-004958,RB41727,work-on-site
wtj-004959,RB53221,work-on-site
wtj-004960,RB55603,work-on-site
wtj-004961,PR58996,work-on-site
wtj-004962,PY12070,work-on-site
wtj-004963,PX71335,work-on-site
wtj-004964,PZ35340,work-on-site
wtj-004965,PZ29939,work-on-site
wtj-004966,PZ97460,work-on-site
wtj-004967,PX59552,work-on-site
wtj-004968,RB20209,work-on-site
wtj-004969,RA70524,work-on-site
wtj-004970,RC09372,work-on-site
wtj-004971,RB97830,work-on-site
wtj-004972,RB67705,work-on-site
wtj-004973,RB67770,work-on-site
wtj-004974,RB08080,work-on-site
wtj-004975,RB67827,work-on-site
wtj-004976,RC12384,work-on-site
wtj-004977,RA24905,work-on-site
wtj-004978,RA25058,work-on-site
wtj-004979,RB06058,work-on-site
wtj-004980,RB32254,work-on-site
wtj-004981,PY43641,work-on-site
wtj-004982,PW62874,work-on-site
wtj-004983,PK45529,work-on-site
wtj-004984,PG86932,work-on-site
wtj-004985,OT11695,work-on-site
wtj-004986,OT11560,work-on-site
wtj-004987,PF32610,work-on-site
wtj-004988,RA51069,work-on-site
wtj-004989,RC13834,work-on-site
wtj-004990,RC13788,work-on-site
wtj-004991,RA12925,work-on-site
wtj-004992,PZ86455,work-on-site
wtj-004993,PZ00525,work-on-site
wtj-004994,RC11421,work-on-site
wtj-004995,RC11878,work-on-site
wtj-004996,RC11907,work-on-site
wtj-004997,RC11910,work-on-site
wtj-004998,RC11969,work-on-site
wtj-004999,RC11972,work-on-site
wtj-005000,PJ64958,work-on-site
wtj-005001,RB20868,work-on-site
wtj-005002,RB20928,work-on-site
wtj-005003,RA56070,work-on-site
wtj-005004,RC00308,work-on-site
wtj-005005,RB64561,work-on-site
wtj-005006,RB10568,work-on-site
wtj-005007,RC01291,work-field
wtj-005008,PZ09447,work-on-site
wtj-005009,PZ09481,work-on-site
wtj-005010,RC08758,work-on-site
wtj-005011,RB87452,work-on-site
wtj-005012,PZ72929,work-on-site
wtj-005013,PW53199,work-on-site
wtj-005014,PY75516,work-on-site
wtj-005015,RB41559,work-field
wtj-005016,PY78418,work-on-site
wtj-005017,PY89238,work-on-site
wtj-005018,RA36398,work-on-site
wtj-005019,PZ75817,work-on-site
wtj-005020,RA18750,work-on-site
wtj-005021,RB30100,work-on-site
wtj-005022,RB19400,work-on-site
wtj-005023,RB78590,work-on-site
wtj-005024,RB86409,work-on-site
wtj-005025,PY57116,work-on-site
wtj-005026,RB94284,work-field
wtj-005027,RC04071,work-on-site
wtj-005028,RB61289,work-on-site
wtj-005029,RB36780,work-on-site
wtj-005030,RB36822,work-on-site
wtj-005031,RB98406,work-on-site
wtj-005032,RB94037,work-on-site
wtj-005033,RB54045,work-on-site
wtj-005034,RB54031,work-on-site
wtj-005035,RC12123,work-field
wtj-005036,RA61997,work-field
wtj-005037,RA61997,work-on-site
wtj-005038,RC11651,work-on-site
wtj-005039,RB97826,work-on-site
wtj-005040,RC12171,work-on-site
wtj-005041,RC12154,work-on-site
wtj-005042,RC12185,work-on-site
wtj-005043,RB80974,work-on-site
wtj-005044,RC12504,work-on-site
wtj-005045,RB98883,work-on-site
wtj-005046,OH87391,work-on-site
wtj-005047,RB77075,work-on-site
wtj-005048,RB80241,work-on-site
wtj-005049,RB80207,work-on-site
wtj-005050,RC05995,work-on-site
wtj-005051,RC05887,work-on-site
wtj-005052,RC05518,work-on-site
wtj-005053,RC10170,work-on-site
wtj-005054,RB63535,work-on-site
wtj-005055,RB63660,work-on-site
wtj-005056,RB63842,work-on-site
wtj-005057,RB63570,work-on-site
wtj-005058,RB63720,work-on-site
wtj-005059,RB63796,work-on-site
wtj-005060,RB63597,work-on-site
wtj-005061,RC09722,work-on-site
wtj-005062,RC09753,work-on-site
wtj-005063,RC09156,work-on-site
wtj-005064,RC08974,work-on-site
wtj-005065,RC09111,work-on-site
wtj-005066,RC09082,work-on-site
wtj-005067,RC09065,work-on-site
wtj-005068,RC01976,work-on-site
wtj-005069,RB94617,work-field
wtj-005070,RB94270,work-on-site
wtj-005071,RB94526,work-on-site
wtj-005072,RB94421,work-on-site
wtj-005073,RB94497,work-on-site
wtj-005074,RB94253,work-on-site
wtj-005075,RB93950,work-on-site
wtj-005076,RB93733,work-on-site
wtj-005077,RB93687,work-on-site
wtj-005078,RC05245,work-on-site
wtj-005079,RC02829,work-on-site
wtj-005080,RC02829,work-on-site
wtj-005081,RC02846,work-on-site
wtj-005082,RC02846,work-on-site
wtj-005083,RB25359,work-on-site
wtj-005084,RB93596,work-field
wtj-005085,RB94620,work-on-site
wtj-005086,RB49168,work-on-site
wtj-005087,PJ38262,work-on-site
wtj-005088,PJ38199,work-on-site
wtj-005089,PJ38185,work-on-site
wtj-005090,RA96746,work-on-site
wtj-005091,RC08499,work-on-site
wtj-005092,RC08531,work-on-site
wtj-005093,RA46991,work-on-site
wtj-005094,RA47048,work-on-site
wtj-005095,RA47065,work-on-site
wtj-005096,RA47108,work-on-site
wtj-005097,PU91765,work-on-site
wtj-005098,PT02860,work-on-site
wtj-005099,PT02874,work-on-site
wtj-005100,PR25834,work-on-site
wtj-005101,PR53252,work-on-site
wtj-005102,RB22412,work-on-site
wtj-005103,RB13641,work-on-site
wtj-005104,PZ61805,work-on-site
wtj-005105,PZ61805,work-field
wtj-005106,RB71314,work-on-site
wtj-005107,RB91291,work-on-site
wtj-005108,RB97462,work-on-site
wtj-005109,RB97480,work-on-site
wtj-005110,RB84750,work-on-site
wtj-005111,RB79491,work-on-site
wtj-005112,RB95703,work-field
wtj-005113,RB81187,work-on-site
wtj-005114,RA36430,work-on-site
wtj-005115,RA43920,work-on-site
wtj-005116,RA46698,work-on-site
wtj-005117,RC09892,work-on-site
wtj-005118,PZ89036,work-on-site
wtj-005119,PX83039,work-on-site
wtj-005120,RB93673,work-on-site
wtj-005121,DN58403,work-on-site
wtj-005122,RC10140,work-on-site
wtj-005123,RC05748,work-field
wtj-005124,PJ97112,work-field
wtj-005125,RC10122,work-field
wtj-005126,RB97445,work-on-site
wtj-005127,RC08238,work-field
wtj-005128,PX06827,work-on-site
wtj-005129,IC54922,work-field
wtj-005130,IC54922,work-on-site
wtj-005131,RB45581,work-on-site
wtj-005132,RB40033,work-on-site
wtj-005133,RB40337,work-on-site
wtj-005134,RB56029,work-on-site
wtj-005135,RB56077,work-on-site
wtj-005136,RB56171,work-on-site
wtj-005137,RB56185,work-on-site
wtj-005138,RB56444,work-on-site
wtj-005139,RB56400,work-on-site
wtj-005140,RB56280,work-on-site
wtj-005141,RB56231,work-on-site
wtj-005142,RB56214,work-on-site
wtj-005143,RB55588,work-on-site
wtj-005144,RB55651,work-on-site
wtj-005145,RB55739,work-on-site
wtj-005146,PY89039,work-on-site
wtj-005147,PY68487,work-on-site
wtj-005148,PX91051,work-on-site
wtj-005149,PX91051,work-on-site
wtj-005150,PX62260,work-on-site
wtj-005151,PX67484,work-on-site
wtj-005152,PX67527,work-on-site
wtj-005153,PX01219,work-on-site
wtj-005154,PX44423,work-on-site
wtj-005155,PW45530,work-on-site
wtj-005156,PW34248,work-on-site
wtj-005157,PV72077,work-on-site
wtj-005158,PT27476,work-on-site
wtj-005159,PT46456,work-on-site
wtj-005160,PV10172,work-on-site
wtj-005161,PP06330,work-on-site
wtj-005162,PP07397,work-on-site
wtj-005163,PZ93594,work-on-site
wtj-005164,RA24416,work-on-site
wtj-005165,RA51709,work-on-site
wtj-005166,RB53738,work-on-site
wtj-005167,RB53846,work-on-site
wtj-005168,RB53937,work-on-site
wtj-005169,RB22886,work-on-site
wtj-005170,RB95779,work-on-site
wtj-005171,PZ99228,work-on-site
wtj-005172,PZ36041,work-on-site
wtj-005173,PZ36072,work-on-site
wtj-005174,PL81980,work-on-site
wtj-005175,RC00538,work-on-site
wtj-005176,RC00555,work-on-site
wtj-005177,RC03430,work-on-site
wtj-005178,ID03234,work-on-site
wtj-005179,RC06592,work-on-site
wtj-005180,RC06649,work-on-site
wtj-005181,RB93642,work-on-site
wtj-005182,RB91075,work-on-site
wtj-005183,RC12691,work-field
wtj-005184,RB76555,work-on-site
wtj-005185,RB85954,work-on-site
wtj-005186,RC02971,work-field
wtj-005187,RC03028,work-field
wtj-005188,RC06038,work-on-site
wtj-005189,RC11773,work-on-site
wtj-005190,RB52610,work-on-site
wtj-005191,RB52610,work-field
wtj-005192,RB33081,work-on-site
wtj-005193,RB66926,work-on-site
wtj-005194,RC08835,work-on-site
wtj-005195,RB53587,work-on-site
wtj-005196,PU94849,work-on-site
wtj-005197,PY05508,work-on-site
wtj-005198,RB54596,work-on-site
wtj-005199,RB54565,work-on-site
wtj-005200,RB30648,work-on-site
wtj-005201,PZ23538,work-on-site
wtj-005202,RB98640,work-remote
wtj-005203,RC08730,work-on-site
wtj-005204,RC08437,work-on-site
wtj-005205,PZ64790,work-on-site
wtj-005206,OK62558,work-on-site
wtj-005207,RB95259,work-on-site
wtj-005208,RB95262,work-on-site
wtj-005209,RC12856,work-on-site
wtj-005210,RA63203,work-on-site
wtj-005211,RB63612,work-on-site
wtj-005212,RB64730,work-on-site
wtj-005213,RB56873,work-field
wtj-005214,RB61687,work-on-site
wtj-005215,RB92769,work-field
wtj-005216,RC10994,work-on-site
wtj-005217,RB89440,work-on-site
wtj-005218,RC11574,work-on-site
wtj-005219,PK82500,work-on-site
wtj-005220,PX07975,work-on-site
wtj-005221,PX24590,work-on-site
wtj-005222,PZ64249,work-on-site
wtj-005223,PZ71542,work-on-site
wtj-005224,RA08571,work-on-site
wtj-005225,RB63566,work-on-site
wtj-005226,RB54582,work-on-site
wtj-005227,RB88492,work-on-site
wtj-005228,RB99628,work-on-site
wtj-005229,RB99662,work-on-site
wtj-005230,PL21890,work-on-site
wtj-005231,PY61630,work-on-site
wtj-005232,PY29226,work-on-site
wtj-005233,PY96870,work-on-site
wtj-005234,PY96930,work-on-site
wtj-005235,PY97278,work-on-site
wtj-005236,PP19102,work-on-site
wtj-005237,RB56691,work-on-site
wtj-005238,RB56717,work-on-site
wtj-005239,PZ27298,work-on-site
wtj-005240,RA99543,work-field
wtj-005241,PZ35734,work-on-site
wtj-005242,PZ48160,work-on-site
wtj-005243,PW97256,work-on-site
wtj-005244,RB08409,work-on-site
wtj-005245,RB84516,work-on-site
wtj-005246,RB90859,work-on-site
wtj-005247,RC00919,work-on-site
wtj-005248,RB72830,work-on-site
wtj-005249,RB72857,work-on-site
wtj-005250,RB72888,work-on-site
wtj-005251,RB30023,work-on-site
wtj-005252,RC06177,work-on-site
wtj-005253,RC06453,work-on-site
wtj-005254,RA07269,work-on-site
wtj-005255,PY98961,work-on-site
wtj-005256,PY98745,work-on-site
wtj-005257,RB29103,work-on-site
wtj-005258,RB29103,work-field
wtj-005259,RB29134,work-on-site
wtj-005260,RA93705,work-field
wtj-005261,RA93705,work-on-site
wtj-005262,PY05465,work-on-site
wtj-005263,PY05465,work-field
wtj-005264,PY70536,work-field
wtj-005265,RB54764,work-on-site
wtj-005266,RB62708,work-on-site
wtj-005267,RA30148,work-on-site
wtj-005268,RA30378,work-on-site
wtj-005269,RA30438,work-on-site
wtj-005270,RA94900,work-on-site
wtj-005271,RB57240,work-on-site
wtj-005272,RB45885,work-on-site
wtj-005273,RB96527,work-on-site
wtj-005274,RB96544,work-on-site
wtj-005275,RC04404,work-on-site
wtj-005276,RB57618,work-on-site
wtj-005277,RA86631,work-on-site
wtj-005278,PZ23097,work-on-site
wtj-005279,PZ92705,work-on-site
wtj-005280,PR02210,work-on-site
wtj-005281,RB41042,work-on-site
wtj-005282,RC05137,work-on-site
wtj-005283,RC06086,work-on-site
wtj-005284,PY69542,work-on-site
wtj-005285,PX45220,work-field
wtj-005286,PX45250,work-field
wtj-005287,PX45295,work-field
wtj-005288,PX45341,work-field
wtj-005289,PX45415,work-field
wtj-005290,RB58979,work-field
wtj-005291,RB56032,work-field
wtj-005292,PZ86333,work-field
wtj-005293,RA87822,work-on-site
wtj-005294,ID13596,work-on-site
wtj-005295,RC12427,work-on-site
wtj-005296,ID35905,work-on-site
wtj-005297,RC06440,work-on-site
wtj-005298,RB82501,work-on-site
wtj-005299,RB29793,work-on-site
wtj-005300,RB72476,work-on-site
wtj-005301,RC01899,work-on-site
wtj-005302,RA54571,work-field
wtj-005303,RC01638,work-on-site
wtj-005304,PL04681,work-field
wtj-005305,PL04832,work-field
wtj-005306,PL04923,work-field
wtj-005307,PL05000,work-field
wtj-005308,PL05093,work-field
wtj-005309,PM56923,work-field
wtj-005310,RB86093,work-on-site
wtj-005311,RC10810,work-on-site
wtj-005312,RB68944,work-on-site
wtj-005313,IC63937,work-remote
wtj-005314,IC63937,work-field
wtj-005315,RC08380,work-on-site
wtj-005316,RC08406,work-on-site
wtj-005317,RB98792,work-on-site
wtj-005318,RB98667,work-on-site
wtj-005319,PF94472,work-remote
wtj-005320,PZ09279,work-on-site
wtj-005321,RC07294,work-remote
wtj-005322,PN72065,work-on-site
wtj-005323,PS16770,work-on-site
wtj-005324,PS34511,work-on-site
wtj-005325,PU46788,work-on-site
wtj-005326,RB81142,work-on-site
wtj-005327,RB48270,work-on-site
wtj-005328,RB06243,work-on-site
wtj-005329,RB13701,work-on-site
wtj-005330,RB93062,work-on-site
wtj-005331,PP33500,work-field
wtj-005332,RB86153,work-on-site
wtj-005333,RC02542,work-field
wtj-005334,PA63499,work-on-site
wtj-005335,PV27041,work-on-site
wtj-005336,PX14731,work-on-site
wtj-005337,RB11759,work-on-site
wtj-005338,RB11793,work-on-site
wtj-005339,RC10517,work-field
wtj-005340,PT79266,work-on-site
wtj-005341,PY98302,work-on-site
wtj-005342,RA82430,work-on-site
wtj-005343,RC08290,work-on-site
wtj-005344,RC08315,work-on-site
wtj-005345,RC08377,work-on-site
wtj-005346,RC11847,work-on-site
wtj-005347,RC03869,work-on-site
wtj-005348,RA72084,work-on-site
wtj-005349,RA35574,work-on-site
wtj-005350,RA35617,work-on-site
wtj-005351,RB44157,work-on-site
wtj-005352,RB44112,work-on-site
wtj-005353,RB34272,work-on-site
wtj-005354,RC06210,work-on-site
wtj-005355,RC12920,work-on-site
wtj-005356,RB58812,work-on-site
wtj-005357,RB58770,work-remote
wtj-005358,RC03409,work-on-site
wtj-005359,RC03412,work-on-site
wtj-005360,RC03412,work-field
wtj-005361,ID06994,work-on-site
wtj-005362,ID07006,work-on-site
wtj-005363,RB87941,work-on-site
wtj-005364,RB87986,work-on-site
wtj-005365,RC01980,work-on-site
wtj-005366,RC10716,work-on-site
wtj-005367,RC10660,work-on-site
wtj-005368,RC10639,work-on-site
wtj-005369,RC10608,work-on-site
wtj-005370,RC10611,work-on-site
wtj-005371,RB40078,work-on-site
wtj-005372,PY82334,work-on-site
wtj-005373,PZ09097,work-on-site
wtj-005374,PZ09157,work-on-site
wtj-005375,PZ65517,work-on-site
wtj-005376,RC05570,work-on-site
wtj-005377,RC06911,work-field
wtj-005378,RB62327,work-on-site
wtj-005379,RB62392,work-on-site
wtj-005380,RB91183,work-on-site
wtj-005381,RB84794,work-on-site
wtj-005382,RB71527,work-on-site
wtj-005383,RB52516,work-on-site
wtj-005384,RB05248,work-on-site
wtj-005385,RC05353,work-on-site
wtj-005386,RC02850,work-on-site
wtj-005387,RC03080,work-on-site
wtj-005388,RA77996,work-on-site
wtj-005389,PY87237,work-on-site
wtj-005390,PY47643,work-on-site
wtj-005391,PY47643,work-field
wtj-005392,RB76109,work-on-site
wtj-005393,RB75060,work-on-site
wtj-005394,RB76070,work-on-site
wtj-005395,RC11560,work-on-site
wtj-005396,RB90919,work-on-site
wtj-005397,PY79825,work-on-site
wtj-005398,PY79717,work-on-site
wtj-005399,PY79674,work-on-site
wtj-005400,RB13669,work-on-site
wtj-005401,RB98849,work-on-site
wtj-005402,RC05947,work-on-site
wtj-005403,PY40830,work-field
wtj-005404,PY91673,work-on-site
wtj-005405,PY91702,work-on-site
wtj-005406,PY91750,work-on-site
wtj-005407,PZ20133,work-on-site
wtj-005408,RB26797,work-on-site
wtj-005409,RB87162,work-on-site
wtj-005410,RB93625,work-on-site
wtj-005411,RC08363,work-field
wtj-005412,RC01303,work-on-site
wtj-005413,RC01320,work-on-site
wtj-005414,RC02738,work-on-site
wtj-005415,RC08181,work-on-site
wtj-005416,RB72169,work-on-site
wtj-005417,RB04438,work-on-site
wtj-005418,RA01880,work-on-site
wtj-005419,RA01894,work-on-site
wtj-005420,RA01937,work-on-site
wtj-005421,RB97600,work-field
wtj-005422,RB03480,work-on-site
wtj-005423,RA71595,work-on-site
wtj-005424,RA71581,work-on-site
wtj-005425,PZ54610,work-on-site
wtj-005426,RA15264,work-on-site
wtj-005427,PY32008,work-field
wtj-005428,RB65124,work-field
wtj-005429,RB65124,work-on-site
wtj-005430,RB96726,work-on-site
wtj-005431,RB96939,work-on-site
wtj-005432,RB97310,work-on-site
wtj-005433,RB88860,work-on-site
wtj-005434,PY09652,work-on-site
wtj-005435,RB95080,work-on-site
wtj-005436,ID35936,work-on-site
wtj-005437,RB70400,work-on-site
wtj-005438,ID37158,work-on-site
wtj-005439,RB86292,work-on-site
wtj-005440,RB86140,work-on-site
wtj-005441,RB86045,work-on-site
wtj-005442,ID08370,work-on-site
wtj-005443,RB69070,work-on-site
wtj-005444,PX66094,work-on-site
wtj-005445,RB99307,work-remote
wtj-005446,RB20425,work-on-site
wtj-005447,RB76940,work-field
wtj-005448,RB92130,work-field
wtj-005449,PZ26200,work-on-site
wtj-005450,RB94145,work-on-site
wtj-005451,RC01550,work-on-site
wtj-005452,RB64146,work-on-site
wtj-005453,RB63916,work-on-site
wtj-005454,RB64069,work-on-site
wtj-005455,PZ95777,work-field
wtj-005456,RB57146,work-on-site
wtj-005457,RB57146,work-on-site
wtj-005458,RC07110,work-on-site
wtj-005459,RB79136,work-on-site
wtj-005460,RB61430,work-on-site
wtj-005461,RC04358,work-on-site
wtj-005462,RA00000,work-on-site
wtj-005463,RA25274,work-on-site
wtj-005464,PZ55694,work-on-site
wtj-005465,PY85682,work-on-site
wtj-005466,PP18888,work-on-site
wtj-005467,RC06041,work-on-site
wtj-005468,IC89430,work-on-site
wtj-005469,RB82700,work-on-site
wtj-005470,RB82700,work-on-site
wtj-005471,RB82759,work-on-site
wtj-005472,RB99341,work-field
wtj-005473,RB99369,work-field
wtj-005474,RC03153,work-on-site
wtj-005475,RB93579,work-field
wtj-005476,RB57791,work-on-site
wtj-005477,RB88384,work-on-site
wtj-005478,RC10409,work-on-site
wtj-005479,RB98866,work-on-site
wtj-005480,RB98912,work-on-site
wtj-005481,RB24080,work-on-site
wtj-005482,RB91686,work-on-site
wtj-005483,RB91690,work-on-site
wtj-005484,RC02374,work-field
wtj-005485,ID10663,work-on-site
wtj-005486,RB75350,work-on-site
wtj-005487,RB81736,work-on-site
wtj-005488,RB97891,work-on-site
wtj-005489,PD26886,work-on-site
wtj-005490,PX61109,work-on-site
wtj-005491,RC02144,work-on-site
wtj-005492,RC01993,work-on-site
wtj-005493,PC92742,work-on-site
wtj-005494,RC02968,work-on-site
wtj-005495,RB76157,work-field
wtj-005496,PY17155,work-on-site
wtj-005497,RB99048,work-field
wtj-005498,RB78710,work-on-site
wtj-005499,RB68117,work-on-site
wtj-005500,RB64467,work-on-site
wtj-005501,RB64300,work-on-site
wtj-005502,RB82260,work-on-site
wtj-005503,RB82103,work-on-site
wtj-005504,PZ13792,work-on-site
wtj-005505,PZ13849,work-on-site
wtj-005506,PZ13912,work-on-site
wtj-005507,RA07562,work-on-site
wtj-005508,RB81952,work-on-site
wtj-005509,RB91914,work-field
wtj-005510,RA63629,work-on-site
wtj-005511,RA45310,work-on-site
wtj-005512,PW80049,work-on-site
wtj-005513,PN64350,work-on-site
wtj-005514,PN64380,work-on-site
wtj-005515,PN64423,work-on-site
wtj-005516,RB74048,work-on-site
wtj-005517,DN62043,work-on-site
wtj-005518,RC01810,work-on-site
wtj-005519,RB97306,work-on-site
wtj-005520,RB97354,work-on-site
wtj-005521,RB92374,work-field
wtj-005522,RB92374,work-on-site
wtj-005523,RC03014,work-on-site
wtj-005524,RB70015,work-field
wtj-005525,RC02084,work-on-site
wtj-005526,RC02127,work-on-site
wtj-005527,RB88168,work-on-site
wtj-005528,RB88185,work-on-site
wtj-005529,PZ44186,work-on-site
wtj-005530,PX96778,work-on-site
wtj-005531,PY53850,work-on-site
wtj-005532,PK68423,work-on-site
wtj-005533,PK68514,work-on-site
wtj-005534,PK68576,work-on-site
wtj-005535,PY87817,work-on-site
wtj-005536,PY87987,work-on-site
wtj-005537,PZ90340,work-on-site
wtj-005538,RB79551,work-on-site
wtj-005539,PT71231,work-on-site
wtj-005540,PW11252,work-on-site
wtj-005541,PX02123,work-on-site
wtj-005542,RC03457,work-on-site
wtj-005543,RC09736,work-field
wtj-005544,RC09216,work-on-site
wtj-005545,RC09264,work-on-site
wtj-005546,RC09233,work-on-site
wtj-005547,ID35157,work-field
wtj-005548,RB94924,work-on-site
wtj-005549,RC11787,work-hybrid
wtj-005550,RB34454,work-field
wtj-005551,RA32408,work-on-site
wtj-005552,RB64757,work-field
wtj-005553,RB83998,work-field
wtj-005554,RB28079,work-field
wtj-005555,PZ16814,work-on-site
wtj-005556,PZ55629,work-on-site
wtj-005557,RB82867,work-field
wtj-005558,RA95922,work-field
wtj-005559,RA90072,work-on-site
wtj-005560,RA90090,work-on-site
wtj-005561,PW21185,work-on-site
wtj-005562,RB79370,work-on-site
wtj-005563,RC03119,work-field
wtj-005564,RC07047,work-field
wtj-005565,RC07047,work-on-site
wtj-005566,RC07050,work-field
wtj-005567,RC07050,work-on-site
wtj-005568,RC02954,work-field
wtj-005569,RB82182,work-on-site
wtj-005570,RA12990,work-on-site
wtj-005571,RB57285,work-on-site
wtj-005572,RB92602,work-on-site
wtj-005573,RB92678,work-on-site
wtj-005574,RB96419,work-on-site
wtj-005575,RB70370,work-on-site
wtj-005576,RA77385,work-on-site
wtj-005577,RA77459,work-on-site
wtj-005578,RB16114,work-on-site
wtj-005579,RB83967,work-on-site
wtj-005580,RB65704,work-on-site
wtj-005581,RB64990,work-on-site
wtj-005582,RC04085,work-on-site
wtj-005583,RC04284,work-on-site
wtj-005584,RB95413,work-on-site
wtj-005585,PT17756,work-field
wtj-005586,PT17760,work-field
wtj-005587,RB17950,work-on-site
wtj-005588,RA45843,work-on-site
wtj-005589,RA45874,work-on-site
wtj-005590,PT24560,work-on-site
wtj-005591,RC12703,work-on-site
wtj-005592,IC60699,work-field
wtj-005593,IC60699,work-on-site
wtj-005594,IC69849,work-field
wtj-005595,IC69849,work-on-site
wtj-005596,RC13743,work-on-site
wtj-005597,RC00234,work-on-site
wtj-005598,RA83467,work-on-site
wtj-005599,RB96865,work-on-site
wtj-005600,RB91701,work-on-site
wtj-005601,RC03565,work-field
wtj-005602,ID05985,work-on-site
wtj-005603,PV58280,work-on-site
wtj-005604,RC10855,work-on-site
wtj-005605,RC11392,work-on-site
wtj-005606,RB74952,work-on-site
wtj-005607,RB74949,work-on-site
wtj-005608,RB74921,work-on-site
wtj-005609,RB74918,work-on-site
wtj-005610,RB34730,work-field
wtj-005611,RB76311,work-on-site
wtj-005612,RB84288,work-on-site
wtj-005613,RA16239,work-field
wtj-005614,RA83834,work-on-site
wtj-005615,RA82106,work-on-site
wtj-005616,RA82077,work-on-site
wtj-005617,PV05523,work-on-site
wtj-005618,RB47503,work-on-site
wtj-005619,PW07950,work-on-site
wtj-005620,RB75610,work-field
wtj-005621,RA01192,work-on-site
wtj-005622,RB71300,work-on-site
wtj-005623,RB81108,work-on-site
wtj-005624,RB82287,work-on-site
wtj-005625,RB60906,work-on-site
wtj-005626,RC11820,work-field
wtj-005627,RC09523,work-on-site
wtj-005628,RA47676,work-on-site
wtj-005629,RA95905,work-on-site
wtj-005630,RB99020,work-on-site
wtj-005631,RB74892,work-on-site
wtj-005632,RB74966,work-on-site
wtj-005633,RB89101,work-on-site
wtj-005634,RB59454,work-on-site
wtj-005635,RB52533,work-on-site
wtj-005636,RB51768,work-on-site
wtj-005637,PZ73392,work-on-site
wtj-005638,PY47322,work-on-site
wtj-005639,PY47262,work-on-site
wtj-005640,PZ23308,work-on-site
wtj-005641,RB95293,work-on-site
wtj-005642,RB78130,work-field
wtj-005643,RC04651,work-field
wtj-005644,RB78681,work-field
wtj-005645,RB96670,work-on-site
wtj-005646,RB95199,work-on-site
wtj-005647,PF17650,work-on-site
wtj-005648,PU93337,work-on-site
wtj-005649,PP36586,work-on-site
wtj-005650,PP36694,work-on-site
wtj-005651,PR22781,work-on-site
wtj-005652,PV48772,work-on-site
wtj-005653,RB62530,work-on-site
wtj-005654,RC04176,work-on-site
wtj-005655,RC04219,work-on-site
wtj-005656,RB62526,work-on-site
wtj-005657,RA46605,work-on-site
wtj-005658,RA46636,work-on-site
wtj-005659,RC03596,work-field
wtj-005660,RC07600,work-on-site
wtj-005661,RA91138,work-field
wtj-005662,RB58002,work-on-site
wtj-005663,RB60189,work-on-site
wtj-005664,PP09029,work-on-site
wtj-005665,PP09185,work-on-site
wtj-005666,RA05090,work-on-site
wtj-005667,RB58215,work-on-site
wtj-005668,RB98164,work-on-site
wtj-005669,RB57956,work-field
wtj-005670,RB57956,work-on-site
wtj-005671,RB55907,work-field
wtj-005672,RC08286,work-field
wtj-005673,PX56479,work-on-site
wtj-005674,RB97081,work-on-site
wtj-005675,RB97138,work-on-site
wtj-005676,RB97215,work-on-site
wtj-005677,RB97002,work-on-site
wtj-005678,RB18817,work-on-site
wtj-005679,RB56340,work-field
wtj-005680,RA30668,work-on-site
wtj-005681,RA30699,work-on-site
wtj-005682,PY95613,work-on-site
wtj-005683,PY15964,work-on-site
wtj-005684,PY15964,work-on-site
wtj-005685,RB83481,work-on-site
wtj-005686,RC00296,work-on-site
wtj-005687,RC07891,work-on-site
wtj-005688,PZ08822,work-on-site
wtj-005689,PZ08822,work-on-site
wtj-005690,RC02985,work-on-site
wtj-005691,RC03579,work-on-site
wtj-005692,RB99429,work-on-site
wtj-005693,RC07903,work-on-site
wtj-005694,RC10349,work-field
wtj-005695,RB75563,work-on-site
wtj-005696,RB75532,work-on-site
wtj-005697,RB75441,work-on-site
wtj-005698,RC11131,work-on-site
wtj-005699,RA20519,work-on-site
wtj-005700,RC07431,work-on-site
wtj-005701,RC07630,work-on-site
wtj-005702,RB54946,work-on-site
wtj-005703,RB54932,work-on-site
wtj-005704,RB54950,work-on-site
wtj-005705,RB54886,work-on-site
wtj-005706,PZ58258,work-field
wtj-005707,PZ58258,work-on-site
wtj-005708,PZ58292,work-on-site
wtj-005709,PZ33702,work-on-site
wtj-005710,PL01961,work-on-site
wtj-005711,PL02097,work-on-site
wtj-005712,PL02390,work-on-site
wtj-005713,RA87378,work-field
wtj-005714,RB51217,work-on-site
wtj-005715,RB76390,work-field
wtj-005716,IC86936,work-on-site
wtj-005717,PZ61992,work-field
wtj-005718,RB06408,work-on-site
wtj-005719,RB06260,work-on-site
wtj-005720,RB07158,work-on-site
wtj-005721,RB06317,work-on-site
wtj-005722,RA57334,work-on-site
wtj-005723,RB97857,work-on-site
wtj-005724,RC07016,work-field
wtj-005725,RB80437,work-on-site
wtj-005726,RB96285,work-field
wtj-005727,RC04617,work-on-site
wtj-005728,RC07888,work-field
wtj-005729,ID10677,work-on-site
wtj-005730,RC03517,work-on-site
wtj-005731,ID37100,work-on-site
wtj-005732,RB93200,work-field
wtj-005733,RB84230,work-on-site
wtj-005734,RB84610,work-on-site
wtj-005735,RB57268,work-on-site
wtj-005736,PZ05917,work-on-site
wtj-005737,RB04731,work-on-site
wtj-005738,RB53496,work-on-site
wtj-005739,RB84291,work-field
wtj-005740,RB62711,work-field
wtj-005741,RA59932,work-field
wtj-005742,RA60116,work-on-site
wtj-005743,RA60116,work-on-site
wtj-005744,RA75123,work-on-site
wtj-005745,RA75140,work-on-site
wtj-005746,IC70525,work-on-site
wtj-005747,IC70539,work-on-site
wtj-005748,RB14357,work-on-site
wtj-005749,PZ54182,work-on-site
wtj-005750,PY78313,work-on-site
wtj-005751,RB59471,work-on-site
wtj-005752,RA75262,work-on-site
wtj-005753,PZ73330,work-on-site
wtj-005754,RB48470,work-on-site
wtj-005755,RB48470,work-field
wtj-005756,RB30099,work-on-site
wtj-005757,RC10443,work-on-site
wtj-005758,RC13635,work-on-site
wtj-005759,RC13618,work-on-site
wtj-005760,RB56839,work-on-site
wtj-005761,RB56860,work-on-site
wtj-005762,RB56916,work-field
wtj-005763,RB77425,work-on-site
wtj-005764,RA94580,work-field
wtj-005765,RB93872,work-on-site
wtj-005766,PZ41557,work-on-site
wtj-005767,RC05489,work-on-site
wtj-005768,ID35845,work-on-site
wtj-005769,RB57743,work-on-site
wtj-005770,ID07790,work-on-site
wtj-005771,RB58553,work-on-site
wtj-005772,PY69218,work-on-site
wtj-005773,PW09874,work-on-site
wtj-005774,RB39252,work-on-site
wtj-005775,RB99753,work-on-site
wtj-005776,RC01317,work-field
wtj-005777,RC01257,work-on-site
wtj-005778,RC12262,work-field
wtj-005779,RB63367,work-field
wtj-005780,RB63336,work-field
wtj-005781,RC13484,work-on-site
wtj-005782,PX72358,work-on-site
wtj-005783,RB53144,work-remote
wtj-005784,RC12032,work-on-site
wtj-005785,RB81477,work-on-site
wtj-005786,RC11708,work-on-site
wtj-005787,PP30046,work-field
wtj-005788,PP30046,work-on-site
wtj-005789,RB86750,work-field
wtj-005790,RB86690,work-field
wtj-005791,IC81558,work-on-site
wtj-005792,RB77442,work-on-site
wtj-005793,RA29796,work-field
wtj-005794,PY35157,work-on-site
wtj-005795,RB95200,work-on-site
wtj-005796,RB61869,work-on-site
wtj-005797,RB61764,work-on-site
wtj-005798,RB61841,work-on-site
wtj-005799,RC10426,work-on-site
wtj-005800,RB94972,work-field
wtj-005801,RB95856,work-on-site
wtj-005802,RB54720,work-on-site
wtj-005803,RB92098,work-field
wtj-005804,RB92098,work-on-site
wtj-005805,PU27871,work-on-site
wtj-005806,PV14538,work-on-site
wtj-005807,PV58626,work-on-site
wtj-005808,RB80593,work-on-site
wtj-005809,RB89896,work-on-site
wtj-005810,RC10062,work-on-site
wtj-005811,PX05238,work-on-site
wtj-005812,RB97613,work-on-site
wtj-005813,RB79994,work-on-site
wtj-005814,RB77166,work-on-site
wtj-005815,RB18635,work-on-site
wtj-005816,RA98443,work-on-site
wtj-005817,RA25607,work-on-site
wtj-005818,RA36370,work-on-site
wtj-005819,RA37879,work-on-site
wtj-005820,RB80775,work-on-site
wtj-005821,RA59412,work-on-site
wtj-005822,RB00271,work-on-site
wtj-005823,RC00373,work-on-site
wtj-005824,RC06817,work-on-site
wtj-005825,RB95123,work-on-site
wtj-005826,RB95110,work-on-site
wtj-005827,RC11313,work-field
wtj-005828,RB81386,work-on-site
wtj-005829,PZ03751,work-field
wtj-005830,RC12535,work-on-site
wtj-005831,RC12430,work-on-site
wtj-005832,RA86125,work-field
wtj-005833,RB90296,work-field
wtj-005834,RC04006,work-on-site
wtj-005835,PZ23859,work-on-site
wtj-005836,RA74023,work-on-site
wtj-005837,RA74023,work-on-site
wtj-005838,RB96101,work-on-site
wtj-005839,RB23634,work-on-site
wtj-005840,RC06621,work-on-site
wtj-005841,RC06544,work-on-site
wtj-005842,RC01931,work-on-site
wtj-005843,RB97735,work-on-site
wtj-005844,RC02235,work-on-site
wtj-005845,RB63080,work-on-site
wtj-005846,RC05808,work-on-site
wtj-005847,RC09173,work-field
wtj-005848,RC02910,work-field
wtj-005849,RB23176,work-on-site
wtj-005850,RB84135,work-on-site
wtj-005851,RB84170,work-on-site
wtj-005852,RB76650,work-field
wtj-005853,RB02207,work-on-site
wtj-005854,RB27269,work-on-site
wtj-005855,RB27178,work-on-site
wtj-005856,RC06090,work-on-site
wtj-005857,RB90160,work-on-site
wtj-005858,RB91089,work-on-site
wtj-005859,RB92218,work-on-site
wtj-005860,RB92309,work-on-site
wtj-005861,RC03929,work-on-site
wtj-005862,RB53312,work-on-site
wtj-005863,RB53312,work-on-site
wtj-005864,DN63650,work-on-site
wtj-005865,RA85821,work-on-site
wtj-005866,RB57834,work-on-site
wtj-005867,RC07766,work-on-site
wtj-005868,IC97787,work-on-site
wtj-005869,ID32315,work-on-site
wtj-005870,ID32301,work-on-site
wtj-005871,PZ72565,work-on-site
wtj-005872,RB51831,work-on-site
wtj-005873,RC08471,work-on-site
wtj-005874,RC04253,work-on-site
wtj-005875,RB95839,work-on-site
wtj-005876,RC07002,work-field
wtj-005877,ID35126,work-remote
wtj-005878,RB97658,work-field
wtj-005879,RB97567,work-field
wtj-005880,RB10970,work-on-site
wtj-005881,RB65951,work-on-site
wtj-005882,ID37053,work-on-site
wtj-005883,RB77348,work-on-site
wtj-005884,PZ26289,work-on-site
wtj-005885,RC02067,work-on-site
wtj-005886,RB62895,work-on-site
wtj-005887,RA82626,work-on-site
wtj-005888,IC95508,work-on-site
wtj-005889,RC01460,work-on-site
wtj-005890,RC08988,work-on-site
wtj-005891,RB77780,work-on-site
wtj-005892,RB34380,work-on-site
wtj-005893,RB52993,work-on-site
wtj-005894,RB76845,work-on-site
wtj-005895,RB56001,work-field
wtj-005896,RB82091,work-on-site
wtj-005897,RB97797,work-field
wtj-005898,RB95566,work-on-site
wtj-005899,RB92189,work-on-site
wtj-005900,RB67966,work-field
wtj-005901,PV09343,work-on-site
wtj-005902,RB90905,work-on-site
wtj-005903,PX92424,work-field
wtj-005904,RB77690,work-on-site
wtj-005905,ID30055,work-field
wtj-005906,RB74568,work-on-site
wtj-005907,RB24703,work-on-site
wtj-005908,RB53022,work-on-site
wtj-005909,RA02702,work-remote
wtj-005910,RA43691,work-on-site
wtj-005911,ID06076,work-on-site
wtj-005912,ID08398,work-on-site
wtj-005913,PZ69996,work-on-site
wtj-005914,PZ70000,work-on-site
wtj-005915,RB60070,work-on-site
wtj-005916,PY75351,work-on-site
wtj-005917,RC03460,work-on-site
wtj-005918,RB75486,work-field
wtj-005919,RB85270,work-on-site
wtj-005920,RC09983,work-on-site
wtj-005921,RB55037,work-on-site
wtj-005922,RB54994,work-on-site
wtj-005923,RB64345,work-on-site
wtj-005924,RC08559,work-on-site
wtj-005925,RB95077,work-on-site
wtj-005926,RC05981,work-field
wtj-005927,PS29313,work-on-site
wtj-005928,PN19295,work-on-site
wtj-005929,RB77624,work-on-site
wtj-005930,RB91732,work-on-site
wtj-005931,RC02786,work-on-site
wtj-005932,RC07553,work-on-site
wtj-005933,RB97920,work-on-site
wtj-005934,ID14298,work-remote
wtj-005935,ID14298,work-hybrid
wtj-005936,RB79318,work-on-site
wtj-005937,ID13582,work-on-site
wtj-005938,ID13579,work-on-site
wtj-005939,ID13565,work-on-site
wtj-005940,RB88873,work-on-site
wtj-005941,RC11452,work-on-site
wtj-005942,RC01425,work-field
wtj-005943,ID07023,work-on-site
wtj-005944,RB91669,work-on-site
wtj-005945,RC12400,work-on-site
wtj-005946,IC98916,work-on-site
wtj-005947,RB84686,work-on-site
wtj-005948,RB84746,work-on-site
wtj-005949,RC07567,work-on-site
wtj-005950,RB92434,work-on-site
wtj-005951,RB28190,work-on-site
wtj-005952,RB39204,work-on-site
wtj-005953,PY86110,work-on-site
wtj-005954,RB98423,work-on-site
wtj-005955,RC10901,work-on-site
wtj-005956,RC07246,work-on-site
wtj-005957,RB64024,work-on-site
wtj-005958,RB64086,work-on-site
wtj-005959,RB64115,work-on-site
wtj-005960,RB63920,work-on-site
wtj-005961,RB63964,work-on-site
wtj-005962,RB63950,work-on-site
wtj-005963,RB63825,work-on-site
wtj-005964,RB94941,work-on-site
wtj-005965,RB97770,work-on-site
wtj-005966,PZ67384,work-on-site
wtj-005967,ID35097,work-on-site
wtj-005968,IC99820,work-on-site
wtj-005969,RC03275,work-on-site
wtj-005970,RC03230,work-on-site
wtj-005971,RC03321,work-on-site
wtj-005972,RC03292,work-on-site
wtj-005973,RC03304,work-on-site
wtj-005974,RC03289,work-on-site
wtj-005975,RC03261,work-on-site
wtj-005976,RC03244,work-on-site
wtj-005977,RC09295,work-on-site
wtj-005978,RC09324,work-on-site
wtj-005979,RC12765,work-on-site
wtj-005980,RC12779,work-on-site
wtj-005981,RC12782,work-on-site
wtj-005982,RC12808,work-on-site
wtj-005983,RC03915,work-on-site
wtj-005984,IC87089,work-on-site
wtj-005985,IC76454,work-on-site
wtj-005986,RC11470,work-on-site
wtj-005987,RC05856,work-on-site
wtj-005988,RA65880,work-on-site
wtj-005989,RC11864,work-on-site
wtj-005990,RB92542,work-on-site
wtj-005991,DN61861,work-on-site
wtj-005992,PV01779,work-on-site
wtj-005993,RC10625,work-on-site
wtj-005994,RC10642,work-on-site
wtj-005995,RC10690,work-on-site
wtj-005996,RC01274,work-on-site
wtj-005997,RC01487,work-on-site
wtj-005998,RB86963,work-on-site
wtj-005999,RB76507,work-on-site
wtj-006000,RB76447,work-on-site
wtj-006001,RC04068,work-on-site
wtj-006002,RB90754,work-on-site
wtj-006003,RC09139,work-on-site
wtj-006004,RC09108,work-on-site
wtj-006005,RB13840,work-on-site
wtj-006006,RB13794,work-on-site
wtj-006007,RC02040,work-on-site
wtj-006008,RC09281,work-on-site
wtj-006009,RA90911,work-on-site
wtj-006010,RC06908,work-on-site
wtj-006011,RB98042,work-on-site
wtj-006012,RB14221,work-on-site
wtj-006013,RC02158,work-on-site
wtj-006014,RA53514,work-on-site
wtj-006015,RB92417,work-on-site
wtj-006016,RC07627,work-on-site
wtj-006017,RC09844,work-on-site
wtj-006018,RC10093,work-on-site
wtj-006019,RC09970,work-on-site
wtj-006020,RC10213,work-on-site
wtj-006021,RB90967,work-on-site
wtj-006022,RA35787,work-on-site
wtj-006023,ID32332,work-on-site
wtj-006024,RC10028,work-on-site
wtj-006025,RC09918,work-on-site
wtj-006026,RC09740,work-on-site
wtj-006027,RC09966,work-on-site
wtj-006028,RC09827,work-on-site
wtj-006029,RC09904,work-on-site
wtj-006030,RB68302,work-on-site
wtj-006031,RB40047,work-on-site
wtj-006032,RB40081,work-on-site
wtj-006033,RA49360,work-on-site
wtj-006034,RB92539,work-on-site
wtj-006035,RC02070,work-on-site
wtj-006036,RB80897,work-on-site
wtj-006037,RC06101,work-on-site
wtj-006038,RB78801,work-on-site
wtj-006039,RB81139,work-on-site
wtj-006040,RB81160,work-on-site
wtj-006041,RB91945,work-on-site
wtj-006042,RB97766,work-on-site
wtj-006043,RB22122,work-on-site
wtj-006044,RB99079,work-on-site
wtj-006045,RA87438,work-on-site
wtj-006046,PZ25525,work-on-site
wtj-006047,PZ65720,work-on-site
wtj-006048,PZ68834,work-on-site
wtj-006049,PZ79805,work-on-site
wtj-006050,RA07957,work-on-site
wtj-006051,PX90640,work-on-site
wtj-006052,PX73981,work-on-site
wtj-006053,PX83576,work-on-site
wtj-006054,PY60159,work-on-site
wtj-006055,PV80817,work-on-site
wtj-006056,PW25767,work-on-site
wtj-006057,PW54879,work-on-site
wtj-006058,PW57568,work-on-site
wtj-006059,PX22130,work-on-site
wtj-006060,PX22143,work-on-site
wtj-006061,PX22160,work-on-site
wtj-006062,PX22220,work-on-site
wtj-006063,PJ04890,work-on-site
wtj-006064,PJ59230,work-on-site
wtj-006065,PG06746,work-on-site
wtj-006066,PJ11551,work-on-site
wtj-006067,PJ11977,work-on-site
wtj-006068,PJ11929,work-on-site
wtj-006069,PM23104,work-on-site
wtj-006070,RA50933,work-on-site
wtj-006071,RA84229,work-on-site
wtj-006072,RA98261,work-on-site
wtj-006073,PE88115,work-on-site
wtj-006074,PV07998,work-on-site
wtj-006075,PU34149,work-on-site
wtj-006076,PM90698,work-on-site
wtj-006077,PR06840,work-on-site
wtj-006078,RB44953,work-on-site
wtj-006079,RA81100,work-on-site
wtj-006080,RA52020,work-on-site
wtj-006081,RA29842,work-on-site
wtj-006082,RC08454,work-on-site
wtj-006083,PS91942,work-on-site
wtj-006084,PV67704,work-on-site
wtj-006085,PS91817,work-on-site
wtj-006086,RC03184,work-on-site
wtj-006087,PP08389,work-on-site
wtj-006088,PP10316,work-on-site
wtj-006089,PT59812,work-on-site
wtj-006090,PW75266,work-on-site
wtj-006091,RA98370,work-on-site
wtj-006092,PW57540,work-on-site
wtj-006093,PW19580,work-on-site
wtj-006094,RC08060,work-on-site
wtj-006095,RC12398,work-on-site
wtj-006096,PZ94112,work-on-site
wtj-006097,RC07385,work-on-site
wtj-006098,PY13397,work-on-site
wtj-006099,PY13412,work-on-site
wtj-006100,RB25925,work-on-site
wtj-006101,RC05703,work-on-site
wtj-006102,RB96146,work-on-site
wtj-006103,RB96180,work-on-site
wtj-006104,RB96223,work-on-site
wtj-006105,RB95583,work-on-site
wtj-006106,RB96115,work-on-site
wtj-006107,RC04114,work-on-site
wtj-006108,PW18662,work-on-site
wtj-006109,RA82856,work-on-site
wtj-006110,RA37129,work-on-site
wtj-006111,PY21833,work-on-site
wtj-006112,PX37883,work-on-site
wtj-006113,PY08110,work-on-site
wtj-006114,PY42420,work-on-site
wtj-006115,PS79562,work-on-site
wtj-006116,PS79727,work-on-site
wtj-006117,PZ64252,work-on-site
wtj-006118,PW31090,work-on-site
wtj-006119,PW80831,work-on-site
wtj-006120,PW80862,work-on-site
wtj-006121,PP69030,work-on-site
wtj-006122,PW65091,work-on-site
wtj-006123,PX27674,work-on-site
wtj-006124,PX28101,work-on-site
wtj-006125,PX28090,work-on-site
wtj-006126,PX17479,work-on-site
wtj-006127,PV85450,work-on-site
wtj-006128,PV86058,work-on-site
wtj-006129,PX99314,work-on-site
wtj-006130,PX86083,work-on-site
wtj-006131,PX86130,work-on-site
wtj-006132,PY55670,work-on-site
wtj-006133,PT51546,work-on-site
wtj-006134,PT51410,work-on-site
wtj-006135,PT61391,work-on-site
wtj-006136,PZ47913,work-on-site
wtj-006137,PZ49121,work-on-site
wtj-006138,RB17657,work-on-site
wtj-006139,RC03076,work-on-site
wtj-006140,PZ79822,work-on-site
wtj-006141,PZ79898,work-on-site
wtj-006142,RA23780,work-on-site
wtj-006143,RA23731,work-on-site
wtj-006144,RA27304,work-on-site
wtj-006145,RC06820,work-on-site
wtj-006146,RB07249,work-on-site
wtj-006147,RB88612,work-on-site
wtj-006148,RB88583,work-on-site
wtj-006149,PX22035,work-on-site
wtj-006150,PX17434,work-on-site
wtj-006151,PX16900,work-on-site
wtj-006152,PX85836,work-on-site
wtj-006153,PX85884,work-on-site
wtj-006154,PY55635,work-on-site
wtj-006155,PT51515,work-on-site
wtj-006156,PT51685,work-on-site
wtj-006157,PT74272,work-on-site
wtj-006158,PV85677,work-on-site
wtj-006159,RB94466,work-on-site
wtj-006160,PY31718,work-on-site
wtj-006161,PY71713,work-on-site
wtj-006162,PP69166,work-on-site
wtj-006163,PP63010,work-on-site
wtj-006164,PZ81630,work-on-site
wtj-006165,PZ79550,work-on-site
wtj-006166,PZ59466,work-on-site
wtj-006167,PX40470,work-on-site
wtj-006168,RB13928,work-on-site
wtj-006169,RB14270,work-on-site
wtj-006170,RB14556,work-on-site
wtj-006171,RB25911,work-on-site
wtj-006172,RB26050,work-on-site
wtj-006173,RB14786,work-on-site
wtj-006174,RB14019,work-on-site
wtj-006175,RB12112,work-on-site
wtj-006176,RB19263,work-on-site
wtj-006177,RB23114,work-on-site
wtj-006178,RB20732,work-on-site
wtj-006179,RB21218,work-on-site
wtj-006180,RB21309,work-on-site
wtj-006181,RB76936,work-on-site
wtj-006182,RB76601,work-on-site
wtj-006183,RB76737,work-on-site
wtj-006184,RB76710,work-on-site
wtj-006185,RB79289,work-on-site
wtj-006186,RB85832,work-on-site
wtj-006187,RB79230,work-on-site
wtj-006188,PT11554,work-on-site
wtj-006189,PX92242,work-on-site
wtj-006190,RB69282,work-on-site
wtj-006191,RB68208,work-on-site
wtj-006192,RB70046,work-on-site
wtj-006193,RC05154,work-on-site
wtj-006194,RB99722,work-on-site
wtj-006195,RC01672,work-on-site
wtj-006196,RB72627,work-on-site
wtj-006197,RB96589,work-on-site
wtj-006198,RB96300,work-on-site
wtj-006199,RB96604,work-on-site
wtj-006200,RC09830,work-on-site
wtj-006201,RB58250,work-on-site
wtj-006202,RC03932,work-on-site
wtj-006203,RB90768,work-on-site
wtj-006204,RA28222,work-on-site
wtj-006205,RA78290,work-on-site
wtj-006206,RA78301,work-on-site
wtj-006207,RC09693,work-on-site
wtj-006208,RC09858,work-on-site
wtj-006209,RB72385,work-on-site
wtj-006210,RB72920,work-on-site
wtj-006211,RB72567,work-on-site
wtj-006212,RB75501,work-on-site
wtj-006213,RB60968,work-on-site
wtj-006214,RA99068,work-on-site
wtj-006215,RA36154,work-on-site
wtj-006216,RA36063,work-on-site
wtj-006217,RA99131,work-on-site
wtj-006218,PZ97838,work-on-site
wtj-006219,RB84382,work-on-site
wtj-006220,RB90572,work-on-site
wtj-006221,RB97064,work-on-site
wtj-006222,RB96990,work-on-site
wtj-006223,RC03370,work-on-site
wtj-006224,RC03366,work-on-site
wtj-006225,RC03258,work-on-site
wtj-006226,RB96592,work-on-site
wtj-006227,RB92249,work-on-site
wtj-006228,RB92221,work-on-site
wtj-006229,IC26790,work-on-site
wtj-006230,IC26816,work-on-site
wtj-006231,RC03227,work-on-site
wtj-006232,RA26218,work-on-site
wtj-006233,RB93720,work-on-site
wtj-006234,RB98545,work-on-site
wtj-006235,RB89498,work-on-site
wtj-006236,RB81079,work-on-site
wtj-006237,RB79093,work-on-site
wtj-006238,RA88356,work-on-site
wtj-006239,RB65462,work-on-site
wtj-006240,RA64348,work-on-site
wtj-006241,RB93946,work-on-site
wtj-006242,RB93963,work-on-site
wtj-006243,RB43992,work-on-site
wtj-006244,RB44035,work-on-site
wtj-006245,RB87665,work-on-site
wtj-006246,PZ69979,work-on-site
wtj-006247,RB04944,work-on-site
wtj-006248,RB95902,work-on-site
wtj-006249,RB96240,work-on-site
wtj-006250,RB77439,work-on-site
wtj-006251,RC13041,work-on-site
wtj-006252,PY88215,work-on-site
wtj-006253,RA40100,work-on-site
wtj-006254,PZ45178,work-on-site
wtj-006255,PZ80512,work-on-site
wtj-006256,RC03349,work-on-site
wtj-006257,RB77581,work-on-site
wtj-006258,RB31319,work-on-site
wtj-006259,RA89382,work-on-site
wtj-006260,RB19644,work-on-site
wtj-006261,RB18436,work-on-site
wtj-006262,RB84460,work-on-site
wtj-006263,RB94176,work-on-site
wtj-006264,RB94530,work-on-site
wtj-006265,RB80622,work-on-site
wtj-006266,RB87483,work-on-site
wtj-006267,RB87725,work-on-site
wtj-006268,RB79869,work-on-site
wtj-006269,RC11435,work-on-site
wtj-006270,RB95549,work-on-site
wtj-006271,RB95353,work-on-site
wtj-006272,RB95322,work-on-site
wtj-006273,RB95860,work-on-site
wtj-006274,RC09585,work-on-site
wtj-006275,RC09568,work-on-site
wtj-006276,RB84061,work-on-site
wtj-006277,RC09446,work-on-site
wtj-006278,RC09415,work-on-site
wtj-006279,RC07480,work-on-site
wtj-006280,RC07368,work-on-site
wtj-006281,RC03795,work-on-site
wtj-006282,RC05370,work-on-site
wtj-006283,RC05336,work-on-site
wtj-006284,RC05199,work-on-site
wtj-006285,RC06527,work-on-site
wtj-006286,RC06422,work-on-site
wtj-006287,RC06393,work-on-site
wtj-006288,PZ90306,work-on-site
wtj-006289,RC02005,work-on-site
wtj-006290,RC00282,work-on-site
wtj-006291,RC03980,work-on-site
wtj-006292,RA74418,work-on-site
wtj-006293,RB98060,work-on-site
wtj-006294,RB95657,work-on-site
wtj-006295,RB97675,work-on-site
wtj-006296,RC10915,work-on-site
wtj-006297,RB98377,work-on-site
wtj-006298,RB78189,work-on-site
wtj-006299,RA43475,work-on-site
wtj-006300,RC10136,work-on-site
wtj-006301,RB97232,work-on-site
wtj-006302,RB96757,work-on-site
wtj-006303,RC04100,work-on-site
wtj-006304,RB24751,work-on-site
wtj-006305,RB82731,work-on-site
wtj-006306,RB82550,work-on-site
wtj-006307,RB66440,work-on-site
wtj-006308,RC02403,work-on-site
wtj-006309,RB68805,work-on-site
wtj-006310,RB68668,work-on-site
wtj-006311,RB68745,work-on-site
wtj-006312,RC09631,work-on-site
wtj-006313,RB96467,work-on-site
wtj-006314,RC11986,work-on-site
wtj-006315,RC12458,work-on-site
wtj-006316,RC09386,work-on-site
wtj-006317,RB88110,work-on-site
wtj-006318,RB07465,work-on-site
wtj-006319,RC06498,work-on-site
wtj-006320,RB90632,work-on-site
wtj-006321,RC00510,work-on-site
wtj-006322,RC00876,work-on-site
wtj-006323,RB85815,work-on-site
wtj-006324,RC08120,work-on-site
wtj-006325,RB88947,work-on-site
wtj-006326,RB79690,work-on-site
wtj-006327,PW85657,work-on-site
wtj-006328,RC12566,work-on-site
wtj-006329,RC12660,work-on-site
wtj-006330,RB92525,work-on-site
wtj-006331,RB99463,work-on-site
wtj-006332,RC08514,work-on-site
wtj-006333,RB95046,work-on-site
wtj-006334,RB84000,work-on-site
wtj-006335,RB84030,work-on-site
wtj-006336,RB23435,work-on-site
wtj-006337,RA55640,work-on-site
wtj-006338,RB68900,work-on-site
wtj-006339,RA38857,work-on-site
wtj-006340,RC09390,work-on-site
wtj-006341,RB88765,work-on-site
wtj-006342,IC85091,work-on-site
wtj-006343,RB65934,work-on-site
wtj-006344,RC02312,work-on-site
wtj-006345,RC07613,work-on-site
wtj-006346,RB94470,work-on-site
wtj-006347,RA61338,work-on-site
wtj-006348,RC04560,work-on-site
wtj-006349,RC07522,work-on-site
wtj-006350,RC12110,work-on-site
wtj-006351,RC09494,work-on-site
wtj-006352,RC12094,work-on-site
wtj-006353,RB61409,work-on-site
wtj-006354,RB61579,work-on-site
wtj-006355,RC09949,work-on-site
wtj-006356,RB61611,work-on-site
wtj-006357,RB73269,work-on-site
wtj-006358,RB73301,work-on-site
wtj-006359,RB76663,work-on-site
wtj-006360,RB79412,work-on-site
wtj-006361,RB84550,work-on-site
wtj-006362,RB84624,work-on-site
wtj-006363,RB84607,work-on-site
wtj-006364,RC05890,work-on-site
wtj-006365,RC10200,work-on-site
wtj-006366,RC08883,work-on-site
wtj-006367,RC01780,work-on-site
wtj-006368,RC01690,work-on-site
wtj-006369,RA28392,work-on-site
wtj-006370,RC04526,work-on-site
wtj-006371,RC04418,work-on-site
wtj-006372,RC04910,work-on-site
wtj-006373,RC04327,work-on-site
wtj-006374,RC05080,work-on-site
wtj-006375,RC05032,work-on-site
wtj-006376,RC05964,work-on-site
wtj-006377,RC04588,work-on-site
wtj-006378,RB43805,work-on-site
wtj-006379,RC00646,work-on-site
wtj-006380,RC04054,work-on-site
wtj-006381,RB64712,work-on-site
wtj-006382,RB87006,work-on-site
wtj-006383,RB24981,work-on-site
wtj-006384,RA53761,work-on-site
wtj-006385,RB24950,work-on-site
wtj-006386,RA69530,work-on-site
wtj-006387,RB49400,work-on-site
wtj-006388,RC05691,work-on-site
wtj-006389,RC02496,work-on-site
wtj-006390,RA10404,work-on-site
wtj-006391,RC10076,work-on-site
wtj-006392,RC10244,work-on-site
wtj-006393,RC09659,work-on-site
wtj-006394,RC09705,work-on-site
wtj-006395,RC09767,work-on-site
wtj-006396,RC09600,work-on-site
wtj-006397,RC09540,work-on-site
wtj-006398,RC10579,work-on-site
wtj-006399,RC10596,work-on-site
wtj-006400,RC05552,work-on-site
wtj-006401,RC04466,work-on-site
wtj-006402,RC04389,work-on-site
wtj-006403,RC04620,work-on-site
wtj-006404,RC12626,work-on-site
wtj-006405,RC13072,work-on-site
wtj-006406,RC01230,work-on-site
wtj-006407,RC01212,work-on-site
wtj-006408,RC13268,work-on-site
wtj-006409,RC11327,work-on-site
wtj-006410,RB93488,work-on-site
wtj-006411,RB61660,work-on-site
wtj-006412,RB90325,work-on-site
wtj-006413,RB90342,work-on-site
wtj-006414,RB99450,work-on-site
wtj-006415,RC10370,work-on-site
wtj-006416,RB65613,work-on-site
wtj-006417,RC09861,work-on-site
wtj-006418,RB98207,work-on-site
wtj-006419,RB97860,work-on-site
wtj-006420,RC12461,work-on-site
wtj-006421,RC12748,work-on-site
wtj-006422,RC11955,work-on-site
wtj-006423,RB97016,work-on-site
wtj-006424,RA79247,work-on-site
wtj-006425,RB94969,work-on-site
wtj-006426,RB95626,work-on-site
wtj-006427,RC09571,work-on-site
wtj-006428,RB94560,work-on-site
wtj-006429,RB84044,work-on-site
wtj-006430,RC00217,work-on-site
wtj-006431,RB97246,work-on-site
wtj-006432,RB53590,work-on-site
wtj-006433,RB53620,work-on-site
wtj-006434,RC11895,work-on-site
wtj-006435,RC02189,work-on-site
wtj-006436,RC11010,work-on-site
wtj-006437,RB76143,work-on-site
wtj-006438,RC02479,work-on-site
wtj-006439,RB70549,work-on-site
wtj-006440,RB93750,work-on-site
wtj-006441,RB93932,work-on-site
wtj-006442,RB93838,work-on-site
wtj-006443,RB93980,work-on-site
wtj-006444,RC09190,work-on-site
wtj-006445,RB73468,work-on-site
wtj-006446,RB73406,work-on-site
wtj-006447,RB73423,work-on-site
wtj-006448,RB73440,work-on-site
wtj-006449,RC05842,work-on-site
wtj-006450,RB95305,work-on-site
wtj-006451,RC07371,work-on-site
wtj-006452,RC07229,work-on-site
wtj-006453,RC13774,work-on-site
wtj-006454,RC13803,work-on-site
wtj-006455,RC13791,work-on-site
wtj-006456,RB41991,work-on-site
wtj-006457,RB15977,work-on-site
wtj-006458,RB15980,work-on-site
wtj-006459,RB72783,work-on-site
wtj-006460,RB79890,work-on-site
wtj-006461,RC02906,work-on-site
wtj-006462,RC03140,work-on-site
wtj-006463,RA18900,work-on-site
wtj-006464,RA23532,work-on-site
wtj-006465,RB77533,work-on-site
wtj-006466,RB17920,work-on-site
wtj-006467,RB99676,work-on-site
wtj-006468,RB97050,work-on-site
wtj-006469,RC01962,work-on-site
wtj-006470,RC02022,work-on-site
wtj-006471,RA49004,work-on-site
wtj-006472,RB97476,work-on-site
wtj-006473,RB95609,work-on-site
wtj-006474,RB95978,work-on-site
wtj-006475,RB96072,work-on-site
wtj-006476,RC13422,work-on-site
wtj-006477,RC13440,work-on-site
wtj-006478,RC04760,work-on-site
wtj-006479,RC05400,work-on-site
wtj-006480,RB96760,work-on-site
wtj-006481,RC09463,work-on-site
wtj-006482,RC05123,work-on-site
wtj-006483,RB78832,work-on-site
wtj-006484,RC04725,work-on-site
wtj-006485,PX34765,work-on-site
wtj-006486,RC07095,work-on-site
wtj-006487,RC07124,work-on-site
wtj-006488,RC10656,work-on-site
wtj-006489,RC07505,work-on-site
wtj-006490,RC08410,work-on-site
wtj-006491,RC08350,work-on-site
wtj-006492,RC08195,work-on-site
wtj-006493,RB92829,work-on-site
wtj-006494,RC06328,work-on-site
wtj-006495,RC02999,work-on-site
wtj-006496,RC03838,work-on-site
wtj-006497,RC09020,work-on-site
wtj-006498,RC01533,work-on-site
wtj-006499,RC01655,work-on-site
wtj-006500,RC01581,work-on-site
wtj-006501,RC01750,work-on-site
wtj-006502,RC01777,work-on-site
wtj-006503,RA05604,work-on-site
wtj-006504,RA05561,work-on-site
wtj-006505,RC05413,work-on-site
wtj-006506,RC12245,work-on-site
wtj-006507,RB81844,work-on-site
wtj-006508,RC12200,work-on-site
wtj-006509,RB79702,work-on-site
wtj-006510,RC05839,work-on-site
wtj-006511,RB98713,work-on-site
wtj-006512,RB81264,work-on-site
wtj-006513,PW21630,work-on-site
wtj-006514,RB96086,work-on-site
wtj-006515,PN44175,work-on-site
wtj-006516,OY13368,work-on-site
wtj-006517,OY13431,work-on-site
wtj-006518,OY13462,work-on-site
wtj-006519,OY13505,work-on-site
wtj-006520,RB11438,work-on-site
wtj-006521,RB11563,work-on-site
wtj-006522,RB11671,work-on-site
wtj-006523,RC13223,work-on-site
wtj-006524,RC04193,work-on-site
wtj-006525,RC04300,work-on-site
wtj-006526,PW35149,work-on-site
wtj-006527,RC08818,work-on-site
wtj-006528,RC08011,work-on-site
wtj-006529,RC00629,work-on-site
wtj-006530,RC00590,work-on-site
wtj-006531,RB79824,work-on-site
wtj-006532,RC13007,work-on-site
wtj-006533,RC11358,work-on-site
wtj-006534,RC11449,work-on-site
wtj-006535,RC08210,work-on-site
wtj-006536,RC08619,work-on-site
wtj-006537,RC11023,work-on-site
wtj-006538,RA26326,work-on-site
wtj-006539,RB95489,work-on-site
wtj-006540,RB95458,work-on-site
wtj-006541,RB93457,work-on-site
wtj-006542,PZ90917,work-on-site
wtj-006543,PZ91147,work-on-site
wtj-006544,PZ91181,work-on-site
wtj-006545,PZ91423,work-on-site
wtj-006546,PZ91406,work-on-site
wtj-006547,PZ91437,work-on-site
wtj-006548,RB04637,work-on-site
wtj-006549,RB06212,work-on-site
wtj-006550,RC08653,work-on-site
wtj-006551,RB32848,work-on-site
wtj-006552,RB58340,work-on-site
wtj-006553,RA96871,work-on-site
wtj-006554,RA96473,work-on-site
wtj-006555,RA05589,work-on-site
wtj-006556,PZ49439,work-on-site
wtj-006557,PY18406,work-on-site
wtj-006558,PY66759,work-on-site
wtj-006559,PY50058,work-on-site
wtj-006560,PY46910,work-on-site
wtj-006561,PY46941,work-on-site
wtj-006562,RC13090,work-on-site
wtj-006563,RB94159,work-on-site
wtj-006564,RB94651,work-on-site
wtj-006565,RB98821,work-on-site
wtj-006566,RB98500,work-on-site
wtj-006567,OZ69880,work-on-site
wtj-006568,OX52880,work-on-site
wtj-006569,PD96391,work-on-site
wtj-006570,PT44961,work-on-site
wtj-006571,RA10470,work-on-site
wtj-006572,PZ89084,work-on-site
wtj-006573,RA00763,work-on-site
wtj-006574,RB56964,work-on-site
wtj-006575,RB79261,work-on-site
wtj-006576,RB80988,work-on-site
wtj-006577,RB95518,work-on-site
wtj-006578,RB91871,work-on-site
wtj-006579,RC05367,work-on-site
wtj-006580,RC05825,work-on-site
wtj-006581,RB97172,work-on-site
wtj-006582,PP64718,work-on-site
wtj-006583,PP64735,work-on-site
wtj-006584,PY39162,work-on-site
wtj-006585,PX39668,work-on-site
wtj-006586,PV37278,work-on-site
wtj-006587,PX29020,work-on-site
wtj-006588,PP33562,work-on-site
wtj-006589,RA25794,work-on-site
wtj-006590,RB76220,work-on-site
wtj-006591,RB64803,work-on-site
wtj-006592,RB64817,work-on-site
wtj-006593,RB64618,work-on-site
wtj-006594,RB17063,work-on-site
wtj-006595,RC02511,work-on-site
wtj-006596,RC02710,work-on-site
wtj-006597,PC97065,work-on-site
wtj-006598,RA32334,work-on-site
wtj-006599,PG69191,work-on-site
wtj-006600,RB05097,work-on-site
wtj-006601,RB89024,work-on-site
wtj-006602,RC02539,work-on-site
wtj-006603,RC03824,work-on-site
wtj-006604,RB97540,work-on-site
wtj-006605,PZ06653,work-on-site
wtj-006606,PZ06684,work-on-site
wtj-006607,RB65476,work-on-site
wtj-006608,PN41410,work-on-site
wtj-006609,RC05521,work-on-site
wtj-006610,RB96709,work-on-site
wtj-006611,PF21821,work-on-site
wtj-006612,RA95663,work-on-site
wtj-006613,OR15536,work-on-site
wtj-006614,RB81813,work-on-site
wtj-006615,RA99955,work-on-site
wtj-006616,PD34162,work-on-site
wtj-006617,OP50358,work-on-site
wtj-006618,OR15323,work-on-site
wtj-006619,OT01515,work-on-site
wtj-006620,PB62170,work-on-site
wtj-006621,PC55649,work-on-site
wtj-006622,PD30191,work-on-site
wtj-006623,RB29668,work-on-site
wtj-006624,PK43087,work-on-site
wtj-006625,PY94362,work-on-site
wtj-006626,PY96468,work-on-site
wtj-006627,PY13977,work-on-site
wtj-006628,PZ97915,work-on-site
wtj-006629,PZ44033,work-on-site
wtj-006630,RA64502,work-on-site
wtj-006631,PK82329,work-on-site
wtj-006632,PY78648,work-on-site
wtj-006633,PW45219,work-on-site
wtj-006634,PW62948,work-on-site
wtj-006635,PF90709,work-on-site
wtj-006636,RA74099,work-on-site
wtj-006637,RB14587,work-on-site
wtj-006638,RB10480,work-on-site
wtj-006639,PX96660,work-on-site
wtj-006640,PY30359,work-on-site
wtj-006641,RA52519,work-on-site
wtj-006642,RB97190,work-on-site
wtj-006643,RB94267,work-on-site
wtj-006644,RC07812,work-on-site
wtj-006645,RA82322,work-on-site
wtj-006646,RB35295,work-on-site
wtj-006647,PP67117,work-on-site
wtj-006648,RC03963,work-on-site
wtj-006649,PY53665,work-on-site
wtj-006650,RB97917,work-on-site
wtj-006651,PZ35293,work-on-site
wtj-006652,RB86932,work-on-site
wtj-006653,RC06254,work-on-site
wtj-006654,RB31168,work-on-site
wtj-006655,RB80667,work-on-site
wtj-006656,RB78448,work-on-site
wtj-006657,RB78434,work-on-site
wtj-006658,RA84368,work-on-site
wtj-006659,PX45719,work-on-site
wtj-006660,PY57454,work-on-site
wtj-006661,PW44778,work-on-site
wtj-006662,PX17357,work-on-site
wtj-006663,PV07217,work-on-site
wtj-006664,PB91065,work-on-site
wtj-006665,PB91051,work-on-site
wtj-006666,PB91034,work-on-site
wtj-006667,PB91020,work-on-site
wtj-006668,PB91523,work-on-site
wtj-006669,PE50174,work-on-site
wtj-006670,PF95203,work-on-site
wtj-006671,PR83905,work-on-site
wtj-006672,OR49310,work-on-site
wtj-006673,PL36664,work-on-site
wtj-006674,PR35844,work-on-site
wtj-006675,PD97690,work-on-site
wtj-006676,PY68013,work-on-site
wtj-006677,PX75337,work-on-site
wtj-006678,RB49597,work-on-site
wtj-006679,RB00834,work-on-site
wtj-006680,RB00848,work-on-site
wtj-006681,PZ37107,work-on-site
wtj-006682,RA01283,work-on-site
wtj-006683,PX13949,work-on-site
wtj-006684,RC04790,work-on-site
wtj-006685,RC04756,work-on-site
wtj-006686,RB82350,work-on-site
wtj-006687,RB89960,work-on-site
wtj-006688,RB77396,work-on-site
wtj-006689,PV35306,work-on-site
wtj-006690,RC05262,work-on-site
wtj-006691,RC05322,work-on-site
wtj-006692,RB82441,work-on-site
wtj-006693,PX23320,work-on-site
wtj-006694,RB76998,work-on-site
wtj-006695,RB77061,work-on-site
wtj-006696,RB77013,work-on-site
wtj-006697,RB76967,work-on-site
wtj-006698,RB79810,work-on-site
wtj-006699,RB79534,work-on-site
wtj-006700,RB79778,work-on-site
wtj-006701,PC13625,work-on-site
wtj-006702,RB79656,work-on-site
wtj-006703,RC10059,work-on-site
wtj-006704,PZ67964,work-on-site
wtj-006705,RC13299,work-on-site
wtj-006706,RB64237,work-on-site
wtj-006707,RA54034,work-on-site
wtj-006708,RB71237,work-on-site
wtj-006709,RB96621,work-on-site
wtj-006710,RB62284,work-on-site
wtj-006711,RB62418,work-on-site
wtj-006712,RB26826,work-on-site
wtj-006713,RB93170,work-on-site
wtj-006714,RB88353,work-on-site
wtj-006715,RA93390,work-on-site
wtj-006716,RB96470,work-on-site
wtj-006717,RB79292,work-on-site
wtj-006718,RB79122,work-on-site
wtj-006719,PZ77164,work-on-site
wtj-006720,RC06635,work-on-site
wtj-006721,RC06803,work-on-site
wtj-006722,RC06730,work-on-site
wtj-006723,RC01456,work-on-site
wtj-006724,RC08468,work-on-site
wtj-006725,RC08528,work-on-site
wtj-006726,RB93460,work-on-site
wtj-006727,PW04189,work-on-site
wtj-006728,PW73097,work-on-site
wtj-006729,PP50768,work-on-site
wtj-006730,OE74660,work-on-site
wtj-006731,OT07427,work-on-site
wtj-006732,OU30121,work-on-site
wtj-006733,RB94300,work-on-site
wtj-006734,RC11850,work-on-site
wtj-006735,RB99736,work-on-site
wtj-006736,RC00112,work-on-site
wtj-006737,RC00160,work-on-site
wtj-006738,RC08178,work-on-site
wtj-006739,RB64090,work-on-site
wtj-006740,RB80500,work-on-site
wtj-006741,RC00814,work-on-site
wtj-006742,RB52288,work-on-site
wtj-006743,RC00859,work-on-site
wtj-006744,RB96697,work-on-site
wtj-006745,RA63601,work-on-site
wtj-006746,RB93352,work-on-site
wtj-006747,RB96440,work-on-site
wtj-006748,RC10890,work-on-site
wtj-006749,RC08269,work-on-site
wtj-006750,RB43870,work-on-site
wtj-006751,RC10335,work-on-site
wtj-006752,RB84732,work-on-site
wtj-006753,RB93716,work-on-site
wtj-006754,RC08930,work-on-site
wtj-006755,RB97047,work-on-site
wtj-006756,RC11114,work-on-site
wtj-006757,RC07141,work-on-site
wtj-006758,RC11742,work-on-site
wtj-006759,RA07454,work-on-site
wtj-006760,RA37956,work-on-site
wtj-006761,RB91460,work-on-site
wtj-006762,RB90629,work-on-site
wtj-006763,RB16006,work-on-site
wtj-006764,RB18405,work-on-site
wtj-006765,RC04452,work-on-site
wtj-006766,RB39755,work-on-site
wtj-006767,RB24293,work-on-site
wtj-006768,RC09401,work-on-site
wtj-006769,RC13115,work-on-site
wtj-006770,RB92022,work-on-site
wtj-006771,RB67111,work-on-site
wtj-006772,RC09250,work-on-site
wtj-006773,RB16557,work-on-site
wtj-006774,PZ72170,work-on-site
wtj-006775,RB96791,work-on-site
wtj-006776,RB65522,work-on-site
wtj-006777,RC07920,work-on-site
wtj-006778,RC10720,work-on-site
wtj-006779,RC01516,work-on-site
wtj-006780,RC02880,work-on-site
wtj-006781,RB94634,work-on-site
wtj-006782,RB94205,work-on-site
wtj-006783,RC09680,work-on-site
wtj-006784,RC00694,work-on-site
wtj-006785,RC04159,work-on-site
wtj-006786,RC04222,work-on-site
wtj-006787,RC05231,work-on-site
wtj-006788,RC03105,work-on-site
wtj-006789,PY58952,work-on-site
wtj-006790,PY31934,work-on-site
wtj-006791,RB93611,work-on-site
wtj-006792,RC11588,work-on-site
wtj-006793,RB91044,work-on-site
wtj-006794,RC04708,work-on-site
wtj-006795,RB33310,work-on-site
wtj-006796,RB45291,work-on-site
wtj-006797,RB94010,work-on-site
wtj-006798,RC02357,work-on-site
wtj-006799,PZ01397,work-on-site
wtj-006800,PX21441,work-on-site
wtj-006801,PT24682,work-on-site
wtj-006802,PX47112,work-on-site
wtj-006803,RB72232,work-on-site
wtj-006804,RB96498,work-on-site
wtj-006805,RB96652,work-on-site
wtj-006806,RC10838,work-on-site
wtj-006807,ID37040,work-on-site
wtj-006808,ID37036,work-on-site
wtj-006809,RC06743,work-on-site
wtj-006810,RB70504,work-on-site
wtj-006811,RC13069,work-on-site
wtj-006812,RA43199,work-on-site
wtj-006813,RA80582,work-on-site
wtj-006814,PP95960,work-on-site
wtj-006815,PP07716,work-on-site
wtj-006816,RB10202,work-on-site
wtj-006817,RC11240,work-on-site
wtj-006818,RC07996,work-on-site
wtj-006819,RB64440,work-on-site
wtj-006820,RA79401,work-on-site
wtj-006821,RC09160,work-on-site
wtj-006822,RB97783,work-on-site
wtj-006823,RB60391,work-on-site
wtj-006824,PL61760,work-on-site
wtj-006825,PY63903,work-on-site
wtj-006826,RC03841,work-on-site
wtj-006827,RB11026,work-on-site
wtj-006828,RC12001,work-on-site
wtj-006829,PW99320,work-on-site
wtj-006830,RC07704,work-on-site
wtj-006831,RC07169,work-on-site
wtj-006832,RA40877,work-on-site
wtj-006833,RA84600,work-on-site
wtj-006834,RB80301,work-on-site
wtj-006835,RC01520,work-on-site
wtj-006836,RC05430,work-on-site
wtj-006837,RC05549,work-on-site
wtj-006838,RC05535,work-on-site
wtj-006839,RC05475,work-on-site
wtj-006840,RC05461,work-on-site
wtj-006841,RB72766,work-on-site
wtj-006842,RB42628,work-on-site
wtj-006843,RC07979,work-on-site
wtj-006844,RB86460,work-on-site
wtj-006845,PZ57343,work-on-site
wtj-006846,RC03213,work-on-site
wtj-006847,RC00771,work-on-site
wtj-006848,RB99295,work-on-site
wtj-006849,RC01823,work-on-site
wtj-006850,RB94222,work-on-site
wtj-006851,RB94330,work-on-site
wtj-006852,RC07951,work-on-site
wtj-006853,RB80514,work-on-site
wtj-006854,RB68088,work-on-site
wtj-006855,RC10687,work-on-site
wtj-006856,RB61397,work-on-site
wtj-006857,RC13086,work-on-site
wtj-006858,RC13132,work-on-site
wtj-006859,RB61656,work-on-site
wtj-006860,RA75964,work-on-site
wtj-006861,RA86020,work-on-site
wtj-006862,RC09341,work-on-site
wtj-006863,RB78084,work-on-site
wtj-006864,RB95811,work-on-site
wtj-006865,RC01166,work-on-site
wtj-006866,RC01209,work-on-site
wtj-006867,PU22692,work-on-site
wtj-006868,RB66147,work-on-site
wtj-006869,RB66178,work-on-site
wtj-006870,RB99770,work-on-site
wtj-006871,RB92040,work-on-site
wtj-006872,RB90191,work-on-site
wtj-006873,RB84806,work-on-site
wtj-006874,RC10460,work-on-site
wtj-006875,RB84425,work-on-site
wtj-006876,PY06275,work-on-site
wtj-006877,RB95231,work-on-site
wtj-006878,RB95245,work-on-site
wtj-006879,RC12489,work-on-site
wtj-006880,RB27866,work-on-site
wtj-006881,DN62930,work-on-site
wtj-006882,RB76615,work-on-site
wtj-006883,RB93548,work-on-site
wtj-006884,RA92640,work-on-site
wtj-006885,RC05950,work-on-site
wtj-006886,RC11330,work-on-site
wtj-006887,RC08147,work-on-site
wtj-006888,RC07689,work-on-site
wtj-006889,RC09278,work-on-site
wtj-006890,RC02525,work-on-site
wtj-006891,ID35893,work-on-site
wtj-006892,RC10977,work-on-site
wtj-006893,RC02616,work-on-site
wtj-006894,RB47582,work-on-site
wtj-006895,RC10105,work-on-site
wtj-006896,RB94588,work-on-site
wtj-006897,RC11404,work-on-site
wtj-006898,RC07570,work-on-site
wtj-006899,RC07277,work-on-site
wtj-006900,RC05860,work-on-site
wtj-006901,RC04972,work-on-site
wtj-006902,RC04986,work-on-site
wtj-006903,RC04787,work-on-site
wtj-006904,RC04941,work-on-site
wtj-006905,RC04955,work-on-site
wtj-006906,RC09034,work-on-site
wtj-006907,RC13345,work-on-site
wtj-006908,RB94820,work-on-site
wtj-006909,RC09645,work-on-site
wtj-006910,RB87620,work-on-site
wtj-006911,RC05171,work-on-site
wtj-006912,RC05228,work-on-site
wtj-006913,RC05110,work-on-site
wtj-006914,RC05293,work-on-site
wtj-006915,RC05276,work-on-site
wtj-006916,RC05106,work-on-site
wtj-006917,RB99858,work-on-site
wtj-006918,RB73883,work-on-site
wtj-006919,RC00541,work-on-site
wtj-006920,RC07107,work-on-site
wtj-006921,RC07232,work-on-site
wtj-006922,RC04040,work-on-site
wtj-006923,RC04696,work-on-site
wtj-006924,RB81662,work-on-site
wtj-006925,RC06848,work-on-site
wtj-006926,RC01092,work-on-site
wtj-006927,RC01089,work-on-site
wtj-006928,RC01058,work-on-site
wtj-006929,RC01075,work-on-site
wtj-006930,RC02098,work-on-site
wtj-006931,RC08912,work-on-site
wtj-006932,RC01595,work-on-site
wtj-006933,RC07493,work-on-site
wtj-006934,RC13561,work-on-site
wtj-006935,RC13527,work-on-site
wtj-006936,RC13530,work-on-site
wtj-006937,RC13544,work-on-site
wtj-006938,RB26078,work-on-site
wtj-006939,RB23361,work-on-site
wtj-006940,RB11731,work-on-site
wtj-006941,RC05643,work-on-site
wtj-006942,RC05720,work-on-site
wtj-006943,RB94344,work-on-site
wtj-006944,RB93994,work-on-site
wtj-006945,RB93660,work-on-site
wtj-006946,PY79200,work-on-site
wtj-006947,ID35130,work-on-site
wtj-006948,RB86062,work-on-site
wtj-006949,RB86136,work-on-site
wtj-006950,RC08727,work-on-site
wtj-006951,RA97417,work-on-site
wtj-006952,RC01607,work-on-site
wtj-006953,RC01701,work-on-site
wtj-006954,RC01288,work-on-site
wtj-006955,RC01490,work-on-site
wtj-006956,RC08346,work-on-site
wtj-006957,RC08272,work-on-site
wtj-006958,RA86770,work-on-site
wtj-006959,RB15349,work-on-site
wtj-006960,RB15352,work-on-site
wtj-006961,RB15426,work-on-site
wtj-006962,RB15491,work-on-site
wtj-006963,RB15258,work-on-site
wtj-006964,RC06223,work-on-site
wtj-006965,RC05978,work-on-site
wtj-006966,RC06007,work-on-site
wtj-006967,RC06010,work-on-site
wtj-006968,RC06072,work-on-site
wtj-006969,RC06150,work-on-site
wtj-006970,RC00970,work-on-site
wtj-006971,RC00967,work-on-site
wtj-006972,RC01135,work-on-site
wtj-006973,RC00984,work-on-site
wtj-006974,RC00880,work-on-site
wtj-006975,RC06865,work-on-site
wtj-006976,RC06791,work-on-site
wtj-006977,RC07250,work-on-site
wtj-006978,RB49811,work-on-site
wtj-006979,RB00299,work-on-site
wtj-006980,RC06575,work-on-site
wtj-006981,RC06666,work-on-site
wtj-006982,RC06180,work-on-site
wtj-006983,RC03750,work-on-site
wtj-006984,RB98835,work-on-site
wtj-006985,RB91564,work-on-site
wtj-006986,RB91607,work-on-site
wtj-006987,RC12475,work-on-site
wtj-006988,RC04557,work-on-site
wtj-006989,RB91655,work-on-site
wtj-006990,RC03690,work-on-site
wtj-006991,RC05626,work-on-site
wtj-006992,RC03491,work-on-site
wtj-006993,RC11180,work-on-site
wtj-006994,RC09537,work-on-site
wtj-006995,RB94679,work-on-site
wtj-006996,RB84348,work-on-site
wtj-006997,RC02417,work-on-site
wtj-006998,RB98758,work-on-site
wtj-006999,RB97078,work-on-site
wtj-007000,RB97110,work-on-site
wtj-007001,RA79034,work-on-site
wtj-007002,RB95319,work-on-site
wtj-007003,RC04864,work-on-site
wtj-007004,PJ45995,work-on-site
wtj-007005,PJ46010,work-on-site
wtj-007006,PJ46055,work-on-site
wtj-007007,PJ46072,work-on-site
wtj-007008,PL07720,work-on-site
wtj-007009,PL07751,work-on-site
wtj-007010,PL07873,work-on-site
wtj-007011,PW53367,work-on-site
wtj-007012,RA78883,work-on-site
wtj-007013,RA28023,work-on-site
wtj-007014,RB09725,work-on-site
wtj-007015,RB09760,work-on-site
wtj-007016,RB16773,work-on-site
wtj-007017,RC13210,work-on-site
wtj-007018,RC13254,work-on-site
wtj-007019,PU91779,work-on-site
wtj-007020,RB74494,work-on-site
wtj-007021,RA62900,work-on-site
wtj-007022,PZ95135,work-on-site
wtj-007023,PZ95075,work-on-site
wtj-007024,PZ95044,work-on-site
wtj-007025,RC11526,work-on-site
wtj-007026,RB62560,work-on-site
wtj-007027,RB62071,work-on-site
wtj-007028,RB00129,work-on-site
wtj-007029,DN58270,work-on-site
wtj-007030,DN58266,work-on-site
wtj-007031,RB62404,work-on-site
wtj-007032,RB84638,work-on-site
wtj-007033,RC06271,work-on-site
wtj-007034,RB75759,work-on-site
wtj-007035,RC06132,work-on-site
wtj-007036,RB36333,work-on-site
wtj-007037,RB36580,work-on-site
wtj-007038,RB37416,work-on-site
wtj-007039,RB69905,work-on-site
wtj-007040,RB70430,work-on-site
wtj-007041,RB70094,work-on-site
wtj-007042,RB70001,work-on-site
wtj-007043,RB70489,work-on-site
wtj-007044,RB95748,work-on-site
wtj-007045,PX71503,work-on-site
wtj-007046,RC10318,work-on-site
wtj-007047,RC13163,work-on-site
wtj-007048,RB90828,work-on-site
wtj-007049,RB74216,work-on-site
wtj-007050,RB74250,work-on-site
wtj-007051,RB97934,work-on-site
wtj-007052,PT00796,work-on-site
wtj-007053,PT01101,work-on-site
wtj-007054,RB83940,work-on-site
wtj-007055,RC08562,work-on-site
wtj-007056,RC08700,work-on-site
wtj-007057,RC08698,work-on-site
wtj-007058,RC08667,work-on-site
wtj-007059,RC08684,work-on-site
wtj-007060,RC08593,work-on-site
wtj-007061,RC08580,work-on-site
wtj-007062,RC08576,work-on-site
wtj-007063,PZ06943,work-on-site
wtj-007064,RC05796,work-on-site
wtj-007065,RA84263,work-on-site
wtj-007066,RB52274,work-on-site
wtj-007067,RA80275,work-on-site
wtj-007068,RA08800,work-on-site
wtj-007069,PL81092,work-on-site
wtj-007070,OF68020,work-on-site
wtj-007071,OF68048,work-on-site
wtj-007072,OF69610,work-on-site
wtj-007073,OF69668,work-on-site
wtj-007074,OT75283,work-on-site
wtj-007075,RB61702,work-on-site
wtj-007076,RC01243,work-on-site
wtj-007077,RC03764,work-on-site
wtj-007078,RC07201,work-on-site
wtj-007079,RC07306,work-on-site
wtj-007080,RC12413,work-on-site
wtj-007081,RC12583,work-on-site
wtj-007082,RC11682,work-on-site
wtj-007083,RC00601,work-on-site
wtj-007084,RC00799,work-on-site
wtj-007085,RB45763,work-on-site
wtj-007086,PZ92506,work-on-site
wtj-007087,RB58368,work-on-site
wtj-007088,RB58323,work-on-site
wtj-007089,RB58306,work-on-site
wtj-007090,RB58294,work-on-site
wtj-007091,RB80849,work-on-site
wtj-007092,RC06129,work-on-site
wtj-007093,RB94850,work-on-site
wtj-007094,RB94006,work-on-site
wtj-007095,RB94068,work-on-site
wtj-007096,RB76234,work-on-site
wtj-007097,RB94298,work-on-site
wtj-007098,RB96359,work-on-site
wtj-007099,RB63305,work-on-site
wtj-007100,RC12811,work-on-site
wtj-007101,RC12890,work-on-site
wtj-007102,RC12947,work-on-site
wtj-007103,RC13010,work-on-site
wtj-007104,PZ01014,work-on-site
wtj-007105,PY96775,work-on-site
wtj-007106,PY96883,work-on-site
wtj-007107,PY97003,work-on-site
wtj-007108,PY97202,work-on-site
wtj-007109,PY97338,work-on-site
wtj-007110,PM94439,work-on-site
wtj-007111,ID08340,work-on-site
wtj-007112,RB63353,work-on-site
wtj-007113,RB56630,work-on-site
wtj-007114,RB88839,work-on-site
wtj-007115,RB76420,work-on-site
wtj-007116,RB76464,work-on-site
wtj-007117,RB76478,work-on-site
wtj-007118,RC04344,work-on-site
wtj-007119,RB74659,work-on-site
wtj-007120,RA87668,work-on-site
wtj-007121,RB95643,work-on-site
wtj-007122,RC11219,work-on-site
wtj-007123,RB92388,work-on-site
wtj-007124,RC05029,work-on-site
wtj-007125,RC03167,work-on-site
wtj-007126,RB57177,work-on-site
wtj-007127,RB72749,work-on-site
wtj-007128,RB79886,work-on-site
wtj-007129,RC06470,work-on-site
wtj-007130,RC06419,work-on-site
wtj-007131,RB95384,work-on-site
wtj-007132,RB97414,work-on-site
wtj-007133,RB71774,work-on-site
wtj-007134,RB88461,work-on-site
wtj-007135,RB97704,work-on-site
wtj-007136,RB91810,work-on-site
wtj-007137,RC11816,work-on-site
wtj-007138,RB97553,work-on-site
wtj-007139,RC01379,work-on-site
wtj-007140,RC01396,work-on-site
wtj-007141,RB95612,work-on-site
wtj-007142,RB75165,work-on-site
wtj-007143,PW88818,work-on-site
wtj-007144,PZ08395,work-on-site
wtj-007145,RB97229,work-on-site
wtj-007146,RC12015,work-on-site
wtj-007147,RB78204,work-on-site
wtj-007148,RB53420,work-on-site
wtj-007149,RC01610,work-on-site
wtj-007150,OX02861,work-on-site
wtj-007151,RA51362,work-on-site
wtj-007152,RB31305,work-on-site
wtj-007153,RB80789,work-on-site
wtj-007154,RB26749,work-on-site
wtj-007155,RB26735,work-on-site
wtj-007156,RC02769,work-on-site
wtj-007157,RB96803,work-on-site
wtj-007158,RB94180,work-on-site
wtj-007159,RC07078,work-on-site
wtj-007160,RB84578,work-on-site
wtj-007161,RB81892,work-on-site
wtj-007162,RC07081,work-on-site
wtj-007163,RB92511,work-on-site
wtj-007164,RB93915,work-on-site
wtj-007165,PZ64695,work-on-site
wtj-007166,RB63199,work-on-site
wtj-007167,RB89086,work-on-site
wtj-007168,PW97117,work-on-site
wtj-007169,PV37830,work-on-site
wtj-007170,RB63319,work-on-site
wtj-007171,RB75012,work-on-site
wtj-007172,RB87910,work-on-site
wtj-007173,ID29044,work-on-site
wtj-007174,RC11267,work-on-site
wtj-007175,RB95734,work-on-site
wtj-007176,RB95720,work-on-site
wtj-007177,RB88336,work-on-site
wtj-007178,RB80698,work-on-site
wtj-007179,RB92681,work-on-site
wtj-007180,RB92724,work-on-site
wtj-007181,RC01334,work-on-site
wtj-007182,RC11924,work-on-site
wtj-007183,RC07721,work-on-site
wtj-007184,IB96753,work-on-site
wtj-007185,RC03901,work-on-site
wtj-007186,RB89834,work-on-site
wtj-007187,RC03994,work-on-site
wtj-007188,RC13359,work-on-site
wtj-007189,RC13285,work-on-site
wtj-007190,RB93534,work-on-site
wtj-007191,RB40661,work-on-site
wtj-007192,RB40891,work-on-site
wtj-007193,RB41102,work-on-site
wtj-007194,RB40860,work-on-site
wtj-007195,RC01871,work-on-site
wtj-007196,OS49261,work-on-site
wtj-007197,RB94099,work-on-site
wtj-007198,PY62848,work-on-site
wtj-007199,PM33023,work-on-site
wtj-007200,PY40892,work-on-site
wtj-007201,RB50273,work-on-site
wtj-007202,RB94790,work-on-site
wtj-007203,RB99190,work-on-site
wtj-007204,RC02937,work-on-site
wtj-007205,RB91425,work-on-site
wtj-007206,RB91351,work-on-site
wtj-007207,RC12717,work-on-site
wtj-007208,RC05782,work-on-site
wtj-007209,RB93551,work-on-site
wtj-007210,RB93656,work-on-site
wtj-007211,RB78678,work-on-site
wtj-007212,RB78923,work-on-site
wtj-007213,RB77257,work-on-site
wtj-007214,RB30162,work-on-site
wtj-007215,RA16455,work-on-site
wtj-007216,PR25007,work-on-site
wtj-007217,PS37305,work-on-site
wtj-007218,RB44922,work-on-site
wtj-007219,RC10520,work-on-site
wtj-007220,RC10534,work-on-site
wtj-007221,RA46039,work-on-site
wtj-007222,PR25024,work-on-site
wtj-007223,RA08048,work-on-site
wtj-007224,RA06857,work-on-site
wtj-007225,RC04236,work-on-site
wtj-007226,RB98150,work-on-site
wtj-007227,RB97979,work-on-site
wtj-007228,RC00070,work-on-site
wtj-007229,RC06405,work-on-site
wtj-007230,RC06942,work-on-site
wtj-007231,RC06380,work-on-site
wtj-007232,RB96820,work-on-site
wtj-007233,RB94682,work-on-site
wtj-007234,RA23225,work-on-site
wtj-007235,RA23350,work-on-site
wtj-007236,PZ31980,work-on-site
wtj-007237,RB56228,work-on-site
wtj-007238,RB56259,work-on-site
wtj-007239,RB71132,work-on-site
wtj-007240,RB83308,work-on-site
wtj-007241,RC04298,work-on-site
wtj-007242,PX82600,work-on-site
wtj-007243,PX82613,work-on-site
wtj-007244,PW90579,work-on-site
wtj-007245,PW90582,work-on-site
wtj-007246,RB63280,work-on-site
wtj-007247,RB29151,work-on-site
wtj-007248,PZ79840,work-on-site
wtj-007249,RA93693,work-on-site
wtj-007250,PZ63152,work-on-site
wtj-007251,RB20320,work-on-site
wtj-007252,PX34748,work-on-site
wtj-007253,RA39562,work-on-site
wtj-007254,RA39670,work-on-site
wtj-007255,RC12860,work-on-site
wtj-007256,RC03383,work-on-site
wtj-007257,RB55023,work-on-site
wtj-007258,RB54807,work-on-site
wtj-007259,RB54838,work-on-site
wtj-007260,RB54795,work-on-site
wtj-007261,RB82515,work-on-site
wtj-007262,RC10548,work-on-site
wtj-007263,RB83021,work-on-site
wtj-007264,RB89194,work-on-site
wtj-007265,RA69788,work-on-site
wtj-007266,PX72470,work-on-site
wtj-007267,RA57502,work-on-site
wtj-007268,RB85326,work-on-site
wtj-007269,RC08804,work-on-site
wtj-007270,RB26246,work-on-site
wtj-007271,RB96484,work-on-site
wtj-007272,RB87924,work-on-site
wtj-007273,RC00677,work-on-site
wtj-007274,RC02465,work-on-site
wtj-007275,RC03781,work-on-site
wtj-007276,RB97519,work-on-site
wtj-007277,RB65110,work-on-site
wtj-007278,RC04907,work-on-site
wtj-007279,RC04711,work-on-site
wtj-007280,RC05001,work-on-site
wtj-007281,RB84547,work-on-site
wtj-007282,RB84490,work-on-site
wtj-007283,RB56978,work-on-site
wtj-007284,RB56933,work-on-site
wtj-007285,RB56947,work-on-site
wtj-007286,RC06359,work-on-site
wtj-007287,RB29975,work-on-site
wtj-007288,RB74537,work-on-site
wtj-007289,RA92835,work-on-site
wtj-007290,RB91624,work-on-site
wtj-007291,RB91610,work-on-site
wtj-007292,RB91638,work-on-site
wtj-007293,RB91641,work-on-site
wtj-007294,RC07190,work-on-site
wtj-007295,RC07263,work-on-site
wtj-007296,RC06652,work-on-site
wtj-007297,RB95674,work-on-site
wtj-007298,RB32791,work-on-site
wtj-007299,RB95029,work-on-site
wtj-007300,RB98619,work-on-site
wtj-007301,RA51712,work-on-site
wtj-007302,RC01473,work-on-site
wtj-007303,RC01928,work-on-site
wtj-007304,RB87634,work-on-site
wtj-007305,RB67139,work-on-site
wtj-007306,RC13683,work-on-site
wtj-007307,RC10747,work-on-site
wtj-007308,RC06956,work-on-site
wtj-007309,RB57712,work-on-site
wtj-007310,RB55955,work-on-site
wtj-007311,RA84431,work-on-site
wtj-007312,PZ49686,work-on-site
wtj-007313,RB95981,work-on-site
wtj-007314,RB90433,work-on-site
wtj-007315,RB78175,work-on-site
wtj-007316,RB79733,work-on-site
wtj-007317,RB89973,work-on-site
wtj-007318,RB89712,work-on-site
wtj-007319,RB72280,work-on-site
wtj-007320,RC03031,work-on-site
wtj-007321,RC06163,work-on-site
wtj-007322,RC08789,work-on-site
wtj-007323,RC04847,work-on-site
wtj-007324,RB71817,work-on-site
wtj-007325,PY85526,work-on-site
wtj-007326,RA10634,work-on-site
wtj-007327,PY20059,work-on-site
wtj-007328,RC01669,work-on-site
wtj-007329,RC03093,work-on-site
wtj-007330,PR35767,work-on-site
wtj-007331,PK15686,work-on-site
wtj-007332,RC10781,work-on-site
wtj-007333,RA25442,work-on-site
wtj-007334,RA25502,work-on-site
wtj-007335,RC03474,work-on-site
wtj-007336,RB95521,work-on-site
wtj-007337,RB95570,work-on-site
wtj-007338,RC12444,work-on-site
wtj-007339,RB09847,work-on-site
wtj-007340,RB26903,work-on-site
wtj-007341,RC09202,work-on-site
wtj-007342,RC08926,work-on-site
wtj-007343,RC08133,work-on-site
wtj-007344,RC03136,work-on-site
wtj-007345,RB98241,work-on-site
wtj-007346,RB98332,work-on-site
wtj-007347,RB98195,work-on-site
wtj-007348,RC02252,work-on-site
wtj-007349,RC00191,work-on-site
wtj-007350,RC00109,work-on-site
wtj-007351,RC00018,work-on-site
wtj-007352,RC00004,work-on-site
wtj-007353,RB99830,work-on-site
wtj-007354,RC00203,work-on-site
wtj-007355,RB97428,work-on-site
wtj-007356,RB97277,work-on-site
wtj-007357,RB97888,work-on-site
wtj-007358,RC11711,work-on-site
wtj-007359,RC12140,work-on-site
wtj-007360,RC00464,work-on-site
wtj-007361,RC01732,work-on-site
wtj-007362,ND88921,work-on-site
wtj-007363,NJ20772,work-on-site
wtj-007364,OH89509,work-on-site
wtj-007365,OT85340,work-on-site
wtj-007366,ON77493,work-on-site
wtj-007367,PJ64030,work-on-site
wtj-007368,PJ36244,work-on-site
wtj-007369,PR38837,work-on-site
wtj-007370,PN97858,work-on-site
wtj-007371,PN05161,work-on-site
wtj-007372,PN05235,work-on-site
wtj-007373,PX94118,work-on-site
wtj-007374,PW39703,work-on-site
wtj-007375,PV99951,work-on-site
wtj-007376,RB64544,work-on-site
wtj-007377,RC10383,work-on-site
wtj-007378,RB91837,work-on-site
wtj-007379,RB85218,work-on-site
wtj-007380,RB85235,work-on-site
wtj-007381,RA39883,work-on-site
wtj-007382,PY56246,work-on-site
wtj-007383,PZ55828,work-on-site
wtj-007384,PZ09970,work-on-site
wtj-007385,RA41886,work-on-site
wtj-007386,RB66315,work-on-site
wtj-007387,PW58302,work-on-site
wtj-007388,RB41315,work-on-site
wtj-007389,PP33593,work-on-site
wtj-007390,RC12842,work-on-site
wtj-007391,RB78650,work-on-site
wtj-007392,PT61204,work-on-site
wtj-007393,RC08897,work-on-site
wtj-007394,RC08943,work-on-site
wtj-007395,RB95367,work-on-site
wtj-007396,NL00527,work-on-site
wtj-007397,NL00561,work-on-site
wtj-007398,PC16498,work-on-site
wtj-007399,PY90985,work-on-site
wtj-007400,PY91028,work-on-site
wtj-007401,NM22255,work-on-site
wtj-007402,PZ28734,work-on-site
wtj-007403,PZ29649,work-on-site
wtj-007404,PZ93780,work-on-site
wtj-007405,RB82714,work-on-site
wtj-007406,RB82745,work-on-site
wtj-007407,RB82853,work-on-site
wtj-007408,RC05609,work-on-site
wtj-007409,RC05612,work-on-site
wtj-007410,PE43282,work-on-site
wtj-007411,OL65122,work-on-site
wtj-007412,OH07646,work-on-site
wtj-007413,PG31458,work-on-site
wtj-007414,RB83555,work-on-site
wtj-007415,RB92270,work-on-site
wtj-007416,PW26623,work-on-site
wtj-007417,RC00737,work-on-site
wtj-007418,RB84868,work-on-site
wtj-007419,RC01000,work-on-site
wtj-007420,RB90740,work-on-site
wtj-007421,RC08056,work-on-site
wtj-007422,RC08713,work-on-site
wtj-007423,RB80957,work-on-site
wtj-007424,RB00086,work-on-site
wtj-007425,RB06928,work-on-site
wtj-007426,RC02204,work-on-site
wtj-007427,RC03807,work-on-site
wtj-007428,RB79140,work-on-site
wtj-007429,RC01351,work-on-site
wtj-007430,RC05077,work-on-site
wtj-007431,RC10872,work-on-site
wtj-007432,RB87128,work-on-site
wtj-007433,RB89041,work-on-site
wtj-007434,RB89069,work-on-site
wtj-007435,RB24430,work-on-site
wtj-007436,RB40704,work-on-site
wtj-007437,RA08568,work-on-site
wtj-007438,RA08631,work-on-site
wtj-007439,PZ01946,work-on-site
wtj-007440,PZ02114,work-on-site
wtj-007441,RC02560,work-on-site
wtj-007442,RC10503,work-on-site
wtj-007443,PY99018,work-on-site
wtj-007444,PY99021,work-on-site
wtj-007445,PY98989,work-on-site
wtj-007446,PY99004,work-on-site
wtj-007447,PY98134,work-on-site
wtj-007448,PY98347,work-on-site
wtj-007449,RA82413,work-on-site
wtj-007450,RA72448,work-on-site
wtj-007451,RB93929,work-on-site
wtj-007452,RB55240,work-on-site
wtj-007453,RB78403,work-on-site
wtj-007454,RC06709,work-on-site
wtj-007455,PY17812,work-on-site
wtj-007456,RB77823,work-on-site
wtj-007457,RB77810,work-on-site
wtj-007458,RB49077,work-on-site
wtj-007459,RC05734,work-on-site
wtj-007460,RB91226,work-on-site
wtj-007461,RB58809,work-on-site
wtj-007462,RB59090,work-on-site
wtj-007463,RC03352,work-on-site
wtj-007464,RB73147,work-on-site
wtj-007465,RB88995,work-on-site
wtj-007466,RC09003,work-on-site
wtj-007467,RC09048,work-on-site
wtj-007468,RC00572,work-on-site
wtj-007469,RC07860,work-on-site
wtj-007470,RC08090,work-on-site
wtj-007471,RC08394,work-on-site
wtj-007472,RC03608,work-on-site
wtj-007473,RB98120,work-on-site
wtj-007474,RB20750,work-on-site
wtj-007475,RB93781,work-on-site
wtj-007476,RC09125,work-on-site
wtj-007477,RC08087,work-on-site
wtj-007478,RC12597,work-on-site
wtj-007479,RC10733,work-on-site
wtj-007480,RC07400,work-on-site
wtj-007481,RA75660,work-on-site
wtj-007482,RB97692,work-on-site
wtj-007483,RC07675,work-on-site
wtj-007484,RC07749,work-on-site
wtj-007485,RC05674,work-on-site
wtj-007486,RB94240,work-on-site
wtj-007487,RB70811,work-on-site
wtj-007488,RB98670,work-on-site
wtj-007489,RB98653,work-on-site
wtj-007490,RC11176,work-on-site
wtj-007491,RB52502,work-on-site
wtj-007492,RA77797,work-on-site
wtj-007493,PZ81549,work-on-site
wtj-007494,RB95751,work-on-site
wtj-007495,RC06774,work-on-site
wtj-007496,RB98684,work-on-site
wtj-007497,RC11253,work-on-site
wtj-007498,RC10366,work-on-site
wtj-007499,RB80011,work-on-site
wtj-007500,RB85985,work-on-site
wtj-007501,RC12630,work-on-site
wtj-007502,RB70140,work-on-site
wtj-007503,RC03950,work-on-site
wtj-007504,RC00130,work-on-site
wtj-007505,RC06500,work-on-site
wtj-007506,RA66122,work-on-site
wtj-007507,RB51510,work-on-site
wtj-007508,RB78417,work-on-site
wtj-007509,RB83191,work-on-site
wtj-007510,RC04574,work-on-site
wtj-007511,RC02633,work-on-site
wtj-007512,ID35967,work-on-site
wtj-007513,PV87707,work-on-site
wtj-007514,RC12228,work-on-site
wtj-007515,RC05444,work-on-site
wtj-007516,RB81997,work-on-site
wtj-007517,RB82117,work-on-site
wtj-007518,RB96268,work-on-site
wtj-007519,RB71788,work-on-site
wtj-007520,RC10167,work-on-site
wtj-007521,RC10153,work-on-site
wtj-007522,RC07718,work-on-site
wtj-007523,RC07752,work-on-site
wtj-007524,RC07843,work-on-site
wtj-007525,RC07874,work-on-site
wtj-007526,RC08008,work-on-site
wtj-007527,RC07982,work-on-site
wtj-007528,RC08039,work-on-site
wtj-007529,RB97644,work-on-site
wtj-007530,RB97627,work-on-site
wtj-007531,RB52013,work-on-site
wtj-007532,RB22795,work-on-site
wtj-007533,RB92923,work-on-site
wtj-007534,RB96666,work-on-site
wtj-007535,RB91061,work-on-site
wtj-007536,RB91135,work-on-site
wtj-007537,RB91516,work-on-site
wtj-007538,RC05597,work-on-site
wtj-007539,RB93810,work-on-site
wtj-007540,PX85410,work-on-site
wtj-007541,RB94711,work-on-site
wtj-007542,RC06558,work-on-site
wtj-007543,RC00420,work-on-site
wtj-007544,RB21403,work-on-site
wtj-007545,RB80269,work-on-site
wtj-007546,RC02894,work-on-site
wtj-007547,RB90601,work-on-site
wtj-007548,RB21357,work-on-site
wtj-007549,RC06987,work-on-site
wtj-007550,RB55284,work-on-site
wtj-007551,RB55404,work-on-site
wtj-007552,RB55358,work-on-site
wtj-007553,RC07809,work-on-site
wtj-007554,RC04267,work-on-site
wtj-007555,RB80792,work-on-site
wtj-007556,RB80870,work-on-site
wtj-007557,RB89163,work-on-site
wtj-007558,RB58371,work-on-site
wtj-007559,RB12876,work-on-site
wtj-007560,RB96788,work-on-site
wtj-007561,RA51527,work-on-site
wtj-007562,RB98593,work-on-site
wtj-007563,RC01837,work-on-site
wtj-007564,RA97448,work-on-site
wtj-007565,RB76035,work-on-site
wtj-007566,RB61370,work-on-site
wtj-007567,RB15304,work-on-site
wtj-007568,RB89393,work-on-site
wtj-007569,RB87617,work-on-site
wtj-007570,PV33185,work-on-site
wtj-007571,PX13813,work-on-site
wtj-007572,RB96010,work-on-site
wtj-007573,RC12046,work-on-site
wtj-007574,RC08025,work-on-site
wtj-007575,RC07965,work-on-site
wtj-007576,RB19903,work-on-site
wtj-007577,PT89050,work-on-site
wtj-007578,IC65361,work-on-site
wtj-007579,RB59818,work-on-site
wtj-007580,RB21417,work-on-site
wtj-007581,PZ07722,work-on-site
wtj-007582,PZ75038,work-on-site
wtj-007583,RC04509,work-on-site
wtj-007584,RB81659,work-on-site
wtj-007585,RB81599,work-on-site
wtj-007586,RB85786,work-on-site
wtj-007587,RB83112,work-on-site
wtj-007588,RB95094,work-on-site
wtj-007589,RB89240,work-on-site
wtj-007590,RC12305,work-on-site
wtj-007591,RB59410,work-on-site
wtj-007592,RB92312,work-on-site
wtj-007593,RB63688,work-on-site
wtj-007594,RB63643,work-on-site
wtj-007595,RB32500,work-on-site
wtj-007596,RB78482,work-on-site
wtj-007597,IC96275,work-on-site
wtj-007598,RB65310,work-on-site
wtj-007599,RB00470,work-on-site
wtj-007600,RB76296,work-on-site
wtj-007601,RB86764,work-on-site
wtj-007602,PY62618,work-on-site
wtj-007603,IC74561,work-on-site
wtj-007604,RB56842,work-on-site
wtj-007605,RC06879,work-on-site
wtj-007606,RB76828,work-on-site
wtj-007607,RB76859,work-on-site
wtj-007608,RB76814,work-on-site
wtj-007609,RB91118,work-on-site
wtj-007610,IC94581,work-on-site
wtj-007611,RC06757,work-on-site
wtj-007612,RC04037,work-on-site
wtj-007613,RC09889,work-on-site
wtj-007614,RB81628,work-on-site
wtj-007615,RB29992,work-on-site
wtj-007616,RA98764,work-on-site
wtj-007617,RC04591,work-on-site
wtj-007618,RB94023,work-on-site
wtj-007619,PZ17854,work-on-site
wtj-007620,RC06055,work-on-site
wtj-007621,RA34105,work-on-site
wtj-007622,PX29078,work-on-site
wtj-007623,RA96334,work-on-site
wtj-007624,RC10551,work-on-site
wtj-007625,RC05902,work-on-site
wtj-007626,RC08164,work-on-site
wtj-007627,RB98789,work-on-site
wtj-007628,RB98181,work-on-site
wtj-007629,RB90279,work-on-site
wtj-007630,RA89226,work-on-site
wtj-007631,RB90663,work-on-site
wtj-007632,RB50320,work-on-site
wtj-007633,RB50347,work-on-site
wtj-007634,RB12130,work-on-site
wtj-007635,RB63293,work-on-site
wtj-007636,RA93889,work-on-site
wtj-007637,RA98045,work-on-site
wtj-007638,RC08255,work-on-site
wtj-007639,RC06069,work-on-site
wtj-007640,RC06194,work-on-site
wtj-007641,RB83360,work-on-site
wtj-007642,RB83234,work-on-site
wtj-007643,RA38354,work-on-site
wtj-007644,RB97095,work-on-site
wtj-007645,RB99892,work-on-site
wtj-007646,RC11512,work-on-site
wtj-007647,RB75700,work-on-site
wtj-007648,RB15292,work-on-site
wtj-007649,RB76919,work-on-site
wtj-007650,RC11159,work-on-site
wtj-007651,RC05492,work-on-site
wtj-007652,RB34789,work-on-site
wtj-007653,RB90308,work-on-site
wtj-007654,RB95427,work-on-site
wtj-007655,RB98943,work-on-site
wtj-007656,RC01013,work-on-site
wtj-007657,PZ37598,work-on-site
wtj-007658,RB80060,work-on-site
wtj-007659,RC00893,work-on-site
wtj-007660,PZ96678,work-on-site
wtj-007661,RA76865,work-on-site
wtj-007662,RB35631,work-on-site
wtj-007663,RB90130,work-on-site
wtj-007664,RB94773,work-on-site
wtj-007665,RC10261,work-on-site
wtj-007666,RB90157,work-on-site
wtj-007667,RB83464,work-on-site
wtj-007668,RB83507,work-on-site
wtj-007669,RB64007,work-on-site
wtj-007670,ID35143,work-on-site
wtj-007671,RB70856,work-on-site
wtj-007672,RB57271,work-on-site
wtj-007673,RB57817,work-on-site
wtj-007674,RA95998,work-on-site
wtj-007675,RA55009,work-on-site
wtj-007676,RA52095,work-on-site
wtj-007677,RB89359,work-on-site
wtj-007678,RB78326,work-on-site
wtj-007679,RA53545,work-on-site
wtj-007680,RA53636,work-on-site
wtj-007681,RC05504,work-on-site
wtj-007682,RC04938,work-on-site
wtj-007683,RB98700,work-on-site
wtj-007684,RB98410,work-on-site
wtj-007685,RB38442,work-on-site
wtj-007686,IC92731,work-on-site
wtj-007687,RC08423,work-on-site
wtj-007688,RB94907,work-on-site
wtj-007689,RB99310,work-on-site
wtj-007690,RB99355,work-on-site
wtj-007691,RB99324,work-on-site
wtj-007692,RB99338,work-on-site
wtj-007693,RB67740,work-on-site
wtj-007694,RB78755,work-on-site
wtj-007695,PY60907,work-on-site
wtj-007696,RB87711,work-on-site
wtj-007697,RB28554,work-on-site
wtj-007698,RB60801,work-on-site
wtj-007699,RB92968,work-on-site
wtj-007700,RC09599,work-on-site
wtj-007701,RC09310,work-on-site
wtj-007702,RB79031,work-on-site
wtj-007703,RB78968,work-on-site
wtj-007704,RB84871,work-on-site
wtj-007705,RC11344,work-on-site
wtj-007706,RC08150,work-on-site
wtj-007707,RC04682,work-on-site
wtj-007708,RB88427,work-on-site
wtj-007709,RB88430,work-on-site
wtj-007710,RB42935,work-on-site
wtj-007711,RB43120,work-on-site
wtj-007712,RC01900,work-on-site
wtj-007713,RC07354,work-on-site
wtj-007714,RC04530,work-on-site
wtj-007715,RC04739,work-on-site
wtj-007716,RB99523,work-on-site
wtj-007717,RC10412,work-on-site
wtj-007718,RC08870,work-on-site
wtj-007719,RB54200,work-on-site
wtj-007720,RB71163,work-on-site
wtj-007721,RB96956,work-on-site
wtj-007722,RB97323,work-on-site
wtj-007723,RB77260,work-on-site
wtj-007724,RA78440,work-on-site
wtj-007725,RB47720,work-on-site
wtj-007726,RC10397,work-on-site
wtj-007727,RB91806,work-on-site
wtj-007728,PC75806,work-on-site
wtj-007729,PT40670,work-on-site
wtj-007730,RB79397,work-on-site
wtj-007731,ID36732,work-on-site
wtj-007732,RC02113,work-on-site
wtj-007733,RC11760,work-on-site
wtj-007734,RB23145,work-on-site
wtj-007735,RB10432,work-on-site
wtj-007736,RB82208,work-on-site
wtj-007737,RB82290,work-on-site
wtj-007738,RC09307,work-on-site
wtj-007739,RC01030,work-on-site
wtj-007740,PG18470,work-on-site
wtj-007741,RB98960,work-on-site
wtj-007742,RC11696,work-on-site
wtj-007743,RC11802,work-on-site
wtj-007744,RB88825,work-on-site
wtj-007745,RB76251,work-on-site
wtj-007746,RB76282,work-on-site
wtj-007747,RB77152,work-on-site
wtj-007748,RB80440,work-on-site
wtj-007749,RB70657,work-on-site
wtj-007750,RB70779,work-on-site
wtj-007751,RB70920,work-on-site
wtj-007752,RB70367,work-on-site
wtj-007753,RB92084,work-on-site
wtj-007754,RC02940,work-on-site
wtj-007755,RC03000,work-on-site
wtj-007756,RB92127,work-on-site
wtj-007757,RB92158,work-on-site
wtj-007758,RB70597,work-on-site
wtj-007759,RB70518,work-on-site
wtj-007760,RB70552,work-on-site
wtj-007761,RB75347,work-on-site
wtj-007762,PW19060,work-on-site
wtj-007763,RB98730,work-on-site
wtj-007764,RB91868,work-on-site
wtj-007765,RB65371,work-on-site
wtj-007766,RA21789,work-on-site
wtj-007767,RA52002,work-on-site
wtj-007768,PW07050,work-on-site
wtj-007769,RC12168,work-on-site
wtj-007770,RB69859,work-on-site
wtj-007771,RB69880,work-on-site
wtj-007772,RC08485,work-on-site
wtj-007773,RC12873,work-on-site
wtj-007774,RC12933,work-on-site
wtj-007775,RB98930,work-on-site
wtj-007776,RC13331,work-on-site
wtj-007777,RC13328,work-on-site
wtj-007778,RA16225,work-on-site
wtj-007779,RC07783,work-on-site
wtj-007780,RC02388,work-on-site
wtj-007781,RC04679,work-on-site
wtj-007782,RC04969,work-on-site
wtj-007783,RC04850,work-on-site
wtj-007784,RC12570,work-on-site
wtj-007785,RC13500,work-on-site
wtj-007786,RC13498,work-on-site
wtj-007787,RC13467,work-on-site
wtj-007788,RC13362,work-on-site
wtj-007789,RB99220,work-on-site
wtj-007790,RB98559,work-on-site
wtj-007791,RB69130,work-on-site
wtj-007792,RB99372,work-on-site
wtj-007793,RC08960,work-on-site
wtj-007794,RC11617,work-on-site
wtj-007795,RB74753,work-on-site
wtj-007796,RB95168,work-on-site
wtj-007797,RB98238,work-on-site
wtj-007798,ID09683,work-on-site
wtj-007799,RB98957,work-on-site
wtj-007800,RB91303,work-on-site
wtj-007801,RB99571,work-on-site
wtj-007802,RB99540,work-on-site
wtj-007803,RB99585,work-on-site
wtj-007804,RB99614,work-on-site
wtj-007805,RB57649,work-on-site
wtj-007806,RB57697,work-on-site
wtj-007807,RC07826,work-on-site
wtj-007808,RC07857,work-on-site
wtj-007809,RC07948,work-on-site
wtj-007810,RC07770,work-on-site
wtj-007811,RB93491,work-on-site
wtj-007812,RC06331,work-on-site
wtj-007813,RA97297,work-on-site
wtj-007814,RA97249,work-on-site
wtj-007815,PW07674,work-on-site
wtj-007816,RB81355,work-on-site
wtj-007817,RB81310,work-on-site
wtj-007818,RA89777,work-on-site
wtj-007819,RB84092,work-on-site
wtj-007820,RB44510,work-on-site
wtj-007821,ID10680,work-on-site
wtj-007822,RC10289,work-on-site
wtj-007823,RC10230,work-on-site
wtj-007824,RB62760,work-on-site
wtj-007825,RB62802,work-on-site
wtj-007826,RC06788,work-on-site
wtj-007827,RB94375,work-on-site
wtj-007828,RB94833,work-on-site
wtj-007829,RC09355,work-on-site
wtj-007830,RC11990,work-on-site
wtj-007831,RB99415,work-on-site
wtj-007832,RC02019,work-on-site
wtj-007833,RB70492,work-on-site
wtj-007834,RB89558,work-on-site
wtj-007835,RB69390,work-on-site
wtj-007836,RA53437,work-on-site
wtj-007837,RB94787,work-on-site
wtj-007838,RB60620,work-on-site
wtj-007839,RB77135,work-on-site
wtj-007840,RC13300,work-on-site
wtj-007841,RB74631,work-on-site
wtj-007842,RB62739,work-on-site
wtj-007843,DN63706,work-on-site
wtj-007844,RB95340,work-on-site
wtj-007845,RB91854,work-on-site
wtj-007846,RC02221,work-on-site
wtj-007847,RB61946,work-on-site
wtj-007848,PW52543,work-on-site
wtj-007849,RC12720,work-on-site
wtj-007850,RB96254,work-on-site
wtj-007851,RC11634,work-on-site
wtj-007852,RA05666,work-on-site
wtj-007853,RC12214,work-on-site
wtj-007854,RB94756,work-on-site
wtj-007855,RB54929,work-on-site
wtj-007856,RB54841,work-on-site
wtj-007857,RB54869,work-on-site
wtj-007858,RB76740,work-on-site
wtj-007859,RB59255,work-on-site
wtj-007860,PZ52056,work-on-site
wtj-007861,RC03548,work-on-site
wtj-007862,RB95691,work-on-site
wtj-007863,RB87574,work-on-site
wtj-007864,RC13709,work-on-site
wtj-007865,RB95444,work-on-site
wtj-007866,RB95504,work-on-site
wtj-007867,RC09813,work-on-site
wtj-007868,PT17452,work-on-site
wtj-007869,PT17512,work-on-site
wtj-007870,PT17603,work-on-site
wtj-007871,PT17588,work-on-site
wtj-007872,PT17560,work-on-site
wtj-007873,PT17648,work-on-site
wtj-007874,PT17708,work-on-site
wtj-007875,RA10099,work-on-site
wtj-007876,PV91211,work-on-site
wtj-007877,PV91242,work-on-site
wtj-007878,RB98974,work-on-site
wtj-007879,RC01044,work-on-site
wtj-007880,RB96299,work-on-site
wtj-007881,RB96405,work-on-site
wtj-007882,ID30592,work-on-site
wtj-007883,RC12751,work-on-site
wtj-007884,RC12688,work-on-site
wtj-007885,PZ00846,work-on-site
wtj-007886,DN63737,work-on-site
wtj-007887,RB85053,work-on-site
wtj-007888,RB54397,work-on-site
wtj-007889,RC13405,work-on-site
wtj-007890,RB80926,work-on-site
wtj-007891,RC02664,work-on-site
wtj-007892,RA06965,work-on-site
wtj-007893,RB96635,work-on-site
wtj-007894,RB96730,work-on-site
wtj-007895,RB18180,work-on-site
wtj-007896,RB78221,work-on-site
wtj-007897,RB66727,work-on-site
wtj-007898,RC03200,work-on-site
wtj-007899,RB53539,work-on-site
wtj-007900,RB53511,work-on-site
wtj-007901,RB76723,work-on-site
wtj-007902,RB75958,work-on-site
wtj-007903,RB98025,work-on-site
wtj-007904,RB94162,work-on-site
wtj-007905,RB59698,work-on-site
wtj-007906,RC02790,work-on-site
wtj-007907,RC08605,work-on-site
wtj-007908,RB92850,work-on-site
wtj-007909,RB92877,work-on-site
wtj-007910,RB92590,work-on-site
wtj-007911,RB92832,work-on-site
wtj-007912,RB92707,work-on-site
wtj-007913,RC04543,work-on-site
wtj-007914,PB28973,work-on-site
wtj-007915,RB98988,work-on-site
wtj-007916,PY28538,work-on-site
wtj-007917,PZ51951,work-on-site
wtj-007918,PZ51903,work-on-site
wtj-007919,RA52445,work-on-site
wtj-007920,RC01061,work-on-site
wtj-007921,RB81858,work-on-site
wtj-007922,RC05751,work-on-site
wtj-007923,RA66690,work-on-site
wtj-007924,RA66582,work-on-site
wtj-007925,RA15156,work-on-site
wtj-007926,PZ10765,work-on-site
wtj-007927,RB53832,work-on-site
wtj-007928,RA15554,work-on-site
wtj-007929,RB56825,work-on-site
wtj-007930,RB59576,work-on-site
wtj-007931,RB96150,work-on-site
wtj-007932,RC12839,work-on-site
wtj-007933,RA60346,work-on-site
wtj-007934,RC10491,work-on-site
wtj-007935,RC03720,work-on-site
wtj-007936,RB88032,work-on-site
wtj-007937,RB88063,work-on-site
wtj-007938,PZ82271,work-on-site
wtj-007939,RB72190,work-on-site
wtj-007940,RC06299,work-on-site
wtj-007941,RB89621,work-on-site
wtj-007942,RB90234,work-on-site
wtj-007943,RB77900,work-on-site
wtj-007944,RB90066,work-on-site
wtj-007945,RB90004,work-on-site
wtj-007946,IC97162,work-on-site
wtj-007947,RB67125,work-on-site
wtj-007948,RC13419,work-on-site
wtj-007949,RC13380,work-on-site
wtj-007950,RB44251,work-on-site
wtj-007951,PZ23191,work-on-site
wtj-007952,PW53808,work-on-site
wtj-007953,RB91379,work-on-site
wtj-007954,RB92755,work-on-site
wtj-007955,RB96041,work-on-site
wtj-007956,RB92894,work-on-site
wtj-007957,RB84672,work-on-site
wtj-007958,RB91382,work-on-site
wtj-007959,RB95717,work-on-site
wtj-007960,RB89254,work-on-site
wtj-007961,RB89299,work-on-site
wtj-007962,RB89879,work-on-site
wtj-007963,RB89803,work-on-site
wtj-007964,RB89760,work-on-site
wtj-007965,RB89683,work-on-site
wtj-007966,RC06268,work-on-site
wtj-007967,PR93517,work-on-site
wtj-007968,PZ29271,work-on-site
wtj-007969,RB83876,work-on-site
wtj-007970,RB99017,work-on-site
wtj-007971,RC12367,work-on-site
wtj-007972,RC12336,work-on-site
wtj-007973,RB99108,work-on-site
wtj-007974,RB91411,work-on-site
wtj-007975,RC07644,work-on-site
wtj-007976,RC10275,work-on-site
wtj-007977,RB71618,work-on-site
wtj-007978,RC04742,work-on-site
wtj-007979,RB65385,work-on-site
wtj-007980,RB64206,work-on-site
wtj-007981,PZ29007,work-on-site
wtj-007982,PW73325,work-on-site
wtj-007983,RC05657,work-on-site
wtj-007984,RC05660,work-on-site
wtj-007985,RC06683,work-on-site
wtj-007986,RC11236,work-on-site
wtj-007987,RB98315,work-on-site
wtj-007988,RB98116,work-on-site
wtj-007989,RA27824,work-on-site
wtj-007990,RB81390,work-on-site
wtj-007991,RB97536,work-on-site
wtj-007992,RB92772,work-on-site
wtj-007993,PZ04467,work-on-site
wtj-007994,RB63231,work-on-site
wtj-007995,RC03503,work-on-site
wtj-007996,ID08384,work-on-site
wtj-007997,RB19138,work-on-site
wtj-007998,PZ20698,work-on-site
wtj-007999,RA51086,work-on-site
wtj-008000,RA86554,work-on-site
wtj-008001,RA86446,work-on-site
wtj-008002,RB56370,work-on-site
wtj-008003,PC11379,work-on-site
wtj-008004,OU50951,work-on-site
wtj-008005,PU16377,work-on-site
wtj-008006,RB97948,work-on-site
wtj-008007,RB28600,work-on-site
wtj-008008,RB28631,work-on-site
wtj-008009,PC76602,work-on-site
wtj-008010,PG37174,work-on-site
wtj-008011,PV32162,work-on-site
wtj-008012,RB99034,work-on-site
wtj-008013,RC01104,work-on-site
wtj-008014,RA19710,work-on-site
wtj-008015,RA19741,work-on-site
wtj-008016,RA19786,work-on-site
wtj-008017,RB03719,work-on-site
wtj-008018,RC00342,work-on-site
wtj-008019,RA83010,work-on-site
wtj-008020,PZ22030,work-on-site
wtj-008021,RC07917,work-on-site
wtj-008022,PZ30893,work-on-site
wtj-008023,RA47966,work-on-site
wtj-008024,RB35827,work-on-site
wtj-008025,RB63137,work-on-site
wtj-008026,PZ47225,work-on-site
wtj-008027,PX59245,work-on-site
wtj-008028,PY81035,work-on-site
wtj-008029,RB93795,work-on-site
wtj-008030,RB93778,work-on-site
wtj-008031,RB93690,work-on-site
wtj-008032,RB86383,work-on-site
wtj-008033,PX39550,work-on-site
wtj-008034,DN63646,work-on-site
wtj-008035,RA62148,work-on-site
wtj-008036,ID35919,work-on-site
wtj-008037,RB88630,work-on-site
wtj-008038,RB03233,work-on-site
wtj-008039,RC09142,work-on-site
wtj-008040,RB81480,work-on-site
wtj-008041,RC09247,work-on-site
wtj-008042,ID30589,work-on-site
wtj-008043,PL51596,work-on-site
wtj-008044,ID35296,work-on-site
wtj-008045,RA03040,work-on-site
wtj-008046,RC04240,work-on-site
wtj-008047,RC04470,work-on-site
wtj-008048,RB58826,work-on-site
wtj-008049,RC06939,work-on-site
wtj-008050,RB81631,work-on-site
wtj-008051,RA49922,work-on-site
wtj-008052,RB93886,work-on-site
wtj-008053,RB91209,work-on-site
wtj-008054,RB89544,work-on-site
wtj-008055,RB76112,work-on-site
wtj-008056,RA00089,work-on-site
wtj-008057,RB55040,work-on-site
wtj-008058,RA59596,work-on-site
wtj-008059,PZ82362,work-on-site
wtj-008060,RB94739,work-on-site
wtj-008061,PZ95976,work-on-site
wtj-008062,RB95461,work-on-site
wtj-008063,RB55180,work-on-site
wtj-008064,RA91627,work-on-site
wtj-008065,RB72874,work-on-site
wtj-008066,RB66909,work-on-site
wtj-008067,RB66852,work-on-site
wtj-008068,RC07658,work-on-site
wtj-008069,RC03946,work-on-site
wtj-008070,RC03886,work-on-site
wtj-008071,RC11300,work-on-site
wtj-008072,RC04648,work-on-site
wtj-008073,DN63680,work-on-site
wtj-008074,RC01945,work-on-site
wtj-008075,ID37113,work-on-site
wtj-008076,PZ62049,work-on-site
wtj-008077,RA75566,work-on-site
wtj-008078,RA57379,work-on-site
wtj-008079,RB06547,work-on-site
wtj-008080,RB06581,work-on-site
wtj-008081,RB59039,work-on-site
wtj-008082,RA97573,work-on-site
wtj-008083,RA97620,work-on-site
wtj-008084,RC10702,work-on-site
wtj-008085,RB93014,work-on-site
wtj-008086,RC05168,work-on-site
wtj-008087,RC09554,work-on-site
wtj-008088,RC00650,work-on-site
wtj-008089,RC00586,work-on-site
wtj-008090,RA69879,work-on-site
wtj-008091,RC03170,work-on-site
wtj-008092,RB96237,work-on-site
wtj-008093,ID32329,work-on-site
wtj-008094,RB84564,work-on-site
wtj-008095,RB75870,work-on-site
wtj-008096,RB75927,work-on-site
wtj-008097,RA14406,work-on-site
wtj-008098,RC04205,work-on-site
wtj-008099,RB72704,work-on-site
wtj-008100,RB57314,work-on-site
wtj-008101,PZ91870,work-on-site
wtj-008102,PY17749,work-on-site
wtj-008103,RB91170,work-on-site
wtj-008104,RB94802,work-on-site
wtj-008105,RA28483,work-on-site
wtj-008106,RB96973,work-on-site
wtj-008107,RA65309,work-on-site
wtj-008108,IC70511,work-on-site
wtj-008109,RB45976,work-on-site
wtj-008110,RC02343,work-on-site
wtj-008111,DN62486,work-on-site
wtj-008112,RC07797,work-on-site
wtj-008113,PM81558,work-on-site
wtj-008114,RC09051,work-on-site
wtj-008115,RC09096,work-on-site
wtj-008116,RC08991,work-on-site
wtj-008117,RB59485,work-on-site
wtj-008118,RC07536,work-on-site
wtj-008119,RC05046,work-on-site
wtj-008120,RB15886,work-on-site
wtj-008121,RB67108,work-on-site
wtj-008122,PP26301,work-on-site
wtj-008123,RA12223,work-on-site
wtj-008124,RA12254,work-on-site
wtj-008125,RC13652,work-on-site
wtj-008126,RC13649,work-on-site
wtj-008127,PZ80742,work-on-site
wtj-008128,RB62756,work-on-site
wtj-008129,RB72064,work-on-site
wtj-008130,RC10184,work-on-site
wtj-008131,RC10119,work-on-site
wtj-008132,ID36729,work-on-site
wtj-008133,RB95535,work-on-site
wtj-008134,RB88717,work-on-site
wtj-008135,RC13024,work-on-site
wtj-008136,RC12950,work-on-site
wtj-008137,RA68430,work-on-site
wtj-008138,RB78266,work-on-site
wtj-008139,RB74386,work-on-site
wtj-008140,RB65399,work-on-site
wtj-008141,RB86869,work-on-site
wtj-008142,RB57760,work-on-site
wtj-008143,RB95597,work-on-site
wtj-008144,RB94418,work-on-site
wtj-008145,RC07323,work-on-site
wtj-008146,PX71980,work-on-site
wtj-008147,RC01152,work-on-site
wtj-008148,RB99051,work-on-site
wtj-008149,PZ68604,work-on-site
wtj-008150,IC77048,work-on-site
wtj-008151,RB66073,work-on-site
wtj-008152,RB66090,work-on-site
wtj-008153,RB67952,work-on-site
wtj-008154,RB54491,work-on-site
wtj-008155,RB89530,work-on-site
wtj-008156,RC01170,work-on-site
wtj-008157,RB97522,work-on-site
wtj-008158,RB99139,work-on-site
wtj-008159,RB96376,work-on-site
wtj-008160,RA90440,work-on-site
wtj-008161,RA90345,work-on-site
wtj-008162,PZ00113,work-on-site
wtj-008163,PW59373,work-on-site
wtj-008164,RA74159,work-on-site
wtj-008165,RB94878,work-on-site
wtj-008166,RC13726,work-on-site
wtj-008167,RB15122,work-on-site
wtj-008168,PZ52332,work-on-site
wtj-008169,RB86596,work-on-site
wtj-008170,RB86656,work-on-site
wtj-008171,RB78479,work-on-site
wtj-008172,RC01382,work-on-site
wtj-008173,RC07598,work-on-site
wtj-008174,RB90538,work-on-site
wtj-008175,RB98761,work-on-site
wtj-008176,RB77092,work-on-site
wtj-008177,RC09770,work-on-site
wtj-008178,RB86119,work-on-site
wtj-008179,PZ93148,work-on-site
wtj-008180,RB48375,work-on-site
wtj-008181,RB34545,work-on-site
wtj-008182,RB34559,work-on-site
wtj-008183,RB34576,work-on-site
wtj-008184,RB34593,work-on-site
wtj-008185,RB34619,work-on-site
wtj-008186,RB34622,work-on-site
wtj-008187,RB34636,work-on-site
wtj-008188,RB34640,work-on-site
wtj-008189,RB34653,work-on-site
wtj-008190,PZ77224,work-on-site
wtj-008191,RA26297,work-on-site
wtj-008192,RA68077,work-on-site
wtj-008193,PU64381,work-on-site
wtj-008194,PW28197,work-on-site
wtj-008195,RC07155,work-on-site
wtj-008196,RC07138,work-on-site
wtj-008197,ID35876,work-on-site
wtj-008198,RA90865,work-on-site
wtj-008199,RC03534,work-on-site
wtj-008200,RB60451,work-on-site
wtj-008201,RB60479,work-on-site
wtj-008202,RB60388,work-on-site
wtj-008203,RA00823,work-on-site
wtj-008204,RB95887,work-on-site
wtj-008205,RB88626,work-on-site
wtj-008206,RC12370,work-on-site
wtj-008207,RB54474,work-on-site
wtj-008208,RB59394,work-on-site
wtj-008209,RB93474,work-on-site
wtj-008210,RC04990,work-on-site
wtj-008211,RA15693,work-on-site
wtj-008212,RC05259,work-on-site
wtj-008213,RC05200,work-on-site
wtj-008214,RC05140,work-on-site
wtj-008215,RC06973,work-on-site
wtj-008216,RC06146,work-on-site
wtj-008217,RC01868,work-on-site
wtj-008218,RB98622,work-on-site
wtj-008219,RC09432,work-on-site
wtj-008220,RC08102,work-on-site
wtj-008221,RB96132,work-on-site
wtj-008222,RB94392,work-on-site
wtj-008223,RC00066,work-on-site
wtj-008224,RC00157,work-on-site
wtj-008225,RC03977,work-on-site
wtj-008226,RC06115,work-on-site
wtj-008227,RA35850,work-on-site
wtj-008228,PZ87004,work-on-site
wtj-008229,PZ64067,work-on-site
wtj-008230,RB22349,work-on-site
wtj-008231,RB11745,work-on-site
wtj-008232,RC08821,work-on-site
wtj-008233,RB86778,work-on-site
wtj-008234,PZ51107,work-on-site
wtj-008235,PZ71297,work-on-site
wtj-008236,PZ71204,work-on-site
wtj-008237,RB87300,work-on-site
wtj-008238,RB84351,work-on-site
wtj-008239,RC06206,work-on-site
wtj-008240,RA80517,work-on-site
wtj-008241,RA21042,work-on-site
wtj-008242,RB28892,work-on-site
wtj-008243,RB61198,work-on-site
wtj-008244,RB77365,work-on-site
wtj-008245,RB77317,work-on-site
wtj-008246,RB94128,work-on-site
wtj-008247,RB94131,work-on-site
wtj-008248,RB94114,work-on-site
wtj-008249,RB93841,work-on-site
wtj-008250,RB94574,work-on-site
wtj-008251,RB94696,work-on-site
wtj-008252,RB94591,work-on-site
wtj-008253,RC12643,work-on-site
wtj-008254,RC12657,work-on-site
wtj-008255,RC06561,work-on-site
wtj-008256,RC06436,work-on-site
wtj-008257,RC06467,work-on-site
wtj-008258,RC05340,work-on-site
wtj-008259,RC01442,work-on-site
wtj-008260,RB96558,work-on-site
wtj-008261,RB93140,work-on-site
wtj-008262,RB93213,work-on-site
wtj-008263,RC07934,work-on-site
wtj-008264,RC09220,work-on-site
wtj-008265,RC09719,work-on-site
wtj-008266,RC00922,work-on-site
wtj-008267,RB69876,work-on-site
wtj-008268,RB24609,work-on-site
wtj-008269,RB92738,work-on-site
wtj-008270,RB99390,work-on-site
wtj-008271,RB80042,work-on-site
wtj-008272,RA57243,work-on-site
wtj-008273,RB98056,work-on-site
wtj-008274,RB81722,work-on-site
wtj-008275,RC02590,work-on-site
wtj-008276,RA65542,work-on-site
wtj-008277,RB96987,work-on-site
wtj-008278,PZ39429,work-on-site
wtj-008279,PP15864,work-on-site
wtj-008280,RB80531,work-on-site
wtj-008281,RB73290,work-on-site
wtj-008282,RB05615,work-on-site
wtj-008283,PZ46034,work-on-site
wtj-008284,RB90282,work-on-site
wtj-008285,RB73559,work-on-site
wtj-008286,RC00049,work-on-site
wtj-008287,RC12916,work-on-site
wtj-008288,RC09480,work-on-site
wtj-008289,RC13101,work-on-site
wtj-008290,RB59423,work-on-site
wtj-008291,RB55924,work-on-site
wtj-008292,RC11833,work-on-site
wtj-008293,RC09187,work-on-site
wtj-008294,RC05933,work-on-site
wtj-008295,RB10719,work-on-site
wtj-008296,RC03582,work-on-site
wtj-008297,RB88842,work-on-site
wtj-008298,RC01624,work-on-site
wtj-008299,RC01686,work-on-site
wtj-008300,RC01729,work-on-site
wtj-008301,RC01806,work-on-site
wtj-008302,RB89177,work-on-site
wtj-008303,RB99921,work-on-site
wtj-008304,RC07340,work-on-site
wtj-008305,PZ26915,work-on-site
wtj-008306,RA96396,work-on-site
wtj-008307,RC07661,work-on-site
wtj-008308,RB87037,work-on-site
wtj-008309,RC10841,work-on-site
wtj-008310,RC09875,work-on-site
wtj-008311,RB28494,work-on-site
wtj-008312,RB39479,work-on-site
wtj-008313,RB76416,work-on-site
wtj-008314,RB80380,work-on-site
wtj-008315,RC00723,work-on-site
wtj-008316,RB92906,work-on-site
wtj-008317,RC03642,work-on-site
wtj-008318,RC10321,work-on-site
wtj-008319,RB83373,work-on-site
wtj-008320,RB91104,work-on-site
wtj-008321,RB87847,work-on-site
wtj-008322,RB75196,work-on-site
wtj-008323,RC10795,work-on-site
wtj-008324,RB86660,work-on-site
wtj-008325,RC01885,work-on-site
wtj-008326,RB24811,work-on-site
wtj-008327,RB77351,work-on-site
wtj-008328,RB80471,work-on-site
wtj-008329,RB80394,work-on-site
wtj-008330,RB81020,work-on-site
wtj-008331,RB94986,work-on-site
wtj-008332,RB96090,work-on-site
wtj-008333,RB91533,work-on-site
wtj-008334,RA38783,work-on-site
wtj-008335,RB19934,work-on-site
wtj-008336,RB19979,work-on-site
wtj-008337,RB20027,work-on-site
wtj-008338,RB79720,work-on-site
wtj-008339,RB91595,work-on-site
wtj-008340,RB98485,work-on-site
wtj-008341,RC12518,work-on-site
wtj-008342,ID37175,work-on-site
wtj-008343,RA75259,work-on-site
wtj-008344,PY98501,work-on-site
wtj-008345,RB74125,work-on-site
wtj-008346,RA53835,work-on-site
wtj-008347,RB82822,work-on-site
wtj-008348,RB65172,work-on-site
wtj-008349,RB03540,work-on-site
wtj-008350,RB76629,work-on-site
wtj-008351,RB88340,work-on-site
wtj-008352,PT51840,work-on-site
wtj-008353,ID35070,work-on-site
wtj-008354,ID35083,work-on-site
wtj-008355,RB94543,work-on-site
wtj-008356,RB97371,work-on-site
wtj-008357,RB70717,work-on-site
wtj-008358,RB70660,work-on-site
wtj-008359,RC02815,work-on-site
wtj-008360,RC02755,work-on-site
wtj-008361,RB70691,work-on-site
wtj-008362,RC12063,work-on-site
wtj-008363,ID35862,work-on-site
wtj-008364,RB96834,work-on-site
wtj-008365,RC02297,work-on-site
wtj-008366,RC03059,work-on-site
wtj-008367,RC00768,work-on-site
wtj-008368,RB34943,work-on-site
wtj-008369,RC02309,work-on-site
wtj-008370,RC02266,work-on-site
wtj-008371,RB97431,work-on-site
wtj-008372,RB65138,work-on-site
wtj-008373,RC00402,work-on-site
wtj-008374,RB74719,work-on-site
wtj-008375,RB88703,work-on-site
wtj-008376,RB72809,work-on-site
wtj-008377,RB95280,work-on-site
wtj-008378,RB72965,work-on-site
wtj-008379,RB69615,work-on-site
wtj-008380,ID08825,work-on-site
wtj-008381,IC95496,work-on-site
wtj-008382,RC04435,work-on-site
wtj-008383,RB79184,work-on-site
wtj-008384,RB67830,work-on-site
wtj-008385,RB92556,work-on-site
wtj-008386,RC03062,work-on-site
wtj-008387,RC13177,work-on-site
wtj-008388,RC00450,work-on-site
wtj-008389,RC00416,work-on-site
wtj-008390,RC00447,work-on-site
wtj-008391,RC11725,work-on-site
wtj-008392,RB56063,work-on-site
wtj-008393,RC04313,work-on-site
wtj-008394,RC10824,work-on-site
wtj-008395,RC05873,work-on-site
wtj-008396,PX11169,work-on-site
wtj-008397,PU35695,work-on-site
wtj-008398,PU35664,work-on-site
wtj-008399,RB88811,work-on-site
wtj-008400,RB58874,work-on-site
wtj-008401,RB58917,work-on-site
wtj-008402,RB58903,work-on-site
wtj-008403,RB58891,work-on-site
wtj-008404,RB58888,work-on-site
wtj-008405,RB58934,work-on-site
wtj-008406,RB34818,work-on-site
wtj-008407,RC07310,work-on-site
wtj-008408,RB92790,work-on-site
wtj-008409,RC09952,work-on-site
wtj-008410,RA81679,work-on-site
wtj-008411,RC05566,work-on-site
wtj-008412,RC11497,work-on-site
wtj-008413,RC13194,work-on-site
wtj-008414,RC13604,work-on-site
wtj-008415,RB04490,work-on-site
wtj-008416,IC89000,work-on-site
wtj-008417,RC05063,work-on-site
wtj-008418,DN56478,work-on-site
wtj-008419,RB77686,work-on-site
wtj-008420,RB81494,work-on-site
wtj-008421,RB90447,work-on-site
wtj-008422,RB90478,work-on-site
wtj-008423,RB90495,work-on-site
wtj-008424,RC07692,work-on-site
wtj-008425,RC07064,work-on-site
wtj-008426,RC03660,work-on-site
wtj-008427,RC03656,work-on-site
wtj-008428,RC03687,work-on-site
wtj-008429,RA31416,work-on-site
wtj-008430,RB95370,work-on-site
wtj-008431,RB88123,work-on-site
wtj-008432,RC11648,work-on-site
wtj-008433,RC00311,work-on-site
wtj-008434,RB92815,work-on-site
wtj-008435,RC02877,work-on-site
wtj-008436,RC10304,work-on-site
wtj-008437,RC03122,work-on-site
wtj-008438,RC06760,work-on-site
wtj-008439,RB54430,work-on-site
wtj-008440,RB61184,work-on-site
wtj-008441,RB71086,work-on-site
wtj-008442,RB38914,work-on-site
wtj-008443,RC06530,work-on-site
wtj-008444,IC77830,work-on-site
wtj-008445,RB93517,work-on-site
wtj-008446,RC12322,work-on-site
wtj-008447,RC12231,work-on-site
wtj-008448,RC12259,work-on-site
wtj-008449,RC12276,work-on-site
wtj-008450,RC12293,work-on-site
wtj-008451,RC12319,work-on-site
wtj-008452,RC11739,work-on-site
wtj-008453,RB91027,work-on-site
wtj-008454,RC01914,work-on-site
wtj-008455,RC01746,work-on-site
wtj-008456,RB86838,work-on-site
wtj-008457,RB94512,work-on-site
wtj-008458,RB94483,work-on-site
wtj-008459,RC05050,work-on-site
wtj-008460,IC66032,work-on-site
wtj-008461,RB92587,work-on-site
wtj-008462,RB67202,work-on-site
wtj-008463,RC03810,work-on-site
wtj-008464,RB03740,work-on-site
wtj-008465,RB99096,work-on-site
wtj-008466,RC00248,work-on-site
wtj-008467,RB62131,work-on-site
wtj-008468,RB62176,work-on-site
wtj-008469,RB67540,work-on-site
wtj-008470,RB95137,work-on-site
wtj-008471,RB95140,work-on-site
wtj-008472,RB95154,work-on-site
wtj-008473,RC13453,work-on-site
wtj-008474,RC13470,work-on-site
wtj-008475,RC13513,work-on-site
wtj-008476,RC00800,work-on-site
wtj-008477,RB95214,work-on-site
wtj-008478,RB58078,work-on-site
wtj-008479,RB59087,work-on-site
wtj-008480,RB63887,work-on-site
wtj-008481,RC03551,work-on-site
wtj-008482,ID35880,work-on-site
wtj-008483,RB97661,work-on-site
wtj-008484,RC07735,work-on-site
wtj-008485,IC85685,work-on-site
wtj-008486,ID13548,work-on-site
wtj-008487,DN61904,work-on-site
wtj-008488,RC08957,work-on-site
wtj-008489,RB98471,work-on-site
wtj-008490,RB98350,work-on-site
wtj-008491,RB85312,work-on-site
wtj-008492,RC01439,work-on-site
wtj-008493,RA30975,work-on-site
wtj-008494,RB84837,work-on-site
wtj-008495,RB85999,work-on-site
wtj-008496,RB85330,work-on-site
wtj-008497,RC10778,work-on-site
wtj-008498,RB99187,work-on-site
wtj-008499,RC03702,work-on-site
